0.000000 -0.001613 -0.002367 -0.000035 0.689004 0.707995 -0.000055
0.150000 -0.001612 -0.002368 -0.000035 0.687113 0.709785 -0.000055
0.300000 -0.001611 -0.002368 -0.000035 0.685217 0.711570 -0.000055
0.450000 -0.001611 -0.002368 -0.000035 0.683316 0.713350 -0.000055
0.600000 -0.001610 -0.002369 -0.000035 0.681411 0.715125 -0.000055
0.750000 -0.001609 -0.002369 -0.000035 0.679501 0.716896 -0.000055
0.900000 -0.001608 -0.002369 -0.000035 0.677587 0.718661 -0.000055
1.050000 -0.001607 -0.002369 -0.000035 0.675668 0.720422 -0.000055
1.200000 -0.001606 -0.002370 -0.000035 0.673744 0.722177 -0.000055
1.350000 -0.001605 -0.002370 -0.000035 0.671815 0.723928 -0.000055
1.500000 -0.001604 -0.002370 -0.000035 0.669882 0.725673 -0.000056
1.650000 -0.001603 -0.002371 -0.000035 0.667944 0.727414 -0.000056
1.800000 -0.001602 -0.002371 -0.000035 0.666002 0.729150 -0.000056
1.950000 -0.001601 -0.002371 -0.000035 0.664055 0.730880 -0.000056
2.100000 -0.001601 -0.002371 -0.000035 0.662104 0.732606 -0.000056
2.250000 -0.001600 -0.002372 -0.000035 0.660147 0.734327 -0.000056
2.400000 -0.001599 -0.002372 -0.000035 0.658187 0.736042 -0.000056
2.550000 -0.001598 -0.002372 -0.000035 0.656222 0.737753 -0.000056
2.700000 -0.001597 -0.002373 -0.000035 0.654252 0.739458 -0.000056
2.850000 -0.001596 -0.002373 -0.000035 0.652278 0.741159 -0.000056
3.000000 -0.001595 -0.002373 -0.000035 0.650299 0.742854 -0.000056
3.150000 -0.001594 -0.002373 -0.000035 0.648316 0.744544 -0.000056
3.300000 -0.001593 -0.002374 -0.000035 0.646328 0.746229 -0.000056
3.450000 -0.001592 -0.002374 -0.000035 0.644336 0.747909 -0.000057
3.600000 -0.001591 -0.002374 -0.000035 0.642340 0.749584 -0.000057
3.750000 -0.001591 -0.002375 -0.000035 0.640339 0.751254 -0.000057
3.900000 -0.001590 -0.002375 -0.000036 0.638333 0.752919 -0.000057
4.050000 -0.001589 -0.002375 -0.000036 0.636323 0.754578 -0.000057
4.200000 -0.001588 -0.002375 -0.000036 0.634309 0.756232 -0.000057
4.350000 -0.001587 -0.002376 -0.000036 0.632291 0.757881 -0.000057
4.500000 -0.001586 -0.002376 -0.000036 0.630268 0.759525 -0.000057
4.650000 -0.001585 -0.002376 -0.000036 0.628240 0.761163 -0.000057
4.800000 -0.001584 -0.002377 -0.000036 0.626209 0.762797 -0.000057
4.950000 -0.001583 -0.002377 -0.000036 0.624173 0.764425 -0.000057
5.100000 -0.001582 -0.002377 -0.000036 0.622133 0.766048 -0.000057
5.250000 -0.001581 -0.002377 -0.000036 0.620088 0.767665 -0.000057
5.400000 -0.001581 -0.002378 -0.000036 0.618039 0.769278 -0.000058
5.550000 -0.001580 -0.002378 -0.000036 0.615986 0.770885 -0.000058
5.700000 -0.001579 -0.002378 -0.000036 0.613929 0.772486 -0.000058
5.850000 -0.001578 -0.002379 -0.000036 0.611867 0.774083 -0.000058
6.000000 -0.001577 -0.002379 -0.000036 0.609801 0.775674 -0.000058
6.150000 -0.001576 -0.002379 -0.000036 0.607731 0.777259 -0.000058
6.300000 -0.001575 -0.002379 -0.000036 0.605657 0.778840 -0.000058
6.450000 -0.001574 -0.002380 -0.000036 0.603578 0.780415 -0.000058
6.600000 -0.001573 -0.002380 -0.000036 0.601496 0.781984 -0.000058
6.750000 -0.001572 -0.002380 -0.000036 0.599409 0.783549 -0.000058
6.900000 -0.001572 -0.002381 -0.000036 0.597318 0.785108 -0.000058
7.050000 -0.001571 -0.002381 -0.000036 0.595223 0.786661 -0.000058
7.200000 -0.001570 -0.002381 -0.000036 0.593124 0.788209 -0.000058
7.350000 -0.001569 -0.002381 -0.000036 0.591021 0.789752 -0.000059
7.500000 -0.001568 -0.002382 -0.000036 0.588913 0.791289 -0.000059
7.650000 -0.001567 -0.002382 -0.000036 0.586802 0.792821 -0.000059
7.800000 -0.001566 -0.002382 -0.000036 0.584686 0.794347 -0.000059
7.950000 -0.001565 -0.002383 -0.000036 0.582567 0.795868 -0.000059
8.100000 -0.001564 -0.002383 -0.000036 0.580443 0.797383 -0.000059
8.250000 -0.001563 -0.002383 -0.000036 0.578316 0.798893 -0.000059
8.400000 -0.001562 -0.002383 -0.000036 0.576184 0.800397 -0.000059
8.550000 -0.001562 -0.002384 -0.000036 0.574048 0.801896 -0.000059
8.700000 -0.001561 -0.002384 -0.000036 0.571909 0.803390 -0.000059
8.850000 -0.001560 -0.002384 -0.000036 0.569765 0.804877 -0.000059
9.000000 -0.001559 -0.002385 -0.000036 0.567618 0.806360 -0.000059
9.150000 -0.001558 -0.002385 -0.000036 0.565466 0.807836 -0.000059
9.300000 -0.001557 -0.002385 -0.000036 0.563311 0.809307 -0.000059
9.450000 -0.001556 -0.002385 -0.000036 0.561152 0.810773 -0.000060
9.600000 -0.001555 -0.002386 -0.000036 0.558989 0.812233 -0.000060
9.750000 -0.001554 -0.002386 -0.000036 0.556822 0.813687 -0.000060
9.900000 -0.001553 -0.002386 -0.000036 0.554651 0.815136 -0.000060
10.050000 -0.001552 -0.002387 -0.000036 0.552476 0.816579 -0.000060
10.200000 -0.001552 -0.002387 -0.000036 0.550297 0.818017 -0.000060
10.350000 -0.001551 -0.002387 -0.000036 0.548115 0.819448 -0.000060
10.500000 -0.001550 -0.002387 -0.000036 0.545929 0.820875 -0.000060
10.650000 -0.001549 -0.002388 -0.000036 0.543739 0.822295 -0.000060
10.800000 -0.001548 -0.002388 -0.000036 0.541545 0.823710 -0.000060
10.950000 -0.001547 -0.002388 -0.000036 0.539348 0.825119 -0.000060
11.100000 -0.001546 -0.002389 -0.000036 0.537147 0.826523 -0.000060
11.250000 -0.001545 -0.002389 -0.000036 0.534942 0.827920 -0.000060
11.400000 -0.001544 -0.002389 -0.000036 0.532733 0.829313 -0.000060
11.550000 -0.001543 -0.002389 -0.000037 0.530521 0.830699 -0.000060
11.700000 -0.001542 -0.002390 -0.000037 0.528305 0.832080 -0.000061
11.850000 -0.001542 -0.002390 -0.000037 0.526085 0.833454 -0.000061
12.000000 -0.001541 -0.002390 -0.000037 0.523862 0.834824 -0.000061
12.150000 -0.001540 -0.002391 -0.000037 0.521635 0.836187 -0.000061
12.300000 -0.001539 -0.002391 -0.000037 0.519404 0.837544 -0.000061
12.450000 -0.001538 -0.002391 -0.000037 0.517170 0.838896 -0.000061
12.600000 -0.001537 -0.002391 -0.000037 0.514932 0.840242 -0.000061
12.750000 -0.001536 -0.002392 -0.000037 0.512691 0.841583 -0.000061
12.900000 -0.001535 -0.002392 -0.000037 0.510446 0.842917 -0.000061
13.050000 -0.001534 -0.002392 -0.000037 0.508197 0.844245 -0.000061
13.200000 -0.001533 -0.002392 -0.000037 0.505945 0.845568 -0.000061
13.350000 -0.001532 -0.002393 -0.000037 0.503690 0.846885 -0.000061
13.500000 -0.001532 -0.002393 -0.000037 0.501431 0.848196 -0.000061
13.650000 -0.001531 -0.002393 -0.000037 0.499168 0.849501 -0.000061
13.800000 -0.001530 -0.002394 -0.000037 0.496902 0.850801 -0.000062
13.950000 -0.001529 -0.002394 -0.000037 0.494633 0.852094 -0.000062
14.100000 -0.001528 -0.002394 -0.000037 0.492360 0.853382 -0.000062
14.250000 -0.001527 -0.002394 -0.000037 0.490083 0.854663 -0.000062
14.400000 -0.001526 -0.002395 -0.000037 0.487804 0.855939 -0.000062
14.550000 -0.001525 -0.002395 -0.000037 0.485520 0.857209 -0.000062
14.700000 -0.001524 -0.002395 -0.000037 0.483234 0.858473 -0.000062
14.850000 -0.001523 -0.002396 -0.000037 0.480944 0.859731 -0.000062
15.000000 -0.001522 -0.002396 -0.000037 0.478651 0.860983 -0.000062
15.150000 -0.001522 -0.002396 -0.000037 0.476354 0.862229 -0.000062
15.300000 -0.001521 -0.002396 -0.000037 0.474054 0.863469 -0.000062
15.450000 -0.001520 -0.002397 -0.000037 0.471751 0.864703 -0.000062
15.600000 -0.001519 -0.002397 -0.000037 0.469445 0.865931 -0.000062
15.750000 -0.001518 -0.002397 -0.000037 0.467135 0.867154 -0.000062
15.900000 -0.001517 -0.002398 -0.000037 0.464822 0.868370 -0.000062
16.050000 -0.001516 -0.002398 -0.000037 0.462506 0.869580 -0.000062
16.200000 -0.001515 -0.002398 -0.000037 0.460187 0.870784 -0.000063
16.350000 -0.001514 -0.002398 -0.000037 0.457864 0.871982 -0.000063
16.500000 -0.001513 -0.002399 -0.000037 0.455538 0.873174 -0.000063
16.650000 -0.001513 -0.002399 -0.000037 0.453209 0.874360 -0.000063
16.800000 -0.001512 -0.002399 -0.000037 0.450877 0.875541 -0.000063
16.950000 -0.001511 -0.002400 -0.000037 0.448542 0.876714 -0.000063
17.100000 -0.001510 -0.002400 -0.000037 0.446203 0.877882 -0.000063
17.250000 -0.001509 -0.002400 -0.000037 0.443862 0.879044 -0.000063
17.400000 -0.001508 -0.002400 -0.000037 0.441517 0.880200 -0.000063
17.550000 -0.001507 -0.002401 -0.000037 0.439169 0.881350 -0.000063
17.700000 -0.001506 -0.002401 -0.000037 0.436819 0.882493 -0.000063
17.850000 -0.001505 -0.002401 -0.000037 0.434465 0.883630 -0.000063
18.000000 -0.001504 -0.002402 -0.000037 0.432108 0.884762 -0.000063
18.150000 -0.001503 -0.002402 -0.000037 0.429748 0.885887 -0.000063
18.300000 -0.001503 -0.002402 -0.000037 0.427385 0.887006 -0.000063
18.450000 -0.001502 -0.002402 -0.000037 0.425019 0.888119 -0.000063
18.600000 -0.001501 -0.002403 -0.000037 0.422651 0.889226 -0.000064
18.750000 -0.001500 -0.002403 -0.000037 0.420279 0.890326 -0.000064
18.900000 -0.001499 -0.002403 -0.000037 0.417904 0.891421 -0.000064
19.050000 -0.001498 -0.002404 -0.000037 0.415527 0.892509 -0.000064
19.200000 -0.001497 -0.002404 -0.000038 0.413146 0.893591 -0.000064
19.350000 -0.001496 -0.002404 -0.000038 0.410763 0.894667 -0.000064
19.500000 -0.001495 -0.002404 -0.000038 0.408376 0.895737 -0.000064
19.650000 -0.001494 -0.002405 -0.000038 0.405987 0.896800 -0.000064
19.800000 -0.001493 -0.002405 -0.000038 0.403595 0.897857 -0.000064
19.950000 -0.001493 -0.002405 -0.000038 0.401201 0.898908 -0.000064
20.100000 -0.001492 -0.002406 -0.000038 0.398803 0.899953 -0.000064
20.250000 -0.001491 -0.002406 -0.000038 0.396403 0.900992 -0.000064
20.400000 -0.001490 -0.002406 -0.000038 0.393999 0.902024 -0.000064
20.550000 -0.001489 -0.002406 -0.000038 0.391594 0.903050 -0.000064
20.700000 -0.001488 -0.002407 -0.000038 0.389185 0.904070 -0.000064
20.850000 -0.001487 -0.002407 -0.000038 0.386774 0.905083 -0.000064
21.000000 -0.001486 -0.002407 -0.000038 0.384360 0.906091 -0.000064
21.150000 -0.001485 -0.002407 -0.000038 0.381943 0.907092 -0.000065
21.300000 -0.001484 -0.002408 -0.000038 0.379523 0.908086 -0.000065
21.450000 -0.001483 -0.002408 -0.000038 0.377101 0.909075 -0.000065
21.600000 -0.001483 -0.002408 -0.000038 0.374677 0.910057 -0.000065
21.750000 -0.001482 -0.002409 -0.000038 0.372249 0.911033 -0.000065
21.900000 -0.001481 -0.002409 -0.000038 0.369819 0.912002 -0.000065
22.050000 -0.001480 -0.002409 -0.000038 0.367387 0.912965 -0.000065
22.200000 -0.001479 -0.002409 -0.000038 0.364952 0.913922 -0.000065
22.350000 -0.001478 -0.002410 -0.000038 0.362514 0.914872 -0.000065
22.500000 -0.001477 -0.002410 -0.000038 0.360074 0.915817 -0.000065
22.650000 -0.001476 -0.002410 -0.000038 0.357631 0.916754 -0.000065
22.800000 -0.001475 -0.002411 -0.000038 0.355186 0.917686 -0.000065
22.950000 -0.001474 -0.002411 -0.000038 0.352738 0.918611 -0.000065
23.100000 -0.001473 -0.002411 -0.000038 0.350288 0.919529 -0.000065
23.250000 -0.001473 -0.002411 -0.000038 0.347836 0.920442 -0.000065
23.400000 -0.001472 -0.002412 -0.000038 0.345381 0.921347 -0.000065
23.550000 -0.001471 -0.002412 -0.000038 0.342923 0.922247 -0.000065
23.700000 -0.001470 -0.002412 -0.000038 0.340463 0.923140 -0.000065
23.850000 -0.001469 -0.002413 -0.000038 0.338001 0.924027 -0.000066
24.000000 -0.001468 -0.002413 -0.000038 0.335536 0.924907 -0.000066
24.150000 -0.001467 -0.002413 -0.000038 0.333069 0.925781 -0.000066
24.300000 -0.001466 -0.002413 -0.000038 0.330600 0.926648 -0.000066
24.450000 -0.001465 -0.002414 -0.000038 0.328128 0.927509 -0.000066
24.600000 -0.001464 -0.002414 -0.000038 0.325654 0.928364 -0.000066
24.750000 -0.001463 -0.002414 -0.000038 0.323178 0.929212 -0.000066
24.900000 -0.001463 -0.002415 -0.000038 0.320700 0.930053 -0.000066
25.050000 -0.001462 -0.002415 -0.000038 0.318219 0.930889 -0.000066
25.200000 -0.001461 -0.002415 -0.000038 0.315736 0.931717 -0.000066
25.350000 -0.001460 -0.002415 -0.000038 0.313251 0.932540 -0.000066
25.500000 -0.001459 -0.002416 -0.000038 0.310763 0.933355 -0.000066
25.650000 -0.001458 -0.002416 -0.000038 0.308274 0.934165 -0.000066
25.800000 -0.001457 -0.002416 -0.000038 0.305782 0.934967 -0.000066
25.950000 -0.001456 -0.002417 -0.000038 0.303288 0.935764 -0.000066
26.100000 -0.001455 -0.002417 -0.000038 0.300792 0.936553 -0.000066
26.250000 -0.001454 -0.002417 -0.000038 0.298294 0.937337 -0.000066
26.400000 -0.001453 -0.002417 -0.000038 0.295794 0.938113 -0.000066
26.550000 -0.001453 -0.002418 -0.000038 0.293291 0.938884 -0.000066
26.700000 -0.001452 -0.002418 -0.000038 0.290787 0.939647 -0.000067
26.850000 -0.001451 -0.002418 -0.000039 0.288280 0.940405 -0.000067
27.000000 -0.001450 -0.002418 -0.000039 0.285772 0.941155 -0.000067
27.150000 -0.001449 -0.002419 -0.000039 0.283261 0.941899 -0.000067
27.300000 -0.001448 -0.002419 -0.000039 0.280749 0.942637 -0.000067
27.450000 -0.001447 -0.002419 -0.000039 0.278235 0.943368 -0.000067
27.600000 -0.001446 -0.002420 -0.000039 0.275718 0.944092 -0.000067
27.750000 -0.001445 -0.002420 -0.000039 0.273200 0.944810 -0.000067
27.900000 -0.001444 -0.002420 -0.000039 0.270680 0.945522 -0.000067
28.050000 -0.001443 -0.002420 -0.000039 0.268157 0.946226 -0.000067
28.200000 -0.001443 -0.002421 -0.000039 0.265633 0.946925 -0.000067
28.350000 -0.001442 -0.002421 -0.000039 0.263107 0.947616 -0.000067
28.500000 -0.001441 -0.002421 -0.000039 0.260580 0.948301 -0.000067
28.650000 -0.001440 -0.002422 -0.000039 0.258050 0.948979 -0.000067
28.800000 -0.001439 -0.002422 -0.000039 0.255519 0.949651 -0.000067
28.950000 -0.001438 -0.002422 -0.000039 0.252985 0.950316 -0.000067
29.100000 -0.001437 -0.002422 -0.000039 0.250450 0.950975 -0.000067
29.250000 -0.001436 -0.002423 -0.000039 0.247914 0.951627 -0.000067
29.400000 -0.001435 -0.002423 -0.000039 0.245375 0.952272 -0.000067
29.550000 -0.001434 -0.002423 -0.000039 0.242835 0.952911 -0.000067
29.700000 -0.001433 -0.002424 -0.000039 0.240293 0.953543 -0.000067
29.850000 -0.001433 -0.002424 -0.000039 0.237749 0.954169 -0.000068
30.000000 -0.001432 -0.002424 -0.000039 0.235204 0.954787 -0.000068
30.150000 -0.001431 -0.002424 -0.000039 0.232657 0.955400 -0.000068
30.300000 -0.001430 -0.002425 -0.000039 0.230108 0.956005 -0.000068
30.450000 -0.001429 -0.002425 -0.000039 0.227558 0.956604 -0.000068
30.600000 -0.001428 -0.002425 -0.000039 0.225006 0.957196 -0.000068
30.750000 -0.001427 -0.002426 -0.000039 0.222452 0.957782 -0.000068
30.900000 -0.001426 -0.002426 -0.000039 0.219897 0.958361 -0.000068
31.050000 -0.001425 -0.002426 -0.000039 0.217341 0.958933 -0.000068
31.200000 -0.001424 -0.002426 -0.000039 0.214783 0.959498 -0.000068
31.350000 -0.001423 -0.002427 -0.000039 0.212223 0.960057 -0.000068
31.500000 -0.001423 -0.002427 -0.000039 0.209662 0.960610 -0.000068
31.650000 -0.001422 -0.002427 -0.000039 0.207099 0.961155 -0.000068
31.800000 -0.001421 -0.002427 -0.000039 0.204535 0.961694 -0.000068
31.950000 -0.001420 -0.002428 -0.000039 0.201969 0.962226 -0.000068
32.100000 -0.001419 -0.002428 -0.000039 0.199402 0.962751 -0.000068
32.250000 -0.001418 -0.002428 -0.000039 0.196834 0.963270 -0.000068
32.400000 -0.001417 -0.002429 -0.000039 0.194264 0.963782 -0.000068
32.550000 -0.001416 -0.002429 -0.000039 0.191693 0.964287 -0.000068
32.700000 -0.001415 -0.002429 -0.000039 0.189120 0.964786 -0.000068
32.850000 -0.001414 -0.002429 -0.000039 0.186547 0.965278 -0.000068
33.000000 -0.001413 -0.002430 -0.000039 0.183971 0.965763 -0.000068
33.150000 -0.001413 -0.002430 -0.000039 0.181395 0.966241 -0.000068
33.300000 -0.001412 -0.002430 -0.000039 0.178817 0.966713 -0.000069
33.450000 -0.001411 -0.002431 -0.000039 0.176238 0.967178 -0.000069
33.600000 -0.001410 -0.002431 -0.000039 0.173658 0.967636 -0.000069
33.750000 -0.001409 -0.002431 -0.000039 0.171076 0.968088 -0.000069
33.900000 -0.001408 -0.002431 -0.000039 0.168493 0.968532 -0.000069
34.050000 -0.001407 -0.002432 -0.000039 0.165909 0.968970 -0.000069
34.200000 -0.001406 -0.002432 -0.000039 0.163324 0.969402 -0.000069
34.350000 -0.001405 -0.002432 -0.000039 0.160738 0.969826 -0.000069
34.500000 -0.001404 -0.002433 -0.000040 0.158150 0.970244 -0.000069
34.650000 -0.001403 -0.002433 -0.000040 0.155562 0.970655 -0.000069
34.800000 -0.001403 -0.002433 -0.000040 0.152972 0.971059 -0.000069
34.950000 -0.001402 -0.002433 -0.000040 0.150381 0.971456 -0.000069
35.100000 -0.001401 -0.002434 -0.000040 0.147789 0.971847 -0.000069
35.250000 -0.001400 -0.002434 -0.000040 0.145196 0.972231 -0.000069
35.400000 -0.001399 -0.002434 -0.000040 0.142602 0.972608 -0.000069
35.550000 -0.001398 -0.002434 -0.000040 0.140007 0.972978 -0.000069
35.700000 -0.001397 -0.002435 -0.000040 0.137411 0.973342 -0.000069
35.850000 -0.001396 -0.002435 -0.000040 0.134814 0.973699 -0.000069
36.000000 -0.001395 -0.002435 -0.000040 0.132217 0.974049 -0.000069
36.150000 -0.001394 -0.002436 -0.000040 0.129618 0.974392 -0.000069
36.300000 -0.001393 -0.002436 -0.000040 0.127018 0.974728 -0.000069
36.450000 -0.001393 -0.002436 -0.000040 0.124417 0.975058 -0.000069
36.600000 -0.001392 -0.002436 -0.000040 0.121815 0.975381 -0.000069
36.750000 -0.001391 -0.002437 -0.000040 0.119213 0.975697 -0.000069
36.900000 -0.001390 -0.002437 -0.000040 0.116610 0.976006 -0.000069
37.050000 -0.001389 -0.002437 -0.000040 0.114005 0.976309 -0.000070
37.200000 -0.001388 -0.002438 -0.000040 0.111400 0.976604 -0.000070
37.350000 -0.001387 -0.002438 -0.000040 0.108795 0.976893 -0.000070
37.500000 -0.001386 -0.002438 -0.000040 0.106188 0.977175 -0.000070
37.650000 -0.001385 -0.002438 -0.000040 0.103581 0.977450 -0.000070
37.800000 -0.001384 -0.002439 -0.000040 0.100973 0.977719 -0.000070
37.950000 -0.001383 -0.002439 -0.000040 0.098364 0.977980 -0.000070
38.100000 -0.001383 -0.002439 -0.000040 0.095754 0.978235 -0.000070
38.250000 -0.001382 -0.002440 -0.000040 0.093144 0.978483 -0.000070
38.400000 -0.001381 -0.002440 -0.000040 0.090533 0.978724 -0.000070
38.550000 -0.001380 -0.002440 -0.000040 0.087921 0.978958 -0.000070
38.700000 -0.001379 -0.002440 -0.000040 0.085309 0.979186 -0.000070
38.850000 -0.001378 -0.002441 -0.000040 0.082696 0.979406 -0.000070
39.000000 -0.001377 -0.002441 -0.000040 0.080083 0.979620 -0.000070
39.150000 -0.001376 -0.002441 -0.000040 0.077469 0.979827 -0.000070
39.300000 -0.001375 -0.002441 -0.000040 0.074854 0.980027 -0.000070
39.450000 -0.001374 -0.002442 -0.000040 0.072239 0.980220 -0.000070
39.600000 -0.001373 -0.002442 -0.000040 0.069623 0.980407 -0.000070
39.750000 -0.001373 -0.002442 -0.000040 0.067007 0.980586 -0.000070
39.900000 -0.001372 -0.002443 -0.000040 0.064391 0.980759 -0.000070
40.050000 -0.001371 -0.002443 -0.000040 0.061773 0.980925 -0.000070
40.200000 -0.001370 -0.002443 -0.000040 0.059156 0.981084 -0.000070
40.350000 -0.001369 -0.002443 -0.000040 0.056538 0.981237 -0.000070
40.500000 -0.001368 -0.002444 -0.000040 0.053919 0.981382 -0.000070
40.650000 -0.001367 -0.002444 -0.000040 0.051300 0.981521 -0.000070
40.800000 -0.001366 -0.002444 -0.000040 0.048681 0.981652 -0.000070
40.950000 -0.001365 -0.002445 -0.000040 0.046061 0.981777 -0.000070
41.100000 -0.001364 -0.002445 -0.000040 0.043442 0.981895 -0.000070
41.250000 -0.001363 -0.002445 -0.000040 0.040821 0.982006 -0.000070
41.400000 -0.001363 -0.002445 -0.000040 0.038201 0.982111 -0.000070
41.550000 -0.001362 -0.002446 -0.000040 0.035580 0.982208 -0.000071
41.700000 -0.001361 -0.002446 -0.000040 0.032958 0.982299 -0.000071
41.850000 -0.001360 -0.002446 -0.000040 0.030337 0.982382 -0.000071
42.000000 -0.001359 -0.002447 -0.000040 0.027715 0.982459 -0.000071
42.150000 -0.001358 -0.002447 -0.000041 0.025093 0.982529 -0.000071
42.300000 -0.001357 -0.002447 -0.000041 0.022471 0.982593 -0.000071
42.450000 -0.001356 -0.002447 -0.000041 0.019849 0.982649 -0.000071
42.600000 -0.001355 -0.002448 -0.000041 0.017227 0.982699 -0.000071
42.750000 -0.001354 -0.002448 -0.000041 0.014604 0.982741 -0.000071
42.900000 -0.001353 -0.002448 -0.000041 0.011981 0.982777 -0.000071
43.050000 -0.001353 -0.002448 -0.000041 0.009358 0.982806 -0.000071
43.200000 -0.001352 -0.002449 -0.000041 0.006735 0.982828 -0.000071
43.350000 -0.001351 -0.002449 -0.000041 0.004112 0.982843 -0.000071
43.500000 -0.001350 -0.002449 -0.000041 0.001489 0.982851 -0.000071
43.650000 -0.001349 -0.002450 -0.000041 -0.001134 0.982853 -0.000071
43.800000 -0.001348 -0.002450 -0.000041 -0.003757 0.982848 -0.000071
43.950000 -0.001347 -0.002450 -0.000041 -0.006380 0.982835 -0.000071
44.100000 -0.001346 -0.002450 -0.000041 -0.009003 0.982816 -0.000071
44.250000 -0.001345 -0.002451 -0.000041 -0.011626 0.982790 -0.000071
44.400000 -0.001344 -0.002451 -0.000041 -0.014249 0.982758 -0.000071
44.550000 -0.001343 -0.002451 -0.000041 -0.016872 0.982718 -0.000071
44.700000 -0.001343 -0.002452 -0.000041 -0.019495 0.982671 -0.000071
44.850000 -0.001342 -0.002452 -0.000041 -0.022118 0.982618 -0.000071
45.000000 -0.001341 -0.002452 -0.000041 -0.024740 0.982558 -0.000071
45.150000 -0.001340 -0.002452 -0.000041 -0.027363 0.982491 -0.000071
45.300000 -0.001339 -0.002453 -0.000041 -0.029985 0.982417 -0.000071
45.450000 -0.001338 -0.002453 -0.000041 -0.032607 0.982336 -0.000071
45.600000 -0.001337 -0.002453 -0.000041 -0.035229 0.982248 -0.000071
45.750000 -0.001336 -0.002454 -0.000041 -0.037851 0.982154 -0.000071
45.900000 -0.001335 -0.002454 -0.000041 -0.040472 0.982052 -0.000071
46.050000 -0.001334 -0.002454 -0.000041 -0.043094 0.981944 -0.000071
46.200000 -0.001333 -0.002454 -0.000041 -0.045715 0.981829 -0.000071
46.350000 -0.001333 -0.002455 -0.000041 -0.048335 0.981707 -0.000071
46.500000 -0.001332 -0.002455 -0.000041 -0.050956 0.981579 -0.000071
46.650000 -0.001331 -0.002455 -0.000041 -0.053576 0.981443 -0.000071
46.800000 -0.001330 -0.002455 -0.000041 -0.056195 0.981300 -0.000071
46.950000 -0.001329 -0.002456 -0.000041 -0.058815 0.981151 -0.000071
47.100000 -0.001328 -0.002456 -0.000041 -0.061434 0.980995 -0.000071
47.250000 -0.001327 -0.002456 -0.000041 -0.064052 0.980832 -0.000071
47.400000 -0.001326 -0.002457 -0.000041 -0.066670 0.980662 -0.000072
47.550000 -0.001325 -0.002457 -0.000041 -0.069288 0.980485 -0.000072
47.700000 -0.001324 -0.002457 -0.000041 -0.071905 0.980302 -0.000072
47.850000 -0.001323 -0.002457 -0.000041 -0.074522 0.980111 -0.000072
48.000000 -0.001323 -0.002458 -0.000041 -0.077138 0.979914 -0.000072
48.150000 -0.001322 -0.002458 -0.000041 -0.079754 0.979710 -0.000072
48.300000 -0.001321 -0.002458 -0.000041 -0.082369 0.979499 -0.000072
48.450000 -0.001320 -0.002459 -0.000041 -0.084984 0.979281 -0.000072
48.600000 -0.001319 -0.002459 -0.000041 -0.087598 0.979057 -0.000072
48.750000 -0.001318 -0.002459 -0.000041 -0.090212 0.978825 -0.000072
48.900000 -0.001317 -0.002459 -0.000041 -0.092825 0.978587 -0.000072
49.050000 -0.001316 -0.002460 -0.000041 -0.095437 0.978342 -0.000072
49.200000 -0.001315 -0.002460 -0.000041 -0.098049 0.978090 -0.000072
49.350000 -0.001314 -0.002460 -0.000041 -0.100660 0.977832 -0.000072
49.500000 -0.001313 -0.002460 -0.000041 -0.103270 0.977566 -0.000072
49.650000 -0.001313 -0.002461 -0.000041 -0.105880 0.977294 -0.000072
49.800000 -0.001312 -0.002461 -0.000042 -0.108489 0.977014 -0.000072
49.950000 -0.001311 -0.002461 -0.000042 -0.111097 0.976728 -0.000072
50.100000 -0.001310 -0.002462 -0.000042 -0.113704 0.976436 -0.000072
50.250000 -0.001309 -0.002462 -0.000042 -0.116311 0.976136 -0.000072
50.400000 -0.001308 -0.002462 -0.000042 -0.118917 0.975829 -0.000072
50.550000 -0.001307 -0.002462 -0.000042 -0.121522 0.975516 -0.000072
50.700000 -0.001306 -0.002463 -0.000042 -0.124126 0.975196 -0.000072
50.850000 -0.001305 -0.002463 -0.000042 -0.126730 0.974869 -0.000072
51.000000 -0.001304 -0.002463 -0.000042 -0.129332 0.974535 -0.000072
51.150000 -0.001303 -0.002464 -0.000042 -0.131934 0.974195 -0.000072
51.300000 -0.001303 -0.002464 -0.000042 -0.134535 0.973848 -0.000072
51.450000 -0.001302 -0.002464 -0.000042 -0.137135 0.973494 -0.000072
51.600000 -0.001301 -0.002464 -0.000042 -0.139734 0.973133 -0.000072
51.750000 -0.001300 -0.002465 -0.000042 -0.142332 0.972765 -0.000072
51.900000 -0.001299 -0.002465 -0.000042 -0.144929 0.972391 -0.000072
52.050000 -0.001298 -0.002465 -0.000042 -0.147525 0.972009 -0.000072
52.200000 -0.001297 -0.002465 -0.000042 -0.150120 0.971621 -0.000072
52.350000 -0.001296 -0.002466 -0.000042 -0.152715 0.971226 -0.000072
52.500000 -0.001295 -0.002466 -0.000042 -0.155308 0.970825 -0.000072
52.650000 -0.001294 -0.002466 -0.000042 -0.157900 0.970417 -0.000072
52.800000 -0.001293 -0.002467 -0.000042 -0.160491 0.970001 -0.000072
52.950000 -0.001293 -0.002467 -0.000042 -0.163081 0.969579 -0.000072
53.100000 -0.001292 -0.002467 -0.000042 -0.165669 0.969151 -0.000072
53.250000 -0.001291 -0.002467 -0.000042 -0.168257 0.968715 -0.000072
53.400000 -0.001290 -0.002468 -0.000042 -0.170843 0.968273 -0.000072
53.550000 -0.001289 -0.002468 -0.000042 -0.173429 0.967824 -0.000072
53.700000 -0.001288 -0.002468 -0.000042 -0.176013 0.967368 -0.000072
53.850000 -0.001287 -0.002469 -0.000042 -0.178596 0.966906 -0.000072
54.000000 -0.001286 -0.002469 -0.000042 -0.181178 0.966437 -0.000072
54.150000 -0.001285 -0.002469 -0.000042 -0.183758 0.965961 -0.000072
54.300000 -0.001284 -0.002469 -0.000042 -0.186337 0.965478 -0.000072
54.450000 -0.001283 -0.002470 -0.000042 -0.188915 0.964989 -0.000072
54.600000 -0.001283 -0.002470 -0.000042 -0.191492 0.964492 -0.000072
54.750000 -0.001282 -0.002470 -0.000042 -0.194067 0.963990 -0.000072
54.900000 -0.001281 -0.002470 -0.000042 -0.196641 0.963480 -0.000072
55.050000 -0.001280 -0.002471 -0.000042 -0.199214 0.962964 -0.000072
55.200000 -0.001279 -0.002471 -0.000042 -0.201785 0.962441 -0.000072
55.350000 -0.001278 -0.002471 -0.000042 -0.204355 0.961911 -0.000072
55.500000 -0.001277 -0.002472 -0.000042 -0.206924 0.961374 -0.000072
55.650000 -0.001276 -0.002472 -0.000042 -0.209491 0.960831 -0.000072
55.800000 -0.001275 -0.002472 -0.000042 -0.212057 0.960281 -0.000072
55.950000 -0.001274 -0.002472 -0.000042 -0.214621 0.959725 -0.000072
56.100000 -0.001273 -0.002473 -0.000042 -0.217184 0.959161 -0.000072
56.250000 -0.001273 -0.002473 -0.000042 -0.219745 0.958591 -0.000072
56.400000 -0.001272 -0.002473 -0.000042 -0.222305 0.958015 -0.000072
56.550000 -0.001271 -0.002474 -0.000042 -0.224864 0.957431 -0.000072
56.700000 -0.001270 -0.002474 -0.000042 -0.227420 0.956841 -0.000072
56.850000 -0.001269 -0.002474 -0.000042 -0.229976 0.956244 -0.000072
57.000000 -0.001268 -0.002474 -0.000042 -0.232529 0.955641 -0.000072
57.150000 -0.001267 -0.002475 -0.000042 -0.235081 0.955031 -0.000072
57.300000 -0.001266 -0.002475 -0.000042 -0.237632 0.954414 -0.000073
57.450000 -0.001265 -0.002475 -0.000043 -0.240181 0.953791 -0.000073
57.600000 -0.001264 -0.002475 -0.000043 -0.242728 0.953161 -0.000073
57.750000 -0.001264 -0.002476 -0.000043 -0.245273 0.952524 -0.000073
57.900000 -0.001263 -0.002476 -0.000043 -0.247817 0.951881 -0.000073
58.050000 -0.001262 -0.002476 -0.000043 -0.250359 0.951231 -0.000073
58.200000 -0.001261 -0.002477 -0.000043 -0.252900 0.950574 -0.000073
58.350000 -0.001260 -0.002477 -0.000043 -0.255439 0.949911 -0.000073
58.500000 -0.001259 -0.002477 -0.000043 -0.257976 0.949241 -0.000073
58.650000 -0.001258 -0.002477 -0.000043 -0.260511 0.948565 -0.000073
58.800000 -0.001257 -0.002478 -0.000043 -0.263044 0.947882 -0.000073
58.950000 -0.001256 -0.002478 -0.000043 -0.265576 0.947192 -0.000073
59.100000 -0.001255 -0.002478 -0.000043 -0.268106 0.946496 -0.000073
59.250000 -0.001254 -0.002479 -0.000043 -0.270634 0.945793 -0.000073
59.400000 -0.001254 -0.002479 -0.000043 -0.273160 0.945083 -0.000073
59.550000 -0.001253 -0.002479 -0.000043 -0.275684 0.944367 -0.000073
59.700000 -0.001252 -0.002479 -0.000043 -0.278206 0.943644 -0.000073
59.850000 -0.001251 -0.002480 -0.000043 -0.280727 0.942915 -0.000073
60.000000 -0.001250 -0.002480 -0.000043 -0.283245 0.942179 -0.000073
60.150000 -0.001249 -0.002480 -0.000043 -0.285762 0.941437 -0.000073
60.300000 -0.001248 -0.002480 -0.000043 -0.288276 0.940688 -0.000073
60.450000 -0.001247 -0.002481 -0.000043 -0.290789 0.939932 -0.000073
60.600000 -0.001246 -0.002481 -0.000043 -0.293300 0.939170 -0.000073
60.750000 -0.001245 -0.002481 -0.000043 -0.295808 0.938402 -0.000073
60.900000 -0.001244 -0.002482 -0.000043 -0.298315 0.937627 -0.000073
61.050000 -0.001244 -0.002482 -0.000043 -0.300819 0.936845 -0.000073
61.200000 -0.001243 -0.002482 -0.000043 -0.303322 0.936057 -0.000073
61.350000 -0.001242 -0.002482 -0.000043 -0.305822 0.935262 -0.000073
61.500000 -0.001241 -0.002483 -0.000043 -0.308321 0.934461 -0.000073
61.650000 -0.001240 -0.002483 -0.000043 -0.310817 0.933653 -0.000073
61.800000 -0.001239 -0.002483 -0.000043 -0.313311 0.932838 -0.000073
61.950000 -0.001238 -0.002484 -0.000043 -0.315803 0.932018 -0.000073
62.100000 -0.001237 -0.002484 -0.000043 -0.318292 0.931190 -0.000073
62.250000 -0.001236 -0.002484 -0.000043 -0.320780 0.930357 -0.000073
62.400000 -0.001235 -0.002484 -0.000043 -0.323265 0.929516 -0.000073
62.550000 -0.001234 -0.002485 -0.000043 -0.325748 0.928669 -0.000073
62.700000 -0.001234 -0.002485 -0.000043 -0.328229 0.927816 -0.000073
62.850000 -0.001233 -0.002485 -0.000043 -0.330708 0.926957 -0.000073
63.000000 -0.001232 -0.002485 -0.000043 -0.333184 0.926090 -0.000073
63.150000 -0.001231 -0.002486 -0.000043 -0.335658 0.925218 -0.000073
63.300000 -0.001230 -0.002486 -0.000043 -0.338130 0.924339 -0.000073
63.450000 -0.001229 -0.002486 -0.000043 -0.340600 0.923453 -0.000073
63.600000 -0.001228 -0.002487 -0.000043 -0.343067 0.922561 -0.000073
63.750000 -0.001227 -0.002487 -0.000043 -0.345532 0.921663 -0.000073
63.900000 -0.001226 -0.002487 -0.000043 -0.347994 0.920758 -0.000073
64.050000 -0.001225 -0.002487 -0.000043 -0.350454 0.919847 -0.000073
64.200000 -0.001224 -0.002488 -0.000043 -0.352911 0.918929 -0.000073
64.350000 -0.001224 -0.002488 -0.000043 -0.355367 0.918005 -0.000073
64.500000 -0.001223 -0.002488 -0.000043 -0.357819 0.917075 -0.000073
64.650000 -0.001222 -0.002489 -0.000043 -0.360270 0.916138 -0.000073
64.800000 -0.001221 -0.002489 -0.000043 -0.362717 0.915195 -0.000073
64.950000 -0.001220 -0.002489 -0.000043 -0.365163 0.914245 -0.000073
65.100000 -0.001219 -0.002489 -0.000044 -0.367606 0.913290 -0.000073
65.250000 -0.001218 -0.002490 -0.000044 -0.370046 0.912327 -0.000073
65.400000 -0.001217 -0.002490 -0.000044 -0.372484 0.911359 -0.000073
65.550000 -0.001216 -0.002490 -0.000044 -0.374919 0.910384 -0.000073
65.700000 -0.001215 -0.002490 -0.000044 -0.377351 0.909402 -0.000073
65.850000 -0.001214 -0.002491 -0.000044 -0.379781 0.908415 -0.000073
66.000000 -0.001214 -0.002491 -0.000044 -0.382209 0.907421 -0.000073
66.150000 -0.001213 -0.002491 -0.000044 -0.384633 0.906420 -0.000073
66.300000 -0.001212 -0.002492 -0.000044 -0.387056 0.905414 -0.000073
66.450000 -0.001211 -0.002492 -0.000044 -0.389475 0.904401 -0.000073
66.600000 -0.001210 -0.002492 -0.000044 -0.391892 0.903382 -0.000073
66.750000 -0.001209 -0.002492 -0.000044 -0.394306 0.902356 -0.000073
66.900000 -0.001208 -0.002493 -0.000044 -0.396717 0.901324 -0.000073
67.050000 -0.001207 -0.002493 -0.000044 -0.399126 0.900286 -0.000073
67.200000 -0.001206 -0.002493 -0.000044 -0.401532 0.899242 -0.000073
67.350000 -0.001205 -0.002493 -0.000044 -0.403935 0.898192 -0.000073
67.500000 -0.001204 -0.002494 -0.000044 -0.406335 0.897135 -0.000073
67.650000 -0.001204 -0.002494 -0.000044 -0.408733 0.896072 -0.000073
67.800000 -0.001203 -0.002494 -0.000044 -0.411128 0.895002 -0.000073
67.950000 -0.001202 -0.002495 -0.000044 -0.413520 0.893927 -0.000073
68.100000 -0.001201 -0.002495 -0.000044 -0.415909 0.892845 -0.000073
68.250000 -0.001200 -0.002495 -0.000044 -0.418295 0.891757 -0.000073
68.400000 -0.001199 -0.002495 -0.000044 -0.420679 0.890663 -0.000073
68.550000 -0.001198 -0.002496 -0.000044 -0.423059 0.889563 -0.000073
68.700000 -0.001197 -0.002496 -0.000044 -0.425437 0.888456 -0.000073
68.850000 -0.001196 -0.002496 -0.000044 -0.427811 0.887343 -0.000073
69.000000 -0.001195 -0.002497 -0.000044 -0.430183 0.886224 -0.000073
69.150000 -0.001194 -0.002497 -0.000044 -0.432552 0.885099 -0.000073
69.300000 -0.001194 -0.002497 -0.000044 -0.434918 0.883968 -0.000072
69.450000 -0.001193 -0.002497 -0.000044 -0.437280 0.882831 -0.000072
69.600000 -0.001192 -0.002498 -0.000044 -0.439640 0.881687 -0.000072
69.750000 -0.001191 -0.002498 -0.000044 -0.441997 0.880537 -0.000072
69.900000 -0.001190 -0.002498 -0.000044 -0.444351 0.879382 -0.000072
70.050000 -0.001189 -0.002498 -0.000044 -0.446701 0.878220 -0.000072
70.200000 -0.001188 -0.002499 -0.000044 -0.449049 0.877052 -0.000072
70.350000 -0.001187 -0.002499 -0.000044 -0.451394 0.875878 -0.000072
70.500000 -0.001186 -0.002499 -0.000044 -0.453735 0.874697 -0.000072
70.650000 -0.001185 -0.002500 -0.000044 -0.456073 0.873511 -0.000072
70.800000 -0.001184 -0.002500 -0.000044 -0.458408 0.872319 -0.000072
70.950000 -0.001184 -0.002500 -0.000044 -0.460741 0.871120 -0.000072
71.100000 -0.001183 -0.002500 -0.000044 -0.463069 0.869916 -0.000072
71.250000 -0.001182 -0.002501 -0.000044 -0.465395 0.868705 -0.000072
71.400000 -0.001181 -0.002501 -0.000044 -0.467718 0.867489 -0.000072
71.550000 -0.001180 -0.002501 -0.000044 -0.470037 0.866266 -0.000072
71.700000 -0.001179 -0.002501 -0.000044 -0.472353 0.865038 -0.000072
71.850000 -0.001178 -0.002502 -0.000044 -0.474666 0.863803 -0.000072
72.000000 -0.001177 -0.002502 -0.000044 -0.476975 0.862562 -0.000072
72.150000 -0.001176 -0.002502 -0.000044 -0.479282 0.861316 -0.000072
72.300000 -0.001175 -0.002503 -0.000044 -0.481585 0.860063 -0.000072
72.450000 -0.001174 -0.002503 -0.000044 -0.483884 0.858805 -0.000072
72.600000 -0.001174 -0.002503 -0.000044 -0.486181 0.857540 -0.000072
72.750000 -0.001173 -0.002503 -0.000045 -0.488474 0.856270 -0.000072
72.900000 -0.001172 -0.002504 -0.000045 -0.490763 0.854993 -0.000072
73.050000 -0.001171 -0.002504 -0.000045 -0.493049 0.853711 -0.000072
73.200000 -0.001170 -0.002504 -0.000045 -0.495332 0.852422 -0.000072
73.350000 -0.001169 -0.002505 -0.000045 -0.497612 0.851128 -0.000072
73.500000 -0.001168 -0.002505 -0.000045 -0.499888 0.849828 -0.000072
73.650000 -0.001167 -0.002505 -0.000045 -0.502161 0.848522 -0.000072
73.800000 -0.001166 -0.002505 -0.000045 -0.504430 0.847210 -0.000072
73.950000 -0.001165 -0.002506 -0.000045 -0.506696 0.845892 -0.000072
74.100000 -0.001164 -0.002506 -0.000045 -0.508958 0.844569 -0.000072
74.250000 -0.001164 -0.002506 -0.000045 -0.511217 0.843239 -0.000072
74.400000 -0.001163 -0.002506 -0.000045 -0.513472 0.841904 -0.000072
74.550000 -0.001162 -0.002507 -0.000045 -0.515724 0.840562 -0.000072
74.700000 -0.001161 -0.002507 -0.000045 -0.517972 0.839215 -0.000072
74.850000 -0.001160 -0.002507 -0.000045 -0.520216 0.837862 -0.000072
75.000000 -0.001159 -0.002508 -0.000045 -0.522457 0.836503 -0.000072
75.150000 -0.001158 -0.002508 -0.000045 -0.524695 0.835139 -0.000072
75.300000 -0.001157 -0.002508 -0.000045 -0.526929 0.833769 -0.000072
75.450000 -0.001156 -0.002508 -0.000045 -0.529159 0.832392 -0.000072
75.600000 -0.001155 -0.002509 -0.000045 -0.531386 0.831011 -0.000072
75.750000 -0.001155 -0.002509 -0.000045 -0.533609 0.829623 -0.000072
75.900000 -0.001154 -0.002509 -0.000045 -0.535828 0.828229 -0.000072
76.050000 -0.001153 -0.002509 -0.000045 -0.538044 0.826830 -0.000072
76.200000 -0.001152 -0.002510 -0.000045 -0.540256 0.825425 -0.000072
76.350000 -0.001151 -0.002510 -0.000045 -0.542464 0.824015 -0.000072
76.500000 -0.001150 -0.002510 -0.000045 -0.544668 0.822598 -0.000072
76.650000 -0.001149 -0.002511 -0.000045 -0.546869 0.821176 -0.000072
76.800000 -0.001148 -0.002511 -0.000045 -0.549066 0.819748 -0.000072
76.950000 -0.001147 -0.002511 -0.000045 -0.551259 0.818315 -0.000072
77.100000 -0.001146 -0.002511 -0.000045 -0.553449 0.816876 -0.000072
77.250000 -0.001145 -0.002512 -0.000045 -0.555635 0.815431 -0.000072
77.400000 -0.001145 -0.002512 -0.000045 -0.557816 0.813981 -0.000072
77.550000 -0.001144 -0.002512 -0.000045 -0.559995 0.812525 -0.000072
77.700000 -0.001143 -0.002512 -0.000045 -0.562169 0.811063 -0.000072
77.850000 -0.001142 -0.002513 -0.000045 -0.564339 0.809596 -0.000072
78.000000 -0.001141 -0.002513 -0.000045 -0.566506 0.808123 -0.000072
78.150000 -0.001140 -0.002513 -0.000045 -0.568668 0.806644 -0.000072
78.300000 -0.001139 -0.002514 -0.000045 -0.570827 0.805160 -0.000072
78.450000 -0.001138 -0.002514 -0.000045 -0.572982 0.803670 -0.000072
78.600000 -0.001137 -0.002514 -0.000045 -0.575133 0.802175 -0.000072
78.750000 -0.001136 -0.002514 -0.000045 -0.577279 0.800674 -0.000072
78.900000 -0.001135 -0.002515 -0.000045 -0.579422 0.799168 -0.000072
79.050000 -0.001135 -0.002515 -0.000045 -0.581561 0.797656 -0.000072
79.200000 -0.001134 -0.002515 -0.000045 -0.583696 0.796138 -0.000072
79.350000 -0.001133 -0.002516 -0.000045 -0.585827 0.794615 -0.000072
79.500000 -0.001132 -0.002516 -0.000045 -0.587954 0.793087 -0.000071
79.650000 -0.001131 -0.002516 -0.000045 -0.590077 0.791553 -0.000071
79.800000 -0.001130 -0.002516 -0.000045 -0.592196 0.790013 -0.000071
79.950000 -0.001129 -0.002517 -0.000045 -0.594311 0.788468 -0.000071
80.100000 -0.001128 -0.002517 -0.000045 -0.596422 0.786918 -0.000071
80.250000 -0.001127 -0.002517 -0.000045 -0.598529 0.785362 -0.000071
80.400000 -0.001126 -0.002517 -0.000046 -0.600631 0.783801 -0.000071
80.550000 -0.001125 -0.002518 -0.000046 -0.602730 0.782234 -0.000071
80.700000 -0.001125 -0.002518 -0.000046 -0.604824 0.780662 -0.000071
80.850000 -0.001124 -0.002518 -0.000046 -0.606914 0.779085 -0.000071
81.000000 -0.001123 -0.002519 -0.000046 -0.609000 0.777502 -0.000071
81.150000 -0.001122 -0.002519 -0.000046 -0.611082 0.775913 -0.000071
81.300000 -0.001121 -0.002519 -0.000046 -0.613160 0.774320 -0.000071
81.450000 -0.001120 -0.002519 -0.000046 -0.615233 0.772721 -0.000071
81.600000 -0.001119 -0.002520 -0.000046 -0.617303 0.771116 -0.000071
81.750000 -0.001118 -0.002520 -0.000046 -0.619368 0.769507 -0.000071
81.900000 -0.001117 -0.002520 -0.000046 -0.621428 0.767892 -0.000071
82.050000 -0.001116 -0.002520 -0.000046 -0.623485 0.766271 -0.000071
82.200000 -0.001115 -0.002521 -0.000046 -0.625537 0.764646 -0.000071
82.350000 -0.001115 -0.002521 -0.000046 -0.627585 0.763015 -0.000071
82.500000 -0.001114 -0.002521 -0.000046 -0.629629 0.761378 -0.000071
82.650000 -0.001113 -0.002522 -0.000046 -0.631668 0.759737 -0.000071
82.800000 -0.001112 -0.002522 -0.000046 -0.633703 0.758090 -0.000071
82.950000 -0.001111 -0.002522 -0.000046 -0.635734 0.756438 -0.000071
83.100000 -0.001110 -0.002522 -0.000046 -0.637761 0.754781 -0.000071
83.250000 -0.001109 -0.002523 -0.000046 -0.639783 0.753119 -0.000071
83.400000 -0.001108 -0.002523 -0.000046 -0.641800 0.751451 -0.000071
83.550000 -0.001107 -0.002523 -0.000046 -0.643814 0.749778 -0.000071
83.700000 -0.001106 -0.002523 -0.000046 -0.645822 0.748100 -0.000071
83.850000 -0.001105 -0.002524 -0.000046 -0.647827 0.746417 -0.000071
84.000000 -0.001105 -0.002524 -0.000046 -0.649827 0.744729 -0.000071
84.150000 -0.001104 -0.002524 -0.000046 -0.651822 0.743035 -0.000071
84.300000 -0.001103 -0.002525 -0.000046 -0.653814 0.741336 -0.000071
84.450000 -0.001102 -0.002525 -0.000046 -0.655800 0.739633 -0.000071
84.600000 -0.001101 -0.002525 -0.000046 -0.657782 0.737924 -0.000071
84.750000 -0.001100 -0.002525 -0.000046 -0.659760 0.736210 -0.000071
84.900000 -0.001099 -0.002526 -0.000046 -0.661733 0.734491 -0.000071
85.050000 -0.001098 -0.002526 -0.000046 -0.663702 0.732767 -0.000071
85.200000 -0.001097 -0.002526 -0.000046 -0.665666 0.731038 -0.000071
85.350000 -0.001096 -0.002526 -0.000046 -0.667625 0.729303 -0.000071
85.500000 -0.001096 -0.002527 -0.000046 -0.669580 0.727564 -0.000070
85.650000 -0.001095 -0.002527 -0.000046 -0.671531 0.725820 -0.000070
85.800000 -0.001094 -0.002527 -0.000046 -0.673477 0.724071 -0.000070
85.950000 -0.001093 -0.002528 -0.000046 -0.675418 0.722316 -0.000070
86.100000 -0.001092 -0.002528 -0.000046 -0.677354 0.720557 -0.000070
86.250000 -0.001091 -0.002528 -0.000046 -0.679286 0.718793 -0.000070
86.400000 -0.001090 -0.002528 -0.000046 -0.681214 0.717024 -0.000070
86.550000 -0.001089 -0.002529 -0.000046 -0.683136 0.715249 -0.000070
86.700000 -0.001088 -0.002529 -0.000046 -0.685054 0.713470 -0.000070
86.850000 -0.001087 -0.002529 -0.000046 -0.686968 0.711686 -0.000070
87.000000 -0.001086 -0.002530 -0.000046 -0.688876 0.709897 -0.000070
87.150000 -0.001086 -0.002530 -0.000046 -0.690780 0.708104 -0.000070
87.300000 -0.001085 -0.002530 -0.000046 -0.692680 0.706305 -0.000070
87.450000 -0.001084 -0.002530 -0.000046 -0.694574 0.704501 -0.000070
87.600000 -0.001083 -0.002531 -0.000046 -0.696464 0.702693 -0.000070
87.750000 -0.001082 -0.002531 -0.000046 -0.698349 0.700880 -0.000070
87.900000 -0.001081 -0.002531 -0.000046 -0.700229 0.699061 -0.000070
88.050000 -0.001080 -0.002531 -0.000046 -0.702105 0.697239 -0.000070
88.200000 -0.001079 -0.002532 -0.000047 -0.703975 0.695411 -0.000070
88.350000 -0.001078 -0.002532 -0.000047 -0.705841 0.693578 -0.000070
88.500000 -0.001077 -0.002532 -0.000047 -0.707702 0.691741 -0.000070
88.650000 -0.001076 -0.002533 -0.000047 -0.709558 0.689899 -0.000070
88.800000 -0.001076 -0.002533 -0.000047 -0.711410 0.688052 -0.000070
88.950000 -0.001075 -0.002533 -0.000047 -0.713256 0.686200 -0.000070
89.100000 -0.001074 -0.002533 -0.000047 -0.715098 0.684344 -0.000070
89.250000 -0.001073 -0.002534 -0.000047 -0.716935 0.682483 -0.000070
89.400000 -0.001072 -0.002534 -0.000047 -0.718767 0.680617 -0.000070
89.550000 -0.001071 -0.002534 -0.000047 -0.720594 0.678747 -0.000070
89.700000 -0.001070 -0.002534 -0.000047 -0.722416 0.676872 -0.000070
89.850000 -0.001069 -0.002535 -0.000047 -0.724233 0.674992 -0.000070
90.000000 -0.001068 -0.002535 -0.000047 -0.726045 0.673108 -0.000070
90.150000 -0.001067 -0.002535 -0.000047 -0.727852 0.671219 -0.000070
90.300000 -0.001067 -0.002536 -0.000047 -0.729655 0.669325 -0.000070
90.450000 -0.001066 -0.002536 -0.000047 -0.731452 0.667427 -0.000069
90.600000 -0.001065 -0.002536 -0.000047 -0.733244 0.665524 -0.000069
90.750000 -0.001064 -0.002536 -0.000047 -0.735032 0.663616 -0.000069
90.900000 -0.001063 -0.002537 -0.000047 -0.736814 0.661704 -0.000069
91.050000 -0.001062 -0.002537 -0.000047 -0.738592 0.659788 -0.000069
91.200000 -0.001061 -0.002537 -0.000047 -0.740364 0.657867 -0.000069
91.350000 -0.001060 -0.002537 -0.000047 -0.742131 0.655941 -0.000069
91.500000 -0.001059 -0.002538 -0.000047 -0.743893 0.654011 -0.000069
91.650000 -0.001058 -0.002538 -0.000047 -0.745651 0.652076 -0.000069
91.800000 -0.001057 -0.002538 -0.000047 -0.747403 0.650137 -0.000069
91.950000 -0.001057 -0.002539 -0.000047 -0.749150 0.648193 -0.000069
92.100000 -0.001056 -0.002539 -0.000047 -0.750892 0.646245 -0.000069
92.250000 -0.001055 -0.002539 -0.000047 -0.752628 0.644293 -0.000069
92.400000 -0.001054 -0.002539 -0.000047 -0.754360 0.642336 -0.000069
92.550000 -0.001053 -0.002540 -0.000047 -0.756087 0.640375 -0.000069
92.700000 -0.001052 -0.002540 -0.000047 -0.757808 0.638409 -0.000069
92.850000 -0.001051 -0.002540 -0.000047 -0.759524 0.636439 -0.000069
93.000000 -0.001050 -0.002540 -0.000047 -0.761235 0.634464 -0.000069
93.150000 -0.001049 -0.002541 -0.000047 -0.762941 0.632485 -0.000069
93.300000 -0.001048 -0.002541 -0.000047 -0.764642 0.630502 -0.000069
93.450000 -0.001047 -0.002541 -0.000047 -0.766337 0.628514 -0.000069
93.600000 -0.001047 -0.002542 -0.000047 -0.768028 0.626522 -0.000069
93.750000 -0.001046 -0.002542 -0.000047 -0.769713 0.624526 -0.000069
93.900000 -0.001045 -0.002542 -0.000047 -0.771393 0.622526 -0.000069
94.050000 -0.001044 -0.002542 -0.000047 -0.773067 0.620521 -0.000069
94.200000 -0.001043 -0.002543 -0.000047 -0.774737 0.618512 -0.000069
94.350000 -0.001042 -0.002543 -0.000047 -0.776401 0.616499 -0.000069
94.500000 -0.001041 -0.002543 -0.000047 -0.778059 0.614481 -0.000069
94.650000 -0.001040 -0.002543 -0.000047 -0.779713 0.612459 -0.000068
94.800000 -0.001039 -0.002544 -0.000047 -0.781361 0.610434 -0.000068
94.950000 -0.001038 -0.002544 -0.000047 -0.783004 0.608403 -0.000068
95.100000 -0.001038 -0.002544 -0.000047 -0.784642 0.606369 -0.000068
95.250000 -0.001037 -0.002545 -0.000047 -0.786274 0.604331 -0.000068
95.400000 -0.001036 -0.002545 -0.000047 -0.787901 0.602288 -0.000068
95.550000 -0.001035 -0.002545 -0.000047 -0.789523 0.600241 -0.000068
95.700000 -0.001034 -0.002545 -0.000047 -0.791139 0.598190 -0.000068
95.850000 -0.001033 -0.002546 -0.000048 -0.792750 0.596135 -0.000068
96.000000 -0.001032 -0.002546 -0.000048 -0.794355 0.594076 -0.000068
96.150000 -0.001031 -0.002546 -0.000048 -0.795955 0.592013 -0.000068
96.300000 -0.001030 -0.002546 -0.000048 -0.797550 0.589946 -0.000068
96.450000 -0.001029 -0.002547 -0.000048 -0.799139 0.587875 -0.000068
96.600000 -0.001028 -0.002547 -0.000048 -0.800723 0.585799 -0.000068
96.750000 -0.001028 -0.002547 -0.000048 -0.802301 0.583720 -0.000068
96.900000 -0.001027 -0.002548 -0.000048 -0.803874 0.581637 -0.000068
97.050000 -0.001026 -0.002548 -0.000048 -0.805442 0.579550 -0.000068
97.200000 -0.001025 -0.002548 -0.000048 -0.807004 0.577458 -0.000068
97.350000 -0.001024 -0.002548 -0.000048 -0.808561 0.575363 -0.000068
97.500000 -0.001023 -0.002549 -0.000048 -0.810112 0.573264 -0.000068
97.650000 -0.001022 -0.002549 -0.000048 -0.811657 0.571161 -0.000068
97.800000 -0.001021 -0.002549 -0.000048 -0.813198 0.569054 -0.000068
97.950000 -0.001020 -0.002549 -0.000048 -0.814732 0.566943 -0.000068
98.100000 -0.001019 -0.002550 -0.000048 -0.816261 0.564828 -0.000068
98.250000 -0.001018 -0.002550 -0.000048 -0.817785 0.562709 -0.000068
98.400000 -0.001018 -0.002550 -0.000048 -0.819303 0.560587 -0.000068
98.550000 -0.001017 -0.002551 -0.000048 -0.820815 0.558461 -0.000067
98.700000 -0.001016 -0.002551 -0.000048 -0.822322 0.556330 -0.000067
98.850000 -0.001015 -0.002551 -0.000048 -0.823824 0.554196 -0.000067
99.000000 -0.001014 -0.002551 -0.000048 -0.825319 0.552059 -0.000067
99.150000 -0.001013 -0.002552 -0.000048 -0.826810 0.549917 -0.000067
99.300000 -0.001012 -0.002552 -0.000048 -0.828294 0.547772 -0.000067
99.450000 -0.001011 -0.002552 -0.000048 -0.829773 0.545623 -0.000067
99.600000 -0.001010 -0.002552 -0.000048 -0.831247 0.543470 -0.000067
99.750000 -0.001009 -0.002553 -0.000048 -0.832714 0.541313 -0.000067
99.900000 -0.001009 -0.002553 -0.000048 -0.834176 0.539153 -0.000067
100.050000 -0.001008 -0.002553 -0.000048 -0.835633 0.536989 -0.000067
100.200000 -0.001007 -0.002554 -0.000048 -0.837084 0.534821 -0.000067
100.350000 -0.001006 -0.002554 -0.000048 -0.838529 0.532650 -0.000067
100.500000 -0.001005 -0.002554 -0.000048 -0.839968 0.530475 -0.000067
100.650000 -0.001004 -0.002554 -0.000048 -0.841402 0.528297 -0.000067
100.800000 -0.001003 -0.002555 -0.000048 -0.842830 0.526114 -0.000067
100.950000 -0.001002 -0.002555 -0.000048 -0.844253 0.523929 -0.000067
101.100000 -0.001001 -0.002555 -0.000048 -0.845670 0.521739 -0.000067
101.250000 -0.001000 -0.002555 -0.000048 -0.847081 0.519546 -0.000067
101.400000 -0.000999 -0.002556 -0.000048 -0.848486 0.517350 -0.000067
101.550000 -0.000999 -0.002556 -0.000048 -0.849885 0.515150 -0.000067
101.700000 -0.000998 -0.002556 -0.000048 -0.851279 0.512946 -0.000067
101.850000 -0.000997 -0.002557 -0.000048 -0.852667 0.510739 -0.000067
102.000000 -0.000996 -0.002557 -0.000048 -0.854050 0.508529 -0.000066
102.150000 -0.000995 -0.002557 -0.000048 -0.855426 0.506315 -0.000066
102.300000 -0.000994 -0.002557 -0.000048 -0.856797 0.504097 -0.000066
102.450000 -0.000993 -0.002558 -0.000048 -0.858162 0.501877 -0.000066
102.600000 -0.000992 -0.002558 -0.000048 -0.859521 0.499652 -0.000066
102.750000 -0.000991 -0.002558 -0.000048 -0.860874 0.497424 -0.000066
102.900000 -0.000990 -0.002558 -0.000048 -0.862222 0.495193 -0.000066
103.050000 -0.000990 -0.002559 -0.000048 -0.863564 0.492959 -0.000066
103.200000 -0.000989 -0.002559 -0.000048 -0.864900 0.490721 -0.000066
103.350000 -0.000988 -0.002559 -0.000048 -0.866230 0.488480 -0.000066
103.500000 -0.000987 -0.002560 -0.000049 -0.867554 0.486235 -0.000066
103.650000 -0.000986 -0.002560 -0.000049 -0.868872 0.483987 -0.000066
103.800000 -0.000985 -0.002560 -0.000049 -0.870185 0.481736 -0.000066
103.950000 -0.000984 -0.002560 -0.000049 -0.871492 0.479481 -0.000066
104.100000 -0.000983 -0.002561 -0.000049 -0.872792 0.477224 -0.000066
104.250000 -0.000982 -0.002561 -0.000049 -0.874087 0.474963 -0.000066
104.400000 -0.000981 -0.002561 -0.000049 -0.875376 0.472698 -0.000066
104.550000 -0.000980 -0.002561 -0.000049 -0.876660 0.470431 -0.000066
104.700000 -0.000980 -0.002562 -0.000049 -0.877937 0.468160 -0.000066
104.850000 -0.000979 -0.002562 -0.000049 -0.879208 0.465886 -0.000066
105.000000 -0.000978 -0.002562 -0.000049 -0.880473 0.463609 -0.000066
105.150000 -0.000977 -0.002563 -0.000049 -0.881733 0.461329 -0.000066
105.300000 -0.000976 -0.002563 -0.000049 -0.882986 0.459046 -0.000065
105.450000 -0.000975 -0.002563 -0.000049 -0.884234 0.456759 -0.000065
105.600000 -0.000974 -0.002563 -0.000049 -0.885476 0.454469 -0.000065
105.750000 -0.000973 -0.002564 -0.000049 -0.886711 0.452177 -0.000065
105.900000 -0.000972 -0.002564 -0.000049 -0.887941 0.449881 -0.000065
106.050000 -0.000971 -0.002564 -0.000049 -0.889165 0.447582 -0.000065
106.200000 -0.000971 -0.002564 -0.000049 -0.890382 0.445280 -0.000065
106.350000 -0.000970 -0.002565 -0.000049 -0.891594 0.442975 -0.000065
106.500000 -0.000969 -0.002565 -0.000049 -0.892800 0.440667 -0.000065
106.650000 -0.000968 -0.002565 -0.000049 -0.894000 0.438356 -0.000065
106.800000 -0.000967 -0.002566 -0.000049 -0.895193 0.436042 -0.000065
106.950000 -0.000966 -0.002566 -0.000049 -0.896381 0.433725 -0.000065
107.100000 -0.000965 -0.002566 -0.000049 -0.897563 0.431405 -0.000065
107.250000 -0.000964 -0.002566 -0.000049 -0.898739 0.429082 -0.000065
107.400000 -0.000963 -0.002567 -0.000049 -0.899908 0.426757 -0.000065
107.550000 -0.000962 -0.002567 -0.000049 -0.901072 0.424428 -0.000065
107.700000 -0.000961 -0.002567 -0.000049 -0.902229 0.422096 -0.000065
107.850000 -0.000961 -0.002567 -0.000049 -0.903381 0.419762 -0.000065
108.000000 -0.000960 -0.002568 -0.000049 -0.904526 0.417425 -0.000065
108.150000 -0.000959 -0.002568 -0.000049 -0.905665 0.415085 -0.000065
108.300000 -0.000958 -0.002568 -0.000049 -0.906799 0.412742 -0.000065
108.450000 -0.000957 -0.002569 -0.000049 -0.907926 0.410396 -0.000064
108.600000 -0.000956 -0.002569 -0.000049 -0.909047 0.408047 -0.000064
108.750000 -0.000955 -0.002569 -0.000049 -0.910162 0.405696 -0.000064
108.900000 -0.000954 -0.002569 -0.000049 -0.911271 0.403342 -0.000064
109.050000 -0.000953 -0.002570 -0.000049 -0.912373 0.400985 -0.000064
109.200000 -0.000952 -0.002570 -0.000049 -0.913470 0.398625 -0.000064
109.350000 -0.000952 -0.002570 -0.000049 -0.914560 0.396263 -0.000064
109.500000 -0.000951 -0.002570 -0.000049 -0.915645 0.393898 -0.000064
109.650000 -0.000950 -0.002571 -0.000049 -0.916723 0.391530 -0.000064
109.800000 -0.000949 -0.002571 -0.000049 -0.917795 0.389160 -0.000064
109.950000 -0.000948 -0.002571 -0.000049 -0.918861 0.386787 -0.000064
110.100000 -0.000947 -0.002572 -0.000049 -0.919921 0.384411 -0.000064
110.250000 -0.000946 -0.002572 -0.000049 -0.920974 0.382033 -0.000064
110.400000 -0.000945 -0.002572 -0.000049 -0.922022 0.379652 -0.000064
110.550000 -0.000944 -0.002572 -0.000049 -0.923063 0.377269 -0.000064
110.700000 -0.000943 -0.002573 -0.000049 -0.924098 0.374883 -0.000064
110.850000 -0.000942 -0.002573 -0.000049 -0.925127 0.372494 -0.000064
111.000000 -0.000942 -0.002573 -0.000049 -0.926150 0.370103 -0.000064
111.150000 -0.000941 -0.002573 -0.000050 -0.927166 0.367710 -0.000064
111.300000 -0.000940 -0.002574 -0.000050 -0.928176 0.365313 -0.000064
111.450000 -0.000939 -0.002574 -0.000050 -0.929180 0.362915 -0.000063
111.600000 -0.000938 -0.002574 -0.000050 -0.930178 0.360514 -0.000063
111.750000 -0.000937 -0.002575 -0.000050 -0.931170 0.358110 -0.000063
111.900000 -0.000936 -0.002575 -0.000050 -0.932155 0.355704 -0.000063
112.050000 -0.000935 -0.002575 -0.000050 -0.933134 0.353296 -0.000063
112.200000 -0.000934 -0.002575 -0.000050 -0.934107 0.350885 -0.000063
112.350000 -0.000933 -0.002576 -0.000050 -0.935074 0.348472 -0.000063
112.500000 -0.000933 -0.002576 -0.000050 -0.936034 0.346057 -0.000063
112.650000 -0.000932 -0.002576 -0.000050 -0.936988 0.343639 -0.000063
112.800000 -0.000931 -0.002576 -0.000050 -0.937936 0.341219 -0.000063
112.950000 -0.000930 -0.002577 -0.000050 -0.938878 0.338796 -0.000063
113.100000 -0.000929 -0.002577 -0.000050 -0.939813 0.336371 -0.000063
113.250000 -0.000928 -0.002577 -0.000050 -0.940742 0.333944 -0.000063
113.400000 -0.000927 -0.002578 -0.000050 -0.941665 0.331515 -0.000063
113.550000 -0.000926 -0.002578 -0.000050 -0.942581 0.329083 -0.000063
113.700000 -0.000925 -0.002578 -0.000050 -0.943492 0.326649 -0.000063
113.850000 -0.000924 -0.002578 -0.000050 -0.944395 0.324213 -0.000063
114.000000 -0.000923 -0.002579 -0.000050 -0.945293 0.321775 -0.000063
114.150000 -0.000923 -0.002579 -0.000050 -0.946184 0.319335 -0.000063
114.300000 -0.000922 -0.002579 -0.000050 -0.947069 0.316892 -0.000062
114.450000 -0.000921 -0.002579 -0.000050 -0.947948 0.314447 -0.000062
114.600000 -0.000920 -0.002580 -0.000050 -0.948820 0.312000 -0.000062
114.750000 -0.000919 -0.002580 -0.000050 -0.949686 0.309551 -0.000062
114.900000 -0.000918 -0.002580 -0.000050 -0.950546 0.307100 -0.000062
115.050000 -0.000917 -0.002581 -0.000050 -0.951399 0.304647 -0.000062
115.200000 -0.000916 -0.002581 -0.000050 -0.952246 0.302192 -0.000062
115.350000 -0.000915 -0.002581 -0.000050 -0.953086 0.299734 -0.000062
115.500000 -0.000914 -0.002581 -0.000050 -0.953921 0.297275 -0.000062
115.650000 -0.000914 -0.002582 -0.000050 -0.954749 0.294814 -0.000062
115.800000 -0.000913 -0.002582 -0.000050 -0.955570 0.292350 -0.000062
115.950000 -0.000912 -0.002582 -0.000050 -0.956385 0.289885 -0.000062
116.100000 -0.000911 -0.002582 -0.000050 -0.957194 0.287417 -0.000062
116.250000 -0.000910 -0.002583 -0.000050 -0.957996 0.284948 -0.000062
116.400000 -0.000909 -0.002583 -0.000050 -0.958792 0.282477 -0.000062
116.550000 -0.000908 -0.002583 -0.000050 -0.959582 0.280004 -0.000062
116.700000 -0.000907 -0.002584 -0.000050 -0.960365 0.277529 -0.000062
116.850000 -0.000906 -0.002584 -0.000050 -0.961142 0.275052 -0.000062
117.000000 -0.000905 -0.002584 -0.000050 -0.961913 0.272573 -0.000062
117.150000 -0.000905 -0.002584 -0.000050 -0.962677 0.270092 -0.000061
117.300000 -0.000904 -0.002585 -0.000050 -0.963434 0.267610 -0.000061
117.450000 -0.000903 -0.002585 -0.000050 -0.964186 0.265125 -0.000061
117.600000 -0.000902 -0.002585 -0.000050 -0.964930 0.262639 -0.000061
117.750000 -0.000901 -0.002585 -0.000050 -0.965669 0.260151 -0.000061
117.900000 -0.000900 -0.002586 -0.000050 -0.966401 0.257662 -0.000061
118.050000 -0.000899 -0.002586 -0.000050 -0.967126 0.255170 -0.000061
118.200000 -0.000898 -0.002586 -0.000050 -0.967846 0.252677 -0.000061
118.350000 -0.000897 -0.002587 -0.000050 -0.968558 0.250182 -0.000061
118.500000 -0.000896 -0.002587 -0.000050 -0.969265 0.247686 -0.000061
118.650000 -0.000895 -0.002587 -0.000050 -0.969964 0.245187 -0.000061
118.800000 -0.000895 -0.002587 -0.000051 -0.970658 0.242688 -0.000061
118.950000 -0.000894 -0.002588 -0.000051 -0.971345 0.240186 -0.000061
119.100000 -0.000893 -0.002588 -0.000051 -0.972025 0.237683 -0.000061
119.250000 -0.000892 -0.002588 -0.000051 -0.972699 0.235178 -0.000061
119.400000 -0.000891 -0.002588 -0.000051 -0.973367 0.232672 -0.000061
119.550000 -0.000890 -0.002589 -0.000051 -0.974028 0.230164 -0.000061
119.700000 -0.000889 -0.002589 -0.000051 -0.974683 0.227654 -0.000061
119.850000 -0.000888 -0.002589 -0.000051 -0.975331 0.225143 -0.000060
120.000000 -0.000887 -0.002590 -0.000051 -0.975972 0.222630 -0.000060
120.150000 -0.000886 -0.002590 -0.000051 -0.976608 0.220116 -0.000060
120.300000 -0.000886 -0.002590 -0.000051 -0.977236 0.217601 -0.000060
120.450000 -0.000885 -0.002590 -0.000051 -0.977859 0.215083 -0.000060
120.600000 -0.000884 -0.002591 -0.000051 -0.978474 0.212565 -0.000060
120.750000 -0.000883 -0.002591 -0.000051 -0.979084 0.210045 -0.000060
120.900000 -0.000882 -0.002591 -0.000051 -0.979687 0.207523 -0.000060
121.050000 -0.000881 -0.002591 -0.000051 -0.980283 0.205001 -0.000060
121.200000 -0.000880 -0.002592 -0.000051 -0.980873 0.202476 -0.000060
121.350000 -0.000879 -0.002592 -0.000051 -0.981456 0.199951 -0.000060
121.500000 -0.000878 -0.002592 -0.000051 -0.982033 0.197424 -0.000060
121.650000 -0.000877 -0.002592 -0.000051 -0.982603 0.194895 -0.000060
121.800000 -0.000877 -0.002593 -0.000051 -0.983167 0.192366 -0.000060
121.950000 -0.000876 -0.002593 -0.000051 -0.983724 0.189835 -0.000060
122.100000 -0.000875 -0.002593 -0.000051 -0.984275 0.187302 -0.000060
122.250000 -0.000874 -0.002594 -0.000051 -0.984819 0.184769 -0.000060
122.400000 -0.000873 -0.002594 -0.000051 -0.985357 0.182234 -0.000060
122.550000 -0.000872 -0.002594 -0.000051 -0.985888 0.179698 -0.000059
122.700000 -0.000871 -0.002594 -0.000051 -0.986413 0.177161 -0.000059
122.850000 -0.000870 -0.002595 -0.000051 -0.986931 0.174622 -0.000059
123.000000 -0.000869 -0.002595 -0.000051 -0.987443 0.172083 -0.000059
123.150000 -0.000868 -0.002595 -0.000051 -0.987948 0.169542 -0.000059
123.300000 -0.000867 -0.002595 -0.000051 -0.988447 0.167000 -0.000059
123.450000 -0.000867 -0.002596 -0.000051 -0.988939 0.164457 -0.000059
123.600000 -0.000866 -0.002596 -0.000051 -0.989424 0.161912 -0.000059
123.750000 -0.000865 -0.002596 -0.000051 -0.989903 0.159367 -0.000059
123.900000 -0.000864 -0.002597 -0.000051 -0.990376 0.156821 -0.000059
124.050000 -0.000863 -0.002597 -0.000051 -0.990842 0.154273 -0.000059
124.200000 -0.000862 -0.002597 -0.000051 -0.991301 0.151724 -0.000059
124.350000 -0.000861 -0.002597 -0.000051 -0.991754 0.149175 -0.000059
124.500000 -0.000860 -0.002598 -0.000051 -0.992200 0.146624 -0.000059
124.650000 -0.000859 -0.002598 -0.000051 -0.992640 0.144073 -0.000059
124.800000 -0.000858 -0.002598 -0.000051 -0.993073 0.141520 -0.000059
124.950000 -0.000858 -0.002598 -0.000051 -0.993500 0.138966 -0.000059
125.100000 -0.000857 -0.002599 -0.000051 -0.993920 0.136412 -0.000058
125.250000 -0.000856 -0.002599 -0.000051 -0.994333 0.133856 -0.000058
125.400000 -0.000855 -0.002599 -0.000051 -0.994740 0.131300 -0.000058
125.550000 -0.000854 -0.002600 -0.000051 -0.995141 0.128743 -0.000058
125.700000 -0.000853 -0.002600 -0.000051 -0.995535 0.126185 -0.000058
125.850000 -0.000852 -0.002600 -0.000051 -0.995922 0.123625 -0.000058
126.000000 -0.000851 -0.002600 -0.000051 -0.996303 0.121066 -0.000058
126.150000 -0.000850 -0.002601 -0.000051 -0.996677 0.118505 -0.000058
126.300000 -0.000849 -0.002601 -0.000051 -0.997044 0.115943 -0.000058
126.450000 -0.000849 -0.002601 -0.000052 -0.997405 0.113381 -0.000058
126.600000 -0.000848 -0.002601 -0.000052 -0.997760 0.110818 -0.000058
126.750000 -0.000847 -0.002602 -0.000052 -0.998108 0.108254 -0.000058
126.900000 -0.000846 -0.002602 -0.000052 -0.998449 0.105689 -0.000058
127.050000 -0.000845 -0.002602 -0.000052 -0.998784 0.103124 -0.000058
127.200000 -0.000844 -0.002603 -0.000052 -0.999112 0.100558 -0.000058
127.350000 -0.000843 -0.002603 -0.000052 -0.999434 0.097991 -0.000058
127.500000 -0.000842 -0.002603 -0.000052 -0.999749 0.095424 -0.000058
127.650000 -0.000841 -0.002603 -0.000052 -1.000057 0.092856 -0.000058
127.800000 -0.000840 -0.002604 -0.000052 -1.000359 0.090287 -0.000057
127.950000 -0.000840 -0.002604 -0.000052 -1.000654 0.087717 -0.000057
128.100000 -0.000839 -0.002604 -0.000052 -1.000943 0.085147 -0.000057
128.250000 -0.000838 -0.002604 -0.000052 -1.001225 0.082577 -0.000057
128.400000 -0.000837 -0.002605 -0.000052 -1.001501 0.080006 -0.000057
128.550000 -0.000836 -0.002605 -0.000052 -1.001770 0.077434 -0.000057
128.700000 -0.000835 -0.002605 -0.000052 -1.002032 0.074862 -0.000057
128.850000 -0.000834 -0.002606 -0.000052 -1.002288 0.072289 -0.000057
129.000000 -0.000833 -0.002606 -0.000052 -1.002537 0.069715 -0.000057
129.150000 -0.000832 -0.002606 -0.000052 -1.002780 0.067142 -0.000057
129.300000 -0.000831 -0.002606 -0.000052 -1.003016 0.064567 -0.000057
129.450000 -0.000830 -0.002607 -0.000052 -1.003245 0.061993 -0.000057
129.600000 -0.000830 -0.002607 -0.000052 -1.003468 0.059417 -0.000057
129.750000 -0.000829 -0.002607 -0.000052 -1.003684 0.056842 -0.000057
129.900000 -0.000828 -0.002607 -0.000052 -1.003894 0.054266 -0.000057
130.050000 -0.000827 -0.002608 -0.000052 -1.004097 0.051689 -0.000057
130.200000 -0.000826 -0.002608 -0.000052 -1.004294 0.049113 -0.000057
130.350000 -0.000825 -0.002608 -0.000052 -1.004484 0.046536 -0.000056
130.500000 -0.000824 -0.002609 -0.000052 -1.004667 0.043958 -0.000056
130.650000 -0.000823 -0.002609 -0.000052 -1.004844 0.041380 -0.000056
130.800000 -0.000822 -0.002609 -0.000052 -1.005014 0.038802 -0.000056
130.950000 -0.000821 -0.002609 -0.000052 -1.005178 0.036224 -0.000056
131.100000 -0.000821 -0.002610 -0.000052 -1.005335 0.033645 -0.000056
131.250000 -0.000820 -0.002610 -0.000052 -1.005485 0.031066 -0.000056
131.400000 -0.000819 -0.002610 -0.000052 -1.005629 0.028487 -0.000056
131.550000 -0.000818 -0.002610 -0.000052 -1.005766 0.025908 -0.000056
131.700000 -0.000817 -0.002611 -0.000052 -1.005897 0.023328 -0.000056
131.850000 -0.000816 -0.002611 -0.000052 -1.006021 0.020748 -0.000056
132.000000 -0.000815 -0.002611 -0.000052 -1.006139 0.018168 -0.000056
132.150000 -0.000814 -0.002612 -0.000052 -1.006249 0.015588 -0.000056
132.300000 -0.000813 -0.002612 -0.000052 -1.006354 0.013008 -0.000056
132.450000 -0.000812 -0.002612 -0.000052 -1.006452 0.010428 -0.000056
132.600000 -0.000812 -0.002612 -0.000052 -1.006543 0.007847 -0.000056
132.750000 -0.000811 -0.002613 -0.000052 -1.006627 0.005267 -0.000056
132.900000 -0.000810 -0.002613 -0.000052 -1.006705 0.002686 -0.000055
133.050000 -0.000809 -0.002613 -0.000052 -1.006777 0.000105 -0.000055
133.200000 -0.000808 -0.002613 -0.000052 -1.006842 -0.002475 -0.000055
133.350000 -0.000807 -0.002614 -0.000052 -1.006900 -0.005056 -0.000055
133.500000 -0.000806 -0.002614 -0.000052 -1.006952 -0.007637 -0.000055
133.650000 -0.000805 -0.002614 -0.000052 -1.006997 -0.010217 -0.000055
133.800000 -0.000804 -0.002614 -0.000052 -1.007035 -0.012798 -0.000055
133.950000 -0.000803 -0.002615 -0.000052 -1.007067 -0.015379 -0.000055
134.100000 -0.000803 -0.002615 -0.000053 -1.007093 -0.017959 -0.000055
134.250000 -0.000802 -0.002615 -0.000053 -1.007112 -0.020540 -0.000055
134.400000 -0.000801 -0.002616 -0.000053 -1.007124 -0.023120 -0.000055
134.550000 -0.000800 -0.002616 -0.000053 -1.007129 -0.025700 -0.000055
134.700000 -0.000799 -0.002616 -0.000053 -1.007129 -0.028280 -0.000055
134.850000 -0.000798 -0.002616 -0.000053 -1.007121 -0.030860 -0.000055
135.000000 -0.000797 -0.002617 -0.000053 -1.007107 -0.033440 -0.000055
135.150000 -0.000796 -0.002617 -0.000053 -1.007086 -0.036020 -0.000055
135.300000 -0.000795 -0.002617 -0.000053 -1.007059 -0.038599 -0.000055
135.450000 -0.000794 -0.002617 -0.000053 -1.007026 -0.041178 -0.000054
135.600000 -0.000794 -0.002618 -0.000053 -1.006985 -0.043757 -0.000054
135.750000 -0.000793 -0.002618 -0.000053 -1.006938 -0.046336 -0.000054
135.900000 -0.000792 -0.002618 -0.000053 -1.006885 -0.048914 -0.000054
136.050000 -0.000791 -0.002619 -0.000053 -1.006825 -0.051492 -0.000054
136.200000 -0.000790 -0.002619 -0.000053 -1.006759 -0.054070 -0.000054
136.350000 -0.000789 -0.002619 -0.000053 -1.006685 -0.056648 -0.000054
136.500000 -0.000788 -0.002619 -0.000053 -1.006606 -0.059225 -0.000054
136.650000 -0.000787 -0.002620 -0.000053 -1.006520 -0.061802 -0.000054
136.800000 -0.000786 -0.002620 -0.000053 -1.006427 -0.064378 -0.000054
136.950000 -0.000785 -0.002620 -0.000053 -1.006328 -0.066954 -0.000054
137.100000 -0.000785 -0.002620 -0.000053 -1.006222 -0.069530 -0.000054
137.250000 -0.000784 -0.002621 -0.000053 -1.006109 -0.072105 -0.000054
137.400000 -0.000783 -0.002621 -0.000053 -1.005990 -0.074680 -0.000054
137.550000 -0.000782 -0.002621 -0.000053 -1.005865 -0.077255 -0.000054
137.700000 -0.000781 -0.002622 -0.000053 -1.005733 -0.079828 -0.000054
137.850000 -0.000780 -0.002622 -0.000053 -1.005595 -0.082402 -0.000053
138.000000 -0.000779 -0.002622 -0.000053 -1.005449 -0.084975 -0.000053
138.150000 -0.000778 -0.002622 -0.000053 -1.005298 -0.087547 -0.000053
138.300000 -0.000777 -0.002623 -0.000053 -1.005140 -0.090119 -0.000053
138.450000 -0.000776 -0.002623 -0.000053 -1.004975 -0.092690 -0.000053
138.600000 -0.000776 -0.002623 -0.000053 -1.004804 -0.095261 -0.000053
138.750000 -0.000775 -0.002623 -0.000053 -1.004626 -0.097831 -0.000053
138.900000 -0.000774 -0.002624 -0.000053 -1.004442 -0.100401 -0.000053
139.050000 -0.000773 -0.002624 -0.000053 -1.004251 -0.102970 -0.000053
139.200000 -0.000772 -0.002624 -0.000053 -1.004054 -0.105538 -0.000053
139.350000 -0.000771 -0.002625 -0.000053 -1.003850 -0.108106 -0.000053
139.500000 -0.000770 -0.002625 -0.000053 -1.003640 -0.110673 -0.000053
139.650000 -0.000769 -0.002625 -0.000053 -1.003423 -0.113239 -0.000053
139.800000 -0.000768 -0.002625 -0.000053 -1.003200 -0.115805 -0.000053
139.950000 -0.000767 -0.002626 -0.000053 -1.002970 -0.118369 -0.000053
140.100000 -0.000767 -0.002626 -0.000053 -1.002734 -0.120934 -0.000053
140.250000 -0.000766 -0.002626 -0.000053 -1.002491 -0.123497 -0.000053
140.400000 -0.000765 -0.002626 -0.000053 -1.002241 -0.126060 -0.000052
140.550000 -0.000764 -0.002627 -0.000053 -1.001986 -0.128621 -0.000052
140.700000 -0.000763 -0.002627 -0.000053 -1.001723 -0.131183 -0.000052
140.850000 -0.000762 -0.002627 -0.000053 -1.001455 -0.133743 -0.000052
141.000000 -0.000761 -0.002628 -0.000053 -1.001179 -0.136302 -0.000052
141.150000 -0.000760 -0.002628 -0.000053 -1.000898 -0.138861 -0.000052
141.300000 -0.000759 -0.002628 -0.000053 -1.000609 -0.141418 -0.000052
141.450000 -0.000758 -0.002628 -0.000053 -1.000315 -0.143975 -0.000052
141.600000 -0.000758 -0.002629 -0.000053 -1.000014 -0.146531 -0.000052
141.750000 -0.000757 -0.002629 -0.000054 -0.999706 -0.149086 -0.000052
141.900000 -0.000756 -0.002629 -0.000054 -0.999392 -0.151640 -0.000052
142.050000 -0.000755 -0.002629 -0.000054 -0.999071 -0.154193 -0.000052
142.200000 -0.000754 -0.002630 -0.000054 -0.998744 -0.156745 -0.000052
142.350000 -0.000753 -0.002630 -0.000054 -0.998411 -0.159297 -0.000052
142.500000 -0.000752 -0.002630 -0.000054 -0.998071 -0.161847 -0.000052
142.650000 -0.000751 -0.002631 -0.000054 -0.997724 -0.164396 -0.000052
142.800000 -0.000750 -0.002631 -0.000054 -0.997372 -0.166944 -0.000052
142.950000 -0.000749 -0.002631 -0.000054 -0.997012 -0.169491 -0.000051
143.100000 -0.000749 -0.002631 -0.000054 -0.996647 -0.172037 -0.000051
143.250000 -0.000748 -0.002632 -0.000054 -0.996274 -0.174582 -0.000051
143.400000 -0.000747 -0.002632 -0.000054 -0.995896 -0.177126 -0.000051
143.550000 -0.000746 -0.002632 -0.000054 -0.995511 -0.179669 -0.000051
143.700000 -0.000745 -0.002632 -0.000054 -0.995119 -0.182210 -0.000051
143.850000 -0.000744 -0.002633 -0.000054 -0.994722 -0.184751 -0.000051
144.000000 -0.000743 -0.002633 -0.000054 -0.994317 -0.187290 -0.000051
144.150000 -0.000742 -0.002633 -0.000054 -0.993907 -0.189828 -0.000051
144.300000 -0.000741 -0.002634 -0.000054 -0.993490 -0.192365 -0.000051
144.450000 -0.000740 -0.002634 -0.000054 -0.993066 -0.194901 -0.000051
144.600000 -0.000740 -0.002634 -0.000054 -0.992636 -0.197435 -0.000051
144.750000 -0.000739 -0.002634 -0.000054 -0.992200 -0.199969 -0.000051
144.900000 -0.000738 -0.002635 -0.000054 -0.991757 -0.202501 -0.000051
145.050000 -0.000737 -0.002635 -0.000054 -0.991308 -0.205031 -0.000051
145.200000 -0.000736 -0.002635 -0.000054 -0.990853 -0.207561 -0.000051
145.350000 -0.000735 -0.002635 -0.000054 -0.990391 -0.210089 -0.000051
145.500000 -0.000734 -0.002636 -0.000054 -0.989923 -0.212616 -0.000050
145.650000 -0.000733 -0.002636 -0.000054 -0.989448 -0.215141 -0.000050
145.800000 -0.000732 -0.002636 -0.000054 -0.988967 -0.217666 -0.000050
145.950000 -0.000731 -0.002636 -0.000054 -0.988480 -0.220188 -0.000050
146.100000 -0.000731 -0.002637 -0.000054 -0.987986 -0.222710 -0.000050
146.250000 -0.000730 -0.002637 -0.000054 -0.987486 -0.225230 -0.000050
146.400000 -0.000729 -0.002637 -0.000054 -0.986980 -0.227748 -0.000050
146.550000 -0.000728 -0.002638 -0.000054 -0.986467 -0.230265 -0.000050
146.700000 -0.000727 -0.002638 -0.000054 -0.985948 -0.232781 -0.000050
146.850000 -0.000726 -0.002638 -0.000054 -0.985422 -0.235295 -0.000050
147.000000 -0.000725 -0.002638 -0.000054 -0.984891 -0.237808 -0.000050
147.150000 -0.000724 -0.002639 -0.000054 -0.984352 -0.240319 -0.000050
147.300000 -0.000723 -0.002639 -0.000054 -0.983808 -0.242829 -0.000050
147.450000 -0.000722 -0.002639 -0.000054 -0.983257 -0.245337 -0.000050
147.600000 -0.000722 -0.002639 -0.000054 -0.982700 -0.247844 -0.000050
147.750000 -0.000721 -0.002640 -0.000054 -0.982137 -0.250349 -0.000050
147.900000 -0.000720 -0.002640 -0.000054 -0.981567 -0.252853 -0.000050
148.050000 -0.000719 -0.002640 -0.000054 -0.980991 -0.255355 -0.000049
148.200000 -0.000718 -0.002641 -0.000054 -0.980409 -0.257855 -0.000049
148.350000 -0.000717 -0.002641 -0.000054 -0.979820 -0.260354 -0.000049
148.500000 -0.000716 -0.002641 -0.000054 -0.979226 -0.262851 -0.000049
148.650000 -0.000715 -0.002641 -0.000054 -0.978625 -0.265346 -0.000049
148.800000 -0.000714 -0.002642 -0.000054 -0.978017 -0.267840 -0.000049
148.950000 -0.000713 -0.002642 -0.000054 -0.977403 -0.270332 -0.000049
149.100000 -0.000713 -0.002642 -0.000054 -0.976784 -0.272822 -0.000049
149.250000 -0.000712 -0.002642 -0.000054 -0.976157 -0.275311 -0.000049
149.400000 -0.000711 -0.002643 -0.000055 -0.975525 -0.277798 -0.000049
149.550000 -0.000710 -0.002643 -0.000055 -0.974886 -0.280283 -0.000049
149.700000 -0.000709 -0.002643 -0.000055 -0.974241 -0.282767 -0.000049
149.850000 -0.000708 -0.002644 -0.000055 -0.973590 -0.285248 -0.000049
150.000000 -0.000707 -0.002644 -0.000055 -0.972933 -0.287728 -0.000049
150.150000 -0.000706 -0.002644 -0.000055 -0.972269 -0.290206 -0.000049
150.300000 -0.000705 -0.002644 -0.000055 -0.971599 -0.292682 -0.000049
150.450000 -0.000704 -0.002645 -0.000055 -0.970923 -0.295157 -0.000049
150.600000 -0.000704 -0.002645 -0.000055 -0.970241 -0.297629 -0.000048
150.750000 -0.000703 -0.002645 -0.000055 -0.969552 -0.300100 -0.000048
150.900000 -0.000702 -0.002645 -0.000055 -0.968857 -0.302569 -0.000048
151.050000 -0.000701 -0.002646 -0.000055 -0.968157 -0.305036 -0.000048
151.200000 -0.000700 -0.002646 -0.000055 -0.967449 -0.307501 -0.000048
151.350000 -0.000699 -0.002646 -0.000055 -0.966736 -0.309964 -0.000048
151.500000 -0.000698 -0.002647 -0.000055 -0.966017 -0.312425 -0.000048
151.650000 -0.000697 -0.002647 -0.000055 -0.965291 -0.314884 -0.000048
151.800000 -0.000696 -0.002647 -0.000055 -0.964559 -0.317341 -0.000048
151.950000 -0.000695 -0.002647 -0.000055 -0.963821 -0.319796 -0.000048
152.100000 -0.000695 -0.002648 -0.000055 -0.963077 -0.322249 -0.000048
152.250000 -0.000694 -0.002648 -0.000055 -0.962327 -0.324700 -0.000048
152.400000 -0.000693 -0.002648 -0.000055 -0.961570 -0.327149 -0.000048
152.550000 -0.000692 -0.002648 -0.000055 -0.960808 -0.329596 -0.000048
152.700000 -0.000691 -0.002649 -0.000055 -0.960039 -0.332041 -0.000048
152.850000 -0.000690 -0.002649 -0.000055 -0.959264 -0.334484 -0.000048
153.000000 -0.000689 -0.002649 -0.000055 -0.958483 -0.336925 -0.000048
153.150000 -0.000688 -0.002650 -0.000055 -0.957696 -0.339363 -0.000047
153.300000 -0.000687 -0.002650 -0.000055 -0.956903 -0.341800 -0.000047
153.450000 -0.000686 -0.002650 -0.000055 -0.956104 -0.344234 -0.000047
153.600000 -0.000686 -0.002650 -0.000055 -0.955299 -0.346666 -0.000047
153.750000 -0.000685 -0.002651 -0.000055 -0.954487 -0.349096 -0.000047
153.900000 -0.000684 -0.002651 -0.000055 -0.953670 -0.351524 -0.000047
154.050000 -0.000683 -0.002651 -0.000055 -0.952846 -0.353950 -0.000047
154.200000 -0.000682 -0.002651 -0.000055 -0.952016 -0.356373 -0.000047
154.350000 -0.000681 -0.002652 -0.000055 -0.951180 -0.358794 -0.000047
154.500000 -0.000680 -0.002652 -0.000055 -0.950339 -0.361213 -0.000047
154.650000 -0.000679 -0.002652 -0.000055 -0.949491 -0.363630 -0.000047
154.800000 -0.000678 -0.002653 -0.000055 -0.948637 -0.366044 -0.000047
154.950000 -0.000677 -0.002653 -0.000055 -0.947777 -0.368456 -0.000047
155.100000 -0.000677 -0.002653 -0.000055 -0.946911 -0.370866 -0.000047
155.250000 -0.000676 -0.002653 -0.000055 -0.946039 -0.373273 -0.000047
155.400000 -0.000675 -0.002654 -0.000055 -0.945161 -0.375678 -0.000047
155.550000 -0.000674 -0.002654 -0.000055 -0.944277 -0.378081 -0.000047
155.700000 -0.000673 -0.002654 -0.000055 -0.943387 -0.380481 -0.000047
155.850000 -0.000672 -0.002654 -0.000055 -0.942491 -0.382879 -0.000046
156.000000 -0.000671 -0.002655 -0.000055 -0.941589 -0.385275 -0.000046
156.150000 -0.000670 -0.002655 -0.000055 -0.940681 -0.387668 -0.000046
156.300000 -0.000669 -0.002655 -0.000055 -0.939767 -0.390059 -0.000046
156.450000 -0.000668 -0.002656 -0.000055 -0.938847 -0.392447 -0.000046
156.600000 -0.000668 -0.002656 -0.000055 -0.937921 -0.394833 -0.000046
156.750000 -0.000667 -0.002656 -0.000055 -0.936989 -0.397216 -0.000046
156.900000 -0.000666 -0.002656 -0.000055 -0.936051 -0.399597 -0.000046
157.050000 -0.000665 -0.002657 -0.000056 -0.935107 -0.401975 -0.000046
157.200000 -0.000664 -0.002657 -0.000056 -0.934158 -0.404351 -0.000046
157.350000 -0.000663 -0.002657 -0.000056 -0.933202 -0.406724 -0.000046
157.500000 -0.000662 -0.002657 -0.000056 -0.932241 -0.409095 -0.000046
157.650000 -0.000661 -0.002658 -0.000056 -0.931273 -0.411463 -0.000046
157.800000 -0.000660 -0.002658 -0.000056 -0.930300 -0.413829 -0.000046
157.950000 -0.000659 -0.002658 -0.000056 -0.929320 -0.416192 -0.000046
158.100000 -0.000659 -0.002659 -0.000056 -0.928335 -0.418552 -0.000046
158.250000 -0.000658 -0.002659 -0.000056 -0.927344 -0.420910 -0.000046
158.400000 -0.000657 -0.002659 -0.000056 -0.926347 -0.423265 -0.000045
158.550000 -0.000656 -0.002659 -0.000056 -0.925344 -0.425617 -0.000045
158.700000 -0.000655 -0.002660 -0.000056 -0.924336 -0.427967 -0.000045
158.850000 -0.000654 -0.002660 -0.000056 -0.923321 -0.430314 -0.000045
159.000000 -0.000653 -0.002660 -0.000056 -0.922301 -0.432659 -0.000045
159.150000 -0.000652 -0.002660 -0.000056 -0.921275 -0.435000 -0.000045
159.300000 -0.000651 -0.002661 -0.000056 -0.920243 -0.437339 -0.000045
159.450000 -0.000651 -0.002661 -0.000056 -0.919205 -0.439676 -0.000045
159.600000 -0.000650 -0.002661 -0.000056 -0.918161 -0.442009 -0.000045
159.750000 -0.000649 -0.002662 -0.000056 -0.917111 -0.444340 -0.000045
159.900000 -0.000648 -0.002662 -0.000056 -0.916056 -0.446668 -0.000045
160.050000 -0.000647 -0.002662 -0.000056 -0.914995 -0.448993 -0.000045
160.200000 -0.000646 -0.002662 -0.000056 -0.913928 -0.451315 -0.000045
160.350000 -0.000645 -0.002663 -0.000056 -0.912855 -0.453635 -0.000045
160.500000 -0.000644 -0.002663 -0.000056 -0.911777 -0.455952 -0.000045
160.650000 -0.000643 -0.002663 -0.000056 -0.910693 -0.458266 -0.000045
160.800000 -0.000642 -0.002663 -0.000056 -0.909603 -0.460577 -0.000045
160.950000 -0.000642 -0.002664 -0.000056 -0.908507 -0.462885 -0.000045
161.100000 -0.000641 -0.002664 -0.000056 -0.907406 -0.465190 -0.000045
161.250000 -0.000640 -0.002664 -0.000056 -0.906298 -0.467492 -0.000044
161.400000 -0.000639 -0.002665 -0.000056 -0.905186 -0.469792 -0.000044
161.550000 -0.000638 -0.002665 -0.000056 -0.904067 -0.472088 -0.000044
161.700000 -0.000637 -0.002665 -0.000056 -0.902943 -0.474382 -0.000044
161.850000 -0.000636 -0.002665 -0.000056 -0.901813 -0.476672 -0.000044
162.000000 -0.000635 -0.002666 -0.000056 -0.900677 -0.478960 -0.000044
162.150000 -0.000634 -0.002666 -0.000056 -0.899535 -0.481245 -0.000044
162.300000 -0.000633 -0.002666 -0.000056 -0.898388 -0.483526 -0.000044
162.450000 -0.000633 -0.002666 -0.000056 -0.897236 -0.485805 -0.000044
162.600000 -0.000632 -0.002667 -0.000056 -0.896077 -0.488080 -0.000044
162.750000 -0.000631 -0.002667 -0.000056 -0.894913 -0.490353 -0.000044
162.900000 -0.000630 -0.002667 -0.000056 -0.893743 -0.492622 -0.000044
163.050000 -0.000629 -0.002668 -0.000056 -0.892568 -0.494889 -0.000044
163.200000 -0.000628 -0.002668 -0.000056 -0.891387 -0.497152 -0.000044
163.350000 -0.000627 -0.002668 -0.000056 -0.890201 -0.499412 -0.000044
163.500000 -0.000626 -0.002668 -0.000056 -0.889008 -0.501669 -0.000044
163.650000 -0.000625 -0.002669 -0.000056 -0.887811 -0.503923 -0.000044
163.800000 -0.000624 -0.002669 -0.000056 -0.886607 -0.506174 -0.000044
163.950000 -0.000624 -0.002669 -0.000056 -0.885398 -0.508422 -0.000043
164.100000 -0.000623 -0.002669 -0.000056 -0.884184 -0.510666 -0.000043
164.250000 -0.000622 -0.002670 -0.000056 -0.882964 -0.512907 -0.000043
164.400000 -0.000621 -0.002670 -0.000056 -0.881738 -0.515145 -0.000043
164.550000 -0.000620 -0.002670 -0.000056 -0.880507 -0.517380 -0.000043
164.700000 -0.000619 -0.002671 -0.000057 -0.879270 -0.519612 -0.000043
164.850000 -0.000618 -0.002671 -0.000057 -0.878028 -0.521841 -0.000043
165.000000 -0.000617 -0.002671 -0.000057 -0.876780 -0.524066 -0.000043
165.150000 -0.000616 -0.002671 -0.000057 -0.875527 -0.526288 -0.000043
165.300000 -0.000616 -0.002672 -0.000057 -0.874268 -0.528506 -0.000043
165.450000 -0.000615 -0.002672 -0.000057 -0.873004 -0.530722 -0.000043
165.600000 -0.000614 -0.002672 -0.000057 -0.871734 -0.532934 -0.000043
165.750000 -0.000613 -0.002672 -0.000057 -0.870458 -0.535143 -0.000043
165.900000 -0.000612 -0.002673 -0.000057 -0.869178 -0.537348 -0.000043
166.050000 -0.000611 -0.002673 -0.000057 -0.867892 -0.539550 -0.000043
166.200000 -0.000610 -0.002673 -0.000057 -0.866600 -0.541749 -0.000043
166.350000 -0.000609 -0.002674 -0.000057 -0.865303 -0.543944 -0.000043
166.500000 -0.000608 -0.002674 -0.000057 -0.864000 -0.546136 -0.000043
166.650000 -0.000607 -0.002674 -0.000057 -0.862692 -0.548325 -0.000043
166.800000 -0.000607 -0.002674 -0.000057 -0.861379 -0.550510 -0.000043
166.950000 -0.000606 -0.002675 -0.000057 -0.860060 -0.552692 -0.000042
167.100000 -0.000605 -0.002675 -0.000057 -0.858736 -0.554870 -0.000042
167.250000 -0.000604 -0.002675 -0.000057 -0.857406 -0.557045 -0.000042
167.400000 -0.000603 -0.002675 -0.000057 -0.856072 -0.559216 -0.000042
167.550000 -0.000602 -0.002676 -0.000057 -0.854731 -0.561384 -0.000042
167.700000 -0.000601 -0.002676 -0.000057 -0.853386 -0.563549 -0.000042
167.850000 -0.000600 -0.002676 -0.000057 -0.852035 -0.565710 -0.000042
168.000000 -0.000599 -0.002677 -0.000057 -0.850678 -0.567867 -0.000042
168.150000 -0.000598 -0.002677 -0.000057 -0.849317 -0.570021 -0.000042
168.300000 -0.000598 -0.002677 -0.000057 -0.847950 -0.572171 -0.000042
168.450000 -0.000597 -0.002677 -0.000057 -0.846577 -0.574318 -0.000042
168.600000 -0.000596 -0.002678 -0.000057 -0.845200 -0.576461 -0.000042
168.750000 -0.000595 -0.002678 -0.000057 -0.843817 -0.578601 -0.000042
168.900000 -0.000594 -0.002678 -0.000057 -0.842429 -0.580737 -0.000042
169.050000 -0.000593 -0.002678 -0.000057 -0.841035 -0.582870 -0.000042
169.200000 -0.000592 -0.002679 -0.000057 -0.839637 -0.584999 -0.000042
169.350000 -0.000591 -0.002679 -0.000057 -0.838233 -0.587124 -0.000042
169.500000 -0.000590 -0.002679 -0.000057 -0.836823 -0.589246 -0.000042
169.650000 -0.000589 -0.002680 -0.000057 -0.835409 -0.591364 -0.000042
169.800000 -0.000589 -0.002680 -0.000057 -0.833989 -0.593478 -0.000041
169.950000 -0.000588 -0.002680 -0.000057 -0.832564 -0.595589 -0.000041
170.100000 -0.000587 -0.002680 -0.000057 -0.831134 -0.597695 -0.000041
170.250000 -0.000586 -0.002681 -0.000057 -0.829699 -0.599799 -0.000041
170.400000 -0.000585 -0.002681 -0.000057 -0.828259 -0.601898 -0.000041
170.550000 -0.000584 -0.002681 -0.000057 -0.826813 -0.603994 -0.000041
170.700000 -0.000583 -0.002681 -0.000057 -0.825362 -0.606086 -0.000041
170.850000 -0.000582 -0.002682 -0.000057 -0.823906 -0.608174 -0.000041
171.000000 -0.000581 -0.002682 -0.000057 -0.822445 -0.610259 -0.000041
171.150000 -0.000581 -0.002682 -0.000057 -0.820979 -0.612340 -0.000041
171.300000 -0.000580 -0.002683 -0.000057 -0.819507 -0.614417 -0.000041
171.450000 -0.000579 -0.002683 -0.000057 -0.818031 -0.616490 -0.000041
171.600000 -0.000578 -0.002683 -0.000057 -0.816549 -0.618559 -0.000041
171.750000 -0.000577 -0.002683 -0.000057 -0.815063 -0.620625 -0.000041
171.900000 -0.000576 -0.002684 -0.000057 -0.813571 -0.622686 -0.000041
172.050000 -0.000575 -0.002684 -0.000057 -0.812074 -0.624744 -0.000041
172.200000 -0.000574 -0.002684 -0.000057 -0.810572 -0.626798 -0.000041
172.350000 -0.000573 -0.002684 -0.000058 -0.809065 -0.628848 -0.000041
172.500000 -0.000572 -0.002685 -0.000058 -0.807553 -0.630895 -0.000041
172.650000 -0.000572 -0.002685 -0.000058 -0.806036 -0.632937 -0.000041
172.800000 -0.000571 -0.002685 -0.000058 -0.804514 -0.634975 -0.000041
172.950000 -0.000570 -0.002686 -0.000058 -0.802987 -0.637010 -0.000040
173.100000 -0.000569 -0.002686 -0.000058 -0.801455 -0.639040 -0.000040
173.250000 -0.000568 -0.002686 -0.000058 -0.799918 -0.641067 -0.000040
173.400000 -0.000567 -0.002686 -0.000058 -0.798376 -0.643090 -0.000040
173.550000 -0.000566 -0.002687 -0.000058 -0.796829 -0.645108 -0.000040
173.700000 -0.000565 -0.002687 -0.000058 -0.795277 -0.647123 -0.000040
173.850000 -0.000564 -0.002687 -0.000058 -0.793720 -0.649134 -0.000040
174.000000 -0.000563 -0.002687 -0.000058 -0.792158 -0.651141 -0.000040
174.150000 -0.000563 -0.002688 -0.000058 -0.790591 -0.653143 -0.000040
174.300000 -0.000562 -0.002688 -0.000058 -0.789020 -0.655142 -0.000040
174.450000 -0.000561 -0.002688 -0.000058 -0.787443 -0.657136 -0.000040
174.600000 -0.000560 -0.002689 -0.000058 -0.785861 -0.659127 -0.000040
174.750000 -0.000559 -0.002689 -0.000058 -0.784275 -0.661114 -0.000040
174.900000 -0.000558 -0.002689 -0.000058 -0.782684 -0.663096 -0.000040
175.050000 -0.000557 -0.002689 -0.000058 -0.781088 -0.665074 -0.000040
175.200000 -0.000556 -0.002690 -0.000058 -0.779487 -0.667049 -0.000040
175.350000 -0.000555 -0.002690 -0.000058 -0.777881 -0.669019 -0.000040
175.500000 -0.000555 -0.002690 -0.000058 -0.776270 -0.670985 -0.000040
175.650000 -0.000554 -0.002690 -0.000058 -0.774654 -0.672947 -0.000040
175.800000 -0.000553 -0.002691 -0.000058 -0.773034 -0.674904 -0.000040
175.950000 -0.000552 -0.002691 -0.000058 -0.771409 -0.676858 -0.000040
176.100000 -0.000551 -0.002691 -0.000058 -0.769779 -0.678807 -0.000040
176.250000 -0.000550 -0.002692 -0.000058 -0.768144 -0.680752 -0.000039
176.400000 -0.000549 -0.002692 -0.000058 -0.766505 -0.682693 -0.000039
176.550000 -0.000548 -0.002692 -0.000058 -0.764861 -0.684630 -0.000039
176.700000 -0.000547 -0.002692 -0.000058 -0.763212 -0.686563 -0.000039
176.850000 -0.000546 -0.002693 -0.000058 -0.761558 -0.688491 -0.000039
177.000000 -0.000546 -0.002693 -0.000058 -0.759900 -0.690415 -0.000039
177.150000 -0.000545 -0.002693 -0.000058 -0.758237 -0.692335 -0.000039
177.300000 -0.000544 -0.002693 -0.000058 -0.756569 -0.694251 -0.000039
177.450000 -0.000543 -0.002694 -0.000058 -0.754896 -0.696162 -0.000039
177.600000 -0.000542 -0.002694 -0.000058 -0.753219 -0.698069 -0.000039
177.750000 -0.000541 -0.002694 -0.000058 -0.751537 -0.699972 -0.000039
177.900000 -0.000540 -0.002695 -0.000058 -0.749851 -0.701871 -0.000039
178.050000 -0.000539 -0.002695 -0.000058 -0.748159 -0.703765 -0.000039
178.200000 -0.000538 -0.002695 -0.000058 -0.746464 -0.705655 -0.000039
178.350000 -0.000538 -0.002695 -0.000058 -0.744763 -0.707540 -0.000039
178.500000 -0.000537 -0.002696 -0.000058 -0.743058 -0.709422 -0.000039
178.650000 -0.000536 -0.002696 -0.000058 -0.741348 -0.711298 -0.000039
178.800000 -0.000535 -0.002696 -0.000058 -0.739634 -0.713171 -0.000039
178.950000 -0.000534 -0.002696 -0.000058 -0.737915 -0.715039 -0.000039
179.100000 -0.000533 -0.002697 -0.000058 -0.736192 -0.716903 -0.000039
179.250000 -0.000532 -0.002697 -0.000058 -0.734464 -0.718762 -0.000039
179.400000 -0.000531 -0.002697 -0.000058 -0.732732 -0.720617 -0.000039
179.550000 -0.000530 -0.002698 -0.000058 -0.730995 -0.722467 -0.000039
179.700000 -0.000529 -0.002698 -0.000058 -0.729253 -0.724313 -0.000038
179.850000 -0.000529 -0.002698 -0.000058 -0.727507 -0.726155 -0.000038
180.000000 -0.000528 -0.002698 -0.000059 -0.725756 -0.727992 -0.000038
180.150000 -0.000527 -0.002699 -0.000059 -0.724001 -0.729825 -0.000038
180.300000 -0.000526 -0.002699 -0.000059 -0.722242 -0.731653 -0.000038
180.450000 -0.000525 -0.002699 -0.000059 -0.720478 -0.733476 -0.000038
180.600000 -0.000524 -0.002699 -0.000059 -0.718710 -0.735296 -0.000038
180.750000 -0.000523 -0.002700 -0.000059 -0.716937 -0.737110 -0.000038
180.900000 -0.000522 -0.002700 -0.000059 -0.715159 -0.738921 -0.000038
181.050000 -0.000521 -0.002700 -0.000059 -0.713378 -0.740726 -0.000038
181.200000 -0.000520 -0.002701 -0.000059 -0.711592 -0.742527 -0.000038
181.350000 -0.000520 -0.002701 -0.000059 -0.709801 -0.744324 -0.000038
181.500000 -0.000519 -0.002701 -0.000059 -0.708006 -0.746116 -0.000038
181.650000 -0.000518 -0.002701 -0.000059 -0.706207 -0.747903 -0.000038
181.800000 -0.000517 -0.002702 -0.000059 -0.704403 -0.749686 -0.000038
181.950000 -0.000516 -0.002702 -0.000059 -0.702595 -0.751464 -0.000038
182.100000 -0.000515 -0.002702 -0.000059 -0.700783 -0.753238 -0.000038
182.250000 -0.000514 -0.002702 -0.000059 -0.698966 -0.755007 -0.000038
182.400000 -0.000513 -0.002703 -0.000059 -0.697145 -0.756772 -0.000038
182.550000 -0.000512 -0.002703 -0.000059 -0.695320 -0.758531 -0.000038
182.700000 -0.000512 -0.002703 -0.000059 -0.693491 -0.760286 -0.000038
182.850000 -0.000511 -0.002704 -0.000059 -0.691657 -0.762037 -0.000038
183.000000 -0.000510 -0.002704 -0.000059 -0.689819 -0.763783 -0.000038
183.150000 -0.000509 -0.002704 -0.000059 -0.687977 -0.765524 -0.000038
183.300000 -0.000508 -0.002704 -0.000059 -0.686130 -0.767261 -0.000038
183.450000 -0.000507 -0.002705 -0.000059 -0.684279 -0.768992 -0.000037
183.600000 -0.000506 -0.002705 -0.000059 -0.682424 -0.770719 -0.000037
183.750000 -0.000505 -0.002705 -0.000059 -0.680565 -0.772442 -0.000037
183.900000 -0.000504 -0.002706 -0.000059 -0.678702 -0.774160 -0.000037
184.050000 -0.000503 -0.002706 -0.000059 -0.676834 -0.775872 -0.000037
184.200000 -0.000503 -0.002706 -0.000059 -0.674962 -0.777581 -0.000037
184.350000 -0.000502 -0.002706 -0.000059 -0.673087 -0.779284 -0.000037
184.500000 -0.000501 -0.002707 -0.000059 -0.671207 -0.780983 -0.000037
184.650000 -0.000500 -0.002707 -0.000059 -0.669322 -0.782677 -0.000037
184.800000 -0.000499 -0.002707 -0.000059 -0.667434 -0.784366 -0.000037
184.950000 -0.000498 -0.002707 -0.000059 -0.665542 -0.786050 -0.000037
185.100000 -0.000497 -0.002708 -0.000059 -0.663645 -0.787730 -0.000037
185.250000 -0.000496 -0.002708 -0.000059 -0.661745 -0.789405 -0.000037
185.400000 -0.000495 -0.002708 -0.000059 -0.659840 -0.791075 -0.000037
185.550000 -0.000495 -0.002709 -0.000059 -0.657931 -0.792740 -0.000037
185.700000 -0.000494 -0.002709 -0.000059 -0.656019 -0.794400 -0.000037
185.850000 -0.000493 -0.002709 -0.000059 -0.654102 -0.796055 -0.000037
186.000000 -0.000492 -0.002709 -0.000059 -0.652181 -0.797706 -0.000037
186.150000 -0.000491 -0.002710 -0.000059 -0.650256 -0.799352 -0.000037
186.300000 -0.000490 -0.002710 -0.000059 -0.648328 -0.800993 -0.000037
186.450000 -0.000489 -0.002710 -0.000059 -0.646395 -0.802629 -0.000037
186.600000 -0.000488 -0.002710 -0.000059 -0.644458 -0.804260 -0.000037
186.750000 -0.000487 -0.002711 -0.000059 -0.642518 -0.805886 -0.000037
186.900000 -0.000486 -0.002711 -0.000059 -0.640573 -0.807507 -0.000037
187.050000 -0.000486 -0.002711 -0.000059 -0.638624 -0.809124 -0.000037
187.200000 -0.000485 -0.002712 -0.000059 -0.636672 -0.810735 -0.000037
187.350000 -0.000484 -0.002712 -0.000059 -0.634716 -0.812341 -0.000036
187.500000 -0.000483 -0.002712 -0.000059 -0.632755 -0.813943 -0.000036
187.650000 -0.000482 -0.002712 -0.000060 -0.630791 -0.815540 -0.000036
187.800000 -0.000481 -0.002713 -0.000060 -0.628823 -0.817131 -0.000036
187.950000 -0.000480 -0.002713 -0.000060 -0.626851 -0.818718 -0.000036
188.100000 -0.000479 -0.002713 -0.000060 -0.624876 -0.820299 -0.000036
188.250000 -0.000478 -0.002713 -0.000060 -0.622896 -0.821876 -0.000036
188.400000 -0.000477 -0.002714 -0.000060 -0.620913 -0.823448 -0.000036
188.550000 -0.000477 -0.002714 -0.000060 -0.618925 -0.825014 -0.000036
188.700000 -0.000476 -0.002714 -0.000060 -0.616934 -0.826576 -0.000036
188.850000 -0.000475 -0.002715 -0.000060 -0.614940 -0.828133 -0.000036
189.000000 -0.000474 -0.002715 -0.000060 -0.612941 -0.829684 -0.000036
189.150000 -0.000473 -0.002715 -0.000060 -0.610939 -0.831231 -0.000036
189.300000 -0.000472 -0.002715 -0.000060 -0.608933 -0.832772 -0.000036
189.450000 -0.000471 -0.002716 -0.000060 -0.606923 -0.834309 -0.000036
189.600000 -0.000470 -0.002716 -0.000060 -0.604910 -0.835840 -0.000036
189.750000 -0.000469 -0.002716 -0.000060 -0.602893 -0.837366 -0.000036
189.900000 -0.000469 -0.002716 -0.000060 -0.600872 -0.838888 -0.000036
190.050000 -0.000468 -0.002717 -0.000060 -0.598847 -0.840404 -0.000036
190.200000 -0.000467 -0.002717 -0.000060 -0.596819 -0.841915 -0.000036
190.350000 -0.000466 -0.002717 -0.000060 -0.594787 -0.843421 -0.000036
190.500000 -0.000465 -0.002718 -0.000060 -0.592752 -0.844921 -0.000036
190.650000 -0.000464 -0.002718 -0.000060 -0.590712 -0.846417 -0.000036
190.800000 -0.000463 -0.002718 -0.000060 -0.588670 -0.847908 -0.000036
190.950000 -0.000462 -0.002718 -0.000060 -0.586623 -0.849393 -0.000036
191.100000 -0.000461 -0.002719 -0.000060 -0.584574 -0.850873 -0.000036
191.250000 -0.000460 -0.002719 -0.000060 -0.582520 -0.852348 -0.000036
191.400000 -0.000460 -0.002719 -0.000060 -0.580463 -0.853818 -0.000036
191.550000 -0.000459 -0.002720 -0.000060 -0.578402 -0.855283 -0.000036
191.700000 -0.000458 -0.002720 -0.000060 -0.576338 -0.856742 -0.000036
191.850000 -0.000457 -0.002720 -0.000060 -0.574271 -0.858196 -0.000036
192.000000 -0.000456 -0.002720 -0.000060 -0.572199 -0.859646 -0.000035
192.150000 -0.000455 -0.002721 -0.000060 -0.570125 -0.861089 -0.000035
192.300000 -0.000454 -0.002721 -0.000060 -0.568047 -0.862528 -0.000035
192.450000 -0.000453 -0.002721 -0.000060 -0.565965 -0.863962 -0.000035
192.600000 -0.000452 -0.002721 -0.000060 -0.563880 -0.865390 -0.000035
192.750000 -0.000452 -0.002722 -0.000060 -0.561792 -0.866813 -0.000035
192.900000 -0.000451 -0.002722 -0.000060 -0.559700 -0.868231 -0.000035
193.050000 -0.000450 -0.002722 -0.000060 -0.557604 -0.869643 -0.000035
193.200000 -0.000449 -0.002723 -0.000060 -0.555505 -0.871050 -0.000035
193.350000 -0.000448 -0.002723 -0.000060 -0.553403 -0.872452 -0.000035
193.500000 -0.000447 -0.002723 -0.000060 -0.551298 -0.873849 -0.000035
193.650000 -0.000446 -0.002723 -0.000060 -0.549189 -0.875240 -0.000035
193.800000 -0.000445 -0.002724 -0.000060 -0.547077 -0.876626 -0.000035
193.950000 -0.000444 -0.002724 -0.000060 -0.544961 -0.878007 -0.000035
194.100000 -0.000443 -0.002724 -0.000060 -0.542842 -0.879382 -0.000035
194.250000 -0.000443 -0.002724 -0.000060 -0.540720 -0.880752 -0.000035
194.400000 -0.000442 -0.002725 -0.000060 -0.538595 -0.882117 -0.000035
194.550000 -0.000441 -0.002725 -0.000060 -0.536466 -0.883477 -0.000035
194.700000 -0.000440 -0.002725 -0.000060 -0.534334 -0.884831 -0.000035
194.850000 -0.000439 -0.002726 -0.000060 -0.532198 -0.886180 -0.000035
195.000000 -0.000438 -0.002726 -0.000060 -0.530060 -0.887523 -0.000035
195.150000 -0.000437 -0.002726 -0.000060 -0.527918 -0.888861 -0.000035
195.300000 -0.000436 -0.002726 -0.000061 -0.525773 -0.890194 -0.000035
195.450000 -0.000435 -0.002727 -0.000061 -0.523625 -0.891521 -0.000035
195.600000 -0.000435 -0.002727 -0.000061 -0.521474 -0.892843 -0.000035
195.750000 -0.000434 -0.002727 -0.000061 -0.519319 -0.894159 -0.000035
195.900000 -0.000433 -0.002727 -0.000061 -0.517161 -0.895470 -0.000035
196.050000 -0.000432 -0.002728 -0.000061 -0.515000 -0.896776 -0.000035
196.200000 -0.000431 -0.002728 -0.000061 -0.512836 -0.898076 -0.000035
196.350000 -0.000430 -0.002728 -0.000061 -0.510669 -0.899371 -0.000035
196.500000 -0.000429 -0.002729 -0.000061 -0.508499 -0.900661 -0.000035
196.650000 -0.000428 -0.002729 -0.000061 -0.506326 -0.901945 -0.000035
196.800000 -0.000427 -0.002729 -0.000061 -0.504149 -0.903223 -0.000035
196.950000 -0.000426 -0.002729 -0.000061 -0.501970 -0.904496 -0.000035
197.100000 -0.000426 -0.002730 -0.000061 -0.499787 -0.905764 -0.000035
197.250000 -0.000425 -0.002730 -0.000061 -0.497602 -0.907026 -0.000034
197.400000 -0.000424 -0.002730 -0.000061 -0.495413 -0.908283 -0.000034
197.550000 -0.000423 -0.002731 -0.000061 -0.493222 -0.909534 -0.000034
197.700000 -0.000422 -0.002731 -0.000061 -0.491027 -0.910780 -0.000034
197.850000 -0.000421 -0.002731 -0.000061 -0.488829 -0.912020 -0.000034
198.000000 -0.000420 -0.002731 -0.000061 -0.486629 -0.913255 -0.000034
198.150000 -0.000419 -0.002732 -0.000061 -0.484425 -0.914484 -0.000034
198.300000 -0.000418 -0.002732 -0.000061 -0.482219 -0.915708 -0.000034
198.450000 -0.000418 -0.002732 -0.000061 -0.480009 -0.916926 -0.000034
198.600000 -0.000417 -0.002732 -0.000061 -0.477797 -0.918138 -0.000034
198.750000 -0.000416 -0.002733 -0.000061 -0.475582 -0.919346 -0.000034
198.900000 -0.000415 -0.002733 -0.000061 -0.473364 -0.920547 -0.000034
199.050000 -0.000414 -0.002733 -0.000061 -0.471143 -0.921743 -0.000034
199.200000 -0.000413 -0.002734 -0.000061 -0.468919 -0.922934 -0.000034
199.350000 -0.000412 -0.002734 -0.000061 -0.466692 -0.924119 -0.000034
199.500000 -0.000411 -0.002734 -0.000061 -0.464463 -0.925298 -0.000034
199.650000 -0.000410 -0.002734 -0.000061 -0.462230 -0.926472 -0.000034
199.800000 -0.000409 -0.002735 -0.000061 -0.459995 -0.927640 -0.000034
199.950000 -0.000409 -0.002735 -0.000061 -0.457757 -0.928803 -0.000034
200.100000 -0.000408 -0.002735 -0.000061 -0.455517 -0.929960 -0.000034
200.250000 -0.000407 -0.002735 -0.000061 -0.453273 -0.931111 -0.000034
200.400000 -0.000406 -0.002736 -0.000061 -0.451027 -0.932257 -0.000034
200.550000 -0.000405 -0.002736 -0.000061 -0.448778 -0.933398 -0.000034
200.700000 -0.000404 -0.002736 -0.000061 -0.446526 -0.934532 -0.000034
200.850000 -0.000403 -0.002737 -0.000061 -0.444272 -0.935661 -0.000034
201.000000 -0.000402 -0.002737 -0.000061 -0.442015 -0.936785 -0.000034
201.150000 -0.000401 -0.002737 -0.000061 -0.439755 -0.937902 -0.000034
201.300000 -0.000401 -0.002737 -0.000061 -0.437493 -0.939014 -0.000034
201.450000 -0.000400 -0.002738 -0.000061 -0.435228 -0.940121 -0.000034
201.600000 -0.000399 -0.002738 -0.000061 -0.432960 -0.941222 -0.000034
201.750000 -0.000398 -0.002738 -0.000061 -0.430690 -0.942317 -0.000034
201.900000 -0.000397 -0.002739 -0.000061 -0.428417 -0.943406 -0.000034
202.050000 -0.000396 -0.002739 -0.000061 -0.426141 -0.944490 -0.000034
202.200000 -0.000395 -0.002739 -0.000061 -0.423863 -0.945568 -0.000034
202.350000 -0.000394 -0.002739 -0.000061 -0.421582 -0.946641 -0.000034
202.500000 -0.000393 -0.002740 -0.000061 -0.419299 -0.947708 -0.000034
202.650000 -0.000393 -0.002740 -0.000061 -0.417013 -0.948769 -0.000034
202.800000 -0.000392 -0.002740 -0.000061 -0.414725 -0.949824 -0.000034
202.950000 -0.000391 -0.002740 -0.000062 -0.412434 -0.950874 -0.000034
203.100000 -0.000390 -0.002741 -0.000062 -0.410141 -0.951918 -0.000034
203.250000 -0.000389 -0.002741 -0.000062 -0.407845 -0.952956 -0.000034
203.400000 -0.000388 -0.002741 -0.000062 -0.405547 -0.953989 -0.000034
203.550000 -0.000387 -0.002742 -0.000062 -0.403246 -0.955016 -0.000034
203.700000 -0.000386 -0.002742 -0.000062 -0.400943 -0.956037 -0.000034
203.850000 -0.000385 -0.002742 -0.000062 -0.398637 -0.957052 -0.000034
204.000000 -0.000384 -0.002742 -0.000062 -0.396329 -0.958062 -0.000034
204.150000 -0.000384 -0.002743 -0.000062 -0.394019 -0.959066 -0.000033
204.300000 -0.000383 -0.002743 -0.000062 -0.391706 -0.960064 -0.000033
204.450000 -0.000382 -0.002743 -0.000062 -0.389391 -0.961056 -0.000033
204.600000 -0.000381 -0.002743 -0.000062 -0.387073 -0.962043 -0.000033
204.750000 -0.000380 -0.002744 -0.000062 -0.384754 -0.963024 -0.000033
204.900000 -0.000379 -0.002744 -0.000062 -0.382431 -0.963999 -0.000033
205.050000 -0.000378 -0.002744 -0.000062 -0.380107 -0.964968 -0.000033
205.200000 -0.000377 -0.002745 -0.000062 -0.377780 -0.965932 -0.000033
205.350000 -0.000376 -0.002745 -0.000062 -0.375451 -0.966889 -0.000033
205.500000 -0.000376 -0.002745 -0.000062 -0.373120 -0.967841 -0.000033
205.650000 -0.000375 -0.002745 -0.000062 -0.370786 -0.968788 -0.000033
205.800000 -0.000374 -0.002746 -0.000062 -0.368450 -0.969728 -0.000033
205.950000 -0.000373 -0.002746 -0.000062 -0.366112 -0.970662 -0.000033
206.100000 -0.000372 -0.002746 -0.000062 -0.363772 -0.971591 -0.000033
206.250000 -0.000371 -0.002747 -0.000062 -0.361429 -0.972514 -0.000033
206.400000 -0.000370 -0.002747 -0.000062 -0.359085 -0.973431 -0.000033
206.550000 -0.000369 -0.002747 -0.000062 -0.356738 -0.974342 -0.000033
206.700000 -0.000368 -0.002747 -0.000062 -0.354389 -0.975248 -0.000033
206.850000 -0.000367 -0.002748 -0.000062 -0.352038 -0.976147 -0.000033
207.000000 -0.000367 -0.002748 -0.000062 -0.349685 -0.977041 -0.000033
207.150000 -0.000366 -0.002748 -0.000062 -0.347329 -0.977929 -0.000033
207.300000 -0.000365 -0.002748 -0.000062 -0.344972 -0.978811 -0.000033
207.450000 -0.000364 -0.002749 -0.000062 -0.342612 -0.979687 -0.000033
207.600000 -0.000363 -0.002749 -0.000062 -0.340251 -0.980558 -0.000033
207.750000 -0.000362 -0.002749 -0.000062 -0.337887 -0.981422 -0.000033
207.900000 -0.000361 -0.002750 -0.000062 -0.335521 -0.982281 -0.000033
208.050000 -0.000360 -0.002750 -0.000062 -0.333153 -0.983133 -0.000033
208.200000 -0.000359 -0.002750 -0.000062 -0.330784 -0.983980 -0.000033
208.350000 -0.000359 -0.002750 -0.000062 -0.328412 -0.984821 -0.000033
208.500000 -0.000358 -0.002751 -0.000062 -0.326038 -0.985656 -0.000033
208.650000 -0.000357 -0.002751 -0.000062 -0.323663 -0.986486 -0.000033
208.800000 -0.000356 -0.002751 -0.000062 -0.321285 -0.987309 -0.000033
208.950000 -0.000355 -0.002752 -0.000062 -0.318905 -0.988126 -0.000033
209.100000 -0.000354 -0.002752 -0.000062 -0.316524 -0.988938 -0.000033
209.250000 -0.000353 -0.002752 -0.000062 -0.314140 -0.989743 -0.000033
209.400000 -0.000352 -0.002752 -0.000062 -0.311755 -0.990543 -0.000033
209.550000 -0.000351 -0.002753 -0.000062 -0.309368 -0.991337 -0.000033
209.700000 -0.000350 -0.002753 -0.000062 -0.306979 -0.992125 -0.000033
209.850000 -0.000350 -0.002753 -0.000062 -0.304588 -0.992907 -0.000033
210.000000 -0.000349 -0.002753 -0.000062 -0.302195 -0.993683 -0.000033
210.150000 -0.000348 -0.002754 -0.000062 -0.299801 -0.994453 -0.000033
210.300000 -0.000347 -0.002754 -0.000062 -0.297404 -0.995217 -0.000033
210.450000 -0.000346 -0.002754 -0.000062 -0.295006 -0.995975 -0.000033
210.600000 -0.000345 -0.002755 -0.000063 -0.292606 -0.996727 -0.000033
210.750000 -0.000344 -0.002755 -0.000063 -0.290204 -0.997473 -0.000033
210.900000 -0.000343 -0.002755 -0.000063 -0.287801 -0.998214 -0.000033
211.050000 -0.000342 -0.002755 -0.000063 -0.285396 -0.998948 -0.000033
211.200000 -0.000342 -0.002756 -0.000063 -0.282989 -0.999677 -0.000033
211.350000 -0.000341 -0.002756 -0.000063 -0.280580 -1.000399 -0.000033
211.500000 -0.000340 -0.002756 -0.000063 -0.278170 -1.001116 -0.000033
211.650000 -0.000339 -0.002756 -0.000063 -0.275758 -1.001826 -0.000033
211.800000 -0.000338 -0.002757 -0.000063 -0.273344 -1.002531 -0.000033
211.950000 -0.000337 -0.002757 -0.000063 -0.270929 -1.003229 -0.000033
212.100000 -0.000336 -0.002757 -0.000063 -0.268512 -1.003922 -0.000033
212.250000 -0.000335 -0.002758 -0.000063 -0.266093 -1.004609 -0.000033
212.400000 -0.000334 -0.002758 -0.000063 -0.263673 -1.005289 -0.000033
212.550000 -0.000333 -0.002758 -0.000063 -0.261251 -1.005964 -0.000033
212.700000 -0.000333 -0.002758 -0.000063 -0.258828 -1.006632 -0.000033
212.850000 -0.000332 -0.002759 -0.000063 -0.256403 -1.007295 -0.000033
213.000000 -0.000331 -0.002759 -0.000063 -0.253977 -1.007952 -0.000033
213.150000 -0.000330 -0.002759 -0.000063 -0.251549 -1.008602 -0.000033
213.300000 -0.000329 -0.002760 -0.000063 -0.249119 -1.009247 -0.000033
213.450000 -0.000328 -0.002760 -0.000063 -0.246688 -1.009886 -0.000033
213.600000 -0.000327 -0.002760 -0.000063 -0.244256 -1.010518 -0.000033
213.750000 -0.000326 -0.002760 -0.000063 -0.241822 -1.011145 -0.000033
213.900000 -0.000325 -0.002761 -0.000063 -0.239387 -1.011766 -0.000033
214.050000 -0.000325 -0.002761 -0.000063 -0.236950 -1.012380 -0.000033
214.200000 -0.000324 -0.002761 -0.000063 -0.234512 -1.012989 -0.000033
214.350000 -0.000323 -0.002761 -0.000063 -0.232072 -1.013591 -0.000033
214.500000 -0.000322 -0.002762 -0.000063 -0.229631 -1.014188 -0.000033
214.650000 -0.000321 -0.002762 -0.000063 -0.227188 -1.014778 -0.000033
214.800000 -0.000320 -0.002762 -0.000063 -0.224745 -1.015363 -0.000033
214.950000 -0.000319 -0.002763 -0.000063 -0.222299 -1.015941 -0.000033
215.100000 -0.000318 -0.002763 -0.000063 -0.219853 -1.016513 -0.000033
215.250000 -0.000317 -0.002763 -0.000063 -0.217405 -1.017079 -0.000033
215.400000 -0.000317 -0.002763 -0.000063 -0.214956 -1.017640 -0.000033
215.550000 -0.000316 -0.002764 -0.000063 -0.212505 -1.018194 -0.000033
215.700000 -0.000315 -0.002764 -0.000063 -0.210054 -1.018742 -0.000033
215.850000 -0.000314 -0.002764 -0.000063 -0.207601 -1.019284 -0.000033
216.000000 -0.000313 -0.002765 -0.000063 -0.205146 -1.019820 -0.000033
216.150000 -0.000312 -0.002765 -0.000063 -0.202691 -1.020350 -0.000033
216.300000 -0.000311 -0.002765 -0.000063 -0.200234 -1.020874 -0.000033
216.450000 -0.000310 -0.002765 -0.000063 -0.197776 -1.021392 -0.000033
216.600000 -0.000309 -0.002766 -0.000063 -0.195317 -1.021904 -0.000033
216.750000 -0.000308 -0.002766 -0.000063 -0.192857 -1.022409 -0.000033
216.900000 -0.000308 -0.002766 -0.000063 -0.190396 -1.022909 -0.000033
217.050000 -0.000307 -0.002766 -0.000063 -0.187933 -1.023402 -0.000033
217.200000 -0.000306 -0.002767 -0.000063 -0.185469 -1.023890 -0.000033
217.350000 -0.000305 -0.002767 -0.000063 -0.183004 -1.024371 -0.000033
217.500000 -0.000304 -0.002767 -0.000063 -0.180538 -1.024846 -0.000033
217.650000 -0.000303 -0.002768 -0.000063 -0.178071 -1.025316 -0.000033
217.800000 -0.000302 -0.002768 -0.000063 -0.175603 -1.025779 -0.000033
217.950000 -0.000301 -0.002768 -0.000063 -0.173134 -1.026236 -0.000033
218.100000 -0.000300 -0.002768 -0.000063 -0.170664 -1.026687 -0.000033
218.250000 -0.000300 -0.002769 -0.000064 -0.168193 -1.027132 -0.000033
218.400000 -0.000299 -0.002769 -0.000064 -0.165721 -1.027570 -0.000033
218.550000 -0.000298 -0.002769 -0.000064 -0.163247 -1.028003 -0.000033
218.700000 -0.000297 -0.002770 -0.000064 -0.160773 -1.028430 -0.000033
218.850000 -0.000296 -0.002770 -0.000064 -0.158298 -1.028850 -0.000033
219.000000 -0.000295 -0.002770 -0.000064 -0.155822 -1.029264 -0.000033
219.150000 -0.000294 -0.002770 -0.000064 -0.153345 -1.029673 -0.000033
219.300000 -0.000293 -0.002771 -0.000064 -0.150867 -1.030075 -0.000033
219.450000 -0.000292 -0.002771 -0.000064 -0.148388 -1.030471 -0.000033
219.600000 -0.000291 -0.002771 -0.000064 -0.145908 -1.030861 -0.000033
219.750000 -0.000291 -0.002771 -0.000064 -0.143427 -1.031244 -0.000033
219.900000 -0.000290 -0.002772 -0.000064 -0.140946 -1.031622 -0.000033
220.050000 -0.000289 -0.002772 -0.000064 -0.138463 -1.031994 -0.000033
220.200000 -0.000288 -0.002772 -0.000064 -0.135980 -1.032359 -0.000033
220.350000 -0.000287 -0.002773 -0.000064 -0.133496 -1.032718 -0.000033
220.500000 -0.000286 -0.002773 -0.000064 -0.131011 -1.033072 -0.000033
220.650000 -0.000285 -0.002773 -0.000064 -0.128525 -1.033419 -0.000033
220.800000 -0.000284 -0.002773 -0.000064 -0.126039 -1.033760 -0.000033
220.950000 -0.000283 -0.002774 -0.000064 -0.123552 -1.034095 -0.000033
221.100000 -0.000283 -0.002774 -0.000064 -0.121064 -1.034423 -0.000033
221.250000 -0.000282 -0.002774 -0.000064 -0.118575 -1.034746 -0.000033
221.400000 -0.000281 -0.002775 -0.000064 -0.116085 -1.035062 -0.000033
221.550000 -0.000280 -0.002775 -0.000064 -0.113595 -1.035373 -0.000033
221.700000 -0.000279 -0.002775 -0.000064 -0.111105 -1.035677 -0.000033
221.850000 -0.000278 -0.002775 -0.000064 -0.108613 -1.035975 -0.000033
222.000000 -0.000277 -0.002776 -0.000064 -0.106121 -1.036267 -0.000033
222.150000 -0.000276 -0.002776 -0.000064 -0.103628 -1.036553 -0.000033
222.300000 -0.000275 -0.002776 -0.000064 -0.101135 -1.036832 -0.000033
222.450000 -0.000275 -0.002777 -0.000064 -0.098641 -1.037106 -0.000033
222.600000 -0.000274 -0.002777 -0.000064 -0.096146 -1.037373 -0.000033
222.750000 -0.000273 -0.002777 -0.000064 -0.093651 -1.037634 -0.000033
222.900000 -0.000272 -0.002777 -0.000064 -0.091155 -1.037890 -0.000033
223.050000 -0.000271 -0.002778 -0.000064 -0.088659 -1.038139 -0.000033
223.200000 -0.000270 -0.002778 -0.000064 -0.086162 -1.038381 -0.000033
223.350000 -0.000269 -0.002778 -0.000064 -0.083664 -1.038618 -0.000033
223.500000 -0.000268 -0.002778 -0.000064 -0.081167 -1.038849 -0.000033
223.650000 -0.000267 -0.002779 -0.000064 -0.078668 -1.039073 -0.000033
223.800000 -0.000266 -0.002779 -0.000064 -0.076169 -1.039291 -0.000033
223.950000 -0.000266 -0.002779 -0.000064 -0.073670 -1.039503 -0.000033
224.100000 -0.000265 -0.002780 -0.000064 -0.071170 -1.039709 -0.000033
224.250000 -0.000264 -0.002780 -0.000064 -0.068670 -1.039909 -0.000033
224.400000 -0.000263 -0.002780 -0.000064 -0.066169 -1.040103 -0.000033
224.550000 -0.000262 -0.002780 -0.000064 -0.063668 -1.040290 -0.000033
224.700000 -0.000261 -0.002781 -0.000064 -0.061167 -1.040471 -0.000033
224.850000 -0.000260 -0.002781 -0.000064 -0.058665 -1.040647 -0.000033
225.000000 -0.000259 -0.002781 -0.000064 -0.056163 -1.040816 -0.000033
225.150000 -0.000258 -0.002782 -0.000064 -0.053660 -1.040979 -0.000033
225.300000 -0.000258 -0.002782 -0.000064 -0.051157 -1.041135 -0.000033
225.450000 -0.000257 -0.002782 -0.000064 -0.048654 -1.041286 -0.000033
225.600000 -0.000256 -0.002782 -0.000064 -0.046151 -1.041430 -0.000033
225.750000 -0.000255 -0.002783 -0.000064 -0.043647 -1.041569 -0.000033
225.900000 -0.000254 -0.002783 -0.000065 -0.041143 -1.041701 -0.000033
226.050000 -0.000253 -0.002783 -0.000065 -0.038639 -1.041827 -0.000033
226.200000 -0.000252 -0.002783 -0.000065 -0.036134 -1.041946 -0.000033
226.350000 -0.000251 -0.002784 -0.000065 -0.033629 -1.042060 -0.000033
226.500000 -0.000250 -0.002784 -0.000065 -0.031124 -1.042168 -0.000033
226.650000 -0.000249 -0.002784 -0.000065 -0.028619 -1.042269 -0.000033
226.800000 -0.000249 -0.002785 -0.000065 -0.026114 -1.042364 -0.000033
226.950000 -0.000248 -0.002785 -0.000065 -0.023608 -1.042453 -0.000033
227.100000 -0.000247 -0.002785 -0.000065 -0.021103 -1.042536 -0.000033
227.250000 -0.000246 -0.002785 -0.000065 -0.018597 -1.042613 -0.000033
227.400000 -0.000245 -0.002786 -0.000065 -0.016091 -1.042683 -0.000033
227.550000 -0.000244 -0.002786 -0.000065 -0.013585 -1.042748 -0.000033
227.700000 -0.000243 -0.002786 -0.000065 -0.011079 -1.042806 -0.000033
227.850000 -0.000242 -0.002787 -0.000065 -0.008572 -1.042858 -0.000033
228.000000 -0.000241 -0.002787 -0.000065 -0.006066 -1.042904 -0.000033
228.150000 -0.000241 -0.002787 -0.000065 -0.003560 -1.042944 -0.000033
228.300000 -0.000240 -0.002787 -0.000065 -0.001053 -1.042978 -0.000033
228.450000 -0.000239 -0.002788 -0.000065 0.001453 -1.043005 -0.000033
228.600000 -0.000238 -0.002788 -0.000065 0.003959 -1.043026 -0.000033
228.750000 -0.000237 -0.002788 -0.000065 0.006466 -1.043042 -0.000033
228.900000 -0.000236 -0.002788 -0.000065 0.008972 -1.043051 -0.000033
229.050000 -0.000235 -0.002789 -0.000065 0.011478 -1.043054 -0.000033
229.200000 -0.000234 -0.002789 -0.000065 0.013985 -1.043050 -0.000033
229.350000 -0.000233 -0.002789 -0.000065 0.016491 -1.043041 -0.000033
229.500000 -0.000233 -0.002790 -0.000065 0.018997 -1.043025 -0.000033
229.650000 -0.000232 -0.002790 -0.000065 0.021503 -1.043004 -0.000033
229.800000 -0.000231 -0.002790 -0.000065 0.024009 -1.042976 -0.000033
229.950000 -0.000230 -0.002790 -0.000065 0.026515 -1.042942 -0.000033
230.100000 -0.000229 -0.002791 -0.000065 0.029020 -1.042901 -0.000033
230.250000 -0.000228 -0.002791 -0.000065 0.031526 -1.042855 -0.000033
230.400000 -0.000227 -0.002791 -0.000065 0.034031 -1.042803 -0.000033
230.550000 -0.000226 -0.002792 -0.000065 0.036536 -1.042744 -0.000033
230.700000 -0.000225 -0.002792 -0.000065 0.039041 -1.042679 -0.000033
230.850000 -0.000224 -0.002792 -0.000065 0.041546 -1.042608 -0.000033
231.000000 -0.000224 -0.002792 -0.000065 0.044050 -1.042531 -0.000033
231.150000 -0.000223 -0.002793 -0.000065 0.046554 -1.042448 -0.000033
231.300000 -0.000222 -0.002793 -0.000065 0.049058 -1.042359 -0.000033
231.450000 -0.000221 -0.002793 -0.000065 0.051562 -1.042263 -0.000033
231.600000 -0.000220 -0.002794 -0.000065 0.054065 -1.042162 -0.000033
231.750000 -0.000219 -0.002794 -0.000065 0.056568 -1.042054 -0.000033
231.900000 -0.000218 -0.002794 -0.000065 0.059071 -1.041940 -0.000033
232.050000 -0.000217 -0.002794 -0.000065 0.061574 -1.041820 -0.000033
232.200000 -0.000216 -0.002795 -0.000065 0.064076 -1.041694 -0.000033
232.350000 -0.000216 -0.002795 -0.000065 0.066577 -1.041562 -0.000033
232.500000 -0.000215 -0.002795 -0.000065 0.069079 -1.041423 -0.000033
232.650000 -0.000214 -0.002795 -0.000065 0.071580 -1.041279 -0.000033
232.800000 -0.000213 -0.002796 -0.000065 0.074080 -1.041128 -0.000033
232.950000 -0.000212 -0.002796 -0.000065 0.076580 -1.040971 -0.000033
233.100000 -0.000211 -0.002796 -0.000065 0.079080 -1.040808 -0.000033
233.250000 -0.000210 -0.002797 -0.000065 0.081579 -1.040639 -0.000033
233.400000 -0.000209 -0.002797 -0.000065 0.084078 -1.040464 -0.000033
233.550000 -0.000208 -0.002797 -0.000066 0.086576 -1.040283 -0.000033
233.700000 -0.000207 -0.002797 -0.000066 0.089074 -1.040095 -0.000033
233.850000 -0.000207 -0.002798 -0.000066 0.091571 -1.039902 -0.000033
234.000000 -0.000206 -0.002798 -0.000066 0.094068 -1.039702 -0.000033
234.150000 -0.000205 -0.002798 -0.000066 0.096564 -1.039496 -0.000034
234.300000 -0.000204 -0.002799 -0.000066 0.099060 -1.039284 -0.000034
234.450000 -0.000203 -0.002799 -0.000066 0.101555 -1.039066 -0.000034
234.600000 -0.000202 -0.002799 -0.000066 0.104049 -1.038842 -0.000034
234.750000 -0.000201 -0.002799 -0.000066 0.106543 -1.038612 -0.000034
234.900000 -0.000200 -0.002800 -0.000066 0.109036 -1.038375 -0.000034
235.050000 -0.000199 -0.002800 -0.000066 0.111529 -1.038133 -0.000034
235.200000 -0.000199 -0.002800 -0.000066 0.114021 -1.037884 -0.000034
235.350000 -0.000198 -0.002801 -0.000066 0.116512 -1.037630 -0.000034
235.500000 -0.000197 -0.002801 -0.000066 0.119003 -1.037369 -0.000034
235.650000 -0.000196 -0.002801 -0.000066 0.121493 -1.037102 -0.000034
235.800000 -0.000195 -0.002801 -0.000066 0.123982 -1.036829 -0.000034
235.950000 -0.000194 -0.002802 -0.000066 0.126471 -1.036550 -0.000034
236.100000 -0.000193 -0.002802 -0.000066 0.128958 -1.036265 -0.000034
236.250000 -0.000192 -0.002802 -0.000066 0.131445 -1.035973 -0.000034
236.400000 -0.000191 -0.002802 -0.000066 0.133932 -1.035676 -0.000034
236.550000 -0.000191 -0.002803 -0.000066 0.136417 -1.035372 -0.000034
236.700000 -0.000190 -0.002803 -0.000066 0.138902 -1.035063 -0.000034
236.850000 -0.000189 -0.002803 -0.000066 0.141386 -1.034747 -0.000034
237.000000 -0.000188 -0.002804 -0.000066 0.143869 -1.034426 -0.000034
237.150000 -0.000187 -0.002804 -0.000066 0.146351 -1.034098 -0.000034
237.300000 -0.000186 -0.002804 -0.000066 0.148833 -1.033764 -0.000034
237.450000 -0.000185 -0.002804 -0.000066 0.151313 -1.033424 -0.000034
237.600000 -0.000184 -0.002805 -0.000066 0.153793 -1.033078 -0.000034
237.750000 -0.000183 -0.002805 -0.000066 0.156272 -1.032726 -0.000034
237.900000 -0.000182 -0.002805 -0.000066 0.158750 -1.032368 -0.000034
238.050000 -0.000182 -0.002806 -0.000066 0.161227 -1.032003 -0.000034
238.200000 -0.000181 -0.002806 -0.000066 0.163703 -1.031633 -0.000034
238.350000 -0.000180 -0.002806 -0.000066 0.166178 -1.031257 -0.000034
238.500000 -0.000179 -0.002806 -0.000066 0.168652 -1.030874 -0.000034
238.650000 -0.000178 -0.002807 -0.000066 0.171125 -1.030486 -0.000034
238.800000 -0.000177 -0.002807 -0.000066 0.173597 -1.030091 -0.000034
238.950000 -0.000176 -0.002807 -0.000066 0.176068 -1.029691 -0.000034
239.100000 -0.000175 -0.002808 -0.000066 0.178538 -1.029284 -0.000034
239.250000 -0.000174 -0.002808 -0.000066 0.181007 -1.028872 -0.000034
239.400000 -0.000174 -0.002808 -0.000066 0.183475 -1.028453 -0.000034
239.550000 -0.000173 -0.002808 -0.000066 0.185942 -1.028028 -0.000034
239.700000 -0.000172 -0.002809 -0.000066 0.188408 -1.027597 -0.000034
239.850000 -0.000171 -0.002809 -0.000066 0.190873 -1.027161 -0.000034
240.000000 -0.000170 -0.002809 -0.000066 0.193337 -1.026718 -0.000034
240.150000 -0.000169 -0.002809 -0.000066 0.195799 -1.026269 -0.000034
240.300000 -0.000168 -0.002810 -0.000066 0.198261 -1.025814 -0.000034
240.450000 -0.000167 -0.002810 -0.000066 0.200721 -1.025353 -0.000034
240.600000 -0.000166 -0.002810 -0.000066 0.203180 -1.024886 -0.000034
240.750000 -0.000165 -0.002811 -0.000066 0.205638 -1.024413 -0.000035
240.900000 -0.000165 -0.002811 -0.000066 0.208095 -1.023934 -0.000035
241.050000 -0.000164 -0.002811 -0.000066 0.210550 -1.023449 -0.000035
241.200000 -0.000163 -0.002811 -0.000067 0.213004 -1.022958 -0.000035
241.350000 -0.000162 -0.002812 -0.000067 0.215457 -1.022461 -0.000035
241.500000 -0.000161 -0.002812 -0.000067 0.217909 -1.021958 -0.000035
241.650000 -0.000160 -0.002812 -0.000067 0.220360 -1.021449 -0.000035
241.800000 -0.000159 -0.002813 -0.000067 0.222809 -1.020934 -0.000035
241.950000 -0.000158 -0.002813 -0.000067 0.225257 -1.020413 -0.000035
242.100000 -0.000157 -0.002813 -0.000067 0.227703 -1.019886 -0.000035
242.250000 -0.000157 -0.002813 -0.000067 0.230149 -1.019354 -0.000035
242.400000 -0.000156 -0.002814 -0.000067 0.232593 -1.018815 -0.000035
242.550000 -0.000155 -0.002814 -0.000067 0.235035 -1.018270 -0.000035
242.700000 -0.000154 -0.002814 -0.000067 0.237476 -1.017719 -0.000035
242.850000 -0.000153 -0.002815 -0.000067 0.239916 -1.017162 -0.000035
243.000000 -0.000152 -0.002815 -0.000067 0.242355 -1.016599 -0.000035
243.150000 -0.000151 -0.002815 -0.000067 0.244792 -1.016030 -0.000035
243.300000 -0.000150 -0.002815 -0.000067 0.247227 -1.015456 -0.000035
243.450000 -0.000149 -0.002816 -0.000067 0.249662 -1.014875 -0.000035
243.600000 -0.000149 -0.002816 -0.000067 0.252094 -1.014288 -0.000035
243.750000 -0.000148 -0.002816 -0.000067 0.254525 -1.013696 -0.000035
243.900000 -0.000147 -0.002817 -0.000067 0.256955 -1.013097 -0.000035
244.050000 -0.000146 -0.002817 -0.000067 0.259383 -1.012493 -0.000035
244.200000 -0.000145 -0.002817 -0.000067 0.261810 -1.011882 -0.000035
244.350000 -0.000144 -0.002817 -0.000067 0.264235 -1.011266 -0.000035
244.500000 -0.000143 -0.002818 -0.000067 0.266659 -1.010644 -0.000035
244.650000 -0.000142 -0.002818 -0.000067 0.269081 -1.010016 -0.000035
244.800000 -0.000141 -0.002818 -0.000067 0.271502 -1.009382 -0.000035
244.950000 -0.000140 -0.002818 -0.000067 0.273921 -1.008742 -0.000035
245.100000 -0.000140 -0.002819 -0.000067 0.276338 -1.008096 -0.000035
245.250000 -0.000139 -0.002819 -0.000067 0.278754 -1.007444 -0.000035
245.400000 -0.000138 -0.002819 -0.000067 0.281168 -1.006786 -0.000035
245.550000 -0.000137 -0.002820 -0.000067 0.283581 -1.006122 -0.000035
245.700000 -0.000136 -0.002820 -0.000067 0.285992 -1.005453 -0.000036
245.850000 -0.000135 -0.002820 -0.000067 0.288401 -1.004777 -0.000036
246.000000 -0.000134 -0.002820 -0.000067 0.290808 -1.004096 -0.000036
246.150000 -0.000133 -0.002821 -0.000067 0.293214 -1.003409 -0.000036
246.300000 -0.000132 -0.002821 -0.000067 0.295618 -1.002716 -0.000036
246.450000 -0.000132 -0.002821 -0.000067 0.298021 -1.002017 -0.000036
246.600000 -0.000131 -0.002822 -0.000067 0.300421 -1.001312 -0.000036
246.750000 -0.000130 -0.002822 -0.000067 0.302820 -1.000601 -0.000036
246.900000 -0.000129 -0.002822 -0.000067 0.305217 -0.999884 -0.000036
247.050000 -0.000128 -0.002822 -0.000067 0.307613 -0.999162 -0.000036
247.200000 -0.000127 -0.002823 -0.000067 0.310006 -0.998434 -0.000036
247.350000 -0.000126 -0.002823 -0.000067 0.312398 -0.997700 -0.000036
247.500000 -0.000125 -0.002823 -0.000067 0.314788 -0.996960 -0.000036
247.650000 -0.000124 -0.002824 -0.000067 0.317176 -0.996214 -0.000036
247.800000 -0.000123 -0.002824 -0.000067 0.319562 -0.995462 -0.000036
247.950000 -0.000123 -0.002824 -0.000067 0.321947 -0.994704 -0.000036
248.100000 -0.000122 -0.002824 -0.000067 0.324329 -0.993941 -0.000036
248.250000 -0.000121 -0.002825 -0.000067 0.326710 -0.993172 -0.000036
248.400000 -0.000120 -0.002825 -0.000067 0.329089 -0.992397 -0.000036
248.550000 -0.000119 -0.002825 -0.000067 0.331465 -0.991616 -0.000036
248.700000 -0.000118 -0.002826 -0.000067 0.333840 -0.990830 -0.000036
248.850000 -0.000117 -0.002826 -0.000068 0.336213 -0.990037 -0.000036
249.000000 -0.000116 -0.002826 -0.000068 0.338584 -0.989239 -0.000036
249.150000 -0.000115 -0.002826 -0.000068 0.340953 -0.988435 -0.000036
249.300000 -0.000115 -0.002827 -0.000068 0.343320 -0.987625 -0.000036
249.450000 -0.000114 -0.002827 -0.000068 0.345685 -0.986810 -0.000036
249.600000 -0.000113 -0.002827 -0.000068 0.348048 -0.985988 -0.000036
249.750000 -0.000112 -0.002828 -0.000068 0.350409 -0.985161 -0.000036
249.900000 -0.000111 -0.002828 -0.000068 0.352768 -0.984328 -0.000037
250.050000 -0.000110 -0.002828 -0.000068 0.355125 -0.983490 -0.000037
250.200000 -0.000109 -0.002828 -0.000068 0.357480 -0.982645 -0.000037
250.350000 -0.000108 -0.002829 -0.000068 0.359832 -0.981795 -0.000037
250.500000 -0.000107 -0.002829 -0.000068 0.362183 -0.980939 -0.000037
250.650000 -0.000106 -0.002829 -0.000068 0.364532 -0.980077 -0.000037
250.800000 -0.000106 -0.002829 -0.000068 0.366878 -0.979210 -0.000037
250.950000 -0.000105 -0.002830 -0.000068 0.369222 -0.978337 -0.000037
251.100000 -0.000104 -0.002830 -0.000068 0.371564 -0.977458 -0.000037
251.250000 -0.000103 -0.002830 -0.000068 0.373904 -0.976573 -0.000037
251.400000 -0.000102 -0.002831 -0.000068 0.376242 -0.975683 -0.000037
251.550000 -0.000101 -0.002831 -0.000068 0.378577 -0.974787 -0.000037
251.700000 -0.000100 -0.002831 -0.000068 0.380911 -0.973885 -0.000037
251.850000 -0.000099 -0.002831 -0.000068 0.383242 -0.972978 -0.000037
252.000000 -0.000098 -0.002832 -0.000068 0.385571 -0.972065 -0.000037
252.150000 -0.000098 -0.002832 -0.000068 0.387897 -0.971146 -0.000037
252.300000 -0.000097 -0.002832 -0.000068 0.390222 -0.970222 -0.000037
252.450000 -0.000096 -0.002833 -0.000068 0.392544 -0.969291 -0.000037
252.600000 -0.000095 -0.002833 -0.000068 0.394864 -0.968356 -0.000037
252.750000 -0.000094 -0.002833 -0.000068 0.397181 -0.967414 -0.000037
252.900000 -0.000093 -0.002833 -0.000068 0.399496 -0.966467 -0.000037
253.050000 -0.000092 -0.002834 -0.000068 0.401809 -0.965514 -0.000037
253.200000 -0.000091 -0.002834 -0.000068 0.404120 -0.964556 -0.000037
253.350000 -0.000090 -0.002834 -0.000068 0.406428 -0.963591 -0.000037
253.500000 -0.000090 -0.002835 -0.000068 0.408733 -0.962622 -0.000037
253.650000 -0.000089 -0.002835 -0.000068 0.411037 -0.961646 -0.000038
253.800000 -0.000088 -0.002835 -0.000068 0.413338 -0.960665 -0.000038
253.950000 -0.000087 -0.002835 -0.000068 0.415636 -0.959678 -0.000038
254.100000 -0.000086 -0.002836 -0.000068 0.417933 -0.958686 -0.000038
254.250000 -0.000085 -0.002836 -0.000068 0.420226 -0.957688 -0.000038
254.400000 -0.000084 -0.002836 -0.000068 0.422518 -0.956685 -0.000038
254.550000 -0.000083 -0.002837 -0.000068 0.424806 -0.955676 -0.000038
254.700000 -0.000082 -0.002837 -0.000068 0.427093 -0.954661 -0.000038
254.850000 -0.000081 -0.002837 -0.000068 0.429377 -0.953641 -0.000038
255.000000 -0.000081 -0.002837 -0.000068 0.431658 -0.952615 -0.000038
255.150000 -0.000080 -0.002838 -0.000068 0.433937 -0.951584 -0.000038
255.300000 -0.000079 -0.002838 -0.000068 0.436213 -0.950547 -0.000038
255.450000 -0.000078 -0.002838 -0.000068 0.438487 -0.949504 -0.000038
255.600000 -0.000077 -0.002839 -0.000068 0.440758 -0.948456 -0.000038
255.750000 -0.000076 -0.002839 -0.000068 0.443026 -0.947402 -0.000038
255.900000 -0.000075 -0.002839 -0.000068 0.445292 -0.946343 -0.000038
256.050000 -0.000074 -0.002839 -0.000068 0.447556 -0.945278 -0.000038
256.200000 -0.000073 -0.002840 -0.000068 0.449817 -0.944208 -0.000038
256.350000 -0.000073 -0.002840 -0.000068 0.452075 -0.943132 -0.000038
256.500000 -0.000072 -0.002840 -0.000069 0.454330 -0.942051 -0.000038
256.650000 -0.000071 -0.002840 -0.000069 0.456583 -0.940964 -0.000038
256.800000 -0.000070 -0.002841 -0.000069 0.458834 -0.939872 -0.000038
256.950000 -0.000069 -0.002841 -0.000069 0.461081 -0.938774 -0.000039
257.100000 -0.000068 -0.002841 -0.000069 0.463326 -0.937670 -0.000039
257.250000 -0.000067 -0.002842 -0.000069 0.465568 -0.936562 -0.000039
257.400000 -0.000066 -0.002842 -0.000069 0.467808 -0.935447 -0.000039
257.550000 -0.000065 -0.002842 -0.000069 0.470044 -0.934328 -0.000039
257.700000 -0.000064 -0.002842 -0.000069 0.472278 -0.933202 -0.000039
257.850000 -0.000064 -0.002843 -0.000069 0.474510 -0.932072 -0.000039
258.000000 -0.000063 -0.002843 -0.000069 0.476738 -0.930936 -0.000039
258.150000 -0.000062 -0.002843 -0.000069 0.478964 -0.929794 -0.000039
258.300000 -0.000061 -0.002844 -0.000069 0.481187 -0.928647 -0.000039
258.450000 -0.000060 -0.002844 -0.000069 0.483407 -0.927494 -0.000039
258.600000 -0.000059 -0.002844 -0.000069 0.485624 -0.926337 -0.000039
258.750000 -0.000058 -0.002844 -0.000069 0.487838 -0.925173 -0.000039
258.900000 -0.000057 -0.002845 -0.000069 0.490050 -0.924005 -0.000039
259.050000 -0.000056 -0.002845 -0.000069 0.492259 -0.922830 -0.000039
259.200000 -0.000056 -0.002845 -0.000069 0.494464 -0.921651 -0.000039
259.350000 -0.000055 -0.002846 -0.000069 0.496667 -0.920466 -0.000039
259.500000 -0.000054 -0.002846 -0.000069 0.498867 -0.919276 -0.000039
259.650000 -0.000053 -0.002846 -0.000069 0.501065 -0.918080 -0.000039
259.800000 -0.000052 -0.002846 -0.000069 0.503259 -0.916879 -0.000039
259.950000 -0.000051 -0.002847 -0.000069 0.505450 -0.915672 -0.000039
260.100000 -0.000050 -0.002847 -0.000069 0.507638 -0.914461 -0.000040
260.250000 -0.000049 -0.002847 -0.000069 0.509824 -0.913244 -0.000040
260.400000 -0.000048 -0.002848 -0.000069 0.512006 -0.912021 -0.000040
260.550000 -0.000047 -0.002848 -0.000069 0.514186 -0.910793 -0.000040
260.700000 -0.000047 -0.002848 -0.000069 0.516362 -0.909560 -0.000040
260.850000 -0.000046 -0.002848 -0.000069 0.518535 -0.908322 -0.000040
261.000000 -0.000045 -0.002849 -0.000069 0.520706 -0.907078 -0.000040
261.150000 -0.000044 -0.002849 -0.000069 0.522873 -0.905829 -0.000040
261.300000 -0.000043 -0.002849 -0.000069 0.525037 -0.904574 -0.000040
261.450000 -0.000042 -0.002850 -0.000069 0.527199 -0.903315 -0.000040
261.600000 -0.000041 -0.002850 -0.000069 0.529357 -0.902050 -0.000040
261.750000 -0.000040 -0.002850 -0.000069 0.531512 -0.900780 -0.000040
261.900000 -0.000039 -0.002850 -0.000069 0.533664 -0.899504 -0.000040
262.050000 -0.000039 -0.002851 -0.000069 0.535813 -0.898223 -0.000040
262.200000 -0.000038 -0.002851 -0.000069 0.537958 -0.896937 -0.000040
262.350000 -0.000037 -0.002851 -0.000069 0.540101 -0.895646 -0.000040
262.500000 -0.000036 -0.002852 -0.000069 0.542240 -0.894350 -0.000040
262.650000 -0.000035 -0.002852 -0.000069 0.544377 -0.893048 -0.000040
262.800000 -0.000034 -0.002852 -0.000069 0.546510 -0.891741 -0.000040
262.950000 -0.000033 -0.002852 -0.000069 0.548639 -0.890429 -0.000041
263.100000 -0.000032 -0.002853 -0.000069 0.550766 -0.889111 -0.000041
263.250000 -0.000031 -0.002853 -0.000069 0.552890 -0.887789 -0.000041
263.400000 -0.000030 -0.002853 -0.000069 0.555010 -0.886461 -0.000041
263.550000 -0.000030 -0.002853 -0.000069 0.557127 -0.885128 -0.000041
263.700000 -0.000029 -0.002854 -0.000069 0.559241 -0.883790 -0.000041
263.850000 -0.000028 -0.002854 -0.000069 0.561351 -0.882447 -0.000041
264.000000 -0.000027 -0.002854 -0.000069 0.563458 -0.881098 -0.000041
264.150000 -0.000026 -0.002855 -0.000070 0.565562 -0.879745 -0.000041
264.300000 -0.000025 -0.002855 -0.000070 0.567663 -0.878386 -0.000041
264.450000 -0.000024 -0.002855 -0.000070 0.569760 -0.877022 -0.000041
264.600000 -0.000023 -0.002855 -0.000070 0.571854 -0.875653 -0.000041
264.750000 -0.000022 -0.002856 -0.000070 0.573945 -0.874279 -0.000041
264.900000 -0.000022 -0.002856 -0.000070 0.576032 -0.872899 -0.000041
265.050000 -0.000021 -0.002856 -0.000070 0.578116 -0.871515 -0.000041
265.200000 -0.000020 -0.002857 -0.000070 0.580196 -0.870126 -0.000041
265.350000 -0.000019 -0.002857 -0.000070 0.582273 -0.868731 -0.000041
265.500000 -0.000018 -0.002857 -0.000070 0.584347 -0.867331 -0.000041
265.650000 -0.000017 -0.002857 -0.000070 0.586418 -0.865927 -0.000042
265.800000 -0.000016 -0.002858 -0.000070 0.588484 -0.864517 -0.000042
265.950000 -0.000015 -0.002858 -0.000070 0.590548 -0.863102 -0.000042
266.100000 -0.000014 -0.002858 -0.000070 0.592608 -0.861682 -0.000042
266.250000 -0.000013 -0.002859 -0.000070 0.594664 -0.860257 -0.000042
266.400000 -0.000013 -0.002859 -0.000070 0.596718 -0.858827 -0.000042
266.550000 -0.000012 -0.002859 -0.000070 0.598767 -0.857392 -0.000042
266.700000 -0.000011 -0.002859 -0.000070 0.600813 -0.855952 -0.000042
266.850000 -0.000010 -0.002860 -0.000070 0.602856 -0.854507 -0.000042
267.000000 -0.000009 -0.002860 -0.000070 0.604895 -0.853057 -0.000042
267.150000 -0.000008 -0.002860 -0.000070 0.606930 -0.851602 -0.000042
267.300000 -0.000007 -0.002861 -0.000070 0.608962 -0.850142 -0.000042
267.450000 -0.000006 -0.002861 -0.000070 0.610991 -0.848677 -0.000042
267.600000 -0.000005 -0.002861 -0.000070 0.613016 -0.847207 -0.000042
267.750000 -0.000005 -0.002861 -0.000070 0.615037 -0.845732 -0.000042
267.900000 -0.000004 -0.002862 -0.000070 0.617055 -0.844252 -0.000042
268.050000 -0.000003 -0.002862 -0.000070 0.619069 -0.842768 -0.000042
268.200000 -0.000002 -0.002862 -0.000070 0.621079 -0.841278 -0.000043
268.350000 -0.000001 -0.002863 -0.000070 0.623086 -0.839783 -0.000043
268.500000 -0.000000 -0.002863 -0.000070 0.625089 -0.838284 -0.000043
268.650000 0.000001 -0.002863 -0.000070 0.627089 -0.836779 -0.000043
268.800000 0.000002 -0.002863 -0.000070 0.629085 -0.835270 -0.000043
268.950000 0.000003 -0.002864 -0.000070 0.631077 -0.833756 -0.000043
269.100000 0.000004 -0.002864 -0.000070 0.633066 -0.832236 -0.000043
269.250000 0.000004 -0.002864 -0.000070 0.635050 -0.830712 -0.000043
269.400000 0.000005 -0.002865 -0.000070 0.637031 -0.829184 -0.000043
269.550000 0.000006 -0.002865 -0.000070 0.639009 -0.827650 -0.000043
269.700000 0.000007 -0.002865 -0.000070 0.640983 -0.826111 -0.000043
269.850000 0.000008 -0.002865 -0.000070 0.642952 -0.824568 -0.000043
270.000000 0.000009 -0.002866 -0.000070 0.644919 -0.823020 -0.000043
270.150000 0.000010 -0.002866 -0.000070 0.646881 -0.821467 -0.000043
270.300000 0.000011 -0.002866 -0.000070 0.648840 -0.819909 -0.000043
270.450000 0.000012 -0.002867 -0.000070 0.650794 -0.818346 -0.000043
270.600000 0.000012 -0.002867 -0.000070 0.652745 -0.816779 -0.000043
270.750000 0.000013 -0.002867 -0.000070 0.654693 -0.815207 -0.000044
270.900000 0.000014 -0.002867 -0.000070 0.656636 -0.813630 -0.000044
271.050000 0.000015 -0.002868 -0.000070 0.658576 -0.812048 -0.000044
271.200000 0.000016 -0.002868 -0.000070 0.660511 -0.810461 -0.000044
271.350000 0.000017 -0.002868 -0.000070 0.662443 -0.808870 -0.000044
271.500000 0.000018 -0.002869 -0.000070 0.664371 -0.807274 -0.000044
271.650000 0.000019 -0.002869 -0.000070 0.666295 -0.805673 -0.000044
271.800000 0.000020 -0.002869 -0.000070 0.668215 -0.804068 -0.000044
271.950000 0.000021 -0.002869 -0.000071 0.670131 -0.802458 -0.000044
272.100000 0.000021 -0.002870 -0.000071 0.672044 -0.800843 -0.000044
272.250000 0.000022 -0.002870 -0.000071 0.673952 -0.799224 -0.000044
272.400000 0.000023 -0.002870 -0.000071 0.675857 -0.797599 -0.000044
272.550000 0.000024 -0.002871 -0.000071 0.677757 -0.795971 -0.000044
272.700000 0.000025 -0.002871 -0.000071 0.679654 -0.794337 -0.000044
272.850000 0.000026 -0.002871 -0.000071 0.681546 -0.792699 -0.000044
273.000000 0.000027 -0.002871 -0.000071 0.683435 -0.791056 -0.000044
273.150000 0.000028 -0.002872 -0.000071 0.685320 -0.789409 -0.000045
273.300000 0.000029 -0.002872 -0.000071 0.687200 -0.787756 -0.000045
273.450000 0.000030 -0.002872 -0.000071 0.689077 -0.786100 -0.000045
273.600000 0.000030 -0.002873 -0.000071 0.690949 -0.784439 -0.000045
273.750000 0.000031 -0.002873 -0.000071 0.692818 -0.782773 -0.000045
273.900000 0.000032 -0.002873 -0.000071 0.694682 -0.781102 -0.000045
274.050000 0.000033 -0.002873 -0.000071 0.696543 -0.779427 -0.000045
274.200000 0.000034 -0.002874 -0.000071 0.698399 -0.777748 -0.000045
274.350000 0.000035 -0.002874 -0.000071 0.700251 -0.776063 -0.000045
274.500000 0.000036 -0.002874 -0.000071 0.702099 -0.774375 -0.000045
274.650000 0.000037 -0.002875 -0.000071 0.703943 -0.772681 -0.000045
274.800000 0.000038 -0.002875 -0.000071 0.705783 -0.770984 -0.000045
274.950000 0.000038 -0.002875 -0.000071 0.707619 -0.769281 -0.000045
275.100000 0.000039 -0.002875 -0.000071 0.709451 -0.767575 -0.000045
275.250000 0.000040 -0.002876 -0.000071 0.711278 -0.765863 -0.000045
275.400000 0.000041 -0.002876 -0.000071 0.713101 -0.764148 -0.000046
275.550000 0.000042 -0.002876 -0.000071 0.714921 -0.762427 -0.000046
275.700000 0.000043 -0.002876 -0.000071 0.716736 -0.760703 -0.000046
275.850000 0.000044 -0.002877 -0.000071 0.718546 -0.758973 -0.000046
276.000000 0.000045 -0.002877 -0.000071 0.720353 -0.757240 -0.000046
276.150000 0.000046 -0.002877 -0.000071 0.722155 -0.755502 -0.000046
276.300000 0.000047 -0.002878 -0.000071 0.723953 -0.753759 -0.000046
276.450000 0.000047 -0.002878 -0.000071 0.725747 -0.752012 -0.000046
276.600000 0.000048 -0.002878 -0.000071 0.727537 -0.750261 -0.000046
276.750000 0.000049 -0.002878 -0.000071 0.729322 -0.748505 -0.000046
276.900000 0.000050 -0.002879 -0.000071 0.731103 -0.746745 -0.000046
277.050000 0.000051 -0.002879 -0.000071 0.732880 -0.744981 -0.000046
277.200000 0.000052 -0.002879 -0.000071 0.734653 -0.743212 -0.000046
277.350000 0.000053 -0.002880 -0.000071 0.736421 -0.741439 -0.000046
277.500000 0.000054 -0.002880 -0.000071 0.738185 -0.739661 -0.000047
277.650000 0.000055 -0.002880 -0.000071 0.739945 -0.737880 -0.000047
277.800000 0.000055 -0.002880 -0.000071 0.741700 -0.736093 -0.000047
277.950000 0.000056 -0.002881 -0.000071 0.743451 -0.734303 -0.000047
278.100000 0.000057 -0.002881 -0.000071 0.745197 -0.732508 -0.000047
278.250000 0.000058 -0.002881 -0.000071 0.746940 -0.730709 -0.000047
278.400000 0.000059 -0.002882 -0.000071 0.748677 -0.728906 -0.000047
278.550000 0.000060 -0.002882 -0.000071 0.750411 -0.727098 -0.000047
278.700000 0.000061 -0.002882 -0.000071 0.752140 -0.725286 -0.000047
278.850000 0.000062 -0.002882 -0.000071 0.753865 -0.723470 -0.000047
279.000000 0.000063 -0.002883 -0.000071 0.755585 -0.721650 -0.000047
279.150000 0.000064 -0.002883 -0.000071 0.757301 -0.719825 -0.000047
279.300000 0.000064 -0.002883 -0.000071 0.759012 -0.717996 -0.000047
279.450000 0.000065 -0.002884 -0.000071 0.760719 -0.716163 -0.000047
279.600000 0.000066 -0.002884 -0.000072 0.762421 -0.714326 -0.000047
279.750000 0.000067 -0.002884 -0.000072 0.764119 -0.712484 -0.000048
279.900000 0.000068 -0.002884 -0.000072 0.765813 -0.710639 -0.000048
280.050000 0.000069 -0.002885 -0.000072 0.767502 -0.708789 -0.000048
280.200000 0.000070 -0.002885 -0.000072 0.769187 -0.706935 -0.000048
280.350000 0.000071 -0.002885 -0.000072 0.770867 -0.705077 -0.000048
280.500000 0.000072 -0.002886 -0.000072 0.772542 -0.703215 -0.000048
280.650000 0.000072 -0.002886 -0.000072 0.774213 -0.701348 -0.000048
280.800000 0.000073 -0.002886 -0.000072 0.775880 -0.699478 -0.000048
280.950000 0.000074 -0.002886 -0.000072 0.777542 -0.697603 -0.000048
281.100000 0.000075 -0.002887 -0.000072 0.779199 -0.695725 -0.000048
281.250000 0.000076 -0.002887 -0.000072 0.780852 -0.693842 -0.000048
281.400000 0.000077 -0.002887 -0.000072 0.782500 -0.691955 -0.000048
281.550000 0.000078 -0.002888 -0.000072 0.784144 -0.690064 -0.000048
281.700000 0.000079 -0.002888 -0.000072 0.785783 -0.688169 -0.000048
281.850000 0.000080 -0.002888 -0.000072 0.787417 -0.686270 -0.000049
282.000000 0.000081 -0.002888 -0.000072 0.789047 -0.684367 -0.000049
282.150000 0.000081 -0.002889 -0.000072 0.790672 -0.682460 -0.000049
282.300000 0.000082 -0.002889 -0.000072 0.792293 -0.680549 -0.000049
282.450000 0.000083 -0.002889 -0.000072 0.793908 -0.678634 -0.000049
282.600000 0.000084 -0.002890 -0.000072 0.795520 -0.676715 -0.000049
282.750000 0.000085 -0.002890 -0.000072 0.797126 -0.674792 -0.000049
282.900000 0.000086 -0.002890 -0.000072 0.798728 -0.672865 -0.000049
283.050000 0.000087 -0.002890 -0.000072 0.800325 -0.670935 -0.000049
283.200000 0.000088 -0.002891 -0.000072 0.801918 -0.669000 -0.000049
283.350000 0.000089 -0.002891 -0.000072 0.803506 -0.667061 -0.000049
283.500000 0.000090 -0.002891 -0.000072 0.805089 -0.665118 -0.000049
283.650000 0.000090 -0.002892 -0.000072 0.806667 -0.663172 -0.000049
283.800000 0.000091 -0.002892 -0.000072 0.808241 -0.661221 -0.000050
283.950000 0.000092 -0.002892 -0.000072 0.809810 -0.659267 -0.000050
284.100000 0.000093 -0.002892 -0.000072 0.811374 -0.657309 -0.000050
284.250000 0.000094 -0.002893 -0.000072 0.812933 -0.655347 -0.000050
284.400000 0.000095 -0.002893 -0.000072 0.814488 -0.653381 -0.000050
284.550000 0.000096 -0.002893 -0.000072 0.816038 -0.651411 -0.000050
284.700000 0.000097 -0.002894 -0.000072 0.817583 -0.649438 -0.000050
284.850000 0.000098 -0.002894 -0.000072 0.819123 -0.647460 -0.000050
285.000000 0.000098 -0.002894 -0.000072 0.820659 -0.645479 -0.000050
285.150000 0.000099 -0.002894 -0.000072 0.822189 -0.643494 -0.000050
285.300000 0.000100 -0.002895 -0.000072 0.823715 -0.641505 -0.000050
285.450000 0.000101 -0.002895 -0.000072 0.825236 -0.639513 -0.000050
285.600000 0.000102 -0.002895 -0.000072 0.826752 -0.637517 -0.000050
285.750000 0.000103 -0.002896 -0.000072 0.828264 -0.635517 -0.000051
285.900000 0.000104 -0.002896 -0.000072 0.829770 -0.633513 -0.000051
286.050000 0.000105 -0.002896 -0.000072 0.831272 -0.631506 -0.000051
286.200000 0.000106 -0.002896 -0.000072 0.832768 -0.629494 -0.000051
286.350000 0.000107 -0.002897 -0.000072 0.834260 -0.627479 -0.000051
286.500000 0.000107 -0.002897 -0.000072 0.835747 -0.625461 -0.000051
286.650000 0.000108 -0.002897 -0.000072 0.837229 -0.623439 -0.000051
286.800000 0.000109 -0.002898 -0.000072 0.838706 -0.621413 -0.000051
286.950000 0.000110 -0.002898 -0.000072 0.840178 -0.619383 -0.000051
287.100000 0.000111 -0.002898 -0.000072 0.841645 -0.617350 -0.000051
287.250000 0.000112 -0.002898 -0.000073 0.843107 -0.615313 -0.000051
287.400000 0.000113 -0.002899 -0.000073 0.844565 -0.613273 -0.000051
287.550000 0.000114 -0.002899 -0.000073 0.846017 -0.611229 -0.000051
287.700000 0.000115 -0.002899 -0.000073 0.847465 -0.609181 -0.000052
287.850000 0.000116 -0.002900 -0.000073 0.848907 -0.607130 -0.000052
288.000000 0.000116 -0.002900 -0.000073 0.850344 -0.605075 -0.000052
288.150000 0.000117 -0.002900 -0.000073 0.851777 -0.603017 -0.000052
288.300000 0.000118 -0.002900 -0.000073 0.853204 -0.600955 -0.000052
288.450000 0.000119 -0.002901 -0.000073 0.854626 -0.598890 -0.000052
288.600000 0.000120 -0.002901 -0.000073 0.856044 -0.596821 -0.000052
288.750000 0.000121 -0.002901 -0.000073 0.857456 -0.594748 -0.000052
288.900000 0.000122 -0.002902 -0.000073 0.858863 -0.592672 -0.000052
289.050000 0.000123 -0.002902 -0.000073 0.860266 -0.590593 -0.000052
289.200000 0.000124 -0.002902 -0.000073 0.861663 -0.588510 -0.000052
289.350000 0.000124 -0.002902 -0.000073 0.863055 -0.586424 -0.000052
289.500000 0.000125 -0.002903 -0.000073 0.864442 -0.584334 -0.000052
289.650000 0.000126 -0.002903 -0.000073 0.865824 -0.582241 -0.000053
289.800000 0.000127 -0.002903 -0.000073 0.867201 -0.580144 -0.000053
289.950000 0.000128 -0.002904 -0.000073 0.868573 -0.578044 -0.000053
290.100000 0.000129 -0.002904 -0.000073 0.869939 -0.575940 -0.000053
290.250000 0.000130 -0.002904 -0.000073 0.871301 -0.573833 -0.000053
290.400000 0.000131 -0.002904 -0.000073 0.872657 -0.571723 -0.000053
290.550000 0.000132 -0.002905 -0.000073 0.874009 -0.569610 -0.000053
290.700000 0.000133 -0.002905 -0.000073 0.875355 -0.567493 -0.000053
290.850000 0.000133 -0.002905 -0.000073 0.876696 -0.565372 -0.000053
291.000000 0.000134 -0.002906 -0.000073 0.878032 -0.563249 -0.000053
291.150000 0.000135 -0.002906 -0.000073 0.879362 -0.561122 -0.000053
291.300000 0.000136 -0.002906 -0.000073 0.880688 -0.558991 -0.000053
291.450000 0.000137 -0.002906 -0.000073 0.882008 -0.556858 -0.000054
291.600000 0.000138 -0.002907 -0.000073 0.883323 -0.554721 -0.000054
291.750000 0.000139 -0.002907 -0.000073 0.884633 -0.552581 -0.000054
291.900000 0.000140 -0.002907 -0.000073 0.885938 -0.550438 -0.000054
292.050000 0.000141 -0.002908 -0.000073 0.887237 -0.548291 -0.000054
292.200000 0.000142 -0.002908 -0.000073 0.888532 -0.546141 -0.000054
292.350000 0.000142 -0.002908 -0.000073 0.889821 -0.543988 -0.000054
292.500000 0.000143 -0.002908 -0.000073 0.891105 -0.541832 -0.000054
292.650000 0.000144 -0.002909 -0.000073 0.892383 -0.539673 -0.000054
292.800000 0.000145 -0.002909 -0.000073 0.893656 -0.537510 -0.000054
292.950000 0.000146 -0.002909 -0.000073 0.894925 -0.535344 -0.000054
293.100000 0.000147 -0.002910 -0.000073 0.896187 -0.533175 -0.000054
293.250000 0.000148 -0.002910 -0.000073 0.897445 -0.531003 -0.000054
293.400000 0.000149 -0.002910 -0.000073 0.898697 -0.528828 -0.000055
293.550000 0.000150 -0.002910 -0.000073 0.899944 -0.526650 -0.000055
293.700000 0.000151 -0.002911 -0.000073 0.901186 -0.524469 -0.000055
293.850000 0.000151 -0.002911 -0.000073 0.902422 -0.522284 -0.000055
294.000000 0.000152 -0.002911 -0.000073 0.903653 -0.520096 -0.000055
294.150000 0.000153 -0.002912 -0.000073 0.904879 -0.517906 -0.000055
294.300000 0.000154 -0.002912 -0.000073 0.906099 -0.515712 -0.000055
294.450000 0.000155 -0.002912 -0.000073 0.907314 -0.513515 -0.000055
294.600000 0.000156 -0.002912 -0.000073 0.908524 -0.511316 -0.000055
294.750000 0.000157 -0.002913 -0.000073 0.909728 -0.509113 -0.000055
294.900000 0.000158 -0.002913 -0.000074 0.910927 -0.506907 -0.000055
295.050000 0.000159 -0.002913 -0.000074 0.912120 -0.504698 -0.000055
295.200000 0.000159 -0.002914 -0.000074 0.913309 -0.502487 -0.000056
295.350000 0.000160 -0.002914 -0.000074 0.914491 -0.500272 -0.000056
295.500000 0.000161 -0.002914 -0.000074 0.915669 -0.498054 -0.000056
295.650000 0.000162 -0.002914 -0.000074 0.916841 -0.495834 -0.000056
295.800000 0.000163 -0.002915 -0.000074 0.918008 -0.493610 -0.000056
295.950000 0.000164 -0.002915 -0.000074 0.919169 -0.491384 -0.000056
296.100000 0.000165 -0.002915 -0.000074 0.920325 -0.489155 -0.000056
296.250000 0.000166 -0.002916 -0.000074 0.921475 -0.486922 -0.000056
296.400000 0.000167 -0.002916 -0.000074 0.922620 -0.484687 -0.000056
296.550000 0.000168 -0.002916 -0.000074 0.923759 -0.482449 -0.000056
296.700000 0.000168 -0.002916 -0.000074 0.924893 -0.480209 -0.000056
296.850000 0.000169 -0.002917 -0.000074 0.926022 -0.477965 -0.000057
297.000000 0.000170 -0.002917 -0.000074 0.927145 -0.475719 -0.000057
297.150000 0.000171 -0.002917 -0.000074 0.928263 -0.473469 -0.000057
297.300000 0.000172 -0.002918 -0.000074 0.929375 -0.471217 -0.000057
297.450000 0.000173 -0.002918 -0.000074 0.930482 -0.468963 -0.000057
297.600000 0.000174 -0.002918 -0.000074 0.931583 -0.466705 -0.000057
297.750000 0.000175 -0.002918 -0.000074 0.932678 -0.464445 -0.000057
297.900000 0.000176 -0.002919 -0.000074 0.933769 -0.462182 -0.000057
298.050000 0.000177 -0.002919 -0.000074 0.934853 -0.459916 -0.000057
298.200000 0.000177 -0.002919 -0.000074 0.935932 -0.457647 -0.000057
298.350000 0.000178 -0.002920 -0.000074 0.937006 -0.455376 -0.000057
298.500000 0.000179 -0.002920 -0.000074 0.938074 -0.453102 -0.000057
298.650000 0.000180 -0.002920 -0.000074 0.939137 -0.450826 -0.000058
298.800000 0.000181 -0.002920 -0.000074 0.940194 -0.448547 -0.000058
298.950000 0.000182 -0.002921 -0.000074 0.941245 -0.446265 -0.000058
299.100000 0.000183 -0.002921 -0.000074 0.942291 -0.443980 -0.000058
299.250000 0.000184 -0.002921 -0.000074 0.943331 -0.441693 -0.000058
299.400000 0.000185 -0.002922 -0.000074 0.944366 -0.439403 -0.000058
299.550000 0.000186 -0.002922 -0.000074 0.945395 -0.437111 -0.000058
299.700000 0.000186 -0.002922 -0.000074 0.946419 -0.434816 -0.000058
299.850000 0.000187 -0.002922 -0.000074 0.947437 -0.432518 -0.000058
300.000000 0.000188 -0.002923 -0.000074 0.948449 -0.430218 -0.000058
300.150000 0.000189 -0.002923 -0.000074 0.949456 -0.427916 -0.000058
300.300000 0.000190 -0.002923 -0.000074 0.950457 -0.425611 -0.000058
300.450000 0.000191 -0.002924 -0.000074 0.951453 -0.423303 -0.000059
300.600000 0.000192 -0.002924 -0.000074 0.952443 -0.420993 -0.000059
300.750000 0.000193 -0.002924 -0.000074 0.953427 -0.418680 -0.000059
300.900000 0.000194 -0.002924 -0.000074 0.954406 -0.416365 -0.000059
301.050000 0.000195 -0.002925 -0.000074 0.955379 -0.414048 -0.000059
301.200000 0.000195 -0.002925 -0.000074 0.956346 -0.411728 -0.000059
301.350000 0.000196 -0.002925 -0.000074 0.957308 -0.409405 -0.000059
301.500000 0.000197 -0.002926 -0.000074 0.958264 -0.407080 -0.000059
301.650000 0.000198 -0.002926 -0.000074 0.959215 -0.404753 -0.000059
301.800000 0.000199 -0.002926 -0.000074 0.960159 -0.402423 -0.000059
301.950000 0.000200 -0.002926 -0.000074 0.961098 -0.400091 -0.000059
302.100000 0.000201 -0.002927 -0.000074 0.962032 -0.397757 -0.000060
302.250000 0.000202 -0.002927 -0.000074 0.962959 -0.395420 -0.000060
302.400000 0.000203 -0.002927 -0.000074 0.963881 -0.393081 -0.000060
302.550000 0.000203 -0.002928 -0.000075 0.964798 -0.390740 -0.000060
302.700000 0.000204 -0.002928 -0.000075 0.965708 -0.388396 -0.000060
302.850000 0.000205 -0.002928 -0.000075 0.966613 -0.386050 -0.000060
303.000000 0.000206 -0.002928 -0.000075 0.967512 -0.383702 -0.000060
303.150000 0.000207 -0.002929 -0.000075 0.968406 -0.381351 -0.000060
303.300000 0.000208 -0.002929 -0.000075 0.969293 -0.378998 -0.000060
303.450000 0.000209 -0.002929 -0.000075 0.970175 -0.376643 -0.000060
303.600000 0.000210 -0.002930 -0.000075 0.971051 -0.374286 -0.000060
303.750000 0.000211 -0.002930 -0.000075 0.971922 -0.371926 -0.000061
303.900000 0.000212 -0.002930 -0.000075 0.972787 -0.369564 -0.000061
304.050000 0.000212 -0.002930 -0.000075 0.973645 -0.367201 -0.000061
304.200000 0.000213 -0.002931 -0.000075 0.974499 -0.364834 -0.000061
304.350000 0.000214 -0.002931 -0.000075 0.975346 -0.362466 -0.000061
304.500000 0.000215 -0.002931 -0.000075 0.976188 -0.360096 -0.000061
304.650000 0.000216 -0.002932 -0.000075 0.977023 -0.357723 -0.000061
304.800000 0.000217 -0.002932 -0.000075 0.977853 -0.355349 -0.000061
304.950000 0.000218 -0.002932 -0.000075 0.978678 -0.352972 -0.000061
305.100000 0.000219 -0.002932 -0.000075 0.979496 -0.350593 -0.000061
305.250000 0.000220 -0.002933 -0.000075 0.980309 -0.348212 -0.000061
305.400000 0.000221 -0.002933 -0.000075 0.981116 -0.345829 -0.000062
305.550000 0.000221 -0.002933 -0.000075 0.981917 -0.343444 -0.000062
305.700000 0.000222 -0.002934 -0.000075 0.982712 -0.341057 -0.000062
305.850000 0.000223 -0.002934 -0.000075 0.983501 -0.338668 -0.000062
306.000000 0.000224 -0.002934 -0.000075 0.984285 -0.336277 -0.000062
306.150000 0.000225 -0.002934 -0.000075 0.985062 -0.333884 -0.000062
306.300000 0.000226 -0.002935 -0.000075 0.985834 -0.331489 -0.000062
306.450000 0.000227 -0.002935 -0.000075 0.986600 -0.329092 -0.000062
306.600000 0.000228 -0.002935 -0.000075 0.987360 -0.326693 -0.000062
306.750000 0.000229 -0.002936 -0.000075 0.988115 -0.324292 -0.000062
306.900000 0.000230 -0.002936 -0.000075 0.988863 -0.321889 -0.000062
307.050000 0.000230 -0.002936 -0.000075 0.989606 -0.319484 -0.000063
307.200000 0.000231 -0.002936 -0.000075 0.990342 -0.317077 -0.000063
307.350000 0.000232 -0.002937 -0.000075 0.991073 -0.314669 -0.000063
307.500000 0.000233 -0.002937 -0.000075 0.991798 -0.312259 -0.000063
307.650000 0.000234 -0.002937 -0.000075 0.992517 -0.309846 -0.000063
307.800000 0.000235 -0.002938 -0.000075 0.993230 -0.307432 -0.000063
307.950000 0.000236 -0.002938 -0.000075 0.993937 -0.305016 -0.000063
308.100000 0.000237 -0.002938 -0.000075 0.994639 -0.302599 -0.000063
308.250000 0.000238 -0.002938 -0.000075 0.995334 -0.300179 -0.000063
308.400000 0.000239 -0.002939 -0.000075 0.996024 -0.297758 -0.000063
308.550000 0.000239 -0.002939 -0.000075 0.996707 -0.295335 -0.000063
308.700000 0.000240 -0.002939 -0.000075 0.997385 -0.292910 -0.000064
308.850000 0.000241 -0.002940 -0.000075 0.998057 -0.290483 -0.000064
309.000000 0.000242 -0.002940 -0.000075 0.998723 -0.288055 -0.000064
309.150000 0.000243 -0.002940 -0.000075 0.999383 -0.285625 -0.000064
309.300000 0.000244 -0.002941 -0.000075 1.000037 -0.283193 -0.000064
309.450000 0.000245 -0.002941 -0.000075 1.000685 -0.280760 -0.000064
309.600000 0.000246 -0.002941 -0.000075 1.001327 -0.278325 -0.000064
309.750000 0.000247 -0.002941 -0.000075 1.001963 -0.275888 -0.000064
309.900000 0.000248 -0.002942 -0.000075 1.002593 -0.273450 -0.000064
310.050000 0.000248 -0.002942 -0.000075 1.003217 -0.271010 -0.000064
310.200000 0.000249 -0.002942 -0.000076 1.003836 -0.268569 -0.000064
310.350000 0.000250 -0.002943 -0.000076 1.004448 -0.266125 -0.000065
310.500000 0.000251 -0.002943 -0.000076 1.005054 -0.263681 -0.000065
310.650000 0.000252 -0.002943 -0.000076 1.005655 -0.261234 -0.000065
310.800000 0.000253 -0.002943 -0.000076 1.006249 -0.258786 -0.000065
310.950000 0.000254 -0.002944 -0.000076 1.006837 -0.256337 -0.000065
311.100000 0.000255 -0.002944 -0.000076 1.007420 -0.253886 -0.000065
311.250000 0.000256 -0.002944 -0.000076 1.007996 -0.251434 -0.000065
311.400000 0.000257 -0.002945 -0.000076 1.008567 -0.248980 -0.000065
311.550000 0.000257 -0.002945 -0.000076 1.009131 -0.246524 -0.000065
311.700000 0.000258 -0.002945 -0.000076 1.009690 -0.244068 -0.000065
311.850000 0.000259 -0.002945 -0.000076 1.010242 -0.241609 -0.000065
312.000000 0.000260 -0.002946 -0.000076 1.010788 -0.239150 -0.000066
312.150000 0.000261 -0.002946 -0.000076 1.011329 -0.236688 -0.000066
312.300000 0.000262 -0.002946 -0.000076 1.011863 -0.234226 -0.000066
312.450000 0.000263 -0.002947 -0.000076 1.012391 -0.231762 -0.000066
312.600000 0.000264 -0.002947 -0.000076 1.012914 -0.229297 -0.000066
312.750000 0.000265 -0.002947 -0.000076 1.013430 -0.226830 -0.000066
312.900000 0.000266 -0.002947 -0.000076 1.013940 -0.224362 -0.000066
313.050000 0.000266 -0.002948 -0.000076 1.014444 -0.221892 -0.000066
313.200000 0.000267 -0.002948 -0.000076 1.014942 -0.219422 -0.000066
313.350000 0.000268 -0.002948 -0.000076 1.015435 -0.216950 -0.000066
313.500000 0.000269 -0.002949 -0.000076 1.015921 -0.214476 -0.000066
313.650000 0.000270 -0.002949 -0.000076 1.016401 -0.212002 -0.000067
313.800000 0.000271 -0.002949 -0.000076 1.016875 -0.209526 -0.000067
313.950000 0.000272 -0.002949 -0.000076 1.017342 -0.207049 -0.000067
314.100000 0.000273 -0.002950 -0.000076 1.017804 -0.204571 -0.000067
314.250000 0.000274 -0.002950 -0.000076 1.018260 -0.202091 -0.000067
314.400000 0.000275 -0.002950 -0.000076 1.018710 -0.199610 -0.000067
314.550000 0.000275 -0.002951 -0.000076 1.019153 -0.197128 -0.000067
314.700000 0.000276 -0.002951 -0.000076 1.019591 -0.194645 -0.000067
314.850000 0.000277 -0.002951 -0.000076 1.020022 -0.192161 -0.000067
315.000000 0.000278 -0.002951 -0.000076 1.020448 -0.189676 -0.000067
315.150000 0.000279 -0.002952 -0.000076 1.020867 -0.187189 -0.000068
315.300000 0.000280 -0.002952 -0.000076 1.021280 -0.184701 -0.000068
315.450000 0.000281 -0.002952 -0.000076 1.021687 -0.182213 -0.000068
315.600000 0.000282 -0.002953 -0.000076 1.022088 -0.179723 -0.000068
315.750000 0.000283 -0.002953 -0.000076 1.022483 -0.177232 -0.000068
315.900000 0.000284 -0.002953 -0.000076 1.022872 -0.174740 -0.000068
316.050000 0.000284 -0.002953 -0.000076 1.023255 -0.172247 -0.000068
316.200000 0.000285 -0.002954 -0.000076 1.023631 -0.169753 -0.000068
316.350000 0.000286 -0.002954 -0.000076 1.024002 -0.167258 -0.000068
316.500000 0.000287 -0.002954 -0.000076 1.024366 -0.164762 -0.000068
316.650000 0.000288 -0.002955 -0.000076 1.024725 -0.162265 -0.000068
316.800000 0.000289 -0.002955 -0.000076 1.025077 -0.159767 -0.000069
316.950000 0.000290 -0.002955 -0.000076 1.025423 -0.157268 -0.000069
317.100000 0.000291 -0.002955 -0.000076 1.025763 -0.154768 -0.000069
317.250000 0.000292 -0.002956 -0.000076 1.026096 -0.152267 -0.000069
317.400000 0.000293 -0.002956 -0.000076 1.026424 -0.149766 -0.000069
317.550000 0.000293 -0.002956 -0.000076 1.026746 -0.147263 -0.000069
317.700000 0.000294 -0.002957 -0.000076 1.027061 -0.144760 -0.000069
317.850000 0.000295 -0.002957 -0.000077 1.027370 -0.142255 -0.000069
318.000000 0.000296 -0.002957 -0.000077 1.027673 -0.139750 -0.000069
318.150000 0.000297 -0.002957 -0.000077 1.027970 -0.137244 -0.000069
318.300000 0.000298 -0.002958 -0.000077 1.028261 -0.134737 -0.000070
318.450000 0.000299 -0.002958 -0.000077 1.028546 -0.132230 -0.000070
318.600000 0.000300 -0.002958 -0.000077 1.028824 -0.129721 -0.000070
318.750000 0.000301 -0.002959 -0.000077 1.029097 -0.127212 -0.000070
318.900000 0.000302 -0.002959 -0.000077 1.029363 -0.124702 -0.000070
319.050000 0.000302 -0.002959 -0.000077 1.029623 -0.122191 -0.000070
319.200000 0.000303 -0.002959 -0.000077 1.029877 -0.119680 -0.000070
319.350000 0.000304 -0.002960 -0.000077 1.030125 -0.117168 -0.000070
319.500000 0.000305 -0.002960 -0.000077 1.030366 -0.114655 -0.000070
319.650000 0.000306 -0.002960 -0.000077 1.030602 -0.112141 -0.000070
319.800000 0.000307 -0.002961 -0.000077 1.030831 -0.109627 -0.000070
319.950000 0.000308 -0.002961 -0.000077 1.031054 -0.107112 -0.000071
320.100000 0.000309 -0.002961 -0.000077 1.031271 -0.104597 -0.000071
320.250000 0.000310 -0.002961 -0.000077 1.031482 -0.102081 -0.000071
320.400000 0.000311 -0.002962 -0.000077 1.031686 -0.099564 -0.000071
320.550000 0.000311 -0.002962 -0.000077 1.031885 -0.097047 -0.000071
320.700000 0.000312 -0.002962 -0.000077 1.032077 -0.094529 -0.000071
320.850000 0.000313 -0.002963 -0.000077 1.032263 -0.092010 -0.000071
321.000000 0.000314 -0.002963 -0.000077 1.032443 -0.089491 -0.000071
321.150000 0.000315 -0.002963 -0.000077 1.032617 -0.086972 -0.000071
321.300000 0.000316 -0.002963 -0.000077 1.032784 -0.084452 -0.000071
321.450000 0.000317 -0.002964 -0.000077 1.032945 -0.081931 -0.000072
321.600000 0.000318 -0.002964 -0.000077 1.033100 -0.079410 -0.000072
321.750000 0.000319 -0.002964 -0.000077 1.033249 -0.076889 -0.000072
321.900000 0.000320 -0.002965 -0.000077 1.033392 -0.074367 -0.000072
322.050000 0.000320 -0.002965 -0.000077 1.033529 -0.071844 -0.000072
322.200000 0.000321 -0.002965 -0.000077 1.033659 -0.069322 -0.000072
322.350000 0.000322 -0.002965 -0.000077 1.033783 -0.066798 -0.000072
322.500000 0.000323 -0.002966 -0.000077 1.033901 -0.064275 -0.000072
322.650000 0.000324 -0.002966 -0.000077 1.034013 -0.061751 -0.000072
322.800000 0.000325 -0.002966 -0.000077 1.034118 -0.059226 -0.000072
322.950000 0.000326 -0.002967 -0.000077 1.034218 -0.056701 -0.000073
323.100000 0.000327 -0.002967 -0.000077 1.034311 -0.054176 -0.000073
323.250000 0.000328 -0.002967 -0.000077 1.034398 -0.051651 -0.000073
323.400000 0.000329 -0.002967 -0.000077 1.034479 -0.049125 -0.000073
323.550000 0.000329 -0.002968 -0.000077 1.034553 -0.046599 -0.000073
323.700000 0.000330 -0.002968 -0.000077 1.034622 -0.044073 -0.000073
323.850000 0.000331 -0.002968 -0.000077 1.034684 -0.041546 -0.000073
324.000000 0.000332 -0.002969 -0.000077 1.034740 -0.039019 -0.000073
324.150000 0.000333 -0.002969 -0.000077 1.034789 -0.036492 -0.000073
324.300000 0.000334 -0.002969 -0.000077 1.034833 -0.033965 -0.000073
324.450000 0.000335 -0.002969 -0.000077 1.034870 -0.031438 -0.000073
324.600000 0.000336 -0.002970 -0.000077 1.034901 -0.028910 -0.000074
324.750000 0.000337 -0.002970 -0.000077 1.034926 -0.026382 -0.000074
324.900000 0.000338 -0.002970 -0.000077 1.034945 -0.023854 -0.000074
325.050000 0.000338 -0.002971 -0.000077 1.034957 -0.021326 -0.000074
325.200000 0.000339 -0.002971 -0.000077 1.034963 -0.018798 -0.000074
325.350000 0.000340 -0.002971 -0.000077 1.034963 -0.016270 -0.000074
325.500000 0.000341 -0.002971 -0.000078 1.034957 -0.013741 -0.000074
325.650000 0.000342 -0.002972 -0.000078 1.034945 -0.011213 -0.000074
325.800000 0.000343 -0.002972 -0.000078 1.034926 -0.008684 -0.000074
325.950000 0.000344 -0.002972 -0.000078 1.034901 -0.006155 -0.000074
326.100000 0.000345 -0.002973 -0.000078 1.034870 -0.003627 -0.000075
326.250000 0.000346 -0.002973 -0.000078 1.034833 -0.001098 -0.000075
326.400000 0.000347 -0.002973 -0.000078 1.034789 0.001431 -0.000075
326.550000 0.000347 -0.002973 -0.000078 1.034740 0.003959 -0.000075
326.700000 0.000348 -0.002974 -0.000078 1.034684 0.006488 -0.000075
326.850000 0.000349 -0.002974 -0.000078 1.034621 0.009016 -0.000075
327.000000 0.000350 -0.002974 -0.000078 1.034553 0.011545 -0.000075
327.150000 0.000351 -0.002975 -0.000078 1.034478 0.014074 -0.000075
327.300000 0.000352 -0.002975 -0.000078 1.034397 0.016602 -0.000075
327.450000 0.000353 -0.002975 -0.000078 1.034310 0.019130 -0.000075
327.600000 0.000354 -0.002975 -0.000078 1.034217 0.021658 -0.000076
327.750000 0.000355 -0.002976 -0.000078 1.034117 0.024186 -0.000076
327.900000 0.000356 -0.002976 -0.000078 1.034012 0.026714 -0.000076
328.050000 0.000356 -0.002976 -0.000078 1.033900 0.029242 -0.000076
328.200000 0.000357 -0.002977 -0.000078 1.033781 0.031770 -0.000076
328.350000 0.000358 -0.002977 -0.000078 1.033657 0.034297 -0.000076
328.500000 0.000359 -0.002977 -0.000078 1.033526 0.036824 -0.000076
328.650000 0.000360 -0.002978 -0.000078 1.033389 0.039351 -0.000076
328.800000 0.000361 -0.002978 -0.000078 1.033246 0.041878 -0.000076
328.950000 0.000362 -0.002978 -0.000078 1.033097 0.044404 -0.000076
329.100000 0.000363 -0.002978 -0.000078 1.032941 0.046930 -0.000077
329.250000 0.000364 -0.002979 -0.000078 1.032780 0.049456 -0.000077
329.400000 0.000365 -0.002979 -0.000078 1.032612 0.051982 -0.000077
329.550000 0.000365 -0.002979 -0.000078 1.032437 0.054507 -0.000077
329.700000 0.000366 -0.002980 -0.000078 1.032257 0.057032 -0.000077
329.850000 0.000367 -0.002980 -0.000078 1.032070 0.059556 -0.000077
330.000000 0.000368 -0.002980 -0.000078 1.031877 0.062081 -0.000077
330.150000 0.000369 -0.002980 -0.000078 1.031678 0.064605 -0.000077
330.300000 0.000370 -0.002981 -0.000078 1.031473 0.067128 -0.000077
330.450000 0.000371 -0.002981 -0.000078 1.031262 0.069651 -0.000077
330.600000 0.000372 -0.002981 -0.000078 1.031044 0.072174 -0.000077
330.750000 0.000373 -0.002982 -0.000078 1.030820 0.074696 -0.000078
330.900000 0.000374 -0.002982 -0.000078 1.030590 0.077218 -0.000078
331.050000 0.000375 -0.002982 -0.000078 1.030353 0.079739 -0.000078
331.200000 0.000375 -0.002982 -0.000078 1.030110 0.082260 -0.000078
331.350000 0.000376 -0.002983 -0.000078 1.029862 0.084780 -0.000078
331.500000 0.000377 -0.002983 -0.000078 1.029607 0.087300 -0.000078
331.650000 0.000378 -0.002983 -0.000078 1.029345 0.089819 -0.000078
331.800000 0.000379 -0.002984 -0.000078 1.029078 0.092337 -0.000078
331.950000 0.000380 -0.002984 -0.000078 1.028804 0.094856 -0.000078
332.100000 0.000381 -0.002984 -0.000078 1.028524 0.097373 -0.000078
332.250000 0.000382 -0.002984 -0.000078 1.028238 0.099890 -0.000079
332.400000 0.000383 -0.002985 -0.000078 1.027946 0.102406 -0.000079
332.550000 0.000384 -0.002985 -0.000078 1.027647 0.104922 -0.000079
332.700000 0.000384 -0.002985 -0.000078 1.027342 0.107437 -0.000079
332.850000 0.000385 -0.002986 -0.000078 1.027031 0.109952 -0.000079
333.000000 0.000386 -0.002986 -0.000078 1.026714 0.112465 -0.000079
333.150000 0.000387 -0.002986 -0.000079 1.026391 0.114979 -0.000079
333.300000 0.000388 -0.002986 -0.000079 1.026061 0.117491 -0.000079
333.450000 0.000389 -0.002987 -0.000079 1.025726 0.120003 -0.000079
333.600000 0.000390 -0.002987 -0.000079 1.025384 0.122514 -0.000079
333.750000 0.000391 -0.002987 -0.000079 1.025035 0.125024 -0.000080
333.900000 0.000392 -0.002988 -0.000079 1.024681 0.127533 -0.000080
334.050000 0.000393 -0.002988 -0.000079 1.024320 0.130042 -0.000080
334.200000 0.000393 -0.002988 -0.000079 1.023954 0.132550 -0.000080
334.350000 0.000394 -0.002988 -0.000079 1.023581 0.135057 -0.000080
334.500000 0.000395 -0.002989 -0.000079 1.023202 0.137563 -0.000080
334.650000 0.000396 -0.002989 -0.000079 1.022816 0.140069 -0.000080
334.800000 0.000397 -0.002989 -0.000079 1.022425 0.142573 -0.000080
334.950000 0.000398 -0.002990 -0.000079 1.022027 0.145077 -0.000080
335.100000 0.000399 -0.002990 -0.000079 1.021623 0.147580 -0.000080
335.250000 0.000400 -0.002990 -0.000079 1.021213 0.150082 -0.000081
335.400000 0.000401 -0.002990 -0.000079 1.020797 0.152583 -0.000081
335.550000 0.000402 -0.002991 -0.000079 1.020374 0.155083 -0.000081
335.700000 0.000402 -0.002991 -0.000079 1.019946 0.157582 -0.000081
335.850000 0.000403 -0.002991 -0.000079 1.019511 0.160080 -0.000081
336.000000 0.000404 -0.002992 -0.000079 1.019070 0.162577 -0.000081
336.150000 0.000405 -0.002992 -0.000079 1.018623 0.165073 -0.000081
336.300000 0.000406 -0.002992 -0.000079 1.018169 0.167569 -0.000081
336.450000 0.000407 -0.002992 -0.000079 1.017710 0.170063 -0.000081
336.600000 0.000408 -0.002993 -0.000079 1.017244 0.172556 -0.000081
336.750000 0.000409 -0.002993 -0.000079 1.016773 0.175048 -0.000081
336.900000 0.000410 -0.002993 -0.000079 1.016295 0.177539 -0.000082
337.050000 0.000411 -0.002994 -0.000079 1.015810 0.180029 -0.000082
337.200000 0.000411 -0.002994 -0.000079 1.015320 0.182518 -0.000082
337.350000 0.000412 -0.002994 -0.000079 1.014824 0.185006 -0.000082
337.500000 0.000413 -0.002994 -0.000079 1.014321 0.187493 -0.000082
337.650000 0.000414 -0.002995 -0.000079 1.013812 0.189978 -0.000082
337.800000 0.000415 -0.002995 -0.000079 1.013297 0.192463 -0.000082
337.950000 0.000416 -0.002995 -0.000079 1.012776 0.194946 -0.000082
338.100000 0.000417 -0.002996 -0.000079 1.012249 0.197428 -0.000082
338.250000 0.000418 -0.002996 -0.000079 1.011716 0.199909 -0.000082
338.400000 0.000419 -0.002996 -0.000079 1.011176 0.202388 -0.000083
338.550000 0.000420 -0.002996 -0.000079 1.010631 0.204867 -0.000083
338.700000 0.000421 -0.002997 -0.000079 1.010079 0.207344 -0.000083
338.850000 0.000421 -0.002997 -0.000079 1.009521 0.209819 -0.000083
339.000000 0.000422 -0.002997 -0.000079 1.008957 0.212294 -0.000083
339.150000 0.000423 -0.002998 -0.000079 1.008387 0.214767 -0.000083
339.300000 0.000424 -0.002998 -0.000079 1.007811 0.217239 -0.000083
339.450000 0.000425 -0.002998 -0.000079 1.007229 0.219710 -0.000083
339.600000 0.000426 -0.002998 -0.000079 1.006640 0.222179 -0.000083
339.750000 0.000427 -0.002999 -0.000079 1.006045 0.224647 -0.000083
339.900000 0.000428 -0.002999 -0.000079 1.005445 0.227114 -0.000084
340.050000 0.000429 -0.002999 -0.000079 1.004838 0.229579 -0.000084
340.200000 0.000430 -0.003000 -0.000079 1.004225 0.232043 -0.000084
340.350000 0.000430 -0.003000 -0.000079 1.003606 0.234505 -0.000084
340.500000 0.000431 -0.003000 -0.000079 1.002981 0.236966 -0.000084
340.650000 0.000432 -0.003000 -0.000079 1.002350 0.239426 -0.000084
340.800000 0.000433 -0.003001 -0.000080 1.001712 0.241884 -0.000084
340.950000 0.000434 -0.003001 -0.000080 1.001069 0.244340 -0.000084
341.100000 0.000435 -0.003001 -0.000080 1.000420 0.246796 -0.000084
341.250000 0.000436 -0.003002 -0.000080 0.999764 0.249249 -0.000084
341.400000 0.000437 -0.003002 -0.000080 0.999102 0.251701 -0.000084
341.550000 0.000438 -0.003002 -0.000080 0.998435 0.254152 -0.000085
341.700000 0.000439 -0.003002 -0.000080 0.997761 0.256601 -0.000085
341.850000 0.000439 -0.003003 -0.000080 0.997081 0.259048 -0.000085
342.000000 0.000440 -0.003003 -0.000080 0.996395 0.261494 -0.000085
342.150000 0.000441 -0.003003 -0.000080 0.995703 0.263938 -0.000085
342.300000 0.000442 -0.003004 -0.000080 0.995005 0.266381 -0.000085
342.450000 0.000443 -0.003004 -0.000080 0.994301 0.268822 -0.000085
342.600000 0.000444 -0.003004 -0.000080 0.993591 0.271262 -0.000085
342.750000 0.000445 -0.003004 -0.000080 0.992874 0.273699 -0.000085
342.900000 0.000446 -0.003005 -0.000080 0.992152 0.276135 -0.000085
343.050000 0.000447 -0.003005 -0.000080 0.991424 0.278570 -0.000086
343.200000 0.000448 -0.003005 -0.000080 0.990689 0.281002 -0.000086
343.350000 0.000449 -0.003006 -0.000080 0.989949 0.283433 -0.000086
343.500000 0.000449 -0.003006 -0.000080 0.989203 0.285863 -0.000086
343.650000 0.000450 -0.003006 -0.000080 0.988450 0.288290 -0.000086
343.800000 0.000451 -0.003006 -0.000080 0.987692 0.290716 -0.000086
343.950000 0.000452 -0.003007 -0.000080 0.986927 0.293140 -0.000086
344.100000 0.000453 -0.003007 -0.000080 0.986157 0.295562 -0.000086
344.250000 0.000454 -0.003007 -0.000080 0.985380 0.297982 -0.000086
344.400000 0.000455 -0.003008 -0.000080 0.984598 0.300401 -0.000086
344.550000 0.000456 -0.003008 -0.000080 0.983809 0.302818 -0.000087
344.700000 0.000457 -0.003008 -0.000080 0.983015 0.305233 -0.000087
344.850000 0.000458 -0.003008 -0.000080 0.982214 0.307646 -0.000087
345.000000 0.000458 -0.003009 -0.000080 0.981408 0.310057 -0.000087
345.150000 0.000459 -0.003009 -0.000080 0.980595 0.312466 -0.000087
345.300000 0.000460 -0.003009 -0.000080 0.979777 0.314873 -0.000087
345.450000 0.000461 -0.003010 -0.000080 0.978952 0.317279 -0.000087
345.600000 0.000462 -0.003010 -0.000080 0.978122 0.319682 -0.000087
345.750000 0.000463 -0.003010 -0.000080 0.977286 0.322084 -0.000087
345.900000 0.000464 -0.003010 -0.000080 0.976443 0.324483 -0.000087
346.050000 0.000465 -0.003011 -0.000080 0.975595 0.326881 -0.000087
346.200000 0.000466 -0.003011 -0.000080 0.974741 0.329276 -0.000088
346.350000 0.000467 -0.003011 -0.000080 0.973880 0.331670 -0.000088
346.500000 0.000467 -0.003012 -0.000080 0.973014 0.334061 -0.000088
346.650000 0.000468 -0.003012 -0.000080 0.972142 0.336451 -0.000088
346.800000 0.000469 -0.003012 -0.000080 0.971264 0.338838 -0.000088
346.950000 0.000470 -0.003012 -0.000080 0.970380 0.341223 -0.000088
347.100000 0.000471 -0.003013 -0.000080 0.969490 0.343607 -0.000088
347.250000 0.000472 -0.003013 -0.000080 0.968594 0.345988 -0.000088
347.400000 0.000473 -0.003013 -0.000080 0.967693 0.348367 -0.000088
347.550000 0.000474 -0.003014 -0.000080 0.966785 0.350744 -0.000088
347.700000 0.000475 -0.003014 -0.000080 0.965871 0.353119 -0.000089
347.850000 0.000476 -0.003014 -0.000080 0.964952 0.355491 -0.000089
348.000000 0.000477 -0.003014 -0.000080 0.964027 0.357862 -0.000089
348.150000 0.000477 -0.003015 -0.000080 0.963095 0.360230 -0.000089
348.300000 0.000478 -0.003015 -0.000080 0.962158 0.362596 -0.000089
348.450000 0.000479 -0.003015 -0.000081 0.961215 0.364960 -0.000089
348.600000 0.000480 -0.003016 -0.000081 0.960266 0.367321 -0.000089
348.750000 0.000481 -0.003016 -0.000081 0.959311 0.369680 -0.000089
348.900000 0.000482 -0.003016 -0.000081 0.958351 0.372037 -0.000089
349.050000 0.000483 -0.003017 -0.000081 0.957384 0.374392 -0.000089
349.200000 0.000484 -0.003017 -0.000081 0.956412 0.376745 -0.000089
349.350000 0.000485 -0.003017 -0.000081 0.955433 0.379095 -0.000090
349.500000 0.000486 -0.003017 -0.000081 0.954449 0.381443 -0.000090
349.650000 0.000486 -0.003018 -0.000081 0.953459 0.383788 -0.000090
349.800000 0.000487 -0.003018 -0.000081 0.952464 0.386131 -0.000090
349.950000 0.000488 -0.003018 -0.000081 0.951462 0.388472 -0.000090
350.100000 0.000489 -0.003019 -0.000081 0.950455 0.390811 -0.000090
350.250000 0.000490 -0.003019 -0.000081 0.949441 0.393147 -0.000090
350.400000 0.000491 -0.003019 -0.000081 0.948422 0.395480 -0.000090
350.550000 0.000492 -0.003019 -0.000081 0.947397 0.397811 -0.000090
350.700000 0.000493 -0.003020 -0.000081 0.946367 0.400140 -0.000090
350.850000 0.000494 -0.003020 -0.000081 0.945330 0.402466 -0.000090
351.000000 0.000495 -0.003020 -0.000081 0.944288 0.404790 -0.000091
351.150000 0.000496 -0.003021 -0.000081 0.943240 0.407111 -0.000091
351.300000 0.000496 -0.003021 -0.000081 0.942186 0.409430 -0.000091
351.450000 0.000497 -0.003021 -0.000081 0.941126 0.411747 -0.000091
351.600000 0.000498 -0.003021 -0.000081 0.940061 0.414060 -0.000091
351.750000 0.000499 -0.003022 -0.000081 0.938990 0.416372 -0.000091
351.900000 0.000500 -0.003022 -0.000081 0.937913 0.418680 -0.000091
352.050000 0.000501 -0.003022 -0.000081 0.936830 0.420986 -0.000091
352.200000 0.000502 -0.003023 -0.000081 0.935742 0.423290 -0.000091
352.350000 0.000503 -0.003023 -0.000081 0.934648 0.425591 -0.000091
352.500000 0.000504 -0.003023 -0.000081 0.933548 0.427889 -0.000092
352.650000 0.000505 -0.003023 -0.000081 0.932442 0.430185 -0.000092
352.800000 0.000505 -0.003024 -0.000081 0.931331 0.432478 -0.000092
352.950000 0.000506 -0.003024 -0.000081 0.930214 0.434768 -0.000092
353.100000 0.000507 -0.003024 -0.000081 0.929091 0.437056 -0.000092
353.250000 0.000508 -0.003025 -0.000081 0.927962 0.439341 -0.000092
353.400000 0.000509 -0.003025 -0.000081 0.926828 0.441623 -0.000092
353.550000 0.000510 -0.003025 -0.000081 0.925688 0.443903 -0.000092
353.700000 0.000511 -0.003025 -0.000081 0.924543 0.446180 -0.000092
353.850000 0.000512 -0.003026 -0.000081 0.923392 0.448454 -0.000092
354.000000 0.000513 -0.003026 -0.000081 0.922235 0.450725 -0.000092
354.150000 0.000514 -0.003026 -0.000081 0.921072 0.452994 -0.000093
354.300000 0.000515 -0.003027 -0.000081 0.919904 0.455260 -0.000093
354.450000 0.000515 -0.003027 -0.000081 0.918730 0.457523 -0.000093
354.600000 0.000516 -0.003027 -0.000081 0.917550 0.459783 -0.000093
354.750000 0.000517 -0.003027 -0.000081 0.916365 0.462040 -0.000093
354.900000 0.000518 -0.003028 -0.000081 0.915175 0.464295 -0.000093
355.050000 0.000519 -0.003028 -0.000081 0.913978 0.466547 -0.000093
355.200000 0.000520 -0.003028 -0.000081 0.912776 0.468795 -0.000093
355.350000 0.000521 -0.003029 -0.000081 0.911568 0.471041 -0.000093
355.500000 0.000522 -0.003029 -0.000081 0.910355 0.473284 -0.000093
355.650000 0.000523 -0.003029 -0.000081 0.909136 0.475524 -0.000093
355.800000 0.000524 -0.003029 -0.000081 0.907912 0.477762 -0.000094
355.950000 0.000524 -0.003030 -0.000081 0.906682 0.479996 -0.000094
356.100000 0.000525 -0.003030 -0.000082 0.905446 0.482227 -0.000094
356.250000 0.000526 -0.003030 -0.000082 0.904205 0.484455 -0.000094
356.400000 0.000527 -0.003031 -0.000082 0.902958 0.486681 -0.000094
356.550000 0.000528 -0.003031 -0.000082 0.901706 0.488903 -0.000094
356.700000 0.000529 -0.003031 -0.000082 0.900448 0.491122 -0.000094
356.850000 0.000530 -0.003031 -0.000082 0.899185 0.493339 -0.000094
357.000000 0.000531 -0.003032 -0.000082 0.897916 0.495552 -0.000094
357.150000 0.000532 -0.003032 -0.000082 0.896641 0.497762 -0.000094
357.300000 0.000533 -0.003032 -0.000082 0.895361 0.499969 -0.000094
357.450000 0.000534 -0.003033 -0.000082 0.894076 0.502173 -0.000095
357.600000 0.000534 -0.003033 -0.000082 0.892785 0.504374 -0.000095
357.750000 0.000535 -0.003033 -0.000082 0.891488 0.506572 -0.000095
357.900000 0.000536 -0.003033 -0.000082 0.890186 0.508767 -0.000095
358.050000 0.000537 -0.003034 -0.000082 0.888878 0.510958 -0.000095
358.200000 0.000538 -0.003034 -0.000082 0.887565 0.513147 -0.000095
358.350000 0.000539 -0.003034 -0.000082 0.886247 0.515332 -0.000095
358.500000 0.000540 -0.003035 -0.000082 0.884923 0.517514 -0.000095
358.650000 0.000541 -0.003035 -0.000082 0.883594 0.519693 -0.000095
358.800000 0.000542 -0.003035 -0.000082 0.882259 0.521869 -0.000095
358.950000 0.000543 -0.003035 -0.000082 0.880919 0.524041 -0.000095
359.100000 0.000543 -0.003036 -0.000082 0.879573 0.526210 -0.000096
359.250000 0.000544 -0.003036 -0.000082 0.878222 0.528376 -0.000096
359.400000 0.000545 -0.003036 -0.000082 0.876865 0.530539 -0.000096
359.550000 0.000546 -0.003037 -0.000082 0.875503 0.532699 -0.000096
359.700000 0.000547 -0.003037 -0.000082 0.874136 0.534855 -0.000096
359.850000 0.000548 -0.003037 -0.000082 0.872763 0.537008 -0.000096
360.000000 0.000549 -0.003037 -0.000082 0.871385 0.539157 -0.000096
360.150000 0.000550 -0.003038 -0.000082 0.870002 0.541303 -0.000096
360.300000 0.000551 -0.003038 -0.000082 0.868613 0.543446 -0.000096
360.450000 0.000552 -0.003038 -0.000082 0.867218 0.545586 -0.000096
360.600000 0.000553 -0.003039 -0.000082 0.865819 0.547722 -0.000096
360.750000 0.000553 -0.003039 -0.000082 0.864414 0.549855 -0.000097
360.900000 0.000554 -0.003039 -0.000082 0.863004 0.551984 -0.000097
361.050000 0.000555 -0.003039 -0.000082 0.861588 0.554110 -0.000097
361.200000 0.000556 -0.003040 -0.000082 0.860167 0.556232 -0.000097
361.350000 0.000557 -0.003040 -0.000082 0.858741 0.558351 -0.000097
361.500000 0.000558 -0.003040 -0.000082 0.857309 0.560467 -0.000097
361.650000 0.000559 -0.003041 -0.000082 0.855872 0.562579 -0.000097
361.800000 0.000560 -0.003041 -0.000082 0.854430 0.564688 -0.000097
361.950000 0.000561 -0.003041 -0.000082 0.852983 0.566793 -0.000097
362.100000 0.000562 -0.003041 -0.000082 0.851530 0.568895 -0.000097
362.250000 0.000562 -0.003042 -0.000082 0.850072 0.570993 -0.000097
362.400000 0.000563 -0.003042 -0.000082 0.848609 0.573087 -0.000098
362.550000 0.000564 -0.003042 -0.000082 0.847140 0.575178 -0.000098
362.700000 0.000565 -0.003043 -0.000082 0.845667 0.577266 -0.000098
362.850000 0.000566 -0.003043 -0.000082 0.844188 0.579350 -0.000098
363.000000 0.000567 -0.003043 -0.000082 0.842703 0.581430 -0.000098
363.150000 0.000568 -0.003043 -0.000082 0.841214 0.583507 -0.000098
363.300000 0.000569 -0.003044 -0.000082 0.839719 0.585580 -0.000098
363.450000 0.000570 -0.003044 -0.000082 0.838220 0.587650 -0.000098
363.600000 0.000571 -0.003044 -0.000082 0.836715 0.589716 -0.000098
363.750000 0.000572 -0.003045 -0.000083 0.835205 0.591778 -0.000098
363.900000 0.000572 -0.003045 -0.000083 0.833689 0.593836 -0.000098
364.050000 0.000573 -0.003045 -0.000083 0.832169 0.595891 -0.000098
364.200000 0.000574 -0.003045 -0.000083 0.830643 0.597942 -0.000099
364.350000 0.000575 -0.003046 -0.000083 0.829112 0.599990 -0.000099
364.500000 0.000576 -0.003046 -0.000083 0.827576 0.602034 -0.000099
364.650000 0.000577 -0.003046 -0.000083 0.826035 0.604074 -0.000099
364.800000 0.000578 -0.003047 -0.000083 0.824489 0.606110 -0.000099
364.950000 0.000579 -0.003047 -0.000083 0.822938 0.608143 -0.000099
365.100000 0.000580 -0.003047 -0.000083 0.821382 0.610171 -0.000099
365.250000 0.000581 -0.003047 -0.000083 0.819820 0.612196 -0.000099
365.400000 0.000581 -0.003048 -0.000083 0.818254 0.614217 -0.000099
365.550000 0.000582 -0.003048 -0.000083 0.816682 0.616235 -0.000099
365.700000 0.000583 -0.003048 -0.000083 0.815105 0.618248 -0.000099
365.850000 0.000584 -0.003049 -0.000083 0.813524 0.620258 -0.000100
366.000000 0.000585 -0.003049 -0.000083 0.811937 0.622264 -0.000100
366.150000 0.000586 -0.003049 -0.000083 0.810345 0.624266 -0.000100
366.300000 0.000587 -0.003049 -0.000083 0.808748 0.626264 -0.000100
366.450000 0.000588 -0.003050 -0.000083 0.807146 0.628258 -0.000100
366.600000 0.000589 -0.003050 -0.000083 0.805539 0.630249 -0.000100
366.750000 0.000590 -0.003050 -0.000083 0.803928 0.632235 -0.000100
366.900000 0.000591 -0.003051 -0.000083 0.802311 0.634218 -0.000100
367.050000 0.000591 -0.003051 -0.000083 0.800689 0.636196 -0.000100
367.200000 0.000592 -0.003051 -0.000083 0.799062 0.638171 -0.000100
367.350000 0.000593 -0.003051 -0.000083 0.797430 0.640142 -0.000100
367.500000 0.000594 -0.003052 -0.000083 0.795794 0.642108 -0.000100
367.650000 0.000595 -0.003052 -0.000083 0.794152 0.644071 -0.000101
367.800000 0.000596 -0.003052 -0.000083 0.792505 0.646030 -0.000101
367.950000 0.000597 -0.003053 -0.000083 0.790854 0.647984 -0.000101
368.100000 0.000598 -0.003053 -0.000083 0.789197 0.649935 -0.000101
368.250000 0.000599 -0.003053 -0.000083 0.787536 0.651882 -0.000101
368.400000 0.000600 -0.003053 -0.000083 0.785870 0.653824 -0.000101
368.550000 0.000601 -0.003054 -0.000083 0.784199 0.655763 -0.000101
368.700000 0.000601 -0.003054 -0.000083 0.782523 0.657697 -0.000101
368.850000 0.000602 -0.003054 -0.000083 0.780842 0.659627 -0.000101
369.000000 0.000603 -0.003055 -0.000083 0.779156 0.661554 -0.000101
369.150000 0.000604 -0.003055 -0.000083 0.777466 0.663476 -0.000101
369.300000 0.000605 -0.003055 -0.000083 0.775771 0.665394 -0.000101
369.450000 0.000606 -0.003055 -0.000083 0.774070 0.667308 -0.000102
369.600000 0.000607 -0.003056 -0.000083 0.772365 0.669217 -0.000102
369.750000 0.000608 -0.003056 -0.000083 0.770656 0.671123 -0.000102
369.900000 0.000609 -0.003056 -0.000083 0.768941 0.673024 -0.000102
370.050000 0.000610 -0.003057 -0.000083 0.767222 0.674922 -0.000102
370.200000 0.000610 -0.003057 -0.000083 0.765498 0.676815 -0.000102
370.350000 0.000611 -0.003057 -0.000083 0.763769 0.678703 -0.000102
370.500000 0.000612 -0.003057 -0.000083 0.762035 0.680588 -0.000102
370.650000 0.000613 -0.003058 -0.000083 0.760297 0.682468 -0.000102
370.800000 0.000614 -0.003058 -0.000083 0.758554 0.684344 -0.000102
370.950000 0.000615 -0.003058 -0.000083 0.756806 0.686216 -0.000102
371.100000 0.000616 -0.003059 -0.000083 0.755053 0.688084 -0.000102
371.250000 0.000617 -0.003059 -0.000083 0.753296 0.689947 -0.000103
371.400000 0.000618 -0.003059 -0.000084 0.751534 0.691806 -0.000103
371.550000 0.000619 -0.003059 -0.000084 0.749767 0.693661 -0.000103
371.700000 0.000620 -0.003060 -0.000084 0.747996 0.695511 -0.000103
371.850000 0.000620 -0.003060 -0.000084 0.746220 0.697357 -0.000103
372.000000 0.000621 -0.003060 -0.000084 0.744440 0.699199 -0.000103
372.150000 0.000622 -0.003061 -0.000084 0.742654 0.701036 -0.000103
372.300000 0.000623 -0.003061 -0.000084 0.740864 0.702869 -0.000103
372.450000 0.000624 -0.003061 -0.000084 0.739070 0.704697 -0.000103
372.600000 0.000625 -0.003061 -0.000084 0.737271 0.706522 -0.000103
372.750000 0.000626 -0.003062 -0.000084 0.735467 0.708341 -0.000103
372.900000 0.000627 -0.003062 -0.000084 0.733659 0.710157 -0.000103
373.050000 0.000628 -0.003062 -0.000084 0.731846 0.711968 -0.000104
373.200000 0.000629 -0.003062 -0.000084 0.730029 0.713774 -0.000104
373.350000 0.000630 -0.003063 -0.000084 0.728207 0.715576 -0.000104
373.500000 0.000630 -0.003063 -0.000084 0.726380 0.717374 -0.000104
373.650000 0.000631 -0.003063 -0.000084 0.724549 0.719167 -0.000104
373.800000 0.000632 -0.003064 -0.000084 0.722714 0.720955 -0.000104
373.950000 0.000633 -0.003064 -0.000084 0.720874 0.722740 -0.000104
374.100000 0.000634 -0.003064 -0.000084 0.719029 0.724519 -0.000104
374.250000 0.000635 -0.003064 -0.000084 0.717180 0.726294 -0.000104
374.400000 0.000636 -0.003065 -0.000084 0.715327 0.728065 -0.000104
374.550000 0.000637 -0.003065 -0.000084 0.713469 0.729831 -0.000104
374.700000 0.000638 -0.003065 -0.000084 0.711606 0.731592 -0.000104
374.850000 0.000639 -0.003066 -0.000084 0.709740 0.733349 -0.000104
375.000000 0.000640 -0.003066 -0.000084 0.707868 0.735101 -0.000105
375.150000 0.000640 -0.003066 -0.000084 0.705993 0.736849 -0.000105
375.300000 0.000641 -0.003066 -0.000084 0.704112 0.738592 -0.000105
375.450000 0.000642 -0.003067 -0.000084 0.702228 0.740331 -0.000105
375.600000 0.000643 -0.003067 -0.000084 0.700339 0.742065 -0.000105
375.750000 0.000644 -0.003067 -0.000084 0.698446 0.743794 -0.000105
375.900000 0.000645 -0.003068 -0.000084 0.696548 0.745519 -0.000105
376.050000 0.000646 -0.003068 -0.000084 0.694646 0.747238 -0.000105
376.200000 0.000647 -0.003068 -0.000084 0.692740 0.748954 -0.000105
376.350000 0.000648 -0.003068 -0.000084 0.690829 0.750664 -0.000105
376.500000 0.000649 -0.003069 -0.000084 0.688914 0.752370 -0.000105
376.650000 0.000649 -0.003069 -0.000084 0.686995 0.754072 -0.000105
376.800000 0.000650 -0.003069 -0.000084 0.685072 0.755768 -0.000105
376.950000 0.000651 -0.003070 -0.000084 0.683144 0.757460 -0.000106
377.100000 0.000652 -0.003070 -0.000084 0.681212 0.759147 -0.000106
377.250000 0.000653 -0.003070 -0.000084 0.679275 0.760829 -0.000106
377.400000 0.000654 -0.003070 -0.000084 0.677335 0.762507 -0.000106
377.550000 0.000655 -0.003071 -0.000084 0.675390 0.764179 -0.000106
377.700000 0.000656 -0.003071 -0.000084 0.673441 0.765847 -0.000106
377.850000 0.000657 -0.003071 -0.000084 0.671487 0.767511 -0.000106
378.000000 0.000658 -0.003072 -0.000084 0.669530 0.769169 -0.000106
378.150000 0.000659 -0.003072 -0.000084 0.667568 0.770823 -0.000106
378.300000 0.000659 -0.003072 -0.000084 0.665602 0.772471 -0.000106
378.450000 0.000660 -0.003072 -0.000084 0.663632 0.774115 -0.000106
378.600000 0.000661 -0.003073 -0.000084 0.661658 0.775754 -0.000106
378.750000 0.000662 -0.003073 -0.000084 0.659680 0.777389 -0.000106
378.900000 0.000663 -0.003073 -0.000084 0.657698 0.779018 -0.000107
379.050000 0.000664 -0.003074 -0.000085 0.655711 0.780643 -0.000107
379.200000 0.000665 -0.003074 -0.000085 0.653720 0.782262 -0.000107
379.350000 0.000666 -0.003074 -0.000085 0.651726 0.783877 -0.000107
379.500000 0.000667 -0.003074 -0.000085 0.649727 0.785487 -0.000107
379.650000 0.000668 -0.003075 -0.000085 0.647724 0.787092 -0.000107
379.800000 0.000669 -0.003075 -0.000085 0.645717 0.788692 -0.000107
379.950000 0.000669 -0.003075 -0.000085 0.643706 0.790287 -0.000107
380.100000 0.000670 -0.003076 -0.000085 0.641691 0.791877 -0.000107
380.250000 0.000671 -0.003076 -0.000085 0.639672 0.793462 -0.000107
380.400000 0.000672 -0.003076 -0.000085 0.637649 0.795042 -0.000107
380.550000 0.000673 -0.003076 -0.000085 0.635622 0.796617 -0.000107
380.700000 0.000674 -0.003077 -0.000085 0.633591 0.798187 -0.000107
380.850000 0.000675 -0.003077 -0.000085 0.631556 0.799752 -0.000108
381.000000 0.000676 -0.003077 -0.000085 0.629517 0.801313 -0.000108
381.150000 0.000677 -0.003078 -0.000085 0.627474 0.802868 -0.000108
381.300000 0.000678 -0.003078 -0.000085 0.625427 0.804418 -0.000108
381.450000 0.000679 -0.003078 -0.000085 0.623376 0.805963 -0.000108
381.600000 0.000679 -0.003078 -0.000085 0.621321 0.807503 -0.000108
381.750000 0.000680 -0.003079 -0.000085 0.619263 0.809038 -0.000108
381.900000 0.000681 -0.003079 -0.000085 0.617200 0.810568 -0.000108
382.050000 0.000682 -0.003079 -0.000085 0.615134 0.812093 -0.000108
382.200000 0.000683 -0.003080 -0.000085 0.613064 0.813612 -0.000108
382.350000 0.000684 -0.003080 -0.000085 0.610990 0.815127 -0.000108
382.500000 0.000685 -0.003080 -0.000085 0.608912 0.816636 -0.000108
382.650000 0.000686 -0.003080 -0.000085 0.606830 0.818141 -0.000108
382.800000 0.000687 -0.003081 -0.000085 0.604745 0.819640 -0.000108
382.950000 0.000688 -0.003081 -0.000085 0.602656 0.821134 -0.000109
383.100000 0.000688 -0.003081 -0.000085 0.600563 0.822623 -0.000109
383.250000 0.000689 -0.003082 -0.000085 0.598466 0.824107 -0.000109
383.400000 0.000690 -0.003082 -0.000085 0.596365 0.825586 -0.000109
383.550000 0.000691 -0.003082 -0.000085 0.594261 0.827059 -0.000109
383.700000 0.000692 -0.003082 -0.000085 0.592153 0.828527 -0.000109
383.850000 0.000693 -0.003083 -0.000085 0.590041 0.829990 -0.000109
384.000000 0.000694 -0.003083 -0.000085 0.587925 0.831448 -0.000109
384.150000 0.000695 -0.003083 -0.000085 0.585806 0.832901 -0.000109
384.300000 0.000696 -0.003084 -0.000085 0.583683 0.834348 -0.000109
384.450000 0.000697 -0.003084 -0.000085 0.581557 0.835790 -0.000109
384.600000 0.000698 -0.003084 -0.000085 0.579427 0.837227 -0.000109
384.750000 0.000698 -0.003084 -0.000085 0.577293 0.838659 -0.000109
384.900000 0.000699 -0.003085 -0.000085 0.575155 0.840085 -0.000109
385.050000 0.000700 -0.003085 -0.000085 0.573014 0.841506 -0.000110
385.200000 0.000701 -0.003085 -0.000085 0.570870 0.842922 -0.000110
385.350000 0.000702 -0.003086 -0.000085 0.568721 0.844333 -0.000110
385.500000 0.000703 -0.003086 -0.000085 0.566570 0.845738 -0.000110
385.650000 0.000704 -0.003086 -0.000085 0.564414 0.847138 -0.000110
385.800000 0.000705 -0.003086 -0.000085 0.562255 0.848532 -0.000110
385.950000 0.000706 -0.003087 -0.000085 0.560093 0.849921 -0.000110
386.100000 0.000707 -0.003087 -0.000085 0.557927 0.851305 -0.000110
386.250000 0.000708 -0.003087 -0.000085 0.555757 0.852684 -0.000110
386.400000 0.000708 -0.003087 -0.000085 0.553584 0.854057 -0.000110
386.550000 0.000709 -0.003088 -0.000085 0.551408 0.855425 -0.000110
386.700000 0.000710 -0.003088 -0.000086 0.549228 0.856787 -0.000110
386.850000 0.000711 -0.003088 -0.000086 0.547044 0.858144 -0.000110
387.000000 0.000712 -0.003089 -0.000086 0.544858 0.859496 -0.000110
387.150000 0.000713 -0.003089 -0.000086 0.542667 0.860842 -0.000110
387.300000 0.000714 -0.003089 -0.000086 0.540474 0.862183 -0.000111
387.450000 0.000715 -0.003089 -0.000086 0.538276 0.863519 -0.000111
387.600000 0.000716 -0.003090 -0.000086 0.536076 0.864849 -0.000111
387.750000 0.000717 -0.003090 -0.000086 0.533872 0.866173 -0.000111
387.900000 0.000718 -0.003090 -0.000086 0.531665 0.867492 -0.000111
388.050000 0.000718 -0.003091 -0.000086 0.529454 0.868806 -0.000111
388.200000 0.000719 -0.003091 -0.000086 0.527240 0.870114 -0.000111
388.350000 0.000720 -0.003091 -0.000086 0.525023 0.871417 -0.000111
388.500000 0.000721 -0.003091 -0.000086 0.522803 0.872714 -0.000111
388.650000 0.000722 -0.003092 -0.000086 0.520579 0.874006 -0.000111
388.800000 0.000723 -0.003092 -0.000086 0.518352 0.875292 -0.000111
388.950000 0.000724 -0.003092 -0.000086 0.516121 0.876573 -0.000111
389.100000 0.000725 -0.003093 -0.000086 0.513888 0.877848 -0.000111
389.250000 0.000726 -0.003093 -0.000086 0.511651 0.879117 -0.000111
389.400000 0.000727 -0.003093 -0.000086 0.509411 0.880382 -0.000111
389.550000 0.000728 -0.003093 -0.000086 0.507167 0.881640 -0.000112
389.700000 0.000728 -0.003094 -0.000086 0.504921 0.882893 -0.000112
389.850000 0.000729 -0.003094 -0.000086 0.502671 0.884141 -0.000112
390.000000 0.000730 -0.003094 -0.000086 0.500418 0.885383 -0.000112
390.150000 0.000731 -0.003095 -0.000086 0.498162 0.886619 -0.000112
390.300000 0.000732 -0.003095 -0.000086 0.495903 0.887850 -0.000112
390.450000 0.000733 -0.003095 -0.000086 0.493641 0.889075 -0.000112
390.600000 0.000734 -0.003095 -0.000086 0.491376 0.890294 -0.000112
390.750000 0.000735 -0.003096 -0.000086 0.489107 0.891508 -0.000112
390.900000 0.000736 -0.003096 -0.000086 0.486836 0.892717 -0.000112
391.050000 0.000737 -0.003096 -0.000086 0.484561 0.893919 -0.000112
391.200000 0.000738 -0.003097 -0.000086 0.482283 0.895116 -0.000112
391.350000 0.000738 -0.003097 -0.000086 0.480003 0.896308 -0.000112
391.500000 0.000739 -0.003097 -0.000086 0.477719 0.897494 -0.000112
391.650000 0.000740 -0.003097 -0.000086 0.475432 0.898674 -0.000112
391.800000 0.000741 -0.003098 -0.000086 0.473142 0.899848 -0.000112
391.950000 0.000742 -0.003098 -0.000086 0.470849 0.901017 -0.000113
392.100000 0.000743 -0.003098 -0.000086 0.468554 0.902180 -0.000113
392.250000 0.000744 -0.003099 -0.000086 0.466255 0.903337 -0.000113
392.400000 0.000745 -0.003099 -0.000086 0.463953 0.904489 -0.000113
392.550000 0.000746 -0.003099 -0.000086 0.461649 0.905635 -0.000113
392.700000 0.000747 -0.003099 -0.000086 0.459341 0.906775 -0.000113
392.850000 0.000747 -0.003100 -0.000086 0.457031 0.907910 -0.000113
393.000000 0.000748 -0.003100 -0.000086 0.454718 0.909039 -0.000113
393.150000 0.000749 -0.003100 -0.000086 0.452402 0.910162 -0.000113
393.300000 0.000750 -0.003101 -0.000086 0.450083 0.911279 -0.000113
393.450000 0.000751 -0.003101 -0.000086 0.447761 0.912391 -0.000113
393.600000 0.000752 -0.003101 -0.000086 0.445436 0.913497 -0.000113
393.750000 0.000753 -0.003101 -0.000086 0.443109 0.914597 -0.000113
393.900000 0.000754 -0.003102 -0.000086 0.440778 0.915691 -0.000113
394.050000 0.000755 -0.003102 -0.000086 0.438445 0.916780 -0.000113
394.200000 0.000756 -0.003102 -0.000086 0.436109 0.917863 -0.000113
394.350000 0.000757 -0.003102 -0.000087 0.433771 0.918940 -0.000114
394.500000 0.000757 -0.003103 -0.000087 0.431429 0.920011 -0.000114
394.650000 0.000758 -0.003103 -0.000087 0.429085 0.921076 -0.000114
394.800000 0.000759 -0.003103 -0.000087 0.426739 0.922136 -0.000114
394.950000 0.000760 -0.003104 -0.000087 0.424389 0.923189 -0.000114
395.100000 0.000761 -0.003104 -0.000087 0.422037 0.924237 -0.000114
395.250000 0.000762 -0.003104 -0.000087 0.419682 0.925279 -0.000114
395.400000 0.000763 -0.003104 -0.000087 0.417325 0.926316 -0.000114
395.550000 0.000764 -0.003105 -0.000087 0.414964 0.927346 -0.000114
395.700000 0.000765 -0.003105 -0.000087 0.412602 0.928370 -0.000114
395.850000 0.000766 -0.003105 -0.000087 0.410236 0.929389 -0.000114
396.000000 0.000767 -0.003106 -0.000087 0.407868 0.930402 -0.000114
396.150000 0.000767 -0.003106 -0.000087 0.405498 0.931409 -0.000114
396.300000 0.000768 -0.003106 -0.000087 0.403125 0.932410 -0.000114
396.450000 0.000769 -0.003106 -0.000087 0.400749 0.933405 -0.000114
396.600000 0.000770 -0.003107 -0.000087 0.398371 0.934394 -0.000114
396.750000 0.000771 -0.003107 -0.000087 0.395990 0.935377 -0.000114
396.900000 0.000772 -0.003107 -0.000087 0.393607 0.936355 -0.000114
397.050000 0.000773 -0.003108 -0.000087 0.391221 0.937326 -0.000115
397.200000 0.000774 -0.003108 -0.000087 0.388833 0.938292 -0.000115
397.350000 0.000775 -0.003108 -0.000087 0.386442 0.939252 -0.000115
397.500000 0.000776 -0.003108 -0.000087 0.384049 0.940205 -0.000115
397.650000 0.000777 -0.003109 -0.000087 0.381654 0.941153 -0.000115
397.800000 0.000777 -0.003109 -0.000087 0.379256 0.942095 -0.000115
397.950000 0.000778 -0.003109 -0.000087 0.376855 0.943031 -0.000115
398.100000 0.000779 -0.003110 -0.000087 0.374453 0.943961 -0.000115
398.250000 0.000780 -0.003110 -0.000087 0.372048 0.944885 -0.000115
398.400000 0.000781 -0.003110 -0.000087 0.369640 0.945802 -0.000115
398.550000 0.000782 -0.003110 -0.000087 0.367230 0.946714 -0.000115
398.700000 0.000783 -0.003111 -0.000087 0.364818 0.947620 -0.000115
398.850000 0.000784 -0.003111 -0.000087 0.362404 0.948520 -0.000115
399.000000 0.000785 -0.003111 -0.000087 0.359987 0.949414 -0.000115
399.150000 0.000786 -0.003112 -0.000087 0.357568 0.950302 -0.000115
399.300000 0.000787 -0.003112 -0.000087 0.355147 0.951184 -0.000115
399.450000 0.000787 -0.003112 -0.000087 0.352723 0.952060 -0.000115
399.600000 0.000788 -0.003112 -0.000087 0.350297 0.952930 -0.000115
399.750000 0.000789 -0.003113 -0.000087 0.347869 0.953794 -0.000116
399.900000 0.000790 -0.003113 -0.000087 0.345439 0.954652 -0.000116
400.050000 0.000791 -0.003113 -0.000087 0.343007 0.955504 -0.000116
400.200000 0.000792 -0.003114 -0.000087 0.340572 0.956350 -0.000116
400.350000 0.000793 -0.003114 -0.000087 0.338135 0.957189 -0.000116
400.500000 0.000794 -0.003114 -0.000087 0.335696 0.958023 -0.000116
400.650000 0.000795 -0.003114 -0.000087 0.333255 0.958851 -0.000116
400.800000 0.000796 -0.003115 -0.000087 0.330812 0.959672 -0.000116
400.950000 0.000797 -0.003115 -0.000087 0.328367 0.960488 -0.000116
401.100000 0.000797 -0.003115 -0.000087 0.325920 0.961297 -0.000116
401.250000 0.000798 -0.003115 -0.000087 0.323470 0.962100 -0.000116
401.400000 0.000799 -0.003116 -0.000087 0.321019 0.962897 -0.000116
401.550000 0.000800 -0.003116 -0.000087 0.318565 0.963689 -0.000116
401.700000 0.000801 -0.003116 -0.000087 0.316110 0.964474 -0.000116
401.850000 0.000802 -0.003117 -0.000087 0.313652 0.965252 -0.000116
402.000000 0.000803 -0.003117 -0.000088 0.311193 0.966025 -0.000116
402.150000 0.000804 -0.003117 -0.000088 0.308731 0.966792 -0.000116
402.300000 0.000805 -0.003117 -0.000088 0.306268 0.967552 -0.000116
402.450000 0.000806 -0.003118 -0.000088 0.303803 0.968307 -0.000116
402.600000 0.000807 -0.003118 -0.000088 0.301335 0.969055 -0.000117
402.750000 0.000807 -0.003118 -0.000088 0.298866 0.969797 -0.000117
402.900000 0.000808 -0.003119 -0.000088 0.296395 0.970533 -0.000117
403.050000 0.000809 -0.003119 -0.000088 0.293922 0.971263 -0.000117
403.200000 0.000810 -0.003119 -0.000088 0.291447 0.971987 -0.000117
403.350000 0.000811 -0.003119 -0.000088 0.288970 0.972704 -0.000117
403.500000 0.000812 -0.003120 -0.000088 0.286492 0.973416 -0.000117
403.650000 0.000813 -0.003120 -0.000088 0.284011 0.974121 -0.000117
403.800000 0.000814 -0.003120 -0.000088 0.281529 0.974820 -0.000117
403.950000 0.000815 -0.003121 -0.000088 0.279045 0.975513 -0.000117
404.100000 0.000816 -0.003121 -0.000088 0.276560 0.976200 -0.000117
404.250000 0.000817 -0.003121 -0.000088 0.274072 0.976880 -0.000117
404.400000 0.000817 -0.003121 -0.000088 0.271583 0.977554 -0.000117
404.550000 0.000818 -0.003122 -0.000088 0.269092 0.978223 -0.000117
404.700000 0.000819 -0.003122 -0.000088 0.266599 0.978884 -0.000117
404.850000 0.000820 -0.003122 -0.000088 0.264105 0.979540 -0.000117
405.000000 0.000821 -0.003123 -0.000088 0.261609 0.980190 -0.000117
405.150000 0.000822 -0.003123 -0.000088 0.259111 0.980833 -0.000117
405.300000 0.000823 -0.003123 -0.000088 0.256611 0.981470 -0.000117
405.450000 0.000824 -0.003123 -0.000088 0.254110 0.982101 -0.000117
405.600000 0.000825 -0.003124 -0.000088 0.251608 0.982725 -0.000117
405.750000 0.000826 -0.003124 -0.000088 0.249104 0.983344 -0.000118
405.900000 0.000827 -0.003124 -0.000088 0.246598 0.983956 -0.000118
406.050000 0.000827 -0.003124 -0.000088 0.244090 0.984562 -0.000118
406.200000 0.000828 -0.003125 -0.000088 0.241581 0.985161 -0.000118
406.350000 0.000829 -0.003125 -0.000088 0.239071 0.985755 -0.000118
406.500000 0.000830 -0.003125 -0.000088 0.236559 0.986342 -0.000118
406.650000 0.000831 -0.003126 -0.000088 0.234045 0.986923 -0.000118
406.800000 0.000832 -0.003126 -0.000088 0.231530 0.987498 -0.000118
406.950000 0.000833 -0.003126 -0.000088 0.229014 0.988066 -0.000118
407.100000 0.000834 -0.003126 -0.000088 0.226496 0.988628 -0.000118
407.250000 0.000835 -0.003127 -0.000088 0.223976 0.989184 -0.000118
407.400000 0.000836 -0.003127 -0.000088 0.221456 0.989733 -0.000118
407.550000 0.000837 -0.003127 -0.000088 0.218933 0.990277 -0.000118
407.700000 0.000837 -0.003128 -0.000088 0.216410 0.990814 -0.000118
407.850000 0.000838 -0.003128 -0.000088 0.213885 0.991344 -0.000118
408.000000 0.000839 -0.003128 -0.000088 0.211358 0.991869 -0.000118
408.150000 0.000840 -0.003128 -0.000088 0.208831 0.992387 -0.000118
408.300000 0.000841 -0.003129 -0.000088 0.206302 0.992899 -0.000118
408.450000 0.000842 -0.003129 -0.000088 0.203771 0.993404 -0.000118
408.600000 0.000843 -0.003129 -0.000088 0.201240 0.993904 -0.000118
408.750000 0.000844 -0.003130 -0.000088 0.198707 0.994396 -0.000118
408.900000 0.000845 -0.003130 -0.000088 0.196172 0.994883 -0.000118
409.050000 0.000846 -0.003130 -0.000088 0.193637 0.995363 -0.000118
409.200000 0.000847 -0.003130 -0.000088 0.191100 0.995837 -0.000119
409.350000 0.000847 -0.003131 -0.000088 0.188562 0.996305 -0.000119
409.500000 0.000848 -0.003131 -0.000088 0.186023 0.996766 -0.000119
409.650000 0.000849 -0.003131 -0.000089 0.183483 0.997221 -0.000119
409.800000 0.000850 -0.003132 -0.000089 0.180941 0.997670 -0.000119
409.950000 0.000851 -0.003132 -0.000089 0.178399 0.998112 -0.000119
410.100000 0.000852 -0.003132 -0.000089 0.175855 0.998548 -0.000119
410.250000 0.000853 -0.003132 -0.000089 0.173310 0.998978 -0.000119
410.400000 0.000854 -0.003133 -0.000089 0.170764 0.999401 -0.000119
410.550000 0.000855 -0.003133 -0.000089 0.168217 0.999818 -0.000119
410.700000 0.000856 -0.003133 -0.000089 0.165669 1.000229 -0.000119
410.850000 0.000857 -0.003133 -0.000089 0.163119 1.000633 -0.000119
411.000000 0.000857 -0.003134 -0.000089 0.160569 1.001031 -0.000119
411.150000 0.000858 -0.003134 -0.000089 0.158018 1.001423 -0.000119
411.300000 0.000859 -0.003134 -0.000089 0.155465 1.001808 -0.000119
411.450000 0.000860 -0.003135 -0.000089 0.152912 1.002187 -0.000119
411.600000 0.000861 -0.003135 -0.000089 0.150358 1.002559 -0.000119
411.750000 0.000862 -0.003135 -0.000089 0.147802 1.002925 -0.000119
411.900000 0.000863 -0.003135 -0.000089 0.145246 1.003285 -0.000119
412.050000 0.000864 -0.003136 -0.000089 0.142689 1.003638 -0.000119
412.200000 0.000865 -0.003136 -0.000089 0.140131 1.003985 -0.000119
412.350000 0.000866 -0.003136 -0.000089 0.137572 1.004326 -0.000119
412.500000 0.000867 -0.003137 -0.000089 0.135012 1.004660 -0.000119
412.650000 0.000867 -0.003137 -0.000089 0.132451 1.004988 -0.000119
412.800000 0.000868 -0.003137 -0.000089 0.129890 1.005309 -0.000119
412.950000 0.000869 -0.003137 -0.000089 0.127327 1.005624 -0.000119
413.100000 0.000870 -0.003138 -0.000089 0.124764 1.005933 -0.000120
413.250000 0.000871 -0.003138 -0.000089 0.122200 1.006235 -0.000120
413.400000 0.000872 -0.003138 -0.000089 0.119635 1.006531 -0.000120
413.550000 0.000873 -0.003139 -0.000089 0.117070 1.006821 -0.000120
413.700000 0.000874 -0.003139 -0.000089 0.114503 1.007104 -0.000120
413.850000 0.000875 -0.003139 -0.000089 0.111936 1.007381 -0.000120
414.000000 0.000876 -0.003139 -0.000089 0.109369 1.007651 -0.000120
414.150000 0.000877 -0.003140 -0.000089 0.106800 1.007915 -0.000120
414.300000 0.000877 -0.003140 -0.000089 0.104231 1.008172 -0.000120
414.450000 0.000878 -0.003140 -0.000089 0.101661 1.008423 -0.000120
414.600000 0.000879 -0.003140 -0.000089 0.099091 1.008668 -0.000120
414.750000 0.000880 -0.003141 -0.000089 0.096519 1.008906 -0.000120
414.900000 0.000881 -0.003141 -0.000089 0.093948 1.009138 -0.000120
415.050000 0.000882 -0.003141 -0.000089 0.091375 1.009364 -0.000120
415.200000 0.000883 -0.003142 -0.000089 0.088802 1.009583 -0.000120
415.350000 0.000884 -0.003142 -0.000089 0.086229 1.009795 -0.000120
415.500000 0.000885 -0.003142 -0.000089 0.083655 1.010001 -0.000120
415.650000 0.000886 -0.003142 -0.000089 0.081080 1.010201 -0.000120
415.800000 0.000886 -0.003143 -0.000089 0.078505 1.010394 -0.000120
415.950000 0.000887 -0.003143 -0.000089 0.075929 1.010581 -0.000120
416.100000 0.000888 -0.003143 -0.000089 0.073353 1.010762 -0.000120
416.250000 0.000889 -0.003144 -0.000089 0.070777 1.010936 -0.000120
416.400000 0.000890 -0.003144 -0.000089 0.068199 1.011104 -0.000120
416.550000 0.000891 -0.003144 -0.000089 0.065622 1.011265 -0.000120
416.700000 0.000892 -0.003144 -0.000089 0.063044 1.011420 -0.000120
416.850000 0.000893 -0.003145 -0.000089 0.060466 1.011568 -0.000120
417.000000 0.000894 -0.003145 -0.000089 0.057887 1.011710 -0.000120
417.150000 0.000895 -0.003145 -0.000089 0.055308 1.011845 -0.000120
417.300000 0.000896 -0.003146 -0.000090 0.052728 1.011974 -0.000120
417.450000 0.000896 -0.003146 -0.000090 0.050148 1.012097 -0.000121
417.600000 0.000897 -0.003146 -0.000090 0.047568 1.012213 -0.000121
417.750000 0.000898 -0.003146 -0.000090 0.044988 1.012323 -0.000121
417.900000 0.000899 -0.003147 -0.000090 0.042407 1.012426 -0.000121
418.050000 0.000900 -0.003147 -0.000090 0.039826 1.012523 -0.000121
418.200000 0.000901 -0.003147 -0.000090 0.037244 1.012613 -0.000121
418.350000 0.000902 -0.003147 -0.000090 0.034663 1.012697 -0.000121
418.500000 0.000903 -0.003148 -0.000090 0.032081 1.012775 -0.000121
418.650000 0.000904 -0.003148 -0.000090 0.029499 1.012846 -0.000121
418.800000 0.000905 -0.003148 -0.000090 0.026917 1.012911 -0.000121
418.950000 0.000906 -0.003149 -0.000090 0.024334 1.012969 -0.000121
419.100000 0.000906 -0.003149 -0.000090 0.021752 1.013021 -0.000121
419.250000 0.000907 -0.003149 -0.000090 0.019169 1.013066 -0.000121
419.400000 0.000908 -0.003149 -0.000090 0.016586 1.013105 -0.000121
419.550000 0.000909 -0.003150 -0.000090 0.014003 1.013137 -0.000121
419.700000 0.000910 -0.003150 -0.000090 0.011420 1.013163 -0.000121
419.850000 0.000911 -0.003150 -0.000090 0.008837 1.013183 -0.000121
420.000000 0.000912 -0.003151 -0.000090 0.006254 1.013196 -0.000121
420.150000 0.000913 -0.003151 -0.000090 0.003671 1.013203 -0.000121
420.300000 0.000914 -0.003151 -0.000090 0.001087 1.013203 -0.000121
420.450000 0.000915 -0.003151 -0.000090 -0.001496 1.013197 -0.000121
420.600000 0.000916 -0.003152 -0.000090 -0.004079 1.013184 -0.000121
420.750000 0.000916 -0.003152 -0.000090 -0.006663 1.013165 -0.000121
420.900000 0.000917 -0.003152 -0.000090 -0.009246 1.013139 -0.000121
421.050000 0.000918 -0.003153 -0.000090 -0.011829 1.013107 -0.000121
421.200000 0.000919 -0.003153 -0.000090 -0.014412 1.013069 -0.000121
421.350000 0.000920 -0.003153 -0.000090 -0.016995 1.013024 -0.000121
421.500000 0.000921 -0.003153 -0.000090 -0.019578 1.012973 -0.000121
421.650000 0.000922 -0.003154 -0.000090 -0.022161 1.012915 -0.000121
421.800000 0.000923 -0.003154 -0.000090 -0.024744 1.012851 -0.000121
421.950000 0.000924 -0.003154 -0.000090 -0.027326 1.012780 -0.000121
422.100000 0.000925 -0.003154 -0.000090 -0.029909 1.012703 -0.000121
422.250000 0.000926 -0.003155 -0.000090 -0.032491 1.012619 -0.000121
422.400000 0.000926 -0.003155 -0.000090 -0.035073 1.012529 -0.000121
422.550000 0.000927 -0.003155 -0.000090 -0.037655 1.012433 -0.000121
422.700000 0.000928 -0.003156 -0.000090 -0.040237 1.012330 -0.000121
422.850000 0.000929 -0.003156 -0.000090 -0.042818 1.012221 -0.000121
423.000000 0.000930 -0.003156 -0.000090 -0.045399 1.012105 -0.000122
423.150000 0.000931 -0.003156 -0.000090 -0.047980 1.011983 -0.000122
423.300000 0.000932 -0.003157 -0.000090 -0.050560 1.011854 -0.000122
423.450000 0.000933 -0.003157 -0.000090 -0.053141 1.011719 -0.000122
423.600000 0.000934 -0.003157 -0.000090 -0.055720 1.011577 -0.000122
423.750000 0.000935 -0.003158 -0.000090 -0.058300 1.011429 -0.000122
423.900000 0.000936 -0.003158 -0.000090 -0.060879 1.011275 -0.000122
424.050000 0.000936 -0.003158 -0.000090 -0.063458 1.011114 -0.000122
424.200000 0.000937 -0.003158 -0.000090 -0.066036 1.010947 -0.000122
424.350000 0.000938 -0.003159 -0.000090 -0.068614 1.010773 -0.000122
424.500000 0.000939 -0.003159 -0.000090 -0.071192 1.010593 -0.000122
424.650000 0.000940 -0.003159 -0.000090 -0.073769 1.010406 -0.000122
424.800000 0.000941 -0.003159 -0.000090 -0.076346 1.010213 -0.000122
424.950000 0.000942 -0.003160 -0.000091 -0.078922 1.010014 -0.000122
425.100000 0.000943 -0.003160 -0.000091 -0.081498 1.009808 -0.000122
425.250000 0.000944 -0.003160 -0.000091 -0.084073 1.009596 -0.000122
425.400000 0.000945 -0.003161 -0.000091 -0.086648 1.009377 -0.000122
425.550000 0.000946 -0.003161 -0.000091 -0.089222 1.009152 -0.000122
425.700000 0.000946 -0.003161 -0.000091 -0.091795 1.008921 -0.000122
425.850000 0.000947 -0.003161 -0.000091 -0.094369 1.008683 -0.000122
426.000000 0.000948 -0.003162 -0.000091 -0.096941 1.008438 -0.000122
426.150000 0.000949 -0.003162 -0.000091 -0.099513 1.008187 -0.000122
426.300000 0.000950 -0.003162 -0.000091 -0.102084 1.007930 -0.000122
426.450000 0.000951 -0.003163 -0.000091 -0.104655 1.007666 -0.000122
426.600000 0.000952 -0.003163 -0.000091 -0.107225 1.007396 -0.000122
426.750000 0.000953 -0.003163 -0.000091 -0.109794 1.007120 -0.000122
426.900000 0.000954 -0.003163 -0.000091 -0.112362 1.006837 -0.000122
427.050000 0.000955 -0.003164 -0.000091 -0.114930 1.006548 -0.000122
427.200000 0.000956 -0.003164 -0.000091 -0.117497 1.006252 -0.000122
427.350000 0.000956 -0.003164 -0.000091 -0.120064 1.005950 -0.000122
427.500000 0.000957 -0.003164 -0.000091 -0.122629 1.005642 -0.000122
427.650000 0.000958 -0.003165 -0.000091 -0.125194 1.005327 -0.000122
427.800000 0.000959 -0.003165 -0.000091 -0.127758 1.005005 -0.000122
427.950000 0.000960 -0.003165 -0.000091 -0.130322 1.004678 -0.000122
428.100000 0.000961 -0.003166 -0.000091 -0.132884 1.004344 -0.000122
428.250000 0.000962 -0.003166 -0.000091 -0.135446 1.004003 -0.000122
428.400000 0.000963 -0.003166 -0.000091 -0.138007 1.003656 -0.000122
428.550000 0.000964 -0.003166 -0.000091 -0.140567 1.003303 -0.000122
428.700000 0.000965 -0.003167 -0.000091 -0.143126 1.002943 -0.000122
428.850000 0.000966 -0.003167 -0.000091 -0.145684 1.002577 -0.000122
429.000000 0.000966 -0.003167 -0.000091 -0.148241 1.002205 -0.000122
429.150000 0.000967 -0.003168 -0.000091 -0.150798 1.001826 -0.000122
429.300000 0.000968 -0.003168 -0.000091 -0.153353 1.001441 -0.000122
429.450000 0.000969 -0.003168 -0.000091 -0.155907 1.001050 -0.000122
429.600000 0.000970 -0.003168 -0.000091 -0.158461 1.000652 -0.000122
429.750000 0.000971 -0.003169 -0.000091 -0.161013 1.000248 -0.000122
429.900000 0.000972 -0.003169 -0.000091 -0.163565 0.999837 -0.000122
430.050000 0.000973 -0.003169 -0.000091 -0.166115 0.999420 -0.000122
430.200000 0.000974 -0.003169 -0.000091 -0.168664 0.998997 -0.000122
430.350000 0.000975 -0.003170 -0.000091 -0.171213 0.998567 -0.000122
430.500000 0.000976 -0.003170 -0.000091 -0.173760 0.998131 -0.000122
430.650000 0.000976 -0.003170 -0.000091 -0.176306 0.997688 -0.000122
430.800000 0.000977 -0.003171 -0.000091 -0.178851 0.997240 -0.000122
430.950000 0.000978 -0.003171 -0.000091 -0.181395 0.996785 -0.000122
431.100000 0.000979 -0.003171 -0.000091 -0.183938 0.996323 -0.000122
431.250000 0.000980 -0.003171 -0.000091 -0.186479 0.995855 -0.000122
431.400000 0.000981 -0.003172 -0.000091 -0.189020 0.995381 -0.000123
431.550000 0.000982 -0.003172 -0.000091 -0.191559 0.994901 -0.000123
431.700000 0.000983 -0.003172 -0.000091 -0.194097 0.994414 -0.000123
431.850000 0.000984 -0.003173 -0.000091 -0.196634 0.993921 -0.000123
432.000000 0.000985 -0.003173 -0.000091 -0.199170 0.993422 -0.000123
432.150000 0.000986 -0.003173 -0.000091 -0.201704 0.992916 -0.000123
432.300000 0.000986 -0.003173 -0.000091 -0.204237 0.992404 -0.000123
432.450000 0.000987 -0.003174 -0.000091 -0.206769 0.991885 -0.000123
432.600000 0.000988 -0.003174 -0.000092 -0.209299 0.991361 -0.000123
432.750000 0.000989 -0.003174 -0.000092 -0.211828 0.990830 -0.000123
432.900000 0.000990 -0.003174 -0.000092 -0.214356 0.990292 -0.000123
433.050000 0.000991 -0.003175 -0.000092 -0.216883 0.989749 -0.000123
433.200000 0.000992 -0.003175 -0.000092 -0.219408 0.989199 -0.000123
433.350000 0.000993 -0.003175 -0.000092 -0.221931 0.988643 -0.000123
433.500000 0.000994 -0.003176 -0.000092 -0.224454 0.988080 -0.000123
433.650000 0.000995 -0.003176 -0.000092 -0.226975 0.987511 -0.000123
433.800000 0.000996 -0.003176 -0.000092 -0.229494 0.986936 -0.000123
433.950000 0.000996 -0.003176 -0.000092 -0.232012 0.986355 -0.000123
434.100000 0.000997 -0.003177 -0.000092 -0.234529 0.985767 -0.000123
434.250000 0.000998 -0.003177 -0.000092 -0.237044 0.985174 -0.000123
434.400000 0.000999 -0.003177 -0.000092 -0.239558 0.984573 -0.000123
434.550000 0.001000 -0.003178 -0.000092 -0.242070 0.983967 -0.000123
434.700000 0.001001 -0.003178 -0.000092 -0.244580 0.983354 -0.000123
434.850000 0.001002 -0.003178 -0.000092 -0.247089 0.982735 -0.000123
435.000000 0.001003 -0.003178 -0.000092 -0.249597 0.982110 -0.000123
435.150000 0.001004 -0.003179 -0.000092 -0.252103 0.981479 -0.000123
435.300000 0.001005 -0.003179 -0.000092 -0.254607 0.980841 -0.000123
435.450000 0.001006 -0.003179 -0.000092 -0.257110 0.980197 -0.000123
435.600000 0.001006 -0.003179 -0.000092 -0.259611 0.979547 -0.000123
435.750000 0.001007 -0.003180 -0.000092 -0.262110 0.978891 -0.000123
435.900000 0.001008 -0.003180 -0.000092 -0.264608 0.978228 -0.000123
436.050000 0.001009 -0.003180 -0.000092 -0.267104 0.977559 -0.000123
436.200000 0.001010 -0.003181 -0.000092 -0.269599 0.976884 -0.000123
436.350000 0.001011 -0.003181 -0.000092 -0.272092 0.976203 -0.000123
436.500000 0.001012 -0.003181 -0.000092 -0.274583 0.975516 -0.000123
436.650000 0.001013 -0.003181 -0.000092 -0.277072 0.974822 -0.000123
436.800000 0.001014 -0.003182 -0.000092 -0.279560 0.974122 -0.000123
436.950000 0.001015 -0.003182 -0.000092 -0.282045 0.973416 -0.000123
437.100000 0.001016 -0.003182 -0.000092 -0.284529 0.972704 -0.000123
437.250000 0.001016 -0.003183 -0.000092 -0.287012 0.971985 -0.000123
437.400000 0.001017 -0.003183 -0.000092 -0.289492 0.971261 -0.000123
437.550000 0.001018 -0.003183 -0.000092 -0.291971 0.970530 -0.000123
437.700000 0.001019 -0.003183 -0.000092 -0.294448 0.969793 -0.000123
437.850000 0.001020 -0.003184 -0.000092 -0.296923 0.969050 -0.000123
438.000000 0.001021 -0.003184 -0.000092 -0.299396 0.968301 -0.000123
438.150000 0.001022 -0.003184 -0.000092 -0.301867 0.967545 -0.000123
438.300000 0.001023 -0.003184 -0.000092 -0.304336 0.966784 -0.000123
438.450000 0.001024 -0.003185 -0.000092 -0.306803 0.966016 -0.000123
438.600000 0.001025 -0.003185 -0.000092 -0.309269 0.965242 -0.000123
438.750000 0.001026 -0.003185 -0.000092 -0.311732 0.964462 -0.000123
438.900000 0.001026 -0.003186 -0.000092 -0.314194 0.963676 -0.000123
439.050000 0.001027 -0.003186 -0.000092 -0.316653 0.962884 -0.000123
439.200000 0.001028 -0.003186 -0.000092 -0.319111 0.962085 -0.000123
439.350000 0.001029 -0.003186 -0.000092 -0.321566 0.961281 -0.000123
439.500000 0.001030 -0.003187 -0.000092 -0.324020 0.960470 -0.000123
439.650000 0.001031 -0.003187 -0.000092 -0.326471 0.959653 -0.000123
439.800000 0.001032 -0.003187 -0.000092 -0.328921 0.958830 -0.000123
439.950000 0.001033 -0.003188 -0.000092 -0.331368 0.958002 -0.000123
440.100000 0.001034 -0.003188 -0.000092 -0.333813 0.957167 -0.000123
440.250000 0.001035 -0.003188 -0.000092 -0.336256 0.956325 -0.000123
440.400000 0.001036 -0.003188 -0.000093 -0.338697 0.955478 -0.000123
440.550000 0.001036 -0.003189 -0.000093 -0.341136 0.954625 -0.000123
440.700000 0.001037 -0.003189 -0.000093 -0.343573 0.953766 -0.000123
440.850000 0.001038 -0.003189 -0.000093 -0.346007 0.952900 -0.000123
441.000000 0.001039 -0.003189 -0.000093 -0.348440 0.952029 -0.000123
441.150000 0.001040 -0.003190 -0.000093 -0.350870 0.951152 -0.000123
441.300000 0.001041 -0.003190 -0.000093 -0.353298 0.950268 -0.000123
441.450000 0.001042 -0.003190 -0.000093 -0.355724 0.949378 -0.000123
441.600000 0.001043 -0.003191 -0.000093 -0.358147 0.948483 -0.000123
441.750000 0.001044 -0.003191 -0.000093 -0.360568 0.947581 -0.000123
441.900000 0.001045 -0.003191 -0.000093 -0.362987 0.946674 -0.000123
442.050000 0.001046 -0.003191 -0.000093 -0.365404 0.945760 -0.000123
442.200000 0.001046 -0.003192 -0.000093 -0.367818 0.944840 -0.000123
442.350000 0.001047 -0.003192 -0.000093 -0.370231 0.943915 -0.000123
442.500000 0.001048 -0.003192 -0.000093 -0.372640 0.942983 -0.000123
442.650000 0.001049 -0.003193 -0.000093 -0.375048 0.942045 -0.000123
442.800000 0.001050 -0.003193 -0.000093 -0.377453 0.941102 -0.000123
442.950000 0.001051 -0.003193 -0.000093 -0.379855 0.940152 -0.000123
443.100000 0.001052 -0.003193 -0.000093 -0.382256 0.939197 -0.000123
443.250000 0.001053 -0.003194 -0.000093 -0.384653 0.938235 -0.000123
443.400000 0.001054 -0.003194 -0.000093 -0.387049 0.937268 -0.000123
443.550000 0.001055 -0.003194 -0.000093 -0.389442 0.936294 -0.000123
443.700000 0.001056 -0.003194 -0.000093 -0.391832 0.935315 -0.000123
443.850000 0.001056 -0.003195 -0.000093 -0.394220 0.934329 -0.000123
444.000000 0.001057 -0.003195 -0.000093 -0.396606 0.933338 -0.000123
444.150000 0.001058 -0.003195 -0.000093 -0.398989 0.932341 -0.000123
444.300000 0.001059 -0.003196 -0.000093 -0.401370 0.931338 -0.000123
444.450000 0.001060 -0.003196 -0.000093 -0.403748 0.930329 -0.000123
444.600000 0.001061 -0.003196 -0.000093 -0.406123 0.929314 -0.000123
444.750000 0.001062 -0.003196 -0.000093 -0.408496 0.928293 -0.000123
444.900000 0.001063 -0.003197 -0.000093 -0.410866 0.927266 -0.000123
445.050000 0.001064 -0.003197 -0.000093 -0.413234 0.926234 -0.000123
445.200000 0.001065 -0.003197 -0.000093 -0.415599 0.925195 -0.000123
445.350000 0.001066 -0.003197 -0.000093 -0.417962 0.924151 -0.000123
445.500000 0.001066 -0.003198 -0.000093 -0.420322 0.923101 -0.000123
445.650000 0.001067 -0.003198 -0.000093 -0.422679 0.922044 -0.000123
445.800000 0.001068 -0.003198 -0.000093 -0.425034 0.920983 -0.000123
445.950000 0.001069 -0.003199 -0.000093 -0.427385 0.919915 -0.000123
446.100000 0.001070 -0.003199 -0.000093 -0.429735 0.918841 -0.000123
446.250000 0.001071 -0.003199 -0.000093 -0.432081 0.917762 -0.000123
446.400000 0.001072 -0.003199 -0.000093 -0.434425 0.916676 -0.000123
446.550000 0.001073 -0.003200 -0.000093 -0.436766 0.915585 -0.000123
446.700000 0.001074 -0.003200 -0.000093 -0.439104 0.914488 -0.000123
446.850000 0.001075 -0.003200 -0.000093 -0.441440 0.913386 -0.000123
447.000000 0.001075 -0.003201 -0.000093 -0.443773 0.912277 -0.000123
447.150000 0.001076 -0.003201 -0.000093 -0.446103 0.911163 -0.000123
447.300000 0.001077 -0.003201 -0.000093 -0.448430 0.910043 -0.000123
447.450000 0.001078 -0.003201 -0.000093 -0.450754 0.908917 -0.000123
447.600000 0.001079 -0.003202 -0.000093 -0.453076 0.907785 -0.000123
447.750000 0.001080 -0.003202 -0.000093 -0.455394 0.906648 -0.000123
447.900000 0.001081 -0.003202 -0.000093 -0.457710 0.905505 -0.000123
448.050000 0.001082 -0.003202 -0.000094 -0.460023 0.904356 -0.000123
448.200000 0.001083 -0.003203 -0.000094 -0.462333 0.903201 -0.000123
448.350000 0.001084 -0.003203 -0.000094 -0.464640 0.902041 -0.000123
448.500000 0.001085 -0.003203 -0.000094 -0.466944 0.900875 -0.000123
448.650000 0.001085 -0.003204 -0.000094 -0.469246 0.899703 -0.000123
448.800000 0.001086 -0.003204 -0.000094 -0.471544 0.898526 -0.000123
448.950000 0.001087 -0.003204 -0.000094 -0.473839 0.897343 -0.000123
449.100000 0.001088 -0.003204 -0.000094 -0.476132 0.896154 -0.000123
449.250000 0.001089 -0.003205 -0.000094 -0.478421 0.894959 -0.000123
449.400000 0.001090 -0.003205 -0.000094 -0.480707 0.893759 -0.000123
449.550000 0.001091 -0.003205 -0.000094 -0.482991 0.892553 -0.000123
449.700000 0.001092 -0.003205 -0.000094 -0.485271 0.891342 -0.000123
449.850000 0.001093 -0.003206 -0.000094 -0.487548 0.890124 -0.000123
450.000000 0.001094 -0.003206 -0.000094 -0.489822 0.888902 -0.000123
450.150000 0.001095 -0.003206 -0.000094 -0.492093 0.887673 -0.000123
450.300000 0.001095 -0.003207 -0.000094 -0.494361 0.886439 -0.000123
450.450000 0.001096 -0.003207 -0.000094 -0.496626 0.885199 -0.000123
450.600000 0.001097 -0.003207 -0.000094 -0.498888 0.883954 -0.000123
450.750000 0.001098 -0.003207 -0.000094 -0.501146 0.882703 -0.000122
450.900000 0.001099 -0.003208 -0.000094 -0.503402 0.881447 -0.000122
451.050000 0.001100 -0.003208 -0.000094 -0.505654 0.880185 -0.000122
451.200000 0.001101 -0.003208 -0.000094 -0.507903 0.878917 -0.000122
451.350000 0.001102 -0.003209 -0.000094 -0.510149 0.877644 -0.000122
451.500000 0.001103 -0.003209 -0.000094 -0.512392 0.876365 -0.000122
451.650000 0.001104 -0.003209 -0.000094 -0.514631 0.875081 -0.000122
451.800000 0.001105 -0.003209 -0.000094 -0.516868 0.873791 -0.000122
451.950000 0.001105 -0.003210 -0.000094 -0.519101 0.872495 -0.000122
452.100000 0.001106 -0.003210 -0.000094 -0.521330 0.871194 -0.000122
452.250000 0.001107 -0.003210 -0.000094 -0.523557 0.869888 -0.000122
452.400000 0.001108 -0.003210 -0.000094 -0.525780 0.868576 -0.000122
452.550000 0.001109 -0.003211 -0.000094 -0.528000 0.867258 -0.000122
452.700000 0.001110 -0.003211 -0.000094 -0.530216 0.865935 -0.000122
452.850000 0.001111 -0.003211 -0.000094 -0.532429 0.864607 -0.000122
453.000000 0.001112 -0.003212 -0.000094 -0.534639 0.863273 -0.000122
453.150000 0.001113 -0.003212 -0.000094 -0.536846 0.861934 -0.000122
453.300000 0.001114 -0.003212 -0.000094 -0.539049 0.860589 -0.000122
453.450000 0.001115 -0.003212 -0.000094 -0.541249 0.859238 -0.000122
453.600000 0.001115 -0.003213 -0.000094 -0.543445 0.857883 -0.000122
453.750000 0.001116 -0.003213 -0.000094 -0.545638 0.856522 -0.000122
453.900000 0.001117 -0.003213 -0.000094 -0.547827 0.855155 -0.000122
454.050000 0.001118 -0.003213 -0.000094 -0.550013 0.853783 -0.000122
454.200000 0.001119 -0.003214 -0.000094 -0.552196 0.852406 -0.000122
454.350000 0.001120 -0.003214 -0.000094 -0.554375 0.851023 -0.000122
454.500000 0.001121 -0.003214 -0.000094 -0.556551 0.849635 -0.000122
454.650000 0.001122 -0.003215 -0.000094 -0.558723 0.848241 -0.000122
454.800000 0.001123 -0.003215 -0.000094 -0.560891 0.846842 -0.000122
454.950000 0.001124 -0.003215 -0.000094 -0.563057 0.845438 -0.000122
455.100000 0.001125 -0.003215 -0.000094 -0.565218 0.844028 -0.000122
455.250000 0.001125 -0.003216 -0.000094 -0.567376 0.842613 -0.000122
455.400000 0.001126 -0.003216 -0.000094 -0.569531 0.841193 -0.000122
455.550000 0.001127 -0.003216 -0.000094 -0.571682 0.839767 -0.000122
455.700000 0.001128 -0.003217 -0.000095 -0.573829 0.838336 -0.000122
455.850000 0.001129 -0.003217 -0.000095 -0.575973 0.836900 -0.000122
456.000000 0.001130 -0.003217 -0.000095 -0.578113 0.835459 -0.000122
456.150000 0.001131 -0.003217 -0.000095 -0.580249 0.834012 -0.000122
456.300000 0.001132 -0.003218 -0.000095 -0.582382 0.832560 -0.000122
456.450000 0.001133 -0.003218 -0.000095 -0.584511 0.831103 -0.000122
456.600000 0.001134 -0.003218 -0.000095 -0.586636 0.829640 -0.000122
456.750000 0.001135 -0.003218 -0.000095 -0.588758 0.828172 -0.000122
456.900000 0.001135 -0.003219 -0.000095 -0.590876 0.826699 -0.000122
457.050000 0.001136 -0.003219 -0.000095 -0.592991 0.825221 -0.000122
457.200000 0.001137 -0.003219 -0.000095 -0.595101 0.823737 -0.000122
457.350000 0.001138 -0.003220 -0.000095 -0.597208 0.822248 -0.000122
457.500000 0.001139 -0.003220 -0.000095 -0.599312 0.820755 -0.000122
457.650000 0.001140 -0.003220 -0.000095 -0.601411 0.819255 -0.000122
457.800000 0.001141 -0.003220 -0.000095 -0.603507 0.817751 -0.000122
457.950000 0.001142 -0.003221 -0.000095 -0.605599 0.816242 -0.000122
458.100000 0.001143 -0.003221 -0.000095 -0.607687 0.814727 -0.000122
458.250000 0.001144 -0.003221 -0.000095 -0.609771 0.813207 -0.000122
458.400000 0.001144 -0.003221 -0.000095 -0.611851 0.811683 -0.000122
458.550000 0.001145 -0.003222 -0.000095 -0.613928 0.810152 -0.000122
458.700000 0.001146 -0.003222 -0.000095 -0.616001 0.808617 -0.000122
458.850000 0.001147 -0.003222 -0.000095 -0.618070 0.807077 -0.000122
459.000000 0.001148 -0.003223 -0.000095 -0.620135 0.805532 -0.000122
459.150000 0.001149 -0.003223 -0.000095 -0.622196 0.803981 -0.000122
459.300000 0.001150 -0.003223 -0.000095 -0.624253 0.802426 -0.000122
459.450000 0.001151 -0.003223 -0.000095 -0.626306 0.800865 -0.000121
459.600000 0.001152 -0.003224 -0.000095 -0.628356 0.799300 -0.000121
459.750000 0.001153 -0.003224 -0.000095 -0.630401 0.797729 -0.000121
459.900000 0.001154 -0.003224 -0.000095 -0.632443 0.796153 -0.000121
460.050000 0.001154 -0.003224 -0.000095 -0.634480 0.794573 -0.000121
460.200000 0.001155 -0.003225 -0.000095 -0.636514 0.792987 -0.000121
460.350000 0.001156 -0.003225 -0.000095 -0.638544 0.791396 -0.000121
460.500000 0.001157 -0.003225 -0.000095 -0.640569 0.789800 -0.000121
460.650000 0.001158 -0.003226 -0.000095 -0.642591 0.788200 -0.000121
460.800000 0.001159 -0.003226 -0.000095 -0.644608 0.786594 -0.000121
460.950000 0.001160 -0.003226 -0.000095 -0.646622 0.784983 -0.000121
461.100000 0.001161 -0.003226 -0.000095 -0.648631 0.783368 -0.000121
461.250000 0.001162 -0.003227 -0.000095 -0.650637 0.781747 -0.000121
461.400000 0.001163 -0.003227 -0.000095 -0.652638 0.780122 -0.000121
461.550000 0.001164 -0.003227 -0.000095 -0.654635 0.778491 -0.000121
461.700000 0.001164 -0.003227 -0.000095 -0.656628 0.776856 -0.000121
461.850000 0.001165 -0.003228 -0.000095 -0.658617 0.775216 -0.000121
462.000000 0.001166 -0.003228 -0.000095 -0.660602 0.773571 -0.000121
462.150000 0.001167 -0.003228 -0.000095 -0.662583 0.771921 -0.000121
462.300000 0.001168 -0.003229 -0.000095 -0.664560 0.770266 -0.000121
462.450000 0.001169 -0.003229 -0.000095 -0.666532 0.768606 -0.000121
462.600000 0.001170 -0.003229 -0.000095 -0.668501 0.766942 -0.000121
462.750000 0.001171 -0.003229 -0.000095 -0.670465 0.765272 -0.000121
462.900000 0.001172 -0.003230 -0.000095 -0.672425 0.763598 -0.000121
463.050000 0.001173 -0.003230 -0.000095 -0.674380 0.761919 -0.000121
463.200000 0.001174 -0.003230 -0.000095 -0.676332 0.760235 -0.000121
463.350000 0.001174 -0.003231 -0.000096 -0.678279 0.758546 -0.000121
463.500000 0.001175 -0.003231 -0.000096 -0.680222 0.756853 -0.000121
463.650000 0.001176 -0.003231 -0.000096 -0.682161 0.755155 -0.000121
463.800000 0.001177 -0.003231 -0.000096 -0.684095 0.753452 -0.000121
463.950000 0.001178 -0.003232 -0.000096 -0.686026 0.751744 -0.000121
464.100000 0.001179 -0.003232 -0.000096 -0.687952 0.750032 -0.000121
464.250000 0.001180 -0.003232 -0.000096 -0.689873 0.748315 -0.000121
464.400000 0.001181 -0.003232 -0.000096 -0.691791 0.746593 -0.000121
464.550000 0.001182 -0.003233 -0.000096 -0.693704 0.744866 -0.000121
464.700000 0.001183 -0.003233 -0.000096 -0.695612 0.743135 -0.000121
464.850000 0.001183 -0.003233 -0.000096 -0.697517 0.741399 -0.000121
465.000000 0.001184 -0.003234 -0.000096 -0.699417 0.739659 -0.000121
465.150000 0.001185 -0.003234 -0.000096 -0.701312 0.737914 -0.000121
465.300000 0.001186 -0.003234 -0.000096 -0.703204 0.736164 -0.000120
465.450000 0.001187 -0.003234 -0.000096 -0.705090 0.734409 -0.000120
465.600000 0.001188 -0.003235 -0.000096 -0.706973 0.732650 -0.000120
465.750000 0.001189 -0.003235 -0.000096 -0.708851 0.730886 -0.000120
465.900000 0.001190 -0.003235 -0.000096 -0.710724 0.729118 -0.000120
466.050000 0.001191 -0.003235 -0.000096 -0.712594 0.727345 -0.000120
466.200000 0.001192 -0.003236 -0.000096 -0.714458 0.725567 -0.000120
466.350000 0.001193 -0.003236 -0.000096 -0.716319 0.723785 -0.000120
466.500000 0.001193 -0.003236 -0.000096 -0.718174 0.721999 -0.000120
466.650000 0.001194 -0.003237 -0.000096 -0.720026 0.720208 -0.000120
466.800000 0.001195 -0.003237 -0.000096 -0.721872 0.718412 -0.000120
466.950000 0.001196 -0.003237 -0.000096 -0.723715 0.716612 -0.000120
467.100000 0.001197 -0.003237 -0.000096 -0.725552 0.714807 -0.000120
467.250000 0.001198 -0.003238 -0.000096 -0.727386 0.712998 -0.000120
467.400000 0.001199 -0.003238 -0.000096 -0.729214 0.711184 -0.000120
467.550000 0.001200 -0.003238 -0.000096 -0.731039 0.709366 -0.000120
467.700000 0.001201 -0.003238 -0.000096 -0.732858 0.707543 -0.000120
467.850000 0.001202 -0.003239 -0.000096 -0.734673 0.705716 -0.000120
468.000000 0.001203 -0.003239 -0.000096 -0.736484 0.703885 -0.000120
468.150000 0.001203 -0.003239 -0.000096 -0.738290 0.702049 -0.000120
468.300000 0.001204 -0.003240 -0.000096 -0.740091 0.700208 -0.000120
468.450000 0.001205 -0.003240 -0.000096 -0.741887 0.698364 -0.000120
468.600000 0.001206 -0.003240 -0.000096 -0.743679 0.696514 -0.000120
468.750000 0.001207 -0.003240 -0.000096 -0.745467 0.694661 -0.000120
468.900000 0.001208 -0.003241 -0.000096 -0.747250 0.692803 -0.000120
469.050000 0.001209 -0.003241 -0.000096 -0.749028 0.690941 -0.000120
469.200000 0.001210 -0.003241 -0.000096 -0.750801 0.689074 -0.000120
469.350000 0.001211 -0.003241 -0.000096 -0.752570 0.687203 -0.000120
469.500000 0.001212 -0.003242 -0.000096 -0.754334 0.685328 -0.000120
469.650000 0.001213 -0.003242 -0.000096 -0.756093 0.683449 -0.000120
469.800000 0.001213 -0.003242 -0.000096 -0.757848 0.681565 -0.000120
469.950000 0.001214 -0.003243 -0.000096 -0.759598 0.679677 -0.000120
470.100000 0.001215 -0.003243 -0.000096 -0.761343 0.677784 -0.000120
470.250000 0.001216 -0.003243 -0.000096 -0.763083 0.675888 -0.000119
470.400000 0.001217 -0.003243 -0.000096 -0.764819 0.673987 -0.000119
470.550000 0.001218 -0.003244 -0.000096 -0.766550 0.672082 -0.000119
470.700000 0.001219 -0.003244 -0.000096 -0.768276 0.670172 -0.000119
470.850000 0.001220 -0.003244 -0.000096 -0.769998 0.668259 -0.000119
471.000000 0.001221 -0.003244 -0.000097 -0.771714 0.666341 -0.000119
471.150000 0.001222 -0.003245 -0.000097 -0.773426 0.664419 -0.000119
471.300000 0.001222 -0.003245 -0.000097 -0.775133 0.662493 -0.000119
471.450000 0.001223 -0.003245 -0.000097 -0.776835 0.660563 -0.000119
471.600000 0.001224 -0.003246 -0.000097 -0.778533 0.658629 -0.000119
471.750000 0.001225 -0.003246 -0.000097 -0.780225 0.656690 -0.000119
471.900000 0.001226 -0.003246 -0.000097 -0.781913 0.654748 -0.000119
472.050000 0.001227 -0.003246 -0.000097 -0.783595 0.652801 -0.000119
472.200000 0.001228 -0.003247 -0.000097 -0.785273 0.650850 -0.000119
472.350000 0.001229 -0.003247 -0.000097 -0.786946 0.648895 -0.000119
472.500000 0.001230 -0.003247 -0.000097 -0.788614 0.646936 -0.000119
472.650000 0.001231 -0.003247 -0.000097 -0.790278 0.644973 -0.000119
472.800000 0.001232 -0.003248 -0.000097 -0.791936 0.643006 -0.000119
472.950000 0.001232 -0.003248 -0.000097 -0.793589 0.641035 -0.000119
473.100000 0.001233 -0.003248 -0.000097 -0.795238 0.639060 -0.000119
473.250000 0.001234 -0.003249 -0.000097 -0.796881 0.637081 -0.000119
473.400000 0.001235 -0.003249 -0.000097 -0.798520 0.635098 -0.000119
473.550000 0.001236 -0.003249 -0.000097 -0.800154 0.633111 -0.000119
473.700000 0.001237 -0.003249 -0.000097 -0.801782 0.631120 -0.000119
473.850000 0.001238 -0.003250 -0.000097 -0.803406 0.629125 -0.000119
474.000000 0.001239 -0.003250 -0.000097 -0.805025 0.627126 -0.000119
474.150000 0.001240 -0.003250 -0.000097 -0.806638 0.625123 -0.000119
474.300000 0.001241 -0.003250 -0.000097 -0.808247 0.623116 -0.000119
474.450000 0.001242 -0.003251 -0.000097 -0.809851 0.621105 -0.000118
474.600000 0.001242 -0.003251 -0.000097 -0.811449 0.619091 -0.000118
474.750000 0.001243 -0.003251 -0.000097 -0.813043 0.617072 -0.000118
474.900000 0.001244 -0.003252 -0.000097 -0.814631 0.615050 -0.000118
475.050000 0.001245 -0.003252 -0.000097 -0.816215 0.613024 -0.000118
475.200000 0.001246 -0.003252 -0.000097 -0.817793 0.610994 -0.000118
475.350000 0.001247 -0.003252 -0.000097 -0.819367 0.608960 -0.000118
475.500000 0.001248 -0.003253 -0.000097 -0.820935 0.606922 -0.000118
475.650000 0.001249 -0.003253 -0.000097 -0.822498 0.604881 -0.000118
475.800000 0.001250 -0.003253 -0.000097 -0.824056 0.602836 -0.000118
475.950000 0.001251 -0.003253 -0.000097 -0.825609 0.600787 -0.000118
476.100000 0.001251 -0.003254 -0.000097 -0.827157 0.598734 -0.000118
476.250000 0.001252 -0.003254 -0.000097 -0.828700 0.596677 -0.000118
476.400000 0.001253 -0.003254 -0.000097 -0.830237 0.594617 -0.000118
476.550000 0.001254 -0.003255 -0.000097 -0.831770 0.592553 -0.000118
476.700000 0.001255 -0.003255 -0.000097 -0.833297 0.590485 -0.000118
476.850000 0.001256 -0.003255 -0.000097 -0.834819 0.588414 -0.000118
477.000000 0.001257 -0.003255 -0.000097 -0.836336 0.586339 -0.000118
477.150000 0.001258 -0.003256 -0.000097 -0.837848 0.584260 -0.000118
477.300000 0.001259 -0.003256 -0.000097 -0.839354 0.582178 -0.000118
477.450000 0.001260 -0.003256 -0.000097 -0.840856 0.580092 -0.000118
477.600000 0.001261 -0.003257 -0.000097 -0.842352 0.578002 -0.000118
477.750000 0.001261 -0.003257 -0.000097 -0.843843 0.575909 -0.000118
477.900000 0.001262 -0.003257 -0.000097 -0.845329 0.573812 -0.000118
478.050000 0.001263 -0.003257 -0.000097 -0.846809 0.571712 -0.000118
478.200000 0.001264 -0.003258 -0.000097 -0.848284 0.569608 -0.000117
478.350000 0.001265 -0.003258 -0.000097 -0.849754 0.567500 -0.000117
478.500000 0.001266 -0.003258 -0.000097 -0.851219 0.565389 -0.000117
478.650000 0.001267 -0.003258 -0.000098 -0.852679 0.563275 -0.000117
478.800000 0.001268 -0.003259 -0.000098 -0.854133 0.561157 -0.000117
478.950000 0.001269 -0.003259 -0.000098 -0.855582 0.559035 -0.000117
479.100000 0.001270 -0.003259 -0.000098 -0.857025 0.556910 -0.000117
479.250000 0.001270 -0.003260 -0.000098 -0.858464 0.554781 -0.000117
479.400000 0.001271 -0.003260 -0.000098 -0.859897 0.552649 -0.000117
479.550000 0.001272 -0.003260 -0.000098 -0.861325 0.550514 -0.000117
479.700000 0.001273 -0.003260 -0.000098 -0.862747 0.548375 -0.000117
479.850000 0.001274 -0.003261 -0.000098 -0.864164 0.546232 -0.000117
480.000000 0.001275 -0.003261 -0.000098 -0.865576 0.544086 -0.000117
480.150000 0.001276 -0.003261 -0.000098 -0.866982 0.541937 -0.000117
480.300000 0.001277 -0.003261 -0.000098 -0.868383 0.539785 -0.000117
480.450000 0.001278 -0.003262 -0.000098 -0.869779 0.537629 -0.000117
480.600000 0.001279 -0.003262 -0.000098 -0.871169 0.535469 -0.000117
480.750000 0.001280 -0.003262 -0.000098 -0.872554 0.533307 -0.000117
480.900000 0.001280 -0.003263 -0.000098 -0.873933 0.531141 -0.000117
481.050000 0.001281 -0.003263 -0.000098 -0.875308 0.528972 -0.000117
481.200000 0.001282 -0.003263 -0.000098 -0.876676 0.526799 -0.000117
481.350000 0.001283 -0.003263 -0.000098 -0.878040 0.524623 -0.000117
481.500000 0.001284 -0.003264 -0.000098 -0.879397 0.522444 -0.000117
481.650000 0.001285 -0.003264 -0.000098 -0.880750 0.520262 -0.000117
481.800000 0.001286 -0.003264 -0.000098 -0.882097 0.518076 -0.000116
481.950000 0.001287 -0.003264 -0.000098 -0.883439 0.515887 -0.000116
482.100000 0.001288 -0.003265 -0.000098 -0.884775 0.513695 -0.000116
482.250000 0.001289 -0.003265 -0.000098 -0.886105 0.511500 -0.000116
482.400000 0.001289 -0.003265 -0.000098 -0.887431 0.509301 -0.000116
482.550000 0.001290 -0.003266 -0.000098 -0.888750 0.507100 -0.000116
482.700000 0.001291 -0.003266 -0.000098 -0.890065 0.504895 -0.000116
482.850000 0.001292 -0.003266 -0.000098 -0.891373 0.502687 -0.000116
483.000000 0.001293 -0.003266 -0.000098 -0.892677 0.500476 -0.000116
483.150000 0.001294 -0.003267 -0.000098 -0.893974 0.498261 -0.000116
483.300000 0.001295 -0.003267 -0.000098 -0.895267 0.496044 -0.000116
483.450000 0.001296 -0.003267 -0.000098 -0.896553 0.493824 -0.000116
483.600000 0.001297 -0.003267 -0.000098 -0.897835 0.491600 -0.000116
483.750000 0.001298 -0.003268 -0.000098 -0.899110 0.489374 -0.000116
483.900000 0.001299 -0.003268 -0.000098 -0.900380 0.487144 -0.000116
484.050000 0.001299 -0.003268 -0.000098 -0.901645 0.484912 -0.000116
484.200000 0.001300 -0.003269 -0.000098 -0.902904 0.482676 -0.000116
484.350000 0.001301 -0.003269 -0.000098 -0.904158 0.480437 -0.000116
484.500000 0.001302 -0.003269 -0.000098 -0.905406 0.478196 -0.000116
484.650000 0.001303 -0.003269 -0.000098 -0.906648 0.475951 -0.000116
484.800000 0.001304 -0.003270 -0.000098 -0.907885 0.473703 -0.000116
484.950000 0.001305 -0.003270 -0.000098 -0.909116 0.471453 -0.000116
485.100000 0.001306 -0.003270 -0.000098 -0.910341 0.469199 -0.000116
485.250000 0.001307 -0.003270 -0.000098 -0.911561 0.466943 -0.000115
485.400000 0.001308 -0.003271 -0.000098 -0.912776 0.464684 -0.000115
485.550000 0.001308 -0.003271 -0.000098 -0.913985 0.462422 -0.000115
485.700000 0.001309 -0.003271 -0.000098 -0.915188 0.460157 -0.000115
485.850000 0.001310 -0.003272 -0.000098 -0.916385 0.457889 -0.000115
486.000000 0.001311 -0.003272 -0.000098 -0.917577 0.455618 -0.000115
486.150000 0.001312 -0.003272 -0.000098 -0.918764 0.453344 -0.000115
486.300000 0.001313 -0.003272 -0.000099 -0.919944 0.451068 -0.000115
486.450000 0.001314 -0.003273 -0.000099 -0.921119 0.448789 -0.000115
486.600000 0.001315 -0.003273 -0.000099 -0.922288 0.446507 -0.000115
486.750000 0.001316 -0.003273 -0.000099 -0.923452 0.444222 -0.000115
486.900000 0.001317 -0.003273 -0.000099 -0.924610 0.441934 -0.000115
487.050000 0.001318 -0.003274 -0.000099 -0.925762 0.439644 -0.000115
487.200000 0.001318 -0.003274 -0.000099 -0.926909 0.437351 -0.000115
487.350000 0.001319 -0.003274 -0.000099 -0.928050 0.435055 -0.000115
487.500000 0.001320 -0.003275 -0.000099 -0.929185 0.432757 -0.000115
487.650000 0.001321 -0.003275 -0.000099 -0.930315 0.430456 -0.000115
487.800000 0.001322 -0.003275 -0.000099 -0.931438 0.428152 -0.000115
487.950000 0.001323 -0.003275 -0.000099 -0.932556 0.425845 -0.000115
488.100000 0.001324 -0.003276 -0.000099 -0.933669 0.423536 -0.000115
488.250000 0.001325 -0.003276 -0.000099 -0.934775 0.421224 -0.000115
488.400000 0.001326 -0.003276 -0.000099 -0.935876 0.418910 -0.000114
488.550000 0.001327 -0.003276 -0.000099 -0.936972 0.416593 -0.000114
488.700000 0.001327 -0.003277 -0.000099 -0.938061 0.414273 -0.000114
488.850000 0.001328 -0.003277 -0.000099 -0.939145 0.411951 -0.000114
489.000000 0.001329 -0.003277 -0.000099 -0.940223 0.409627 -0.000114
489.150000 0.001330 -0.003277 -0.000099 -0.941295 0.407299 -0.000114
489.300000 0.001331 -0.003278 -0.000099 -0.942361 0.404969 -0.000114
489.450000 0.001332 -0.003278 -0.000099 -0.943422 0.402637 -0.000114
489.600000 0.001333 -0.003278 -0.000099 -0.944477 0.400302 -0.000114
489.750000 0.001334 -0.003279 -0.000099 -0.945526 0.397965 -0.000114
489.900000 0.001335 -0.003279 -0.000099 -0.946569 0.395625 -0.000114
490.050000 0.001336 -0.003279 -0.000099 -0.947606 0.393283 -0.000114
490.200000 0.001337 -0.003279 -0.000099 -0.948638 0.390938 -0.000114
490.350000 0.001337 -0.003280 -0.000099 -0.949664 0.388591 -0.000114
490.500000 0.001338 -0.003280 -0.000099 -0.950684 0.386242 -0.000114
490.650000 0.001339 -0.003280 -0.000099 -0.951698 0.383890 -0.000114
490.800000 0.001340 -0.003280 -0.000099 -0.952706 0.381536 -0.000114
490.950000 0.001341 -0.003281 -0.000099 -0.953709 0.379179 -0.000114
491.100000 0.001342 -0.003281 -0.000099 -0.954706 0.376820 -0.000114
491.250000 0.001343 -0.003281 -0.000099 -0.955697 0.374459 -0.000114
491.400000 0.001344 -0.003282 -0.000099 -0.956682 0.372095 -0.000113
491.550000 0.001345 -0.003282 -0.000099 -0.957661 0.369729 -0.000113
491.700000 0.001346 -0.003282 -0.000099 -0.958634 0.367361 -0.000113
491.850000 0.001346 -0.003282 -0.000099 -0.959602 0.364990 -0.000113
492.000000 0.001347 -0.003283 -0.000099 -0.960563 0.362618 -0.000113
492.150000 0.001348 -0.003283 -0.000099 -0.961519 0.360243 -0.000113
492.300000 0.001349 -0.003283 -0.000099 -0.962469 0.357865 -0.000113
492.450000 0.001350 -0.003283 -0.000099 -0.963413 0.355486 -0.000113
492.600000 0.001351 -0.003284 -0.000099 -0.964351 0.353104 -0.000113
492.750000 0.001352 -0.003284 -0.000099 -0.965283 0.350720 -0.000113
492.900000 0.001353 -0.003284 -0.000099 -0.966209 0.348334 -0.000113
493.050000 0.001354 -0.003285 -0.000099 -0.967130 0.345946 -0.000113
493.200000 0.001355 -0.003285 -0.000099 -0.968044 0.343555 -0.000113
493.350000 0.001356 -0.003285 -0.000099 -0.968953 0.341163 -0.000113
493.500000 0.001356 -0.003285 -0.000099 -0.969856 0.338768 -0.000113
493.650000 0.001357 -0.003286 -0.000099 -0.970752 0.336372 -0.000113
493.800000 0.001358 -0.003286 -0.000099 -0.971643 0.333973 -0.000113
493.950000 0.001359 -0.003286 -0.000100 -0.972528 0.331572 -0.000113
494.100000 0.001360 -0.003286 -0.000100 -0.973407 0.329169 -0.000113
494.250000 0.001361 -0.003287 -0.000100 -0.974280 0.326764 -0.000113
494.400000 0.001362 -0.003287 -0.000100 -0.975147 0.324357 -0.000112
494.550000 0.001363 -0.003287 -0.000100 -0.976008 0.321948 -0.000112
494.700000 0.001364 -0.003288 -0.000100 -0.976864 0.319537 -0.000112
494.850000 0.001365 -0.003288 -0.000100 -0.977713 0.317124 -0.000112
495.000000 0.001365 -0.003288 -0.000100 -0.978556 0.314709 -0.000112
495.150000 0.001366 -0.003288 -0.000100 -0.979393 0.312292 -0.000112
495.300000 0.001367 -0.003289 -0.000100 -0.980225 0.309873 -0.000112
495.450000 0.001368 -0.003289 -0.000100 -0.981050 0.307452 -0.000112
495.600000 0.001369 -0.003289 -0.000100 -0.981870 0.305030 -0.000112
495.750000 0.001370 -0.003289 -0.000100 -0.982683 0.302605 -0.000112
495.900000 0.001371 -0.003290 -0.000100 -0.983491 0.300179 -0.000112
496.050000 0.001372 -0.003290 -0.000100 -0.984292 0.297750 -0.000112
496.200000 0.001373 -0.003290 -0.000100 -0.985088 0.295320 -0.000112
496.350000 0.001374 -0.003291 -0.000100 -0.985877 0.292888 -0.000112
496.500000 0.001374 -0.003291 -0.000100 -0.986661 0.290454 -0.000112
496.650000 0.001375 -0.003291 -0.000100 -0.987438 0.288019 -0.000112
496.800000 0.001376 -0.003291 -0.000100 -0.988209 0.285581 -0.000112
496.950000 0.001377 -0.003292 -0.000100 -0.988975 0.283142 -0.000112
497.100000 0.001378 -0.003292 -0.000100 -0.989734 0.280701 -0.000112
497.250000 0.001379 -0.003292 -0.000100 -0.990488 0.278259 -0.000111
497.400000 0.001380 -0.003292 -0.000100 -0.991235 0.275814 -0.000111
497.550000 0.001381 -0.003293 -0.000100 -0.991977 0.273368 -0.000111
497.700000 0.001382 -0.003293 -0.000100 -0.992712 0.270920 -0.000111
497.850000 0.001383 -0.003293 -0.000100 -0.993441 0.268471 -0.000111
498.000000 0.001384 -0.003294 -0.000100 -0.994165 0.266020 -0.000111
498.150000 0.001384 -0.003294 -0.000100 -0.994882 0.263567 -0.000111
498.300000 0.001385 -0.003294 -0.000100 -0.995593 0.261113 -0.000111
498.450000 0.001386 -0.003294 -0.000100 -0.996298 0.258657 -0.000111
498.600000 0.001387 -0.003295 -0.000100 -0.996997 0.256199 -0.000111
498.750000 0.001388 -0.003295 -0.000100 -0.997690 0.253740 -0.000111
498.900000 0.001389 -0.003295 -0.000100 -0.998377 0.251279 -0.000111
499.050000 0.001390 -0.003295 -0.000100 -0.999058 0.248817 -0.000111
499.200000 0.001391 -0.003296 -0.000100 -0.999733 0.246353 -0.000111
499.350000 0.001392 -0.003296 -0.000100 -1.000402 0.243887 -0.000111
499.500000 0.001393 -0.003296 -0.000100 -1.001065 0.241420 -0.000111
499.650000 0.001393 -0.003297 -0.000100 -1.001722 0.238952 -0.000111
499.800000 0.001394 -0.003297 -0.000100 -1.002372 0.236482 -0.000111
499.950000 0.001395 -0.003297 -0.000100 -1.003017 0.234010 -0.000111
500.100000 0.001396 -0.003297 -0.000100 -1.003655 0.231538 -0.000110
500.250000 0.001397 -0.003298 -0.000100 -1.004288 0.229063 -0.000110
500.400000 0.001398 -0.003298 -0.000100 -1.004914 0.226588 -0.000110
500.550000 0.001399 -0.003298 -0.000100 -1.005534 0.224111 -0.000110
500.700000 0.001400 -0.003298 -0.000100 -1.006148 0.221632 -0.000110
500.850000 0.001401 -0.003299 -0.000100 -1.006756 0.219152 -0.000110
501.000000 0.001402 -0.003299 -0.000100 -1.007358 0.216671 -0.000110
501.150000 0.001402 -0.003299 -0.000100 -1.007954 0.214188 -0.000110
501.300000 0.001403 -0.003300 -0.000100 -1.008544 0.211704 -0.000110
501.450000 0.001404 -0.003300 -0.000100 -1.009127 0.209219 -0.000110
501.600000 0.001405 -0.003300 -0.000101 -1.009705 0.206733 -0.000110
501.750000 0.001406 -0.003300 -0.000101 -1.010276 0.204245 -0.000110
501.900000 0.001407 -0.003301 -0.000101 -1.010841 0.201756 -0.000110
502.050000 0.001408 -0.003301 -0.000101 -1.011400 0.199265 -0.000110
502.200000 0.001409 -0.003301 -0.000101 -1.011953 0.196774 -0.000110
502.350000 0.001410 -0.003301 -0.000101 -1.012500 0.194281 -0.000110
502.500000 0.001411 -0.003302 -0.000101 -1.013041 0.191787 -0.000110
502.650000 0.001412 -0.003302 -0.000101 -1.013576 0.189292 -0.000110
502.800000 0.001412 -0.003302 -0.000101 -1.014104 0.186795 -0.000109
502.950000 0.001413 -0.003303 -0.000101 -1.014627 0.184298 -0.000109
503.100000 0.001414 -0.003303 -0.000101 -1.015143 0.181799 -0.000109
503.250000 0.001415 -0.003303 -0.000101 -1.015653 0.179299 -0.000109
503.400000 0.001416 -0.003303 -0.000101 -1.016157 0.176798 -0.000109
503.550000 0.001417 -0.003304 -0.000101 -1.016655 0.174296 -0.000109
503.700000 0.001418 -0.003304 -0.000101 -1.017147 0.171793 -0.000109
503.850000 0.001419 -0.003304 -0.000101 -1.017632 0.169289 -0.000109
504.000000 0.001420 -0.003304 -0.000101 -1.018112 0.166784 -0.000109
504.150000 0.001421 -0.003305 -0.000101 -1.018585 0.164277 -0.000109
504.300000 0.001421 -0.003305 -0.000101 -1.019052 0.161770 -0.000109
504.450000 0.001422 -0.003305 -0.000101 -1.019513 0.159262 -0.000109
504.600000 0.001423 -0.003306 -0.000101 -1.019968 0.156752 -0.000109
504.750000 0.001424 -0.003306 -0.000101 -1.020417 0.154242 -0.000109
504.900000 0.001425 -0.003306 -0.000101 -1.020860 0.151731 -0.000109
505.050000 0.001426 -0.003306 -0.000101 -1.021296 0.149219 -0.000109
505.200000 0.001427 -0.003307 -0.000101 -1.021726 0.146705 -0.000109
505.350000 0.001428 -0.003307 -0.000101 -1.022150 0.144191 -0.000109
505.500000 0.001429 -0.003307 -0.000101 -1.022568 0.141676 -0.000108
505.650000 0.001430 -0.003307 -0.000101 -1.022980 0.139160 -0.000108
505.800000 0.001430 -0.003308 -0.000101 -1.023386 0.136644 -0.000108
505.950000 0.001431 -0.003308 -0.000101 -1.023785 0.134126 -0.000108
506.100000 0.001432 -0.003308 -0.000101 -1.024178 0.131608 -0.000108
506.250000 0.001433 -0.003309 -0.000101 -1.024565 0.129088 -0.000108
506.400000 0.001434 -0.003309 -0.000101 -1.024946 0.126568 -0.000108
506.550000 0.001435 -0.003309 -0.000101 -1.025321 0.124047 -0.000108
506.700000 0.001436 -0.003309 -0.000101 -1.025690 0.121526 -0.000108
506.850000 0.001437 -0.003310 -0.000101 -1.026052 0.119003 -0.000108
507.000000 0.001438 -0.003310 -0.000101 -1.026408 0.116480 -0.000108
507.150000 0.001439 -0.003310 -0.000101 -1.026758 0.113956 -0.000108
507.300000 0.001440 -0.003310 -0.000101 -1.027102 0.111432 -0.000108
507.450000 0.001440 -0.003311 -0.000101 -1.027440 0.108906 -0.000108
507.600000 0.001441 -0.003311 -0.000101 -1.027772 0.106380 -0.000108
507.750000 0.001442 -0.003311 -0.000101 -1.028097 0.103854 -0.000108
507.900000 0.001443 -0.003311 -0.000101 -1.028416 0.101326 -0.000108
508.050000 0.001444 -0.003312 -0.000101 -1.028729 0.098798 -0.000107
508.200000 0.001445 -0.003312 -0.000101 -1.029036 0.096270 -0.000107
508.350000 0.001446 -0.003312 -0.000101 -1.029337 0.093740 -0.000107
508.500000 0.001447 -0.003313 -0.000101 -1.029631 0.091210 -0.000107
508.650000 0.001448 -0.003313 -0.000101 -1.029919 0.088680 -0.000107
508.800000 0.001449 -0.003313 -0.000101 -1.030201 0.086149 -0.000107
508.950000 0.001449 -0.003313 -0.000101 -1.030477 0.083617 -0.000107
509.100000 0.001450 -0.003314 -0.000101 -1.030747 0.081085 -0.000107
509.250000 0.001451 -0.003314 -0.000102 -1.031011 0.078553 -0.000107
509.400000 0.001452 -0.003314 -0.000102 -1.031268 0.076020 -0.000107
509.550000 0.001453 -0.003314 -0.000102 -1.031519 0.073486 -0.000107
509.700000 0.001454 -0.003315 -0.000102 -1.031764 0.070952 -0.000107
509.850000 0.001455 -0.003315 -0.000102 -1.032003 0.068418 -0.000107
510.000000 0.001456 -0.003315 -0.000102 -1.032235 0.065883 -0.000107
510.150000 0.001457 -0.003316 -0.000102 -1.032462 0.063347 -0.000107
510.300000 0.001458 -0.003316 -0.000102 -1.032682 0.060811 -0.000107
510.450000 0.001458 -0.003316 -0.000102 -1.032896 0.058275 -0.000107
510.600000 0.001459 -0.003316 -0.000102 -1.033104 0.055738 -0.000107
510.750000 0.001460 -0.003317 -0.000102 -1.033305 0.053202 -0.000106
510.900000 0.001461 -0.003317 -0.000102 -1.033501 0.050664 -0.000106
511.050000 0.001462 -0.003317 -0.000102 -1.033690 0.048127 -0.000106
511.200000 0.001463 -0.003317 -0.000102 -1.033873 0.045589 -0.000106
511.350000 0.001464 -0.003318 -0.000102 -1.034050 0.043050 -0.000106
511.500000 0.001465 -0.003318 -0.000102 -1.034221 0.040512 -0.000106
511.650000 0.001466 -0.003318 -0.000102 -1.034385 0.037973 -0.000106
511.800000 0.001467 -0.003319 -0.000102 -1.034544 0.035434 -0.000106
511.950000 0.001467 -0.003319 -0.000102 -1.034696 0.032894 -0.000106
512.100000 0.001468 -0.003319 -0.000102 -1.034842 0.030355 -0.000106
512.250000 0.001469 -0.003319 -0.000102 -1.034981 0.027815 -0.000106
512.400000 0.001470 -0.003320 -0.000102 -1.035115 0.025275 -0.000106
512.550000 0.001471 -0.003320 -0.000102 -1.035242 0.022735 -0.000106
512.700000 0.001472 -0.003320 -0.000102 -1.035363 0.020194 -0.000106
512.850000 0.001473 -0.003320 -0.000102 -1.035478 0.017654 -0.000106
513.000000 0.001474 -0.003321 -0.000102 -1.035587 0.015113 -0.000106
513.150000 0.001475 -0.003321 -0.000102 -1.035690 0.012572 -0.000106
513.300000 0.001476 -0.003321 -0.000102 -1.035786 0.010031 -0.000105
513.450000 0.001476 -0.003322 -0.000102 -1.035876 0.007490 -0.000105
513.600000 0.001477 -0.003322 -0.000102 -1.035961 0.004949 -0.000105
513.750000 0.001478 -0.003322 -0.000102 -1.036038 0.002408 -0.000105
513.900000 0.001479 -0.003322 -0.000102 -1.036110 -0.000133 -0.000105
514.050000 0.001480 -0.003323 -0.000102 -1.036176 -0.002674 -0.000105
514.200000 0.001481 -0.003323 -0.000102 -1.036235 -0.005216 -0.000105
514.350000 0.001482 -0.003323 -0.000102 -1.036288 -0.007757 -0.000105
514.500000 0.001483 -0.003323 -0.000102 -1.036335 -0.010298 -0.000105
514.650000 0.001484 -0.003324 -0.000102 -1.036376 -0.012839 -0.000105
514.800000 0.001485 -0.003324 -0.000102 -1.036410 -0.015380 -0.000105
514.950000 0.001485 -0.003324 -0.000102 -1.036439 -0.017922 -0.000105
515.100000 0.001486 -0.003325 -0.000102 -1.036461 -0.020463 -0.000105
515.250000 0.001487 -0.003325 -0.000102 -1.036477 -0.023004 -0.000105
515.400000 0.001488 -0.003325 -0.000102 -1.036487 -0.025544 -0.000105
515.550000 0.001489 -0.003325 -0.000102 -1.036490 -0.028085 -0.000105
515.700000 0.001490 -0.003326 -0.000102 -1.036488 -0.030626 -0.000105
515.850000 0.001491 -0.003326 -0.000102 -1.036479 -0.033166 -0.000104
516.000000 0.001492 -0.003326 -0.000102 -1.036464 -0.035706 -0.000104
516.150000 0.001493 -0.003326 -0.000102 -1.036443 -0.038247 -0.000104
516.300000 0.001494 -0.003327 -0.000102 -1.036416 -0.040787 -0.000104
516.450000 0.001494 -0.003327 -0.000102 -1.036383 -0.043326 -0.000104
516.600000 0.001495 -0.003327 -0.000102 -1.036343 -0.045866 -0.000104
516.750000 0.001496 -0.003328 -0.000102 -1.036298 -0.048405 -0.000104
516.900000 0.001497 -0.003328 -0.000103 -1.036246 -0.050944 -0.000104
517.050000 0.001498 -0.003328 -0.000103 -1.036188 -0.053483 -0.000104
517.200000 0.001499 -0.003328 -0.000103 -1.036123 -0.056021 -0.000104
517.350000 0.001500 -0.003329 -0.000103 -1.036053 -0.058559 -0.000104
517.500000 0.001501 -0.003329 -0.000103 -1.035977 -0.061097 -0.000104
517.650000 0.001502 -0.003329 -0.000103 -1.035894 -0.063635 -0.000104
517.800000 0.001503 -0.003329 -0.000103 -1.035805 -0.066172 -0.000104
517.950000 0.001504 -0.003330 -0.000103 -1.035710 -0.068709 -0.000104
518.100000 0.001504 -0.003330 -0.000103 -1.035609 -0.071245 -0.000104
518.250000 0.001505 -0.003330 -0.000103 -1.035502 -0.073781 -0.000104
518.400000 0.001506 -0.003331 -0.000103 -1.035388 -0.076317 -0.000103
518.550000 0.001507 -0.003331 -0.000103 -1.035269 -0.078852 -0.000103
518.700000 0.001508 -0.003331 -0.000103 -1.035143 -0.081387 -0.000103
518.850000 0.001509 -0.003331 -0.000103 -1.035011 -0.083921 -0.000103
519.000000 0.001510 -0.003332 -0.000103 -1.034873 -0.086455 -0.000103
519.150000 0.001511 -0.003332 -0.000103 -1.034729 -0.088989 -0.000103
519.300000 0.001512 -0.003332 -0.000103 -1.034579 -0.091521 -0.000103
519.450000 0.001513 -0.003332 -0.000103 -1.034422 -0.094054 -0.000103
519.600000 0.001513 -0.003333 -0.000103 -1.034260 -0.096586 -0.000103
519.750000 0.001514 -0.003333 -0.000103 -1.034091 -0.099117 -0.000103
519.900000 0.001515 -0.003333 -0.000103 -1.033916 -0.101648 -0.000103
520.050000 0.001516 -0.003334 -0.000103 -1.033735 -0.104178 -0.000103
520.200000 0.001517 -0.003334 -0.000103 -1.033548 -0.106708 -0.000103
520.350000 0.001518 -0.003334 -0.000103 -1.033355 -0.109237 -0.000103
520.500000 0.001519 -0.003334 -0.000103 -1.033155 -0.111765 -0.000103
520.650000 0.001520 -0.003335 -0.000103 -1.032950 -0.114293 -0.000103
520.800000 0.001521 -0.003335 -0.000103 -1.032738 -0.116820 -0.000103
520.950000 0.001522 -0.003335 -0.000103 -1.032521 -0.119347 -0.000102
521.100000 0.001522 -0.003335 -0.000103 -1.032297 -0.121873 -0.000102
521.250000 0.001523 -0.003336 -0.000103 -1.032067 -0.124398 -0.000102
521.400000 0.001524 -0.003336 -0.000103 -1.031831 -0.126922 -0.000102
521.550000 0.001525 -0.003336 -0.000103 -1.031589 -0.129446 -0.000102
521.700000 0.001526 -0.003336 -0.000103 -1.031341 -0.131969 -0.000102
521.850000 0.001527 -0.003337 -0.000103 -1.031086 -0.134491 -0.000102
522.000000 0.001528 -0.003337 -0.000103 -1.030826 -0.137013 -0.000102
522.150000 0.001529 -0.003337 -0.000103 -1.030559 -0.139534 -0.000102
522.300000 0.001530 -0.003338 -0.000103 -1.030287 -0.142054 -0.000102
522.450000 0.001531 -0.003338 -0.000103 -1.030008 -0.144573 -0.000102
522.600000 0.001531 -0.003338 -0.000103 -1.029723 -0.147091 -0.000102
522.750000 0.001532 -0.003338 -0.000103 -1.029432 -0.149609 -0.000102
522.900000 0.001533 -0.003339 -0.000103 -1.029135 -0.152125 -0.000102
523.050000 0.001534 -0.003339 -0.000103 -1.028832 -0.154641 -0.000102
523.200000 0.001535 -0.003339 -0.000103 -1.028523 -0.157156 -0.000102
523.350000 0.001536 -0.003339 -0.000103 -1.028208 -0.159670 -0.000102
523.500000 0.001537 -0.003340 -0.000103 -1.027886 -0.162183 -0.000102
523.650000 0.001538 -0.003340 -0.000103 -1.027559 -0.164695 -0.000101
523.800000 0.001539 -0.003340 -0.000103 -1.027226 -0.167207 -0.000101
523.950000 0.001540 -0.003341 -0.000103 -1.026886 -0.169717 -0.000101
524.100000 0.001540 -0.003341 -0.000103 -1.026541 -0.172226 -0.000101
524.250000 0.001541 -0.003341 -0.000103 -1.026189 -0.174735 -0.000101
524.400000 0.001542 -0.003341 -0.000103 -1.025831 -0.177242 -0.000101
524.550000 0.001543 -0.003342 -0.000104 -1.025468 -0.179748 -0.000101
524.700000 0.001544 -0.003342 -0.000104 -1.025098 -0.182254 -0.000101
524.850000 0.001545 -0.003342 -0.000104 -1.024722 -0.184758 -0.000101
525.000000 0.001546 -0.003342 -0.000104 -1.024340 -0.187261 -0.000101
525.150000 0.001547 -0.003343 -0.000104 -1.023953 -0.189763 -0.000101
525.300000 0.001548 -0.003343 -0.000104 -1.023559 -0.192264 -0.000101
525.450000 0.001549 -0.003343 -0.000104 -1.023159 -0.194764 -0.000101
525.600000 0.001549 -0.003344 -0.000104 -1.022753 -0.197263 -0.000101
525.750000 0.001550 -0.003344 -0.000104 -1.022341 -0.199761 -0.000101
525.900000 0.001551 -0.003344 -0.000104 -1.021923 -0.202258 -0.000101
526.050000 0.001552 -0.003344 -0.000104 -1.021499 -0.204753 -0.000101
526.200000 0.001553 -0.003345 -0.000104 -1.021069 -0.207247 -0.000100
526.350000 0.001554 -0.003345 -0.000104 -1.020633 -0.209741 -0.000100
526.500000 0.001555 -0.003345 -0.000104 -1.020191 -0.212233 -0.000100
526.650000 0.001556 -0.003345 -0.000104 -1.019743 -0.214723 -0.000100
526.800000 0.001557 -0.003346 -0.000104 -1.019289 -0.217213 -0.000100
526.950000 0.001558 -0.003346 -0.000104 -1.018829 -0.219701 -0.000100
527.100000 0.001558 -0.003346 -0.000104 -1.018363 -0.222188 -0.000100
527.250000 0.001559 -0.003347 -0.000104 -1.017891 -0.224674 -0.000100
527.400000 0.001560 -0.003347 -0.000104 -1.017413 -0.227158 -0.000100
527.550000 0.001561 -0.003347 -0.000104 -1.016929 -0.229641 -0.000100
527.700000 0.001562 -0.003347 -0.000104 -1.016439 -0.232123 -0.000100
527.850000 0.001563 -0.003348 -0.000104 -1.015943 -0.234604 -0.000100
528.000000 0.001564 -0.003348 -0.000104 -1.015441 -0.237083 -0.000100
528.150000 0.001565 -0.003348 -0.000104 -1.014933 -0.239561 -0.000100
528.300000 0.001566 -0.003348 -0.000104 -1.014419 -0.242037 -0.000100
528.450000 0.001567 -0.003349 -0.000104 -1.013900 -0.244512 -0.000100
528.600000 0.001567 -0.003349 -0.000104 -1.013374 -0.246986 -0.000100
528.750000 0.001568 -0.003349 -0.000104 -1.012842 -0.249458 -0.000099
528.900000 0.001569 -0.003350 -0.000104 -1.012305 -0.251929 -0.000099
529.050000 0.001570 -0.003350 -0.000104 -1.011761 -0.254398 -0.000099
529.200000 0.001571 -0.003350 -0.000104 -1.011212 -0.256866 -0.000099
529.350000 0.001572 -0.003350 -0.000104 -1.010656 -0.259332 -0.000099
529.500000 0.001573 -0.003351 -0.000104 -1.010095 -0.261797 -0.000099
529.650000 0.001574 -0.003351 -0.000104 -1.009528 -0.264261 -0.000099
529.800000 0.001575 -0.003351 -0.000104 -1.008955 -0.266723 -0.000099
529.950000 0.001576 -0.003351 -0.000104 -1.008376 -0.269183 -0.000099
530.100000 0.001576 -0.003352 -0.000104 -1.007791 -0.271642 -0.000099
530.250000 0.001577 -0.003352 -0.000104 -1.007200 -0.274099 -0.000099
530.400000 0.001578 -0.003352 -0.000104 -1.006603 -0.276555 -0.000099
530.550000 0.001579 -0.003353 -0.000104 -1.006000 -0.279009 -0.000099
530.700000 0.001580 -0.003353 -0.000104 -1.005392 -0.281462 -0.000099
530.850000 0.001581 -0.003353 -0.000104 -1.004777 -0.283913 -0.000099
531.000000 0.001582 -0.003353 -0.000104 -1.004157 -0.286362 -0.000099
531.150000 0.001583 -0.003354 -0.000104 -1.003531 -0.288810 -0.000099
531.300000 0.001584 -0.003354 -0.000104 -1.002899 -0.291256 -0.000098
531.450000 0.001585 -0.003354 -0.000104 -1.002261 -0.293701 -0.000098
531.600000 0.001585 -0.003354 -0.000104 -1.001617 -0.296143 -0.000098
531.750000 0.001586 -0.003355 -0.000104 -1.000967 -0.298584 -0.000098
531.900000 0.001587 -0.003355 -0.000104 -1.000312 -0.301024 -0.000098
532.050000 0.001588 -0.003355 -0.000104 -0.999650 -0.303461 -0.000098
532.200000 0.001589 -0.003356 -0.000105 -0.998983 -0.305897 -0.000098
532.350000 0.001590 -0.003356 -0.000105 -0.998310 -0.308331 -0.000098
532.500000 0.001591 -0.003356 -0.000105 -0.997631 -0.310763 -0.000098
532.650000 0.001592 -0.003356 -0.000105 -0.996947 -0.313194 -0.000098
532.800000 0.001593 -0.003357 -0.000105 -0.996256 -0.315623 -0.000098
532.950000 0.001593 -0.003357 -0.000105 -0.995560 -0.318050 -0.000098
533.100000 0.001594 -0.003357 -0.000105 -0.994858 -0.320475 -0.000098
533.250000 0.001595 -0.003357 -0.000105 -0.994150 -0.322898 -0.000098
533.400000 0.001596 -0.003358 -0.000105 -0.993436 -0.325320 -0.000098
533.550000 0.001597 -0.003358 -0.000105 -0.992716 -0.327739 -0.000098
533.700000 0.001598 -0.003358 -0.000105 -0.991991 -0.330157 -0.000098
533.850000 0.001599 -0.003359 -0.000105 -0.991260 -0.332573 -0.000098
534.000000 0.001600 -0.003359 -0.000105 -0.990523 -0.334987 -0.000097
534.150000 0.001601 -0.003359 -0.000105 -0.989780 -0.337399 -0.000097
534.300000 0.001602 -0.003359 -0.000105 -0.989032 -0.339809 -0.000097
534.450000 0.001602 -0.003360 -0.000105 -0.988278 -0.342217 -0.000097
534.600000 0.001603 -0.003360 -0.000105 -0.987518 -0.344623 -0.000097
534.750000 0.001604 -0.003360 -0.000105 -0.986752 -0.347028 -0.000097
534.900000 0.001605 -0.003360 -0.000105 -0.985980 -0.349430 -0.000097
535.050000 0.001606 -0.003361 -0.000105 -0.985203 -0.351830 -0.000097
535.200000 0.001607 -0.003361 -0.000105 -0.984420 -0.354228 -0.000097
535.350000 0.001608 -0.003361 -0.000105 -0.983631 -0.356625 -0.000097
535.500000 0.001609 -0.003362 -0.000105 -0.982837 -0.359019 -0.000097
535.650000 0.001610 -0.003362 -0.000105 -0.982037 -0.361411 -0.000097
535.800000 0.001611 -0.003362 -0.000105 -0.981231 -0.363801 -0.000097
535.950000 0.001611 -0.003362 -0.000105 -0.980419 -0.366189 -0.000097
536.100000 0.001612 -0.003363 -0.000105 -0.979602 -0.368575 -0.000097
536.250000 0.001613 -0.003363 -0.000105 -0.978779 -0.370959 -0.000097
536.400000 0.001614 -0.003363 -0.000105 -0.977950 -0.373340 -0.000097
536.550000 0.001615 -0.003363 -0.000105 -0.977116 -0.375720 -0.000097
536.700000 0.001616 -0.003364 -0.000105 -0.976276 -0.378097 -0.000096
536.850000 0.001617 -0.003364 -0.000105 -0.975430 -0.380473 -0.000096
537.000000 0.001618 -0.003364 -0.000105 -0.974579 -0.382846 -0.000096
537.150000 0.001619 -0.003365 -0.000105 -0.973722 -0.385216 -0.000096
537.300000 0.001620 -0.003365 -0.000105 -0.972859 -0.387585 -0.000096
537.450000 0.001620 -0.003365 -0.000105 -0.971991 -0.389952 -0.000096
537.600000 0.001621 -0.003365 -0.000105 -0.971117 -0.392316 -0.000096
537.750000 0.001622 -0.003366 -0.000105 -0.970237 -0.394678 -0.000096
537.900000 0.001623 -0.003366 -0.000105 -0.969352 -0.397038 -0.000096
538.050000 0.001624 -0.003366 -0.000105 -0.968461 -0.399395 -0.000096
538.200000 0.001625 -0.003366 -0.000105 -0.967565 -0.401750 -0.000096
538.350000 0.001626 -0.003367 -0.000105 -0.966662 -0.404103 -0.000096
538.500000 0.001627 -0.003367 -0.000105 -0.965755 -0.406454 -0.000096
538.650000 0.001628 -0.003367 -0.000105 -0.964841 -0.408802 -0.000096
538.800000 0.001629 -0.003368 -0.000105 -0.963922 -0.411148 -0.000096
538.950000 0.001629 -0.003368 -0.000105 -0.962998 -0.413492 -0.000096
539.100000 0.001630 -0.003368 -0.000105 -0.962068 -0.415833 -0.000096
539.250000 0.001631 -0.003368 -0.000105 -0.961132 -0.418172 -0.000096
539.400000 0.001632 -0.003369 -0.000105 -0.960191 -0.420508 -0.000095
539.550000 0.001633 -0.003369 -0.000105 -0.959244 -0.422842 -0.000095
539.700000 0.001634 -0.003369 -0.000105 -0.958292 -0.425174 -0.000095
539.850000 0.001635 -0.003369 -0.000106 -0.957334 -0.427503 -0.000095
540.000000 0.001636 -0.003370 -0.000106 -0.956370 -0.429830 -0.000095
540.150000 0.001637 -0.003370 -0.000106 -0.955401 -0.432155 -0.000095
540.300000 0.001638 -0.003370 -0.000106 -0.954427 -0.434477 -0.000095
540.450000 0.001638 -0.003370 -0.000106 -0.953447 -0.436796 -0.000095
540.600000 0.001639 -0.003371 -0.000106 -0.952461 -0.439113 -0.000095
540.750000 0.001640 -0.003371 -0.000106 -0.951470 -0.441427 -0.000095
540.900000 0.001641 -0.003371 -0.000106 -0.950473 -0.443739 -0.000095
541.050000 0.001642 -0.003372 -0.000106 -0.949471 -0.446049 -0.000095
541.200000 0.001643 -0.003372 -0.000106 -0.948464 -0.448356 -0.000095
541.350000 0.001644 -0.003372 -0.000106 -0.947450 -0.450660 -0.000095
541.500000 0.001645 -0.003372 -0.000106 -0.946432 -0.452962 -0.000095
541.650000 0.001646 -0.003373 -0.000106 -0.945408 -0.455261 -0.000095
541.800000 0.001647 -0.003373 -0.000106 -0.944378 -0.457557 -0.000095
541.950000 0.001647 -0.003373 -0.000106 -0.943343 -0.459851 -0.000095
542.100000 0.001648 -0.003373 -0.000106 -0.942303 -0.462143 -0.000094
542.250000 0.001649 -0.003374 -0.000106 -0.941257 -0.464432 -0.000094
542.400000 0.001650 -0.003374 -0.000106 -0.940206 -0.466718 -0.000094
542.550000 0.001651 -0.003374 -0.000106 -0.939149 -0.469001 -0.000094
542.700000 0.001652 -0.003375 -0.000106 -0.938087 -0.471282 -0.000094
542.850000 0.001653 -0.003375 -0.000106 -0.937020 -0.473560 -0.000094
543.000000 0.001654 -0.003375 -0.000106 -0.935947 -0.475835 -0.000094
543.150000 0.001655 -0.003375 -0.000106 -0.934868 -0.478108 -0.000094
543.300000 0.001655 -0.003376 -0.000106 -0.933784 -0.480378 -0.000094
543.450000 0.001656 -0.003376 -0.000106 -0.932695 -0.482645 -0.000094
543.600000 0.001657 -0.003376 -0.000106 -0.931601 -0.484910 -0.000094
543.750000 0.001658 -0.003376 -0.000106 -0.930501 -0.487172 -0.000094
543.900000 0.001659 -0.003377 -0.000106 -0.929396 -0.489431 -0.000094
544.050000 0.001660 -0.003377 -0.000106 -0.928285 -0.491687 -0.000094
544.200000 0.001661 -0.003377 -0.000106 -0.927169 -0.493940 -0.000094
544.350000 0.001662 -0.003378 -0.000106 -0.926048 -0.496191 -0.000094
544.500000 0.001663 -0.003378 -0.000106 -0.924921 -0.498438 -0.000094
544.650000 0.001664 -0.003378 -0.000106 -0.923789 -0.500683 -0.000094
544.800000 0.001664 -0.003378 -0.000106 -0.922652 -0.502926 -0.000094
544.950000 0.001665 -0.003379 -0.000106 -0.921509 -0.505165 -0.000093
545.100000 0.001666 -0.003379 -0.000106 -0.920361 -0.507401 -0.000093
545.250000 0.001667 -0.003379 -0.000106 -0.919208 -0.509635 -0.000093
545.400000 0.001668 -0.003379 -0.000106 -0.918050 -0.511865 -0.000093
545.550000 0.001669 -0.003380 -0.000106 -0.916886 -0.514093 -0.000093
545.700000 0.001670 -0.003380 -0.000106 -0.915717 -0.516318 -0.000093
545.850000 0.001671 -0.003380 -0.000106 -0.914543 -0.518540 -0.000093
546.000000 0.001672 -0.003381 -0.000106 -0.913363 -0.520759 -0.000093
546.150000 0.001673 -0.003381 -0.000106 -0.912178 -0.522975 -0.000093
546.300000 0.001673 -0.003381 -0.000106 -0.910988 -0.525188 -0.000093
546.450000 0.001674 -0.003381 -0.000106 -0.909793 -0.527398 -0.000093
546.600000 0.001675 -0.003382 -0.000106 -0.908592 -0.529605 -0.000093
546.750000 0.001676 -0.003382 -0.000106 -0.907386 -0.531809 -0.000093
546.900000 0.001677 -0.003382 -0.000106 -0.906175 -0.534010 -0.000093
547.050000 0.001678 -0.003382 -0.000106 -0.904959 -0.536208 -0.000093
547.200000 0.001679 -0.003383 -0.000106 -0.903738 -0.538403 -0.000093
547.350000 0.001680 -0.003383 -0.000106 -0.902511 -0.540595 -0.000093
547.500000 0.001681 -0.003383 -0.000107 -0.901279 -0.542783 -0.000093
547.650000 0.001682 -0.003384 -0.000107 -0.900043 -0.544969 -0.000093
547.800000 0.001682 -0.003384 -0.000107 -0.898800 -0.547152 -0.000093
547.950000 0.001683 -0.003384 -0.000107 -0.897553 -0.549331 -0.000092
548.100000 0.001684 -0.003384 -0.000107 -0.896301 -0.551508 -0.000092
548.250000 0.001685 -0.003385 -0.000107 -0.895043 -0.553681 -0.000092
548.400000 0.001686 -0.003385 -0.000107 -0.893780 -0.555851 -0.000092
548.550000 0.001687 -0.003385 -0.000107 -0.892513 -0.558018 -0.000092
548.700000 0.001688 -0.003385 -0.000107 -0.891240 -0.560182 -0.000092
548.850000 0.001689 -0.003386 -0.000107 -0.889962 -0.562343 -0.000092
549.000000 0.001690 -0.003386 -0.000107 -0.888679 -0.564501 -0.000092
549.150000 0.001690 -0.003386 -0.000107 -0.887390 -0.566655 -0.000092
549.300000 0.001691 -0.003387 -0.000107 -0.886097 -0.568806 -0.000092
549.450000 0.001692 -0.003387 -0.000107 -0.884799 -0.570954 -0.000092
549.600000 0.001693 -0.003387 -0.000107 -0.883495 -0.573099 -0.000092
549.750000 0.001694 -0.003387 -0.000107 -0.882187 -0.575240 -0.000092
549.900000 0.001695 -0.003388 -0.000107 -0.880873 -0.577379 -0.000092
550.050000 0.001696 -0.003388 -0.000107 -0.879554 -0.579514 -0.000092
550.200000 0.001697 -0.003388 -0.000107 -0.878231 -0.581645 -0.000092
550.350000 0.001698 -0.003388 -0.000107 -0.876902 -0.583774 -0.000092
550.500000 0.001699 -0.003389 -0.000107 -0.875568 -0.585899 -0.000092
550.650000 0.001699 -0.003389 -0.000107 -0.874230 -0.588021 -0.000092
550.800000 0.001700 -0.003389 -0.000107 -0.872886 -0.590139 -0.000092
550.950000 0.001701 -0.003390 -0.000107 -0.871537 -0.592254 -0.000091
551.100000 0.001702 -0.003390 -0.000107 -0.870183 -0.594366 -0.000091
551.250000 0.001703 -0.003390 -0.000107 -0.868825 -0.596474 -0.000091
551.400000 0.001704 -0.003390 -0.000107 -0.867461 -0.598579 -0.000091
551.550000 0.001705 -0.003391 -0.000107 -0.866092 -0.600681 -0.000091
551.700000 0.001706 -0.003391 -0.000107 -0.864719 -0.602779 -0.000091
551.850000 0.001707 -0.003391 -0.000107 -0.863340 -0.604874 -0.000091
552.000000 0.001708 -0.003391 -0.000107 -0.861957 -0.606966 -0.000091
552.150000 0.001708 -0.003392 -0.000107 -0.860569 -0.609054 -0.000091
552.300000 0.001709 -0.003392 -0.000107 -0.859175 -0.611139 -0.000091
552.450000 0.001710 -0.003392 -0.000107 -0.857777 -0.613220 -0.000091
552.600000 0.001711 -0.003393 -0.000107 -0.856374 -0.615297 -0.000091
552.750000 0.001712 -0.003393 -0.000107 -0.854966 -0.617372 -0.000091
552.900000 0.001713 -0.003393 -0.000107 -0.853553 -0.619442 -0.000091
553.050000 0.001714 -0.003393 -0.000107 -0.852136 -0.621510 -0.000091
553.200000 0.001715 -0.003394 -0.000107 -0.850713 -0.623574 -0.000091
553.350000 0.001716 -0.003394 -0.000107 -0.849286 -0.625634 -0.000091
553.500000 0.001717 -0.003394 -0.000107 -0.847853 -0.627691 -0.000091
553.650000 0.001717 -0.003394 -0.000107 -0.846416 -0.629744 -0.000091
553.800000 0.001718 -0.003395 -0.000107 -0.844974 -0.631793 -0.000091
553.950000 0.001719 -0.003395 -0.000107 -0.843527 -0.633840 -0.000090
554.100000 0.001720 -0.003395 -0.000107 -0.842076 -0.635882 -0.000090
554.250000 0.001721 -0.003396 -0.000107 -0.840619 -0.637921 -0.000090
554.400000 0.001722 -0.003396 -0.000107 -0.839158 -0.639956 -0.000090
554.550000 0.001723 -0.003396 -0.000107 -0.837692 -0.641988 -0.000090
554.700000 0.001724 -0.003396 -0.000107 -0.836222 -0.644016 -0.000090
554.850000 0.001725 -0.003397 -0.000107 -0.834746 -0.646041 -0.000090
555.000000 0.001725 -0.003397 -0.000107 -0.833266 -0.648062 -0.000090
555.150000 0.001726 -0.003397 -0.000108 -0.831781 -0.650079 -0.000090
555.300000 0.001727 -0.003398 -0.000108 -0.830291 -0.652093 -0.000090
555.450000 0.001728 -0.003398 -0.000108 -0.828797 -0.654102 -0.000090
555.600000 0.001729 -0.003398 -0.000108 -0.827298 -0.656109 -0.000090
555.750000 0.001730 -0.003398 -0.000108 -0.825794 -0.658111 -0.000090
555.900000 0.001731 -0.003399 -0.000108 -0.824285 -0.660110 -0.000090
556.050000 0.001732 -0.003399 -0.000108 -0.822772 -0.662105 -0.000090
556.200000 0.001733 -0.003399 -0.000108 -0.821254 -0.664097 -0.000090
556.350000 0.001734 -0.003399 -0.000108 -0.819731 -0.666084 -0.000090
556.500000 0.001734 -0.003400 -0.000108 -0.818204 -0.668068 -0.000090
556.650000 0.001735 -0.003400 -0.000108 -0.816672 -0.670048 -0.000090
556.800000 0.001736 -0.003400 -0.000108 -0.815136 -0.672025 -0.000090
556.950000 0.001737 -0.003401 -0.000108 -0.813594 -0.673998 -0.000090
557.100000 0.001738 -0.003401 -0.000108 -0.812049 -0.675966 -0.000090
557.250000 0.001739 -0.003401 -0.000108 -0.810498 -0.677932 -0.000089
557.400000 0.001740 -0.003401 -0.000108 -0.808943 -0.679893 -0.000089
557.550000 0.001741 -0.003402 -0.000108 -0.807384 -0.681850 -0.000089
557.700000 0.001742 -0.003402 -0.000108 -0.805819 -0.683804 -0.000089
557.850000 0.001743 -0.003402 -0.000108 -0.804251 -0.685754 -0.000089
558.000000 0.001743 -0.003402 -0.000108 -0.802677 -0.687700 -0.000089
558.150000 0.001744 -0.003403 -0.000108 -0.801099 -0.689642 -0.000089
558.300000 0.001745 -0.003403 -0.000108 -0.799517 -0.691580 -0.000089
558.450000 0.001746 -0.003403 -0.000108 -0.797930 -0.693514 -0.000089
558.600000 0.001747 -0.003404 -0.000108 -0.796338 -0.695445 -0.000089
558.750000 0.001748 -0.003404 -0.000108 -0.794742 -0.697371 -0.000089
558.900000 0.001749 -0.003404 -0.000108 -0.793142 -0.699294 -0.000089
559.050000 0.001750 -0.003404 -0.000108 -0.791537 -0.701213 -0.000089
559.200000 0.001751 -0.003405 -0.000108 -0.789927 -0.703127 -0.000089
559.350000 0.001751 -0.003405 -0.000108 -0.788313 -0.705038 -0.000089
559.500000 0.001752 -0.003405 -0.000108 -0.786695 -0.706945 -0.000089
559.650000 0.001753 -0.003405 -0.000108 -0.785072 -0.708848 -0.000089
559.800000 0.001754 -0.003406 -0.000108 -0.783444 -0.710747 -0.000089
559.950000 0.001755 -0.003406 -0.000108 -0.781812 -0.712642 -0.000089
560.100000 0.001756 -0.003406 -0.000108 -0.780176 -0.714533 -0.000089
560.250000 0.001757 -0.003407 -0.000108 -0.778536 -0.716420 -0.000089
560.400000 0.001758 -0.003407 -0.000108 -0.776890 -0.718303 -0.000089
560.550000 0.001759 -0.003407 -0.000108 -0.775241 -0.720182 -0.000089
560.700000 0.001760 -0.003407 -0.000108 -0.773587 -0.722057 -0.000088
560.850000 0.001760 -0.003408 -0.000108 -0.771929 -0.723928 -0.000088
561.000000 0.001761 -0.003408 -0.000108 -0.770266 -0.725795 -0.000088
561.150000 0.001762 -0.003408 -0.000108 -0.768599 -0.727658 -0.000088
561.300000 0.001763 -0.003408 -0.000108 -0.766928 -0.729516 -0.000088
561.450000 0.001764 -0.003409 -0.000108 -0.765252 -0.731371 -0.000088
561.600000 0.001765 -0.003409 -0.000108 -0.763572 -0.733222 -0.000088
561.750000 0.001766 -0.003409 -0.000108 -0.761888 -0.735068 -0.000088
561.900000 0.001767 -0.003410 -0.000108 -0.760199 -0.736910 -0.000088
562.050000 0.001768 -0.003410 -0.000108 -0.758506 -0.738749 -0.000088
562.200000 0.001768 -0.003410 -0.000108 -0.756809 -0.740583 -0.000088
562.350000 0.001769 -0.003410 -0.000108 -0.755108 -0.742413 -0.000088
562.500000 0.001770 -0.003411 -0.000108 -0.753402 -0.744239 -0.000088
562.650000 0.001771 -0.003411 -0.000108 -0.751692 -0.746060 -0.000088
562.800000 0.001772 -0.003411 -0.000109 -0.749978 -0.747878 -0.000088
562.950000 0.001773 -0.003411 -0.000109 -0.748259 -0.749691 -0.000088
563.100000 0.001774 -0.003412 -0.000109 -0.746536 -0.751500 -0.000088
563.250000 0.001775 -0.003412 -0.000109 -0.744809 -0.753305 -0.000088
563.400000 0.001776 -0.003412 -0.000109 -0.743078 -0.755106 -0.000088
563.550000 0.001777 -0.003413 -0.000109 -0.741343 -0.756902 -0.000088
563.700000 0.001777 -0.003413 -0.000109 -0.739603 -0.758695 -0.000088
563.850000 0.001778 -0.003413 -0.000109 -0.737860 -0.760483 -0.000088
564.000000 0.001779 -0.003413 -0.000109 -0.736112 -0.762267 -0.000088
564.150000 0.001780 -0.003414 -0.000109 -0.734360 -0.764046 -0.000088
564.300000 0.001781 -0.003414 -0.000109 -0.732604 -0.765822 -0.000087
564.450000 0.001782 -0.003414 -0.000109 -0.730843 -0.767593 -0.000087
564.600000 0.001783 -0.003414 -0.000109 -0.729079 -0.769359 -0.000087
564.750000 0.001784 -0.003415 -0.000109 -0.727310 -0.771122 -0.000087
564.900000 0.001785 -0.003415 -0.000109 -0.725538 -0.772880 -0.000087
565.050000 0.001786 -0.003415 -0.000109 -0.723761 -0.774634 -0.000087
565.200000 0.001786 -0.003416 -0.000109 -0.721980 -0.776383 -0.000087
565.350000 0.001787 -0.003416 -0.000109 -0.720195 -0.778129 -0.000087
565.500000 0.001788 -0.003416 -0.000109 -0.718406 -0.779870 -0.000087
565.650000 0.001789 -0.003416 -0.000109 -0.716613 -0.781606 -0.000087
565.800000 0.001790 -0.003417 -0.000109 -0.714816 -0.783338 -0.000087
565.950000 0.001791 -0.003417 -0.000109 -0.713015 -0.785066 -0.000087
566.100000 0.001792 -0.003417 -0.000109 -0.711210 -0.786790 -0.000087
566.250000 0.001793 -0.003417 -0.000109 -0.709401 -0.788509 -0.000087
566.400000 0.001794 -0.003418 -0.000109 -0.707588 -0.790223 -0.000087
566.550000 0.001794 -0.003418 -0.000109 -0.705771 -0.791934 -0.000087
566.700000 0.001795 -0.003418 -0.000109 -0.703950 -0.793640 -0.000087
566.850000 0.001796 -0.003419 -0.000109 -0.702125 -0.795341 -0.000087
567.000000 0.001797 -0.003419 -0.000109 -0.700296 -0.797038 -0.000087
567.150000 0.001798 -0.003419 -0.000109 -0.698463 -0.798731 -0.000087
567.300000 0.001799 -0.003419 -0.000109 -0.696627 -0.800419 -0.000087
567.450000 0.001800 -0.003420 -0.000109 -0.694786 -0.802103 -0.000087
567.600000 0.001801 -0.003420 -0.000109 -0.692941 -0.803782 -0.000087
567.750000 0.001802 -0.003420 -0.000109 -0.691093 -0.805457 -0.000087
567.900000 0.001803 -0.003421 -0.000109 -0.689240 -0.807127 -0.000087
568.050000 0.001803 -0.003421 -0.000109 -0.687384 -0.808793 -0.000087
568.200000 0.001804 -0.003421 -0.000109 -0.685524 -0.810454 -0.000086
568.350000 0.001805 -0.003421 -0.000109 -0.683660 -0.812111 -0.000086
568.500000 0.001806 -0.003422 -0.000109 -0.681792 -0.813764 -0.000086
568.650000 0.001807 -0.003422 -0.000109 -0.679920 -0.815411 -0.000086
568.800000 0.001808 -0.003422 -0.000109 -0.678045 -0.817055 -0.000086
568.950000 0.001809 -0.003422 -0.000109 -0.676166 -0.818694 -0.000086
569.100000 0.001810 -0.003423 -0.000109 -0.674283 -0.820328 -0.000086
569.250000 0.001811 -0.003423 -0.000109 -0.672396 -0.821957 -0.000086
569.400000 0.001811 -0.003423 -0.000109 -0.670505 -0.823583 -0.000086
569.550000 0.001812 -0.003424 -0.000109 -0.668611 -0.825203 -0.000086
569.700000 0.001813 -0.003424 -0.000109 -0.666712 -0.826819 -0.000086
569.850000 0.001814 -0.003424 -0.000109 -0.664811 -0.828430 -0.000086
570.000000 0.001815 -0.003424 -0.000109 -0.662905 -0.830037 -0.000086
570.150000 0.001816 -0.003425 -0.000109 -0.660996 -0.831639 -0.000086
570.300000 0.001817 -0.003425 -0.000109 -0.659083 -0.833237 -0.000086
570.450000 0.001818 -0.003425 -0.000110 -0.657166 -0.834830 -0.000086
570.600000 0.001819 -0.003425 -0.000110 -0.655245 -0.836418 -0.000086
570.750000 0.001820 -0.003426 -0.000110 -0.653321 -0.838002 -0.000086
570.900000 0.001820 -0.003426 -0.000110 -0.651393 -0.839581 -0.000086
571.050000 0.001821 -0.003426 -0.000110 -0.649462 -0.841155 -0.000086
571.200000 0.001822 -0.003427 -0.000110 -0.647527 -0.842725 -0.000086
571.350000 0.001823 -0.003427 -0.000110 -0.645588 -0.844290 -0.000086
571.500000 0.001824 -0.003427 -0.000110 -0.643646 -0.845850 -0.000086
571.650000 0.001825 -0.003427 -0.000110 -0.641700 -0.847406 -0.000086
571.800000 0.001826 -0.003428 -0.000110 -0.639750 -0.848957 -0.000086
571.950000 0.001827 -0.003428 -0.000110 -0.637797 -0.850503 -0.000086
572.100000 0.001828 -0.003428 -0.000110 -0.635841 -0.852045 -0.000086
572.250000 0.001829 -0.003428 -0.000110 -0.633880 -0.853582 -0.000086
572.400000 0.001829 -0.003429 -0.000110 -0.631917 -0.855114 -0.000085
572.550000 0.001830 -0.003429 -0.000110 -0.629949 -0.856641 -0.000085
572.700000 0.001831 -0.003429 -0.000110 -0.627978 -0.858164 -0.000085
572.850000 0.001832 -0.003430 -0.000110 -0.626004 -0.859682 -0.000085
573.000000 0.001833 -0.003430 -0.000110 -0.624026 -0.861195 -0.000085
573.150000 0.001834 -0.003430 -0.000110 -0.622045 -0.862704 -0.000085
573.300000 0.001835 -0.003430 -0.000110 -0.620060 -0.864207 -0.000085
573.450000 0.001836 -0.003431 -0.000110 -0.618071 -0.865706 -0.000085
573.600000 0.001837 -0.003431 -0.000110 -0.616080 -0.867200 -0.000085
573.750000 0.001837 -0.003431 -0.000110 -0.614084 -0.868689 -0.000085
573.900000 0.001838 -0.003431 -0.000110 -0.612086 -0.870174 -0.000085
574.050000 0.001839 -0.003432 -0.000110 -0.610084 -0.871654 -0.000085
574.200000 0.001840 -0.003432 -0.000110 -0.608078 -0.873128 -0.000085
574.350000 0.001841 -0.003432 -0.000110 -0.606069 -0.874598 -0.000085
574.500000 0.001842 -0.003433 -0.000110 -0.604057 -0.876064 -0.000085
574.650000 0.001843 -0.003433 -0.000110 -0.602041 -0.877524 -0.000085
574.800000 0.001844 -0.003433 -0.000110 -0.600022 -0.878980 -0.000085
574.950000 0.001845 -0.003433 -0.000110 -0.598000 -0.880430 -0.000085
575.100000 0.001846 -0.003434 -0.000110 -0.595974 -0.881876 -0.000085
575.250000 0.001846 -0.003434 -0.000110 -0.593945 -0.883317 -0.000085
575.400000 0.001847 -0.003434 -0.000110 -0.591913 -0.884753 -0.000085
575.550000 0.001848 -0.003435 -0.000110 -0.589877 -0.886184 -0.000085
575.700000 0.001849 -0.003435 -0.000110 -0.587838 -0.887610 -0.000085
575.850000 0.001850 -0.003435 -0.000110 -0.585796 -0.889032 -0.000085
576.000000 0.001851 -0.003435 -0.000110 -0.583750 -0.890448 -0.000085
576.150000 0.001852 -0.003436 -0.000110 -0.581702 -0.891860 -0.000085
576.300000 0.001853 -0.003436 -0.000110 -0.579650 -0.893267 -0.000085
576.450000 0.001854 -0.003436 -0.000110 -0.577594 -0.894668 -0.000085
576.600000 0.001854 -0.003436 -0.000110 -0.575536 -0.896065 -0.000085
576.750000 0.001855 -0.003437 -0.000110 -0.573474 -0.897457 -0.000085
576.900000 0.001856 -0.003437 -0.000110 -0.571409 -0.898844 -0.000085
577.050000 0.001857 -0.003437 -0.000110 -0.569341 -0.900226 -0.000085
577.200000 0.001858 -0.003438 -0.000110 -0.567270 -0.901603 -0.000085
577.350000 0.001859 -0.003438 -0.000110 -0.565196 -0.902975 -0.000084
577.500000 0.001860 -0.003438 -0.000110 -0.563118 -0.904342 -0.000084
577.650000 0.001861 -0.003438 -0.000110 -0.561037 -0.905704 -0.000084
577.800000 0.001862 -0.003439 -0.000110 -0.558953 -0.907061 -0.000084
577.950000 0.001863 -0.003439 -0.000110 -0.556866 -0.908413 -0.000084
578.100000 0.001863 -0.003439 -0.000111 -0.554776 -0.909760 -0.000084
578.250000 0.001864 -0.003439 -0.000111 -0.552683 -0.911102 -0.000084
578.400000 0.001865 -0.003440 -0.000111 -0.550587 -0.912439 -0.000084
578.550000 0.001866 -0.003440 -0.000111 -0.548488 -0.913772 -0.000084
578.700000 0.001867 -0.003440 -0.000111 -0.546385 -0.915099 -0.000084
578.850000 0.001868 -0.003441 -0.000111 -0.544280 -0.916421 -0.000084
579.000000 0.001869 -0.003441 -0.000111 -0.542171 -0.917737 -0.000084
579.150000 0.001870 -0.003441 -0.000111 -0.540060 -0.919049 -0.000084
579.300000 0.001871 -0.003441 -0.000111 -0.537946 -0.920356 -0.000084
579.450000 0.001871 -0.003442 -0.000111 -0.535828 -0.921658 -0.000084
579.600000 0.001872 -0.003442 -0.000111 -0.533708 -0.922955 -0.000084
579.750000 0.001873 -0.003442 -0.000111 -0.531584 -0.924246 -0.000084
579.900000 0.001874 -0.003442 -0.000111 -0.529458 -0.925533 -0.000084
580.050000 0.001875 -0.003443 -0.000111 -0.527329 -0.926814 -0.000084
580.200000 0.001876 -0.003443 -0.000111 -0.525196 -0.928091 -0.000084
580.350000 0.001877 -0.003443 -0.000111 -0.523061 -0.929362 -0.000084
580.500000 0.001878 -0.003444 -0.000111 -0.520923 -0.930628 -0.000084
580.650000 0.001879 -0.003444 -0.000111 -0.518782 -0.931889 -0.000084
580.800000 0.001880 -0.003444 -0.000111 -0.516638 -0.933145 -0.000084
580.950000 0.001880 -0.003444 -0.000111 -0.514491 -0.934396 -0.000084
581.100000 0.001881 -0.003445 -0.000111 -0.512342 -0.935642 -0.000084
581.250000 0.001882 -0.003445 -0.000111 -0.510189 -0.936882 -0.000084
581.400000 0.001883 -0.003445 -0.000111 -0.508034 -0.938118 -0.000084
581.550000 0.001884 -0.003446 -0.000111 -0.505876 -0.939348 -0.000084
581.700000 0.001885 -0.003446 -0.000111 -0.503715 -0.940573 -0.000084
581.850000 0.001886 -0.003446 -0.000111 -0.501551 -0.941793 -0.000084
582.000000 0.001887 -0.003446 -0.000111 -0.499385 -0.943008 -0.000084
582.150000 0.001888 -0.003447 -0.000111 -0.497215 -0.944217 -0.000084
582.300000 0.001888 -0.003447 -0.000111 -0.495043 -0.945422 -0.000084
582.450000 0.001889 -0.003447 -0.000111 -0.492869 -0.946621 -0.000084
582.600000 0.001890 -0.003447 -0.000111 -0.490691 -0.947815 -0.000084
582.750000 0.001891 -0.003448 -0.000111 -0.488511 -0.949004 -0.000084
582.900000 0.001892 -0.003448 -0.000111 -0.486328 -0.950187 -0.000084
583.050000 0.001893 -0.003448 -0.000111 -0.484142 -0.951366 -0.000084
583.200000 0.001894 -0.003449 -0.000111 -0.481954 -0.952539 -0.000083
583.350000 0.001895 -0.003449 -0.000111 -0.479763 -0.953707 -0.000083
583.500000 0.001896 -0.003449 -0.000111 -0.477569 -0.954870 -0.000083
583.650000 0.001897 -0.003449 -0.000111 -0.475372 -0.956027 -0.000083
583.800000 0.001897 -0.003450 -0.000111 -0.473173 -0.957180 -0.000083
583.950000 0.001898 -0.003450 -0.000111 -0.470972 -0.958327 -0.000083
584.100000 0.001899 -0.003450 -0.000111 -0.468768 -0.959468 -0.000083
584.250000 0.001900 -0.003450 -0.000111 -0.466561 -0.960605 -0.000083
584.400000 0.001901 -0.003451 -0.000111 -0.464351 -0.961736 -0.000083
584.550000 0.001902 -0.003451 -0.000111 -0.462139 -0.962862 -0.000083
584.700000 0.001903 -0.003451 -0.000111 -0.459925 -0.963983 -0.000083
584.850000 0.001904 -0.003452 -0.000111 -0.457707 -0.965098 -0.000083
585.000000 0.001905 -0.003452 -0.000111 -0.455488 -0.966209 -0.000083
585.150000 0.001905 -0.003452 -0.000111 -0.453266 -0.967314 -0.000083
585.300000 0.001906 -0.003452 -0.000111 -0.451041 -0.968413 -0.000083
585.450000 0.001907 -0.003453 -0.000111 -0.448814 -0.969507 -0.000083
585.600000 0.001908 -0.003453 -0.000111 -0.446584 -0.970596 -0.000083
585.750000 0.001909 -0.003453 -0.000112 -0.444352 -0.971680 -0.000083
585.900000 0.001910 -0.003454 -0.000112 -0.442117 -0.972758 -0.000083
586.050000 0.001911 -0.003454 -0.000112 -0.439880 -0.973832 -0.000083
586.200000 0.001912 -0.003454 -0.000112 -0.437640 -0.974899 -0.000083
586.350000 0.001913 -0.003454 -0.000112 -0.435398 -0.975962 -0.000083
586.500000 0.001914 -0.003455 -0.000112 -0.433154 -0.977019 -0.000083
586.650000 0.001914 -0.003455 -0.000112 -0.430907 -0.978070 -0.000083
586.800000 0.001915 -0.003455 -0.000112 -0.428658 -0.979117 -0.000083
586.950000 0.001916 -0.003455 -0.000112 -0.426406 -0.980158 -0.000083
587.100000 0.001917 -0.003456 -0.000112 -0.424152 -0.981194 -0.000083
587.250000 0.001918 -0.003456 -0.000112 -0.421896 -0.982224 -0.000083
587.400000 0.001919 -0.003456 -0.000112 -0.419638 -0.983249 -0.000083
587.550000 0.001920 -0.003457 -0.000112 -0.417377 -0.984268 -0.000083
587.700000 0.001921 -0.003457 -0.000112 -0.415113 -0.985283 -0.000083
587.850000 0.001922 -0.003457 -0.000112 -0.412848 -0.986291 -0.000083
588.000000 0.001922 -0.003457 -0.000112 -0.410580 -0.987295 -0.000083
588.150000 0.001923 -0.003458 -0.000112 -0.408310 -0.988293 -0.000083
588.300000 0.001924 -0.003458 -0.000112 -0.406037 -0.989285 -0.000083
588.450000 0.001925 -0.003458 -0.000112 -0.403763 -0.990273 -0.000083
588.600000 0.001926 -0.003458 -0.000112 -0.401486 -0.991255 -0.000083
588.750000 0.001927 -0.003459 -0.000112 -0.399207 -0.992231 -0.000083
588.900000 0.001928 -0.003459 -0.000112 -0.396926 -0.993202 -0.000083
589.050000 0.001929 -0.003459 -0.000112 -0.394642 -0.994168 -0.000083
589.200000 0.001930 -0.003460 -0.000112 -0.392356 -0.995128 -0.000083
589.350000 0.001930 -0.003460 -0.000112 -0.390069 -0.996083 -0.000083
589.500000 0.001931 -0.003460 -0.000112 -0.387779 -0.997032 -0.000083
589.650000 0.001932 -0.003460 -0.000112 -0.385486 -0.997976 -0.000083
589.800000 0.001933 -0.003461 -0.000112 -0.383192 -0.998914 -0.000083
589.950000 0.001934 -0.003461 -0.000112 -0.380896 -0.999847 -0.000083
590.100000 0.001935 -0.003461 -0.000112 -0.378597 -1.000775 -0.000083
590.250000 0.001936 -0.003462 -0.000112 -0.376297 -1.001697 -0.000083
590.400000 0.001937 -0.003462 -0.000112 -0.373994 -1.002613 -0.000083
590.550000 0.001938 -0.003462 -0.000112 -0.371689 -1.003525 -0.000083
590.700000 0.001939 -0.003462 -0.000112 -0.369382 -1.004430 -0.000083
590.850000 0.001939 -0.003463 -0.000112 -0.367073 -1.005331 -0.000083
591.000000 0.001940 -0.003463 -0.000112 -0.364762 -1.006225 -0.000083
591.150000 0.001941 -0.003463 -0.000112 -0.362449 -1.007115 -0.000083
591.300000 0.001942 -0.003463 -0.000112 -0.360135 -1.007998 -0.000082
591.450000 0.001943 -0.003464 -0.000112 -0.357818 -1.008877 -0.000082
591.600000 0.001944 -0.003464 -0.000112 -0.355499 -1.009749 -0.000082
591.750000 0.001945 -0.003464 -0.000112 -0.353178 -1.010617 -0.000082
591.900000 0.001946 -0.003465 -0.000112 -0.350855 -1.011478 -0.000082
592.050000 0.001947 -0.003465 -0.000112 -0.348530 -1.012335 -0.000082
592.200000 0.001947 -0.003465 -0.000112 -0.346204 -1.013186 -0.000082
592.350000 0.001948 -0.003465 -0.000112 -0.343875 -1.014031 -0.000082
592.500000 0.001949 -0.003466 -0.000112 -0.341544 -1.014871 -0.000082
592.650000 0.001950 -0.003466 -0.000112 -0.339212 -1.015705 -0.000082
592.800000 0.001951 -0.003466 -0.000112 -0.336878 -1.016534 -0.000082
592.950000 0.001952 -0.003467 -0.000112 -0.334542 -1.017357 -0.000082
593.100000 0.001953 -0.003467 -0.000112 -0.332204 -1.018174 -0.000082
593.250000 0.001954 -0.003467 -0.000112 -0.329864 -1.018986 -0.000082
593.400000 0.001955 -0.003467 -0.000113 -0.327522 -1.019793 -0.000082
593.550000 0.001956 -0.003468 -0.000113 -0.325179 -1.020594 -0.000082
593.700000 0.001956 -0.003468 -0.000113 -0.322833 -1.021389 -0.000082
593.850000 0.001957 -0.003468 -0.000113 -0.320486 -1.022179 -0.000082
594.000000 0.001958 -0.003468 -0.000113 -0.318137 -1.022964 -0.000082
594.150000 0.001959 -0.003469 -0.000113 -0.315787 -1.023743 -0.000082
594.300000 0.001960 -0.003469 -0.000113 -0.313435 -1.024516 -0.000082
594.450000 0.001961 -0.003469 -0.000113 -0.311080 -1.025283 -0.000082
594.600000 0.001962 -0.003470 -0.000113 -0.308725 -1.026046 -0.000082
594.750000 0.001963 -0.003470 -0.000113 -0.306367 -1.026802 -0.000082
594.900000 0.001964 -0.003470 -0.000113 -0.304008 -1.027553 -0.000082
595.050000 0.001964 -0.003470 -0.000113 -0.301647 -1.028298 -0.000082
595.200000 0.001965 -0.003471 -0.000113 -0.299285 -1.029038 -0.000082
595.350000 0.001966 -0.003471 -0.000113 -0.296920 -1.029772 -0.000082
595.500000 0.001967 -0.003471 -0.000113 -0.294555 -1.030501 -0.000082
595.650000 0.001968 -0.003472 -0.000113 -0.292187 -1.031224 -0.000082
595.800000 0.001969 -0.003472 -0.000113 -0.289818 -1.031941 -0.000082
595.950000 0.001970 -0.003472 -0.000113 -0.287447 -1.032653 -0.000082
596.100000 0.001971 -0.003472 -0.000113 -0.285075 -1.033359 -0.000082
596.250000 0.001972 -0.003473 -0.000113 -0.282701 -1.034060 -0.000082
596.400000 0.001973 -0.003473 -0.000113 -0.280326 -1.034755 -0.000082
596.550000 0.001973 -0.003473 -0.000113 -0.277949 -1.035444 -0.000082
596.700000 0.001974 -0.003473 -0.000113 -0.275570 -1.036128 -0.000082
596.850000 0.001975 -0.003474 -0.000113 -0.273190 -1.036806 -0.000082
597.000000 0.001976 -0.003474 -0.000113 -0.270809 -1.037479 -0.000082
597.150000 0.001977 -0.003474 -0.000113 -0.268426 -1.038146 -0.000082
597.300000 0.001978 -0.003475 -0.000113 -0.266041 -1.038807 -0.000082
597.450000 0.001979 -0.003475 -0.000113 -0.263655 -1.039463 -0.000082
597.600000 0.001980 -0.003475 -0.000113 -0.261268 -1.040113 -0.000082
597.750000 0.001981 -0.003475 -0.000113 -0.258879 -1.040757 -0.000082
597.900000 0.001981 -0.003476 -0.000113 -0.256488 -1.041396 -0.000082
598.050000 0.001982 -0.003476 -0.000113 -0.254097 -1.042029 -0.000082
598.200000 0.001983 -0.003476 -0.000113 -0.251703 -1.042656 -0.000082
598.350000 0.001984 -0.003476 -0.000113 -0.249309 -1.043278 -0.000082
598.500000 0.001985 -0.003477 -0.000113 -0.246913 -1.043894 -0.000082
598.650000 0.001986 -0.003477 -0.000113 -0.244516 -1.044504 -0.000082
598.800000 0.001987 -0.003477 -0.000113 -0.242117 -1.045109 -0.000082
598.950000 0.001988 -0.003478 -0.000113 -0.239717 -1.045708 -0.000082
599.100000 0.001989 -0.003478 -0.000113 -0.237316 -1.046302 -0.000082
599.250000 0.001990 -0.003478 -0.000113 -0.234913 -1.046890 -0.000082
599.400000 0.001990 -0.003478 -0.000113 -0.232509 -1.047472 -0.000082
599.550000 0.001991 -0.003479 -0.000113 -0.230104 -1.048048 -0.000082
599.700000 0.001992 -0.003479 -0.000113 -0.227697 -1.048619 -0.000082
599.850000 0.001993 -0.003479 -0.000113 -0.225290 -1.049184 -0.000082
600.000000 0.001994 -0.003480 -0.000113 -0.222881 -1.049744 -0.000082
600.150000 0.001995 -0.003480 -0.000113 -0.220470 -1.050297 -0.000082
600.300000 0.001996 -0.003480 -0.000113 -0.218059 -1.050845 -0.000082
600.450000 0.001997 -0.003480 -0.000113 -0.215646 -1.051388 -0.000082
600.600000 0.001998 -0.003481 -0.000113 -0.213232 -1.051925 -0.000082
600.750000 0.001998 -0.003481 -0.000113 -0.210817 -1.052456 -0.000082
600.900000 0.001999 -0.003481 -0.000113 -0.208401 -1.052981 -0.000082
601.050000 0.002000 -0.003481 -0.000114 -0.205984 -1.053501 -0.000082
601.200000 0.002001 -0.003482 -0.000114 -0.203565 -1.054014 -0.000082
601.350000 0.002002 -0.003482 -0.000114 -0.201146 -1.054523 -0.000082
601.500000 0.002003 -0.003482 -0.000114 -0.198725 -1.055025 -0.000082
601.650000 0.002004 -0.003483 -0.000114 -0.196303 -1.055522 -0.000082
601.800000 0.002005 -0.003483 -0.000114 -0.193880 -1.056013 -0.000082
601.950000 0.002006 -0.003483 -0.000114 -0.191456 -1.056499 -0.000082
602.100000 0.002006 -0.003483 -0.000114 -0.189031 -1.056978 -0.000082
602.250000 0.002007 -0.003484 -0.000114 -0.186605 -1.057452 -0.000082
602.400000 0.002008 -0.003484 -0.000114 -0.184178 -1.057920 -0.000082
602.550000 0.002009 -0.003484 -0.000114 -0.181749 -1.058383 -0.000082
602.700000 0.002010 -0.003485 -0.000114 -0.179320 -1.058840 -0.000082
602.850000 0.002011 -0.003485 -0.000114 -0.176890 -1.059291 -0.000082
603.000000 0.002012 -0.003485 -0.000114 -0.174459 -1.059736 -0.000082
603.150000 0.002013 -0.003485 -0.000114 -0.172027 -1.060176 -0.000082
603.300000 0.002014 -0.003486 -0.000114 -0.169593 -1.060610 -0.000082
603.450000 0.002015 -0.003486 -0.000114 -0.167159 -1.061038 -0.000082
603.600000 0.002015 -0.003486 -0.000114 -0.164724 -1.061461 -0.000082
603.750000 0.002016 -0.003486 -0.000114 -0.162288 -1.061877 -0.000082
603.900000 0.002017 -0.003487 -0.000114 -0.159852 -1.062288 -0.000082
604.050000 0.002018 -0.003487 -0.000114 -0.157414 -1.062694 -0.000082
604.200000 0.002019 -0.003487 -0.000114 -0.154975 -1.063093 -0.000082
604.350000 0.002020 -0.003488 -0.000114 -0.152536 -1.063487 -0.000082
604.500000 0.002021 -0.003488 -0.000114 -0.150096 -1.063875 -0.000082
604.650000 0.002022 -0.003488 -0.000114 -0.147655 -1.064257 -0.000082
604.800000 0.002023 -0.003488 -0.000114 -0.145213 -1.064634 -0.000082
604.950000 0.002023 -0.003489 -0.000114 -0.142770 -1.065005 -0.000082
605.100000 0.002024 -0.003489 -0.000114 -0.140326 -1.065370 -0.000082
605.250000 0.002025 -0.003489 -0.000114 -0.137882 -1.065729 -0.000082
605.400000 0.002026 -0.003490 -0.000114 -0.135437 -1.066083 -0.000082
605.550000 0.002027 -0.003490 -0.000114 -0.132991 -1.066431 -0.000082
605.700000 0.002028 -0.003490 -0.000114 -0.130544 -1.066773 -0.000082
605.850000 0.002029 -0.003490 -0.000114 -0.128097 -1.067109 -0.000082
606.000000 0.002030 -0.003491 -0.000114 -0.125649 -1.067440 -0.000082
606.150000 0.002031 -0.003491 -0.000114 -0.123200 -1.067764 -0.000082
606.300000 0.002032 -0.003491 -0.000114 -0.120751 -1.068083 -0.000082
606.450000 0.002032 -0.003492 -0.000114 -0.118300 -1.068397 -0.000082
606.600000 0.002033 -0.003492 -0.000114 -0.115850 -1.068704 -0.000082
606.750000 0.002034 -0.003492 -0.000114 -0.113398 -1.069006 -0.000082
606.900000 0.002035 -0.003492 -0.000114 -0.110946 -1.069302 -0.000082
607.050000 0.002036 -0.003493 -0.000114 -0.108493 -1.069592 -0.000082
607.200000 0.002037 -0.003493 -0.000114 -0.106040 -1.069877 -0.000082
607.350000 0.002038 -0.003493 -0.000114 -0.103586 -1.070156 -0.000082
607.500000 0.002039 -0.003493 -0.000114 -0.101132 -1.070429 -0.000082
607.650000 0.002040 -0.003494 -0.000114 -0.098677 -1.070696 -0.000082
607.800000 0.002040 -0.003494 -0.000114 -0.096221 -1.070957 -0.000082
607.950000 0.002041 -0.003494 -0.000114 -0.093765 -1.071213 -0.000082
608.100000 0.002042 -0.003495 -0.000114 -0.091308 -1.071463 -0.000082
608.250000 0.002043 -0.003495 -0.000114 -0.088851 -1.071707 -0.000082
608.400000 0.002044 -0.003495 -0.000114 -0.086393 -1.071945 -0.000082
608.550000 0.002045 -0.003495 -0.000114 -0.083935 -1.072178 -0.000082
608.700000 0.002046 -0.003496 -0.000115 -0.081476 -1.072405 -0.000082
608.850000 0.002047 -0.003496 -0.000115 -0.079017 -1.072626 -0.000082
609.000000 0.002048 -0.003496 -0.000115 -0.076557 -1.072841 -0.000082
609.150000 0.002048 -0.003497 -0.000115 -0.074097 -1.073050 -0.000082
609.300000 0.002049 -0.003497 -0.000115 -0.071637 -1.073254 -0.000082
609.450000 0.002050 -0.003497 -0.000115 -0.069176 -1.073452 -0.000082
609.600000 0.002051 -0.003497 -0.000115 -0.066715 -1.073644 -0.000082
609.750000 0.002052 -0.003498 -0.000115 -0.064253 -1.073831 -0.000082
609.900000 0.002053 -0.003498 -0.000115 -0.061791 -1.074011 -0.000082
610.050000 0.002054 -0.003498 -0.000115 -0.059328 -1.074186 -0.000082
610.200000 0.002055 -0.003498 -0.000115 -0.056866 -1.074355 -0.000082
610.350000 0.002056 -0.003499 -0.000115 -0.054403 -1.074518 -0.000082
610.500000 0.002057 -0.003499 -0.000115 -0.051939 -1.074676 -0.000082
610.650000 0.002057 -0.003499 -0.000115 -0.049476 -1.074828 -0.000082
610.800000 0.002058 -0.003500 -0.000115 -0.047012 -1.074974 -0.000082
610.950000 0.002059 -0.003500 -0.000115 -0.044547 -1.075114 -0.000082
611.100000 0.002060 -0.003500 -0.000115 -0.042083 -1.075248 -0.000082
611.250000 0.002061 -0.003500 -0.000115 -0.039618 -1.075377 -0.000082
611.400000 0.002062 -0.003501 -0.000115 -0.037153 -1.075499 -0.000082
611.550000 0.002063 -0.003501 -0.000115 -0.034688 -1.075616 -0.000082
611.700000 0.002064 -0.003501 -0.000115 -0.032222 -1.075728 -0.000082
611.850000 0.002065 -0.003502 -0.000115 -0.029756 -1.075833 -0.000082
612.000000 0.002065 -0.003502 -0.000115 -0.027291 -1.075933 -0.000082
612.150000 0.002066 -0.003502 -0.000115 -0.024825 -1.076027 -0.000082
612.300000 0.002067 -0.003502 -0.000115 -0.022358 -1.076115 -0.000082
612.450000 0.002068 -0.003503 -0.000115 -0.019892 -1.076197 -0.000082
612.600000 0.002069 -0.003503 -0.000115 -0.017426 -1.076274 -0.000082
612.750000 0.002070 -0.003503 -0.000115 -0.014959 -1.076344 -0.000082
612.900000 0.002071 -0.003503 -0.000115 -0.012492 -1.076409 -0.000082
613.050000 0.002072 -0.003504 -0.000115 -0.010026 -1.076469 -0.000082
613.200000 0.002073 -0.003504 -0.000115 -0.007559 -1.076522 -0.000082
613.350000 0.002074 -0.003504 -0.000115 -0.005092 -1.076570 -0.000082
613.500000 0.002074 -0.003505 -0.000115 -0.002625 -1.076611 -0.000082
613.650000 0.002075 -0.003505 -0.000115 -0.000158 -1.076648 -0.000082
613.800000 0.002076 -0.003505 -0.000115 0.002309 -1.076678 -0.000082
613.950000 0.002077 -0.003505 -0.000115 0.004776 -1.076702 -0.000082
614.100000 0.002078 -0.003506 -0.000115 0.007243 -1.076721 -0.000082
614.250000 0.002079 -0.003506 -0.000115 0.009710 -1.076734 -0.000082
614.400000 0.002080 -0.003506 -0.000115 0.012177 -1.076741 -0.000082
614.550000 0.002081 -0.003507 -0.000115 0.014644 -1.076743 -0.000082
614.700000 0.002082 -0.003507 -0.000115 0.017111 -1.076738 -0.000082
614.850000 0.002082 -0.003507 -0.000115 0.019578 -1.076728 -0.000082
615.000000 0.002083 -0.003507 -0.000115 0.022045 -1.076712 -0.000082
615.150000 0.002084 -0.003508 -0.000115 0.024511 -1.076690 -0.000082
615.300000 0.002085 -0.003508 -0.000115 0.026978 -1.076663 -0.000082
615.450000 0.002086 -0.003508 -0.000115 0.029444 -1.076629 -0.000082
615.600000 0.002087 -0.003509 -0.000115 0.031911 -1.076590 -0.000082
615.750000 0.002088 -0.003509 -0.000115 0.034377 -1.076546 -0.000082
615.900000 0.002089 -0.003509 -0.000115 0.036843 -1.076495 -0.000082
616.050000 0.002090 -0.003509 -0.000115 0.039309 -1.076439 -0.000082
616.200000 0.002091 -0.003510 -0.000115 0.041774 -1.076376 -0.000082
616.350000 0.002091 -0.003510 -0.000116 0.044240 -1.076308 -0.000082
616.500000 0.002092 -0.003510 -0.000116 0.046705 -1.076235 -0.000083
616.650000 0.002093 -0.003510 -0.000116 0.049170 -1.076155 -0.000083
616.800000 0.002094 -0.003511 -0.000116 0.051635 -1.076070 -0.000083
616.950000 0.002095 -0.003511 -0.000116 0.054099 -1.075979 -0.000083
617.100000 0.002096 -0.003511 -0.000116 0.056563 -1.075882 -0.000083
617.250000 0.002097 -0.003512 -0.000116 0.059027 -1.075780 -0.000083
617.400000 0.002098 -0.003512 -0.000116 0.061491 -1.075671 -0.000083
617.550000 0.002099 -0.003512 -0.000116 0.063954 -1.075557 -0.000083
617.700000 0.002099 -0.003512 -0.000116 0.066417 -1.075437 -0.000083
617.850000 0.002100 -0.003513 -0.000116 0.068880 -1.075312 -0.000083
618.000000 0.002101 -0.003513 -0.000116 0.071342 -1.075180 -0.000083
618.150000 0.002102 -0.003513 -0.000116 0.073804 -1.075043 -0.000083
618.300000 0.002103 -0.003514 -0.000116 0.076266 -1.074900 -0.000083
618.450000 0.002104 -0.003514 -0.000116 0.078727 -1.074752 -0.000083
618.600000 0.002105 -0.003514 -0.000116 0.081188 -1.074597 -0.000083
618.750000 0.002106 -0.003514 -0.000116 0.083648 -1.074437 -0.000083
618.900000 0.002107 -0.003515 -0.000116 0.086108 -1.074271 -0.000083
619.050000 0.002107 -0.003515 -0.000116 0.088568 -1.074099 -0.000083
619.200000 0.002108 -0.003515 -0.000116 0.091027 -1.073922 -0.000083
619.350000 0.002109 -0.003516 -0.000116 0.093486 -1.073739 -0.000083
619.500000 0.002110 -0.003516 -0.000116 0.095944 -1.073550 -0.000083
619.650000 0.002111 -0.003516 -0.000116 0.098402 -1.073355 -0.000083
619.800000 0.002112 -0.003516 -0.000116 0.100859 -1.073155 -0.000083
619.950000 0.002113 -0.003517 -0.000116 0.103315 -1.072948 -0.000083
620.100000 0.002114 -0.003517 -0.000116 0.105772 -1.072736 -0.000083
620.250000 0.002115 -0.003517 -0.000116 0.108227 -1.072519 -0.000083
620.400000 0.002116 -0.003517 -0.000116 0.110682 -1.072295 -0.000083
620.550000 0.002116 -0.003518 -0.000116 0.113137 -1.072066 -0.000083
620.700000 0.002117 -0.003518 -0.000116 0.115591 -1.071831 -0.000083
620.850000 0.002118 -0.003518 -0.000116 0.118044 -1.071591 -0.000083
621.000000 0.002119 -0.003519 -0.000116 0.120497 -1.071344 -0.000083
621.150000 0.002120 -0.003519 -0.000116 0.122949 -1.071092 -0.000083
621.300000 0.002121 -0.003519 -0.000116 0.125400 -1.070834 -0.000083
621.450000 0.002122 -0.003519 -0.000116 0.127851 -1.070571 -0.000083
621.600000 0.002123 -0.003520 -0.000116 0.130301 -1.070301 -0.000083
621.750000 0.002124 -0.003520 -0.000116 0.132750 -1.070026 -0.000083
621.900000 0.002124 -0.003520 -0.000116 0.135199 -1.069745 -0.000083
622.050000 0.002125 -0.003521 -0.000116 0.137647 -1.069459 -0.000083
622.200000 0.002126 -0.003521 -0.000116 0.140094 -1.069167 -0.000083
622.350000 0.002127 -0.003521 -0.000116 0.142541 -1.068869 -0.000083
622.500000 0.002128 -0.003521 -0.000116 0.144987 -1.068565 -0.000083
622.650000 0.002129 -0.003522 -0.000116 0.147432 -1.068256 -0.000083
622.800000 0.002130 -0.003522 -0.000116 0.149876 -1.067941 -0.000083
622.950000 0.002131 -0.003522 -0.000116 0.152320 -1.067620 -0.000083
623.100000 0.002132 -0.003523 -0.000116 0.154763 -1.067293 -0.000083
623.250000 0.002133 -0.003523 -0.000116 0.157204 -1.066961 -0.000083
623.400000 0.002133 -0.003523 -0.000116 0.159646 -1.066623 -0.000083
623.550000 0.002134 -0.003523 -0.000116 0.162086 -1.066279 -0.000083
623.700000 0.002135 -0.003524 -0.000116 0.164525 -1.065930 -0.000083
623.850000 0.002136 -0.003524 -0.000116 0.166964 -1.065575 -0.000083
624.000000 0.002137 -0.003524 -0.000116 0.169402 -1.065214 -0.000083
624.150000 0.002138 -0.003524 -0.000117 0.171839 -1.064848 -0.000083
624.300000 0.002139 -0.003525 -0.000117 0.174275 -1.064476 -0.000084
624.450000 0.002140 -0.003525 -0.000117 0.176710 -1.064098 -0.000084
624.600000 0.002141 -0.003525 -0.000117 0.179144 -1.063715 -0.000084
624.750000 0.002141 -0.003526 -0.000117 0.181577 -1.063325 -0.000084
624.900000 0.002142 -0.003526 -0.000117 0.184009 -1.062930 -0.000084
625.050000 0.002143 -0.003526 -0.000117 0.186440 -1.062530 -0.000084
625.200000 0.002144 -0.003526 -0.000117 0.188871 -1.062124 -0.000084
625.350000 0.002145 -0.003527 -0.000117 0.191300 -1.061712 -0.000084
625.500000 0.002146 -0.003527 -0.000117 0.193728 -1.061294 -0.000084
625.650000 0.002147 -0.003527 -0.000117 0.196156 -1.060871 -0.000084
625.800000 0.002148 -0.003528 -0.000117 0.198582 -1.060442 -0.000084
625.950000 0.002149 -0.003528 -0.000117 0.201007 -1.060007 -0.000084
626.100000 0.002149 -0.003528 -0.000117 0.203431 -1.059567 -0.000084
626.250000 0.002150 -0.003528 -0.000117 0.205854 -1.059121 -0.000084
626.400000 0.002151 -0.003529 -0.000117 0.208276 -1.058670 -0.000084
626.550000 0.002152 -0.003529 -0.000117 0.210697 -1.058212 -0.000084
626.700000 0.002153 -0.003529 -0.000117 0.213117 -1.057749 -0.000084
626.850000 0.002154 -0.003530 -0.000117 0.215536 -1.057281 -0.000084
627.000000 0.002155 -0.003530 -0.000117 0.217953 -1.056807 -0.000084
627.150000 0.002156 -0.003530 -0.000117 0.220370 -1.056327 -0.000084
627.300000 0.002157 -0.003530 -0.000117 0.222785 -1.055841 -0.000084
627.450000 0.002158 -0.003531 -0.000117 0.225199 -1.055350 -0.000084
627.600000 0.002158 -0.003531 -0.000117 0.227612 -1.054854 -0.000084
627.750000 0.002159 -0.003531 -0.000117 0.230024 -1.054351 -0.000084
627.900000 0.002160 -0.003531 -0.000117 0.232434 -1.053843 -0.000084
628.050000 0.002161 -0.003532 -0.000117 0.234844 -1.053329 -0.000084
628.200000 0.002162 -0.003532 -0.000117 0.237252 -1.052810 -0.000084
628.350000 0.002163 -0.003532 -0.000117 0.239659 -1.052285 -0.000084
628.500000 0.002164 -0.003533 -0.000117 0.242064 -1.051755 -0.000084
628.650000 0.002165 -0.003533 -0.000117 0.244469 -1.051219 -0.000084
628.800000 0.002166 -0.003533 -0.000117 0.246872 -1.050677 -0.000084
628.950000 0.002166 -0.003533 -0.000117 0.249273 -1.050130 -0.000084
629.100000 0.002167 -0.003534 -0.000117 0.251674 -1.049577 -0.000084
629.250000 0.002168 -0.003534 -0.000117 0.254073 -1.049018 -0.000084
629.400000 0.002169 -0.003534 -0.000117 0.256471 -1.048454 -0.000084
629.550000 0.002170 -0.003535 -0.000117 0.258867 -1.047884 -0.000084
629.700000 0.002171 -0.003535 -0.000117 0.261262 -1.047309 -0.000084
629.850000 0.002172 -0.003535 -0.000117 0.263656 -1.046728 -0.000085
630.000000 0.002173 -0.003535 -0.000117 0.266048 -1.046141 -0.000085
630.150000 0.002174 -0.003536 -0.000117 0.268439 -1.045549 -0.000085
630.300000 0.002175 -0.003536 -0.000117 0.270828 -1.044952 -0.000085
630.450000 0.002175 -0.003536 -0.000117 0.273216 -1.044348 -0.000085
630.600000 0.002176 -0.003537 -0.000117 0.275603 -1.043739 -0.000085
630.750000 0.002177 -0.003537 -0.000117 0.277988 -1.043125 -0.000085
630.900000 0.002178 -0.003537 -0.000117 0.280372 -1.042505 -0.000085
631.050000 0.002179 -0.003537 -0.000117 0.282754 -1.041879 -0.000085
631.200000 0.002180 -0.003538 -0.000117 0.285135 -1.041248 -0.000085
631.350000 0.002181 -0.003538 -0.000117 0.287514 -1.040612 -0.000085
631.500000 0.002182 -0.003538 -0.000117 0.289892 -1.039969 -0.000085
631.650000 0.002183 -0.003539 -0.000117 0.292268 -1.039322 -0.000085
631.800000 0.002183 -0.003539 -0.000118 0.294643 -1.038668 -0.000085
631.950000 0.002184 -0.003539 -0.000118 0.297016 -1.038010 -0.000085
632.100000 0.002185 -0.003539 -0.000118 0.299387 -1.037345 -0.000085
632.250000 0.002186 -0.003540 -0.000118 0.301757 -1.036675 -0.000085
632.400000 0.002187 -0.003540 -0.000118 0.304125 -1.036000 -0.000085
632.550000 0.002188 -0.003540 -0.000118 0.306492 -1.035319 -0.000085
632.700000 0.002189 -0.003540 -0.000118 0.308857 -1.034632 -0.000085
632.850000 0.002190 -0.003541 -0.000118 0.311221 -1.033940 -0.000085
633.000000 0.002191 -0.003541 -0.000118 0.313583 -1.033243 -0.000085
633.150000 0.002192 -0.003541 -0.000118 0.315943 -1.032540 -0.000085
633.300000 0.002192 -0.003542 -0.000118 0.318302 -1.031831 -0.000085
633.450000 0.002193 -0.003542 -0.000118 0.320658 -1.031117 -0.000085
633.600000 0.002194 -0.003542 -0.000118 0.323014 -1.030398 -0.000085
633.750000 0.002195 -0.003542 -0.000118 0.325367 -1.029673 -0.000085
633.900000 0.002196 -0.003543 -0.000118 0.327719 -1.028942 -0.000085
634.050000 0.002197 -0.003543 -0.000118 0.330069 -1.028206 -0.000085
634.200000 0.002198 -0.003543 -0.000118 0.332417 -1.027464 -0.000085
634.350000 0.002199 -0.003544 -0.000118 0.334764 -1.026718 -0.000086
634.500000 0.002200 -0.003544 -0.000118 0.337109 -1.025965 -0.000086
634.650000 0.002200 -0.003544 -0.000118 0.339452 -1.025207 -0.000086
634.800000 0.002201 -0.003544 -0.000118 0.341793 -1.024444 -0.000086
634.950000 0.002202 -0.003545 -0.000118 0.344132 -1.023675 -0.000086
635.100000 0.002203 -0.003545 -0.000118 0.346470 -1.022901 -0.000086
635.250000 0.002204 -0.003545 -0.000118 0.348806 -1.022121 -0.000086
635.400000 0.002205 -0.003546 -0.000118 0.351139 -1.021336 -0.000086
635.550000 0.002206 -0.003546 -0.000118 0.353472 -1.020545 -0.000086
635.700000 0.002207 -0.003546 -0.000118 0.355802 -1.019749 -0.000086
635.850000 0.002208 -0.003546 -0.000118 0.358130 -1.018947 -0.000086
636.000000 0.002208 -0.003547 -0.000118 0.360457 -1.018140 -0.000086
636.150000 0.002209 -0.003547 -0.000118 0.362781 -1.017328 -0.000086
636.300000 0.002210 -0.003547 -0.000118 0.365104 -1.016510 -0.000086
636.450000 0.002211 -0.003548 -0.000118 0.367424 -1.015687 -0.000086
636.600000 0.002212 -0.003548 -0.000118 0.369743 -1.014858 -0.000086
636.750000 0.002213 -0.003548 -0.000118 0.372060 -1.014024 -0.000086
636.900000 0.002214 -0.003548 -0.000118 0.374375 -1.013185 -0.000086
637.050000 0.002215 -0.003549 -0.000118 0.376688 -1.012340 -0.000086
637.200000 0.002216 -0.003549 -0.000118 0.378999 -1.011489 -0.000086
637.350000 0.002217 -0.003549 -0.000118 0.381307 -1.010634 -0.000086
637.500000 0.002217 -0.003550 -0.000118 0.383614 -1.009773 -0.000086
637.650000 0.002218 -0.003550 -0.000118 0.385919 -1.008906 -0.000086
637.800000 0.002219 -0.003550 -0.000118 0.388222 -1.008035 -0.000086
637.950000 0.002220 -0.003550 -0.000118 0.390523 -1.007157 -0.000086
638.100000 0.002221 -0.003551 -0.000118 0.392821 -1.006275 -0.000086
638.250000 0.002222 -0.003551 -0.000118 0.395118 -1.005387 -0.000087
638.400000 0.002223 -0.003551 -0.000118 0.397413 -1.004494 -0.000087
638.550000 0.002224 -0.003551 -0.000118 0.399705 -1.003595 -0.000087
638.700000 0.002225 -0.003552 -0.000118 0.401995 -1.002691 -0.000087
638.850000 0.002225 -0.003552 -0.000118 0.404283 -1.001782 -0.000087
639.000000 0.002226 -0.003552 -0.000118 0.406570 -1.000867 -0.000087
639.150000 0.002227 -0.003553 -0.000118 0.408853 -0.999947 -0.000087
639.300000 0.002228 -0.003553 -0.000118 0.411135 -0.999022 -0.000087
639.450000 0.002229 -0.003553 -0.000119 0.413415 -0.998091 -0.000087
639.600000 0.002230 -0.003553 -0.000119 0.415692 -0.997155 -0.000087
639.750000 0.002231 -0.003554 -0.000119 0.417967 -0.996214 -0.000087
639.900000 0.002232 -0.003554 -0.000119 0.420240 -0.995268 -0.000087
640.050000 0.002233 -0.003554 -0.000119 0.422511 -0.994316 -0.000087
640.200000 0.002234 -0.003555 -0.000119 0.424780 -0.993359 -0.000087
640.350000 0.002234 -0.003555 -0.000119 0.427046 -0.992396 -0.000087
640.500000 0.002235 -0.003555 -0.000119 0.429310 -0.991428 -0.000087
640.650000 0.002236 -0.003555 -0.000119 0.431572 -0.990455 -0.000087
640.800000 0.002237 -0.003556 -0.000119 0.433831 -0.989477 -0.000087
640.950000 0.002238 -0.003556 -0.000119 0.436088 -0.988494 -0.000087
641.100000 0.002239 -0.003556 -0.000119 0.438343 -0.987505 -0.000087
641.250000 0.002240 -0.003557 -0.000119 0.440596 -0.986511 -0.000087
641.400000 0.002241 -0.003557 -0.000119 0.442846 -0.985511 -0.000087
641.550000 0.002242 -0.003557 -0.000119 0.445094 -0.984507 -0.000087
641.700000 0.002242 -0.003557 -0.000119 0.447340 -0.983497 -0.000087
641.850000 0.002243 -0.003558 -0.000119 0.449583 -0.982482 -0.000088
642.000000 0.002244 -0.003558 -0.000119 0.451824 -0.981461 -0.000088
642.150000 0.002245 -0.003558 -0.000119 0.454062 -0.980436 -0.000088
642.300000 0.002246 -0.003559 -0.000119 0.456298 -0.979405 -0.000088
642.450000 0.002247 -0.003559 -0.000119 0.458532 -0.978369 -0.000088
642.600000 0.002248 -0.003559 -0.000119 0.460763 -0.977328 -0.000088
642.750000 0.002249 -0.003559 -0.000119 0.462991 -0.976282 -0.000088
642.900000 0.002250 -0.003560 -0.000119 0.465218 -0.975230 -0.000088
643.050000 0.002251 -0.003560 -0.000119 0.467442 -0.974173 -0.000088
643.200000 0.002251 -0.003560 -0.000119 0.469663 -0.973111 -0.000088
643.350000 0.002252 -0.003561 -0.000119 0.471882 -0.972044 -0.000088
643.500000 0.002253 -0.003561 -0.000119 0.474098 -0.970972 -0.000088
643.650000 0.002254 -0.003561 -0.000119 0.476312 -0.969894 -0.000088
643.800000 0.002255 -0.003561 -0.000119 0.478523 -0.968812 -0.000088
643.950000 0.002256 -0.003562 -0.000119 0.480732 -0.967724 -0.000088
644.100000 0.002257 -0.003562 -0.000119 0.482938 -0.966631 -0.000088
644.250000 0.002258 -0.003562 -0.000119 0.485142 -0.965533 -0.000088
644.400000 0.002259 -0.003562 -0.000119 0.487343 -0.964429 -0.000088
644.550000 0.002259 -0.003563 -0.000119 0.489542 -0.963321 -0.000088
644.700000 0.002260 -0.003563 -0.000119 0.491738 -0.962207 -0.000088
644.850000 0.002261 -0.003563 -0.000119 0.493931 -0.961089 -0.000088
645.000000 0.002262 -0.003564 -0.000119 0.496122 -0.959965 -0.000088
645.150000 0.002263 -0.003564 -0.000119 0.498310 -0.958836 -0.000089
645.300000 0.002264 -0.003564 -0.000119 0.500496 -0.957702 -0.000089
645.450000 0.002265 -0.003564 -0.000119 0.502679 -0.956563 -0.000089
645.600000 0.002266 -0.003565 -0.000119 0.504859 -0.955419 -0.000089
645.750000 0.002267 -0.003565 -0.000119 0.507036 -0.954269 -0.000089
645.900000 0.002268 -0.003565 -0.000119 0.509211 -0.953115 -0.000089
646.050000 0.002268 -0.003566 -0.000119 0.511383 -0.951956 -0.000089
646.200000 0.002269 -0.003566 -0.000119 0.513553 -0.950791 -0.000089
646.350000 0.002270 -0.003566 -0.000119 0.515720 -0.949622 -0.000089
646.500000 0.002271 -0.003566 -0.000119 0.517884 -0.948447 -0.000089
646.650000 0.002272 -0.003567 -0.000119 0.520045 -0.947267 -0.000089
646.800000 0.002273 -0.003567 -0.000119 0.522203 -0.946083 -0.000089
646.950000 0.002274 -0.003567 -0.000119 0.524359 -0.944893 -0.000089
647.100000 0.002275 -0.003568 -0.000120 0.526512 -0.943698 -0.000089
647.250000 0.002276 -0.003568 -0.000120 0.528662 -0.942498 -0.000089
647.400000 0.002276 -0.003568 -0.000120 0.530810 -0.941293 -0.000089
647.550000 0.002277 -0.003568 -0.000120 0.532954 -0.940083 -0.000089
647.700000 0.002278 -0.003569 -0.000120 0.535096 -0.938869 -0.000089
647.850000 0.002279 -0.003569 -0.000120 0.537235 -0.937649 -0.000089
648.000000 0.002280 -0.003569 -0.000120 0.539371 -0.936424 -0.000089
648.150000 0.002281 -0.003570 -0.000120 0.541504 -0.935194 -0.000090
648.300000 0.002282 -0.003570 -0.000120 0.543634 -0.933959 -0.000090
648.450000 0.002283 -0.003570 -0.000120 0.545762 -0.932719 -0.000090
648.600000 0.002284 -0.003570 -0.000120 0.547887 -0.931475 -0.000090
648.750000 0.002285 -0.003571 -0.000120 0.550008 -0.930225 -0.000090
648.900000 0.002285 -0.003571 -0.000120 0.552127 -0.928970 -0.000090
649.050000 0.002286 -0.003571 -0.000120 0.554243 -0.927711 -0.000090
649.200000 0.002287 -0.003572 -0.000120 0.556356 -0.926446 -0.000090
649.350000 0.002288 -0.003572 -0.000120 0.558466 -0.925177 -0.000090
649.500000 0.002289 -0.003572 -0.000120 0.560573 -0.923902 -0.000090
649.650000 0.002290 -0.003572 -0.000120 0.562677 -0.922623 -0.000090
649.800000 0.002291 -0.003573 -0.000120 0.564778 -0.921339 -0.000090
649.950000 0.002292 -0.003573 -0.000120 0.566876 -0.920050 -0.000090
650.100000 0.002293 -0.003573 -0.000120 0.568971 -0.918756 -0.000090
650.250000 0.002293 -0.003574 -0.000120 0.571063 -0.917457 -0.000090
650.400000 0.002294 -0.003574 -0.000120 0.573152 -0.916153 -0.000090
650.550000 0.002295 -0.003574 -0.000120 0.575238 -0.914844 -0.000090
650.700000 0.002296 -0.003574 -0.000120 0.577321 -0.913530 -0.000090
650.850000 0.002297 -0.003575 -0.000120 0.579401 -0.912212 -0.000090
651.000000 0.002298 -0.003575 -0.000120 0.581478 -0.910889 -0.000091
651.150000 0.002299 -0.003575 -0.000120 0.583551 -0.909561 -0.000091
651.300000 0.002300 -0.003576 -0.000120 0.585622 -0.908228 -0.000091
651.450000 0.002301 -0.003576 -0.000120 0.587690 -0.906890 -0.000091
651.600000 0.002302 -0.003576 -0.000120 0.589754 -0.905547 -0.000091
651.750000 0.002302 -0.003576 -0.000120 0.591815 -0.904200 -0.000091
651.900000 0.002303 -0.003577 -0.000120 0.593873 -0.902847 -0.000091
652.050000 0.002304 -0.003577 -0.000120 0.595928 -0.901490 -0.000091
652.200000 0.002305 -0.003577 -0.000120 0.597980 -0.900128 -0.000091
652.350000 0.002306 -0.003577 -0.000120 0.600029 -0.898762 -0.000091
652.500000 0.002307 -0.003578 -0.000120 0.602074 -0.897390 -0.000091
652.650000 0.002308 -0.003578 -0.000120 0.604117 -0.896014 -0.000091
652.800000 0.002309 -0.003578 -0.000120 0.606156 -0.894633 -0.000091
652.950000 0.002310 -0.003579 -0.000120 0.608192 -0.893247 -0.000091
653.100000 0.002310 -0.003579 -0.000120 0.610224 -0.891856 -0.000091
653.250000 0.002311 -0.003579 -0.000120 0.612254 -0.890461 -0.000091
653.400000 0.002312 -0.003579 -0.000120 0.614280 -0.889061 -0.000091
653.550000 0.002313 -0.003580 -0.000120 0.616303 -0.887656 -0.000091
653.700000 0.002314 -0.003580 -0.000120 0.618323 -0.886247 -0.000092
653.850000 0.002315 -0.003580 -0.000120 0.620339 -0.884833 -0.000092
654.000000 0.002316 -0.003581 -0.000120 0.622352 -0.883414 -0.000092
654.150000 0.002317 -0.003581 -0.000120 0.624362 -0.881990 -0.000092
654.300000 0.002318 -0.003581 -0.000120 0.626368 -0.880562 -0.000092
654.450000 0.002319 -0.003581 -0.000120 0.628372 -0.879129 -0.000092
654.600000 0.002319 -0.003582 -0.000120 0.630372 -0.877691 -0.000092
654.750000 0.002320 -0.003582 -0.000121 0.632368 -0.876248 -0.000092
654.900000 0.002321 -0.003582 -0.000121 0.634361 -0.874801 -0.000092
655.050000 0.002322 -0.003583 -0.000121 0.636351 -0.873350 -0.000092
655.200000 0.002323 -0.003583 -0.000121 0.638337 -0.871893 -0.000092
655.350000 0.002324 -0.003583 -0.000121 0.640320 -0.870432 -0.000092
655.500000 0.002325 -0.003583 -0.000121 0.642300 -0.868967 -0.000092
655.650000 0.002326 -0.003584 -0.000121 0.644276 -0.867496 -0.000092
655.800000 0.002327 -0.003584 -0.000121 0.646249 -0.866021 -0.000092
655.950000 0.002327 -0.003584 -0.000121 0.648218 -0.864542 -0.000092
656.100000 0.002328 -0.003585 -0.000121 0.650184 -0.863058 -0.000092
656.250000 0.002329 -0.003585 -0.000121 0.652147 -0.861569 -0.000093
656.400000 0.002330 -0.003585 -0.000121 0.654106 -0.860076 -0.000093
656.550000 0.002331 -0.003585 -0.000121 0.656061 -0.858578 -0.000093
656.700000 0.002332 -0.003586 -0.000121 0.658013 -0.857075 -0.000093
656.850000 0.002333 -0.003586 -0.000121 0.659962 -0.855568 -0.000093
657.000000 0.002334 -0.003586 -0.000121 0.661907 -0.854057 -0.000093
657.150000 0.002335 -0.003587 -0.000121 0.663849 -0.852541 -0.000093
657.300000 0.002336 -0.003587 -0.000121 0.665787 -0.851020 -0.000093
657.450000 0.002336 -0.003587 -0.000121 0.667721 -0.849495 -0.000093
657.600000 0.002337 -0.003587 -0.000121 0.669652 -0.847965 -0.000093
657.750000 0.002338 -0.003588 -0.000121 0.671580 -0.846431 -0.000093
657.900000 0.002339 -0.003588 -0.000121 0.673503 -0.844892 -0.000093
658.050000 0.002340 -0.003588 -0.000121 0.675424 -0.843349 -0.000093
658.200000 0.002341 -0.003589 -0.000121 0.677340 -0.841801 -0.000093
658.350000 0.002342 -0.003589 -0.000121 0.679254 -0.840249 -0.000093
658.500000 0.002343 -0.003589 -0.000121 0.681163 -0.838692 -0.000093
658.650000 0.002344 -0.003589 -0.000121 0.683069 -0.837131 -0.000093
658.800000 0.002344 -0.003590 -0.000121 0.684971 -0.835565 -0.000094
658.950000 0.002345 -0.003590 -0.000121 0.686870 -0.833995 -0.000094
659.100000 0.002346 -0.003590 -0.000121 0.688765 -0.832420 -0.000094
659.250000 0.002347 -0.003591 -0.000121 0.690656 -0.830841 -0.000094
659.400000 0.002348 -0.003591 -0.000121 0.692544 -0.829258 -0.000094
659.550000 0.002349 -0.003591 -0.000121 0.694428 -0.827670 -0.000094
659.700000 0.002350 -0.003591 -0.000121 0.696308 -0.826078 -0.000094
659.850000 0.002351 -0.003592 -0.000121 0.698185 -0.824481 -0.000094
660.000000 0.002352 -0.003592 -0.000121 0.700057 -0.822880 -0.000094
660.150000 0.002353 -0.003592 -0.000121 0.701927 -0.821275 -0.000094
660.300000 0.002353 -0.003593 -0.000121 0.703792 -0.819665 -0.000094
660.450000 0.002354 -0.003593 -0.000121 0.705654 -0.818051 -0.000094
660.600000 0.002355 -0.003593 -0.000121 0.707512 -0.816432 -0.000094
660.750000 0.002356 -0.003593 -0.000121 0.709366 -0.814809 -0.000094
660.900000 0.002357 -0.003594 -0.000121 0.711216 -0.813182 -0.000094
661.050000 0.002358 -0.003594 -0.000121 0.713063 -0.811551 -0.000094
661.200000 0.002359 -0.003594 -0.000121 0.714906 -0.809915 -0.000095
661.350000 0.002360 -0.003595 -0.000121 0.716745 -0.808274 -0.000095
661.500000 0.002361 -0.003595 -0.000121 0.718580 -0.806630 -0.000095
661.650000 0.002362 -0.003595 -0.000121 0.720412 -0.804981 -0.000095
661.800000 0.002362 -0.003595 -0.000121 0.722239 -0.803328 -0.000095
661.950000 0.002363 -0.003596 -0.000121 0.724063 -0.801671 -0.000095
662.100000 0.002364 -0.003596 -0.000121 0.725883 -0.800009 -0.000095
662.250000 0.002365 -0.003596 -0.000121 0.727699 -0.798343 -0.000095
662.400000 0.002366 -0.003597 -0.000122 0.729511 -0.796673 -0.000095
662.550000 0.002367 -0.003597 -0.000122 0.731319 -0.794998 -0.000095
662.700000 0.002368 -0.003597 -0.000122 0.733124 -0.793320 -0.000095
662.850000 0.002369 -0.003597 -0.000122 0.734924 -0.791637 -0.000095
663.000000 0.002370 -0.003598 -0.000122 0.736721 -0.789950 -0.000095
663.150000 0.002370 -0.003598 -0.000122 0.738514 -0.788258 -0.000095
663.300000 0.002371 -0.003598 -0.000122 0.740302 -0.786563 -0.000095
663.450000 0.002372 -0.003599 -0.000122 0.742087 -0.784863 -0.000096
663.600000 0.002373 -0.003599 -0.000122 0.743868 -0.783159 -0.000096
663.750000 0.002374 -0.003599 -0.000122 0.745645 -0.781451 -0.000096
663.900000 0.002375 -0.003599 -0.000122 0.747418 -0.779739 -0.000096
664.050000 0.002376 -0.003600 -0.000122 0.749187 -0.778022 -0.000096
664.200000 0.002377 -0.003600 -0.000122 0.750952 -0.776302 -0.000096
664.350000 0.002378 -0.003600 -0.000122 0.752713 -0.774577 -0.000096
664.500000 0.002379 -0.003600 -0.000122 0.754470 -0.772848 -0.000096
664.650000 0.002379 -0.003601 -0.000122 0.756223 -0.771115 -0.000096
664.800000 0.002380 -0.003601 -0.000122 0.757972 -0.769378 -0.000096
664.950000 0.002381 -0.003601 -0.000122 0.759717 -0.767637 -0.000096
665.100000 0.002382 -0.003602 -0.000122 0.761458 -0.765892 -0.000096
665.250000 0.002383 -0.003602 -0.000122 0.763195 -0.764142 -0.000096
665.400000 0.002384 -0.003602 -0.000122 0.764928 -0.762389 -0.000096
665.550000 0.002385 -0.003602 -0.000122 0.766657 -0.760631 -0.000096
665.700000 0.002386 -0.003603 -0.000122 0.768381 -0.758870 -0.000097
665.850000 0.002387 -0.003603 -0.000122 0.770102 -0.757104 -0.000097
666.000000 0.002387 -0.003603 -0.000122 0.771818 -0.755334 -0.000097
666.150000 0.002388 -0.003604 -0.000122 0.773531 -0.753561 -0.000097
666.300000 0.002389 -0.003604 -0.000122 0.775239 -0.751783 -0.000097
666.450000 0.002390 -0.003604 -0.000122 0.776943 -0.750001 -0.000097
666.600000 0.002391 -0.003604 -0.000122 0.778643 -0.748216 -0.000097
666.750000 0.002392 -0.003605 -0.000122 0.780339 -0.746426 -0.000097
666.900000 0.002393 -0.003605 -0.000122 0.782031 -0.744632 -0.000097
667.050000 0.002394 -0.003605 -0.000122 0.783718 -0.742834 -0.000097
667.200000 0.002395 -0.003606 -0.000122 0.785402 -0.741033 -0.000097
667.350000 0.002396 -0.003606 -0.000122 0.787081 -0.739227 -0.000097
667.500000 0.002396 -0.003606 -0.000122 0.788756 -0.737418 -0.000097
667.650000 0.002397 -0.003606 -0.000122 0.790427 -0.735604 -0.000097
667.800000 0.002398 -0.003607 -0.000122 0.792093 -0.733787 -0.000098
667.950000 0.002399 -0.003607 -0.000122 0.793756 -0.731965 -0.000098
668.100000 0.002400 -0.003607 -0.000122 0.795414 -0.730140 -0.000098
668.250000 0.002401 -0.003608 -0.000122 0.797068 -0.728311 -0.000098
668.400000 0.002402 -0.003608 -0.000122 0.798717 -0.726478 -0.000098
668.550000 0.002403 -0.003608 -0.000122 0.800363 -0.724641 -0.000098
668.700000 0.002404 -0.003608 -0.000122 0.802004 -0.722800 -0.000098
668.850000 0.002405 -0.003609 -0.000122 0.803641 -0.720956 -0.000098
669.000000 0.002405 -0.003609 -0.000122 0.805274 -0.719107 -0.000098
669.150000 0.002406 -0.003609 -0.000122 0.806902 -0.717255 -0.000098
669.300000 0.002407 -0.003610 -0.000122 0.808526 -0.715399 -0.000098
669.450000 0.002408 -0.003610 -0.000122 0.810146 -0.713539 -0.000098
669.600000 0.002409 -0.003610 -0.000122 0.811761 -0.711675 -0.000098
669.750000 0.002410 -0.003610 -0.000122 0.813372 -0.709808 -0.000098
669.900000 0.002411 -0.003611 -0.000122 0.814979 -0.707936 -0.000099
670.050000 0.002412 -0.003611 -0.000123 0.816581 -0.706061 -0.000099
670.200000 0.002413 -0.003611 -0.000123 0.818179 -0.704182 -0.000099
670.350000 0.002413 -0.003612 -0.000123 0.819773 -0.702299 -0.000099
670.500000 0.002414 -0.003612 -0.000123 0.821362 -0.700413 -0.000099
670.650000 0.002415 -0.003612 -0.000123 0.822947 -0.698523 -0.000099
670.800000 0.002416 -0.003612 -0.000123 0.824528 -0.696629 -0.000099
670.950000 0.002417 -0.003613 -0.000123 0.826104 -0.694731 -0.000099
671.100000 0.002418 -0.003613 -0.000123 0.827676 -0.692830 -0.000099
671.250000 0.002419 -0.003613 -0.000123 0.829243 -0.690925 -0.000099
671.400000 0.002420 -0.003614 -0.000123 0.830806 -0.689016 -0.000099
671.550000 0.002421 -0.003614 -0.000123 0.832365 -0.687104 -0.000099
671.700000 0.002422 -0.003614 -0.000123 0.833919 -0.685188 -0.000099
671.850000 0.002422 -0.003614 -0.000123 0.835468 -0.683268 -0.000099
672.000000 0.002423 -0.003615 -0.000123 0.837013 -0.681345 -0.000100
672.150000 0.002424 -0.003615 -0.000123 0.838554 -0.679418 -0.000100
672.300000 0.002425 -0.003615 -0.000123 0.840090 -0.677487 -0.000100
672.450000 0.002426 -0.003616 -0.000123 0.841622 -0.675553 -0.000100
672.600000 0.002427 -0.003616 -0.000123 0.843149 -0.673615 -0.000100
672.750000 0.002428 -0.003616 -0.000123 0.844672 -0.671673 -0.000100
672.900000 0.002429 -0.003616 -0.000123 0.846190 -0.669728 -0.000100
673.050000 0.002430 -0.003617 -0.000123 0.847704 -0.667779 -0.000100
673.200000 0.002431 -0.003617 -0.000123 0.849213 -0.665827 -0.000100
673.350000 0.002431 -0.003617 -0.000123 0.850718 -0.663871 -0.000100
673.500000 0.002432 -0.003618 -0.000123 0.852218 -0.661912 -0.000100
673.650000 0.002433 -0.003618 -0.000123 0.853714 -0.659949 -0.000100
673.800000 0.002434 -0.003618 -0.000123 0.855205 -0.657983 -0.000100
673.950000 0.002435 -0.003618 -0.000123 0.856691 -0.656013 -0.000101
674.100000 0.002436 -0.003619 -0.000123 0.858173 -0.654039 -0.000101
674.250000 0.002437 -0.003619 -0.000123 0.859651 -0.652062 -0.000101
674.400000 0.002438 -0.003619 -0.000123 0.861123 -0.650082 -0.000101
674.550000 0.002439 -0.003620 -0.000123 0.862592 -0.648098 -0.000101
674.700000 0.002439 -0.003620 -0.000123 0.864055 -0.646111 -0.000101
674.850000 0.002440 -0.003620 -0.000123 0.865514 -0.644120 -0.000101
675.000000 0.002441 -0.003620 -0.000123 0.866968 -0.642126 -0.000101
675.150000 0.002442 -0.003621 -0.000123 0.868418 -0.640128 -0.000101
675.300000 0.002443 -0.003621 -0.000123 0.869863 -0.638127 -0.000101
675.450000 0.002444 -0.003621 -0.000123 0.871303 -0.636122 -0.000101
675.600000 0.002445 -0.003622 -0.000123 0.872739 -0.634114 -0.000101
675.750000 0.002446 -0.003622 -0.000123 0.874170 -0.632103 -0.000101
675.900000 0.002447 -0.003622 -0.000123 0.875597 -0.630088 -0.000102
676.050000 0.002448 -0.003622 -0.000123 0.877018 -0.628070 -0.000102
676.200000 0.002448 -0.003623 -0.000123 0.878436 -0.626049 -0.000102
676.350000 0.002449 -0.003623 -0.000123 0.879848 -0.624024 -0.000102
676.500000 0.002450 -0.003623 -0.000123 0.881256 -0.621996 -0.000102
676.650000 0.002451 -0.003624 -0.000123 0.882659 -0.619964 -0.000102
676.800000 0.002452 -0.003624 -0.000123 0.884057 -0.617929 -0.000102
676.950000 0.002453 -0.003624 -0.000123 0.885450 -0.615891 -0.000102
677.100000 0.002454 -0.003624 -0.000123 0.886839 -0.613850 -0.000102
677.250000 0.002455 -0.003625 -0.000123 0.888223 -0.611805 -0.000102
677.400000 0.002456 -0.003625 -0.000123 0.889603 -0.609757 -0.000102
677.550000 0.002457 -0.003625 -0.000123 0.890977 -0.607706 -0.000102
677.700000 0.002457 -0.003626 -0.000124 0.892347 -0.605651 -0.000102
677.850000 0.002458 -0.003626 -0.000124 0.893712 -0.603594 -0.000103
678.000000 0.002459 -0.003626 -0.000124 0.895072 -0.601533 -0.000103
678.150000 0.002460 -0.003626 -0.000124 0.896428 -0.599469 -0.000103
678.300000 0.002461 -0.003627 -0.000124 0.897778 -0.597401 -0.000103
678.450000 0.002462 -0.003627 -0.000124 0.899124 -0.595331 -0.000103
678.600000 0.002463 -0.003627 -0.000124 0.900465 -0.593257 -0.000103
678.750000 0.002464 -0.003628 -0.000124 0.901801 -0.591180 -0.000103
678.900000 0.002465 -0.003628 -0.000124 0.903133 -0.589100 -0.000103
679.050000 0.002465 -0.003628 -0.000124 0.904459 -0.587017 -0.000103
679.200000 0.002466 -0.003628 -0.000124 0.905781 -0.584930 -0.000103
679.350000 0.002467 -0.003629 -0.000124 0.907098 -0.582841 -0.000103
679.500000 0.002468 -0.003629 -0.000124 0.908410 -0.580748 -0.000103
679.650000 0.002469 -0.003629 -0.000124 0.909717 -0.578652 -0.000103
679.800000 0.002470 -0.003630 -0.000124 0.911020 -0.576553 -0.000104
679.950000 0.002471 -0.003630 -0.000124 0.912317 -0.574451 -0.000104
680.100000 0.002472 -0.003630 -0.000124 0.913610 -0.572346 -0.000104
680.250000 0.002473 -0.003630 -0.000124 0.914897 -0.570238 -0.000104
680.400000 0.002474 -0.003631 -0.000124 0.916180 -0.568127 -0.000104
680.550000 0.002474 -0.003631 -0.000124 0.917458 -0.566013 -0.000104
680.700000 0.002475 -0.003631 -0.000124 0.918731 -0.563895 -0.000104
680.850000 0.002476 -0.003632 -0.000124 0.919999 -0.561775 -0.000104
681.000000 0.002477 -0.003632 -0.000124 0.921262 -0.559652 -0.000104
681.150000 0.002478 -0.003632 -0.000124 0.922520 -0.557526 -0.000104
681.300000 0.002479 -0.003632 -0.000124 0.923774 -0.555396 -0.000104
681.450000 0.002480 -0.003633 -0.000124 0.925022 -0.553264 -0.000104
681.600000 0.002481 -0.003633 -0.000124 0.926265 -0.551129 -0.000105
681.750000 0.002482 -0.003633 -0.000124 0.927504 -0.548991 -0.000105
681.900000 0.002483 -0.003634 -0.000124 0.928737 -0.546850 -0.000105
682.050000 0.002483 -0.003634 -0.000124 0.929966 -0.544706 -0.000105
682.200000 0.002484 -0.003634 -0.000124 0.931189 -0.542559 -0.000105
682.350000 0.002485 -0.003634 -0.000124 0.932408 -0.540409 -0.000105
682.500000 0.002486 -0.003635 -0.000124 0.933621 -0.538256 -0.000105
682.650000 0.002487 -0.003635 -0.000124 0.934830 -0.536100 -0.000105
682.800000 0.002488 -0.003635 -0.000124 0.936033 -0.533942 -0.000105
682.950000 0.002489 -0.003636 -0.000124 0.937232 -0.531780 -0.000105
683.100000 0.002490 -0.003636 -0.000124 0.938425 -0.529616 -0.000105
683.250000 0.002491 -0.003636 -0.000124 0.939614 -0.527449 -0.000105
683.400000 0.002492 -0.003636 -0.000124 0.940797 -0.525279 -0.000106
683.550000 0.002492 -0.003637 -0.000124 0.941975 -0.523106 -0.000106
683.700000 0.002493 -0.003637 -0.000124 0.943149 -0.520931 -0.000106
683.850000 0.002494 -0.003637 -0.000124 0.944317 -0.518752 -0.000106
684.000000 0.002495 -0.003638 -0.000124 0.945480 -0.516571 -0.000106
684.150000 0.002496 -0.003638 -0.000124 0.946638 -0.514387 -0.000106
684.300000 0.002497 -0.003638 -0.000124 0.947791 -0.512201 -0.000106
684.450000 0.002498 -0.003638 -0.000124 0.948939 -0.510011 -0.000106
684.600000 0.002499 -0.003639 -0.000124 0.950082 -0.507819 -0.000106
684.750000 0.002500 -0.003639 -0.000124 0.951220 -0.505624 -0.000106
684.900000 0.002500 -0.003639 -0.000124 0.952352 -0.503426 -0.000106
685.050000 0.002501 -0.003640 -0.000124 0.953480 -0.501226 -0.000106
685.200000 0.002502 -0.003640 -0.000124 0.954602 -0.499023 -0.000107
685.350000 0.002503 -0.003640 -0.000125 0.955720 -0.496818 -0.000107
685.500000 0.002504 -0.003640 -0.000125 0.956832 -0.494609 -0.000107
685.650000 0.002505 -0.003641 -0.000125 0.957939 -0.492398 -0.000107
685.800000 0.002506 -0.003641 -0.000125 0.959041 -0.490185 -0.000107
685.950000 0.002507 -0.003641 -0.000125 0.960138 -0.487968 -0.000107
686.100000 0.002508 -0.003642 -0.000125 0.961229 -0.485749 -0.000107
686.250000 0.002509 -0.003642 -0.000125 0.962316 -0.483528 -0.000107
686.400000 0.002509 -0.003642 -0.000125 0.963397 -0.481304 -0.000107
686.550000 0.002510 -0.003642 -0.000125 0.964473 -0.479077 -0.000107
686.700000 0.002511 -0.003643 -0.000125 0.965544 -0.476848 -0.000107
686.850000 0.002512 -0.003643 -0.000125 0.966610 -0.474616 -0.000107
687.000000 0.002513 -0.003643 -0.000125 0.967670 -0.472382 -0.000108
687.150000 0.002514 -0.003644 -0.000125 0.968726 -0.470145 -0.000108
687.300000 0.002515 -0.003644 -0.000125 0.969776 -0.467905 -0.000108
687.450000 0.002516 -0.003644 -0.000125 0.970821 -0.465663 -0.000108
687.600000 0.002517 -0.003644 -0.000125 0.971861 -0.463419 -0.000108
687.750000 0.002518 -0.003645 -0.000125 0.972895 -0.461172 -0.000108
687.900000 0.002518 -0.003645 -0.000125 0.973925 -0.458922 -0.000108
688.050000 0.002519 -0.003645 -0.000125 0.974949 -0.456671 -0.000108
688.200000 0.002520 -0.003646 -0.000125 0.975968 -0.454416 -0.000108
688.350000 0.002521 -0.003646 -0.000125 0.976981 -0.452159 -0.000108
688.500000 0.002522 -0.003646 -0.000125 0.977989 -0.449900 -0.000108
688.650000 0.002523 -0.003646 -0.000125 0.978993 -0.447639 -0.000108
688.800000 0.002524 -0.003647 -0.000125 0.979990 -0.445375 -0.000109
688.950000 0.002525 -0.003647 -0.000125 0.980983 -0.443108 -0.000109
689.100000 0.002526 -0.003647 -0.000125 0.981970 -0.440839 -0.000109
689.250000 0.002527 -0.003648 -0.000125 0.982952 -0.438568 -0.000109
689.400000 0.002527 -0.003648 -0.000125 0.983929 -0.436295 -0.000109
689.550000 0.002528 -0.003648 -0.000125 0.984900 -0.434019 -0.000109
689.700000 0.002529 -0.003648 -0.000125 0.985866 -0.431740 -0.000109
689.850000 0.002530 -0.003649 -0.000125 0.986827 -0.429460 -0.000109
690.000000 0.002531 -0.003649 -0.000125 0.987783 -0.427177 -0.000109
690.150000 0.002532 -0.003649 -0.000125 0.988733 -0.424892 -0.000109
690.300000 0.002533 -0.003650 -0.000125 0.989678 -0.422604 -0.000109
690.450000 0.002534 -0.003650 -0.000125 0.990617 -0.420315 -0.000110
690.600000 0.002535 -0.003650 -0.000125 0.991552 -0.418023 -0.000110
690.750000 0.002536 -0.003650 -0.000125 0.992481 -0.415728 -0.000110
690.900000 0.002536 -0.003651 -0.000125 0.993404 -0.413432 -0.000110
691.050000 0.002537 -0.003651 -0.000125 0.994322 -0.411133 -0.000110
691.200000 0.002538 -0.003651 -0.000125 0.995235 -0.408832 -0.000110
691.350000 0.002539 -0.003652 -0.000125 0.996143 -0.406529 -0.000110
691.500000 0.002540 -0.003652 -0.000125 0.997045 -0.404224 -0.000110
691.650000 0.002541 -0.003652 -0.000125 0.997942 -0.401916 -0.000110
691.800000 0.002542 -0.003652 -0.000125 0.998833 -0.399607 -0.000110
691.950000 0.002543 -0.003653 -0.000125 0.999719 -0.397295 -0.000110
692.100000 0.002544 -0.003653 -0.000125 1.000600 -0.394981 -0.000110
692.250000 0.002544 -0.003653 -0.000125 1.001475 -0.392665 -0.000111
692.400000 0.002545 -0.003654 -0.000125 1.002345 -0.390347 -0.000111
692.550000 0.002546 -0.003654 -0.000125 1.003209 -0.388026 -0.000111
692.700000 0.002547 -0.003654 -0.000125 1.004068 -0.385704 -0.000111
692.850000 0.002548 -0.003654 -0.000125 1.004922 -0.383380 -0.000111
693.000000 0.002549 -0.003655 -0.000126 1.005770 -0.381053 -0.000111
693.150000 0.002550 -0.003655 -0.000126 1.006613 -0.378725 -0.000111
693.300000 0.002551 -0.003655 -0.000126 1.007451 -0.376394 -0.000111
693.450000 0.002552 -0.003656 -0.000126 1.008283 -0.374061 -0.000111
693.600000 0.002553 -0.003656 -0.000126 1.009109 -0.371727 -0.000111
693.750000 0.002553 -0.003656 -0.000126 1.009930 -0.369390 -0.000111
693.900000 0.002554 -0.003656 -0.000126 1.010746 -0.367051 -0.000112
694.050000 0.002555 -0.003657 -0.000126 1.011556 -0.364711 -0.000112
694.200000 0.002556 -0.003657 -0.000126 1.012361 -0.362368 -0.000112
694.350000 0.002557 -0.003657 -0.000126 1.013160 -0.360024 -0.000112
694.500000 0.002558 -0.003658 -0.000126 1.013954 -0.357677 -0.000112
694.650000 0.002559 -0.003658 -0.000126 1.014742 -0.355329 -0.000112
694.800000 0.002560 -0.003658 -0.000126 1.015525 -0.352978 -0.000112
694.950000 0.002561 -0.003658 -0.000126 1.016302 -0.350626 -0.000112
695.100000 0.002562 -0.003659 -0.000126 1.017074 -0.348272 -0.000112
695.250000 0.002562 -0.003659 -0.000126 1.017841 -0.345916 -0.000112
695.400000 0.002563 -0.003659 -0.000126 1.018602 -0.343558 -0.000112
695.550000 0.002564 -0.003660 -0.000126 1.019357 -0.341198 -0.000113
695.700000 0.002565 -0.003660 -0.000126 1.020107 -0.338837 -0.000113
695.850000 0.002566 -0.003660 -0.000126 1.020852 -0.336473 -0.000113
696.000000 0.002567 -0.003660 -0.000126 1.021591 -0.334108 -0.000113
696.150000 0.002568 -0.003661 -0.000126 1.022324 -0.331741 -0.000113
696.300000 0.002569 -0.003661 -0.000126 1.023052 -0.329372 -0.000113
696.450000 0.002570 -0.003661 -0.000126 1.023774 -0.327002 -0.000113
696.600000 0.002571 -0.003662 -0.000126 1.024491 -0.324630 -0.000113
696.750000 0.002571 -0.003662 -0.000126 1.025202 -0.322255 -0.000113
696.900000 0.002572 -0.003662 -0.000126 1.025908 -0.319880 -0.000113
697.050000 0.002573 -0.003662 -0.000126 1.026608 -0.317502 -0.000113
697.200000 0.002574 -0.003663 -0.000126 1.027303 -0.315123 -0.000114
697.350000 0.002575 -0.003663 -0.000126 1.027992 -0.312742 -0.000114
697.500000 0.002576 -0.003663 -0.000126 1.028676 -0.310359 -0.000114
697.650000 0.002577 -0.003664 -0.000126 1.029354 -0.307975 -0.000114
697.800000 0.002578 -0.003664 -0.000126 1.030026 -0.305589 -0.000114
697.950000 0.002579 -0.003664 -0.000126 1.030693 -0.303201 -0.000114
698.100000 0.002580 -0.003664 -0.000126 1.031355 -0.300812 -0.000114
698.250000 0.002580 -0.003665 -0.000126 1.032010 -0.298421 -0.000114
698.400000 0.002581 -0.003665 -0.000126 1.032661 -0.296029 -0.000114
698.550000 0.002582 -0.003665 -0.000126 1.033305 -0.293634 -0.000114
698.700000 0.002583 -0.003666 -0.000126 1.033944 -0.291239 -0.000114
698.850000 0.002584 -0.003666 -0.000126 1.034578 -0.288842 -0.000115
699.000000 0.002585 -0.003666 -0.000126 1.035205 -0.286443 -0.000115
699.150000 0.002586 -0.003666 -0.000126 1.035828 -0.284042 -0.000115
699.300000 0.002587 -0.003667 -0.000126 1.036444 -0.281640 -0.000115
699.450000 0.002588 -0.003667 -0.000126 1.037055 -0.279237 -0.000115
699.600000 0.002589 -0.003667 -0.000126 1.037661 -0.276832 -0.000115
699.750000 0.002589 -0.003668 -0.000126 1.038261 -0.274426 -0.000115
699.900000 0.002590 -0.003668 -0.000126 1.038855 -0.272018 -0.000115
700.050000 0.002591 -0.003668 -0.000126 1.039443 -0.269608 -0.000115
700.200000 0.002592 -0.003668 -0.000126 1.040026 -0.267197 -0.000115
700.350000 0.002593 -0.003669 -0.000126 1.040604 -0.264785 -0.000115
700.500000 0.002594 -0.003669 -0.000126 1.041175 -0.262371 -0.000116
700.650000 0.002595 -0.003669 -0.000127 1.041741 -0.259956 -0.000116
700.800000 0.002596 -0.003670 -0.000127 1.042302 -0.257540 -0.000116
700.950000 0.002597 -0.003670 -0.000127 1.042856 -0.255122 -0.000116
701.100000 0.002598 -0.003670 -0.000127 1.043406 -0.252703 -0.000116
701.250000 0.002598 -0.003671 -0.000127 1.043949 -0.250282 -0.000116
701.400000 0.002599 -0.003671 -0.000127 1.044487 -0.247860 -0.000116
701.550000 0.002600 -0.003671 -0.000127 1.045019 -0.245436 -0.000116
701.700000 0.002601 -0.003671 -0.000127 1.045545 -0.243012 -0.000116
701.850000 0.002602 -0.003672 -0.000127 1.046066 -0.240586 -0.000116
702.000000 0.002603 -0.003672 -0.000127 1.046581 -0.238158 -0.000116
702.150000 0.002604 -0.003672 -0.000127 1.047091 -0.235730 -0.000117
702.300000 0.002605 -0.003673 -0.000127 1.047595 -0.233300 -0.000117
702.450000 0.002606 -0.003673 -0.000127 1.048093 -0.230869 -0.000117
702.600000 0.002607 -0.003673 -0.000127 1.048585 -0.228436 -0.000117
702.750000 0.002607 -0.003673 -0.000127 1.049072 -0.226003 -0.000117
702.900000 0.002608 -0.003674 -0.000127 1.049553 -0.223568 -0.000117
703.050000 0.002609 -0.003674 -0.000127 1.050029 -0.221132 -0.000117
703.200000 0.002610 -0.003674 -0.000127 1.050498 -0.218695 -0.000117
703.350000 0.002611 -0.003675 -0.000127 1.050962 -0.216256 -0.000117
703.500000 0.002612 -0.003675 -0.000127 1.051421 -0.213817 -0.000117
703.650000 0.002613 -0.003675 -0.000127 1.051873 -0.211376 -0.000117
703.800000 0.002614 -0.003675 -0.000127 1.052320 -0.208934 -0.000118
703.950000 0.002615 -0.003676 -0.000127 1.052761 -0.206491 -0.000118
704.100000 0.002616 -0.003676 -0.000127 1.053197 -0.204047 -0.000118
704.250000 0.002616 -0.003676 -0.000127 1.053626 -0.201602 -0.000118
704.400000 0.002617 -0.003677 -0.000127 1.054051 -0.199155 -0.000118
704.550000 0.002618 -0.003677 -0.000127 1.054469 -0.196708 -0.000118
704.700000 0.002619 -0.003677 -0.000127 1.054881 -0.194259 -0.000118
704.850000 0.002620 -0.003677 -0.000127 1.055288 -0.191810 -0.000118
705.000000 0.002621 -0.003678 -0.000127 1.055689 -0.189359 -0.000118
705.150000 0.002622 -0.003678 -0.000127 1.056085 -0.186908 -0.000118
705.300000 0.002623 -0.003678 -0.000127 1.056475 -0.184455 -0.000119
705.450000 0.002624 -0.003679 -0.000127 1.056858 -0.182002 -0.000119
705.600000 0.002625 -0.003679 -0.000127 1.057237 -0.179547 -0.000119
705.750000 0.002625 -0.003679 -0.000127 1.057609 -0.177091 -0.000119
705.900000 0.002626 -0.003679 -0.000127 1.057976 -0.174635 -0.000119
706.050000 0.002627 -0.003680 -0.000127 1.058337 -0.172177 -0.000119
706.200000 0.002628 -0.003680 -0.000127 1.058692 -0.169719 -0.000119
706.350000 0.002629 -0.003680 -0.000127 1.059042 -0.167260 -0.000119
706.500000 0.002630 -0.003681 -0.000127 1.059385 -0.164799 -0.000119
706.650000 0.002631 -0.003681 -0.000127 1.059723 -0.162338 -0.000119
706.800000 0.002632 -0.003681 -0.000127 1.060055 -0.159876 -0.000119
706.950000 0.002633 -0.003681 -0.000127 1.060382 -0.157414 -0.000120
707.100000 0.002634 -0.003682 -0.000127 1.060702 -0.154950 -0.000120
707.250000 0.002634 -0.003682 -0.000127 1.061017 -0.152485 -0.000120
707.400000 0.002635 -0.003682 -0.000127 1.061326 -0.150020 -0.000120
707.550000 0.002636 -0.003683 -0.000127 1.061630 -0.147554 -0.000120
707.700000 0.002637 -0.003683 -0.000127 1.061927 -0.145087 -0.000120
707.850000 0.002638 -0.003683 -0.000127 1.062219 -0.142619 -0.000120
708.000000 0.002639 -0.003683 -0.000127 1.062505 -0.140151 -0.000120
708.150000 0.002640 -0.003684 -0.000127 1.062785 -0.137681 -0.000120
708.300000 0.002641 -0.003684 -0.000128 1.063060 -0.135211 -0.000120
708.450000 0.002642 -0.003684 -0.000128 1.063329 -0.132740 -0.000120
708.600000 0.002643 -0.003685 -0.000128 1.063592 -0.130269 -0.000121
708.750000 0.002643 -0.003685 -0.000128 1.063849 -0.127797 -0.000121
708.900000 0.002644 -0.003685 -0.000128 1.064100 -0.125324 -0.000121
709.050000 0.002645 -0.003685 -0.000128 1.064345 -0.122850 -0.000121
709.200000 0.002646 -0.003686 -0.000128 1.064585 -0.120376 -0.000121
709.350000 0.002647 -0.003686 -0.000128 1.064819 -0.117901 -0.000121
709.500000 0.002648 -0.003686 -0.000128 1.065047 -0.115426 -0.000121
709.650000 0.002649 -0.003687 -0.000128 1.065270 -0.112950 -0.000121
709.800000 0.002650 -0.003687 -0.000128 1.065486 -0.110473 -0.000121
709.950000 0.002651 -0.003687 -0.000128 1.065697 -0.107996 -0.000121
710.100000 0.002652 -0.003687 -0.000128 1.065902 -0.105518 -0.000122
710.250000 0.002652 -0.003688 -0.000128 1.066101 -0.103039 -0.000122
710.400000 0.002653 -0.003688 -0.000128 1.066294 -0.100560 -0.000122
710.550000 0.002654 -0.003688 -0.000128 1.066482 -0.098081 -0.000122
710.700000 0.002655 -0.003689 -0.000128 1.066663 -0.095600 -0.000122
710.850000 0.002656 -0.003689 -0.000128 1.066839 -0.093120 -0.000122
711.000000 0.002657 -0.003689 -0.000128 1.067009 -0.090639 -0.000122
711.150000 0.002658 -0.003689 -0.000128 1.067173 -0.088157 -0.000122
711.300000 0.002659 -0.003690 -0.000128 1.067332 -0.085675 -0.000122
711.450000 0.002660 -0.003690 -0.000128 1.067484 -0.083192 -0.000122
711.600000 0.002661 -0.003690 -0.000128 1.067631 -0.080709 -0.000122
711.750000 0.002661 -0.003691 -0.000128 1.067772 -0.078226 -0.000123
711.900000 0.002662 -0.003691 -0.000128 1.067907 -0.075742 -0.000123
712.050000 0.002663 -0.003691 -0.000128 1.068037 -0.073258 -0.000123
712.200000 0.002664 -0.003691 -0.000128 1.068160 -0.070773 -0.000123
712.350000 0.002665 -0.003692 -0.000128 1.068278 -0.068288 -0.000123
712.500000 0.002666 -0.003692 -0.000128 1.068389 -0.065803 -0.000123
712.650000 0.002667 -0.003692 -0.000128 1.068495 -0.063317 -0.000123
712.800000 0.002668 -0.003693 -0.000128 1.068596 -0.060831 -0.000123
712.950000 0.002669 -0.003693 -0.000128 1.068690 -0.058344 -0.000123
713.100000 0.002670 -0.003693 -0.000128 1.068778 -0.055858 -0.000123
713.250000 0.002670 -0.003693 -0.000128 1.068861 -0.053371 -0.000124
713.400000 0.002671 -0.003694 -0.000128 1.068938 -0.050883 -0.000124
713.550000 0.002672 -0.003694 -0.000128 1.069009 -0.048396 -0.000124
713.700000 0.002673 -0.003694 -0.000128 1.069074 -0.045908 -0.000124
713.850000 0.002674 -0.003695 -0.000128 1.069133 -0.043420 -0.000124
714.000000 0.002675 -0.003695 -0.000128 1.069187 -0.040931 -0.000124
714.150000 0.002676 -0.003695 -0.000128 1.069234 -0.038443 -0.000124
714.300000 0.002677 -0.003695 -0.000128 1.069276 -0.035954 -0.000124
714.450000 0.002678 -0.003696 -0.000128 1.069312 -0.033465 -0.000124
714.600000 0.002679 -0.003696 -0.000128 1.069342 -0.030976 -0.000124
714.750000 0.002679 -0.003696 -0.000128 1.069366 -0.028487 -0.000124
714.900000 0.002680 -0.003697 -0.000128 1.069384 -0.025997 -0.000125
715.050000 0.002681 -0.003697 -0.000128 1.069397 -0.023508 -0.000125
715.200000 0.002682 -0.003697 -0.000128 1.069404 -0.021018 -0.000125
715.350000 0.002683 -0.003697 -0.000128 1.069405 -0.018528 -0.000125
715.500000 0.002684 -0.003698 -0.000128 1.069400 -0.016038 -0.000125
715.650000 0.002685 -0.003698 -0.000128 1.069389 -0.013548 -0.000125
715.800000 0.002686 -0.003698 -0.000128 1.069372 -0.011058 -0.000125
715.950000 0.002687 -0.003699 -0.000129 1.069349 -0.008568 -0.000125
716.100000 0.002688 -0.003699 -0.000129 1.069321 -0.006078 -0.000125
716.250000 0.002688 -0.003699 -0.000129 1.069287 -0.003588 -0.000125
716.400000 0.002689 -0.003699 -0.000129 1.069247 -0.001098 -0.000126
716.550000 0.002690 -0.003700 -0.000129 1.069201 0.001393 -0.000126
716.700000 0.002691 -0.003700 -0.000129 1.069149 0.003883 -0.000126
716.850000 0.002692 -0.003700 -0.000129 1.069091 0.006373 -0.000126
717.000000 0.002693 -0.003701 -0.000129 1.069028 0.008863 -0.000126
717.150000 0.002694 -0.003701 -0.000129 1.068958 0.011353 -0.000126
717.300000 0.002695 -0.003701 -0.000129 1.068883 0.013843 -0.000126
717.450000 0.002696 -0.003701 -0.000129 1.068802 0.016333 -0.000126
717.600000 0.002697 -0.003702 -0.000129 1.068715 0.018823 -0.000126
717.750000 0.002697 -0.003702 -0.000129 1.068622 0.021312 -0.000126
717.900000 0.002698 -0.003702 -0.000129 1.068523 0.023802 -0.000126
718.050000 0.002699 -0.003703 -0.000129 1.068419 0.026291 -0.000127
718.200000 0.002700 -0.003703 -0.000129 1.068309 0.028781 -0.000127
718.350000 0.002701 -0.003703 -0.000129 1.068192 0.031270 -0.000127
718.500000 0.002702 -0.003703 -0.000129 1.068070 0.033759 -0.000127
718.650000 0.002703 -0.003704 -0.000129 1.067942 0.036247 -0.000127
718.800000 0.002704 -0.003704 -0.000129 1.067809 0.038736 -0.000127
718.950000 0.002705 -0.003704 -0.000129 1.067669 0.041224 -0.000127
719.100000 0.002706 -0.003705 -0.000129 1.067523 0.043712 -0.000127
719.250000 0.002706 -0.003705 -0.000129 1.067372 0.046200 -0.000127
719.400000 0.002707 -0.003705 -0.000129 1.067215 0.048688 -0.000127
719.550000 0.002708 -0.003705 -0.000129 1.067052 0.051175 -0.000128
719.700000 0.002709 -0.003706 -0.000129 1.066883 0.053662 -0.000128
719.850000 0.002710 -0.003706 -0.000129 1.066708 0.056149 -0.000128
720.000000 0.002711 -0.003706 -0.000129 1.066527 0.058635 -0.000128
720.150000 0.002712 -0.003707 -0.000129 1.066341 0.061121 -0.000128
720.300000 0.002713 -0.003707 -0.000129 1.066149 0.063607 -0.000128
720.450000 0.002714 -0.003707 -0.000129 1.065950 0.066092 -0.000128
720.600000 0.002715 -0.003707 -0.000129 1.065746 0.068577 -0.000128
720.750000 0.002716 -0.003708 -0.000129 1.065537 0.071062 -0.000128
720.900000 0.002716 -0.003708 -0.000129 1.065321 0.073546 -0.000128
721.050000 0.002717 -0.003708 -0.000129 1.065099 0.076030 -0.000129
721.200000 0.002718 -0.003709 -0.000129 1.064872 0.078513 -0.000129
721.350000 0.002719 -0.003709 -0.000129 1.064639 0.080996 -0.000129
721.500000 0.002720 -0.003709 -0.000129 1.064399 0.083479 -0.000129
721.650000 0.002721 -0.003710 -0.000129 1.064154 0.085961 -0.000129
721.800000 0.002722 -0.003710 -0.000129 1.063904 0.088442 -0.000129
721.950000 0.002723 -0.003710 -0.000129 1.063647 0.090923 -0.000129
722.100000 0.002724 -0.003710 -0.000129 1.063384 0.093404 -0.000129
722.250000 0.002725 -0.003711 -0.000129 1.063116 0.095884 -0.000129
722.400000 0.002725 -0.003711 -0.000129 1.062842 0.098363 -0.000129
722.550000 0.002726 -0.003711 -0.000129 1.062562 0.100842 -0.000129
722.700000 0.002727 -0.003712 -0.000129 1.062276 0.103321 -0.000130
722.850000 0.002728 -0.003712 -0.000129 1.061984 0.105798 -0.000130
723.000000 0.002729 -0.003712 -0.000129 1.061686 0.108276 -0.000130
723.150000 0.002730 -0.003712 -0.000129 1.061383 0.110752 -0.000130
723.300000 0.002731 -0.003713 -0.000129 1.061074 0.113228 -0.000130
723.450000 0.002732 -0.003713 -0.000129 1.060759 0.115704 -0.000130
723.600000 0.002733 -0.003713 -0.000130 1.060438 0.118178 -0.000130
723.750000 0.002734 -0.003714 -0.000130 1.060111 0.120652 -0.000130
723.900000 0.002734 -0.003714 -0.000130 1.059778 0.123126 -0.000130
724.050000 0.002735 -0.003714 -0.000130 1.059440 0.125598 -0.000130
724.200000 0.002736 -0.003714 -0.000130 1.059096 0.128070 -0.000131
724.350000 0.002737 -0.003715 -0.000130 1.058745 0.130542 -0.000131
724.500000 0.002738 -0.003715 -0.000130 1.058390 0.133012 -0.000131
724.650000 0.002739 -0.003715 -0.000130 1.058028 0.135482 -0.000131
724.800000 0.002740 -0.003716 -0.000130 1.057660 0.137951 -0.000131
724.950000 0.002741 -0.003716 -0.000130 1.057287 0.140419 -0.000131
725.100000 0.002742 -0.003716 -0.000130 1.056908 0.142887 -0.000131
725.250000 0.002743 -0.003716 -0.000130 1.056522 0.145354 -0.000131
725.400000 0.002743 -0.003717 -0.000130 1.056132 0.147819 -0.000131
725.550000 0.002744 -0.003717 -0.000130 1.055735 0.150284 -0.000131
725.700000 0.002745 -0.003717 -0.000130 1.055332 0.152749 -0.000132
725.850000 0.002746 -0.003718 -0.000130 1.054924 0.155212 -0.000132
726.000000 0.002747 -0.003718 -0.000130 1.054510 0.157675 -0.000132
726.150000 0.002748 -0.003718 -0.000130 1.054090 0.160136 -0.000132
726.300000 0.002749 -0.003718 -0.000130 1.053664 0.162597 -0.000132
726.450000 0.002750 -0.003719 -0.000130 1.053232 0.165057 -0.000132
726.600000 0.002751 -0.003719 -0.000130 1.052795 0.167516 -0.000132
726.750000 0.002752 -0.003719 -0.000130 1.052352 0.169974 -0.000132
726.900000 0.002752 -0.003720 -0.000130 1.051903 0.172431 -0.000132
727.050000 0.002753 -0.003720 -0.000130 1.051448 0.174887 -0.000132
727.200000 0.002754 -0.003720 -0.000130 1.050987 0.177342 -0.000132
727.350000 0.002755 -0.003720 -0.000130 1.050521 0.179796 -0.000133
727.500000 0.002756 -0.003721 -0.000130 1.050049 0.182249 -0.000133
727.650000 0.002757 -0.003721 -0.000130 1.049571 0.184701 -0.000133
727.800000 0.002758 -0.003721 -0.000130 1.049087 0.187152 -0.000133
727.950000 0.002759 -0.003722 -0.000130 1.048597 0.189602 -0.000133
728.100000 0.002760 -0.003722 -0.000130 1.048102 0.192051 -0.000133
728.250000 0.002761 -0.003722 -0.000130 1.047601 0.194499 -0.000133
728.400000 0.002762 -0.003722 -0.000130 1.047094 0.196946 -0.000133
728.550000 0.002762 -0.003723 -0.000130 1.046581 0.199392 -0.000133
728.700000 0.002763 -0.003723 -0.000130 1.046062 0.201836 -0.000133
728.850000 0.002764 -0.003723 -0.000130 1.045538 0.204280 -0.000134
729.000000 0.002765 -0.003724 -0.000130 1.045008 0.206722 -0.000134
729.150000 0.002766 -0.003724 -0.000130 1.044472 0.209164 -0.000134
729.300000 0.002767 -0.003724 -0.000130 1.043931 0.211604 -0.000134
729.450000 0.002768 -0.003724 -0.000130 1.043383 0.214042 -0.000134
729.600000 0.002769 -0.003725 -0.000130 1.042830 0.216480 -0.000134
729.750000 0.002770 -0.003725 -0.000130 1.042271 0.218917 -0.000134
729.900000 0.002771 -0.003725 -0.000130 1.041706 0.221352 -0.000134
730.050000 0.002771 -0.003726 -0.000130 1.041136 0.223786 -0.000134
730.200000 0.002772 -0.003726 -0.000130 1.040560 0.226219 -0.000134
730.350000 0.002773 -0.003726 -0.000130 1.039978 0.228650 -0.000134
730.500000 0.002774 -0.003726 -0.000130 1.039390 0.231080 -0.000135
730.650000 0.002775 -0.003727 -0.000130 1.038796 0.233509 -0.000135
730.800000 0.002776 -0.003727 -0.000130 1.038197 0.235937 -0.000135
730.950000 0.002777 -0.003727 -0.000130 1.037592 0.238363 -0.000135
731.100000 0.002778 -0.003728 -0.000130 1.036981 0.240788 -0.000135
731.250000 0.002779 -0.003728 -0.000131 1.036365 0.243212 -0.000135
731.400000 0.002780 -0.003728 -0.000131 1.035743 0.245634 -0.000135
731.550000 0.002780 -0.003728 -0.000131 1.035115 0.248055 -0.000135
731.700000 0.002781 -0.003729 -0.000131 1.034481 0.250474 -0.000135
731.850000 0.002782 -0.003729 -0.000131 1.033842 0.252893 -0.000135
732.000000 0.002783 -0.003729 -0.000131 1.033197 0.255309 -0.000136
732.150000 0.002784 -0.003730 -0.000131 1.032546 0.257725 -0.000136
732.300000 0.002785 -0.003730 -0.000131 1.031889 0.260138 -0.000136
732.450000 0.002786 -0.003730 -0.000131 1.031227 0.262551 -0.000136
732.600000 0.002787 -0.003730 -0.000131 1.030559 0.264962 -0.000136
732.750000 0.002788 -0.003731 -0.000131 1.029885 0.267371 -0.000136
732.900000 0.002789 -0.003731 -0.000131 1.029206 0.269779 -0.000136
733.050000 0.002790 -0.003731 -0.000131 1.028521 0.272186 -0.000136
733.200000 0.002790 -0.003732 -0.000131 1.027830 0.274591 -0.000136
733.350000 0.002791 -0.003732 -0.000131 1.027133 0.276994 -0.000136
733.500000 0.002792 -0.003732 -0.000131 1.026431 0.279396 -0.000136
733.650000 0.002793 -0.003732 -0.000131 1.025723 0.281796 -0.000137
733.800000 0.002794 -0.003733 -0.000131 1.025010 0.284195 -0.000137
733.950000 0.002795 -0.003733 -0.000131 1.024290 0.286592 -0.000137
734.100000 0.002796 -0.003733 -0.000131 1.023566 0.288988 -0.000137
734.250000 0.002797 -0.003734 -0.000131 1.022835 0.291382 -0.000137
734.400000 0.002798 -0.003734 -0.000131 1.022099 0.293774 -0.000137
734.550000 0.002799 -0.003734 -0.000131 1.021357 0.296165 -0.000137
734.700000 0.002799 -0.003734 -0.000131 1.020609 0.298554 -0.000137
734.850000 0.002800 -0.003735 -0.000131 1.019856 0.300941 -0.000137
735.000000 0.002801 -0.003735 -0.000131 1.019097 0.303327 -0.000137
735.150000 0.002802 -0.003735 -0.000131 1.018332 0.305711 -0.000138
735.300000 0.002803 -0.003736 -0.000131 1.017562 0.308093 -0.000138
735.450000 0.002804 -0.003736 -0.000131 1.016786 0.310473 -0.000138
735.600000 0.002805 -0.003736 -0.000131 1.016004 0.312852 -0.000138
735.750000 0.002806 -0.003736 -0.000131 1.015217 0.315229 -0.000138
735.900000 0.002807 -0.003737 -0.000131 1.014424 0.317604 -0.000138
736.050000 0.002808 -0.003737 -0.000131 1.013625 0.319978 -0.000138
736.200000 0.002808 -0.003737 -0.000131 1.012821 0.322350 -0.000138
736.350000 0.002809 -0.003738 -0.000131 1.012012 0.324720 -0.000138
736.500000 0.002810 -0.003738 -0.000131 1.011196 0.327088 -0.000138
736.650000 0.002811 -0.003738 -0.000131 1.010375 0.329454 -0.000138
736.800000 0.002812 -0.003738 -0.000131 1.009549 0.331818 -0.000139
736.950000 0.002813 -0.003739 -0.000131 1.008716 0.334181 -0.000139
737.100000 0.002814 -0.003739 -0.000131 1.007878 0.336542 -0.000139
737.250000 0.002815 -0.003739 -0.000131 1.007035 0.338901 -0.000139
737.400000 0.002816 -0.003740 -0.000131 1.006186 0.341257 -0.000139
737.550000 0.002817 -0.003740 -0.000131 1.005331 0.343612 -0.000139
737.700000 0.002818 -0.003740 -0.000131 1.004471 0.345966 -0.000139
737.850000 0.002818 -0.003740 -0.000131 1.003605 0.348317 -0.000139
738.000000 0.002819 -0.003741 -0.000131 1.002734 0.350666 -0.000139
738.150000 0.002820 -0.003741 -0.000131 1.001857 0.353013 -0.000139
738.300000 0.002821 -0.003741 -0.000131 1.000974 0.355358 -0.000140
738.450000 0.002822 -0.003742 -0.000131 1.000086 0.357702 -0.000140
738.600000 0.002823 -0.003742 -0.000131 0.999192 0.360043 -0.000140
738.750000 0.002824 -0.003742 -0.000131 0.998293 0.362382 -0.000140
738.900000 0.002825 -0.003742 -0.000132 0.997388 0.364719 -0.000140
739.050000 0.002826 -0.003743 -0.000132 0.996478 0.367055 -0.000140
739.200000 0.002827 -0.003743 -0.000132 0.995562 0.369388 -0.000140
739.350000 0.002827 -0.003743 -0.000132 0.994640 0.371719 -0.000140
739.500000 0.002828 -0.003744 -0.000132 0.993713 0.374048 -0.000140
739.650000 0.002829 -0.003744 -0.000132 0.992781 0.376375 -0.000140
739.800000 0.002830 -0.003744 -0.000132 0.991843 0.378699 -0.000140
739.950000 0.002831 -0.003744 -0.000132 0.990899 0.381022 -0.000141
740.100000 0.002832 -0.003745 -0.000132 0.989950 0.383343 -0.000141
740.250000 0.002833 -0.003745 -0.000132 0.988995 0.385661 -0.000141
740.400000 0.002834 -0.003745 -0.000132 0.988035 0.387977 -0.000141
740.550000 0.002835 -0.003746 -0.000132 0.987069 0.390291 -0.000141
740.700000 0.002836 -0.003746 -0.000132 0.986098 0.392603 -0.000141
740.850000 0.002836 -0.003746 -0.000132 0.985121 0.394913 -0.000141
741.000000 0.002837 -0.003746 -0.000132 0.984139 0.397220 -0.000141
741.150000 0.002838 -0.003747 -0.000132 0.983151 0.399525 -0.000141
741.300000 0.002839 -0.003747 -0.000132 0.982158 0.401828 -0.000141
741.450000 0.002840 -0.003747 -0.000132 0.981160 0.404129 -0.000141
741.600000 0.002841 -0.003748 -0.000132 0.980155 0.406427 -0.000142
741.750000 0.002842 -0.003748 -0.000132 0.979146 0.408724 -0.000142
741.900000 0.002843 -0.003748 -0.000132 0.978131 0.411017 -0.000142
742.050000 0.002844 -0.003748 -0.000132 0.977110 0.413309 -0.000142
742.200000 0.002845 -0.003749 -0.000132 0.976084 0.415598 -0.000142
742.350000 0.002846 -0.003749 -0.000132 0.975053 0.417885 -0.000142
742.500000 0.002846 -0.003749 -0.000132 0.974016 0.420170 -0.000142
742.650000 0.002847 -0.003750 -0.000132 0.972974 0.422452 -0.000142
742.800000 0.002848 -0.003750 -0.000132 0.971926 0.424732 -0.000142
742.950000 0.002849 -0.003750 -0.000132 0.970873 0.427009 -0.000142
743.100000 0.002850 -0.003750 -0.000132 0.969814 0.429284 -0.000143
743.250000 0.002851 -0.003751 -0.000132 0.968750 0.431557 -0.000143
743.400000 0.002852 -0.003751 -0.000132 0.967681 0.433827 -0.000143
743.550000 0.002853 -0.003751 -0.000132 0.966606 0.436095 -0.000143
743.700000 0.002854 -0.003752 -0.000132 0.965526 0.438360 -0.000143
743.850000 0.002855 -0.003752 -0.000132 0.964440 0.440623 -0.000143
744.000000 0.002855 -0.003752 -0.000132 0.963349 0.442883 -0.000143
744.150000 0.002856 -0.003752 -0.000132 0.962253 0.445141 -0.000143
744.300000 0.002857 -0.003753 -0.000132 0.961151 0.447397 -0.000143
744.450000 0.002858 -0.003753 -0.000132 0.960044 0.449650 -0.000143
744.600000 0.002859 -0.003753 -0.000132 0.958931 0.451900 -0.000143
744.750000 0.002860 -0.003754 -0.000132 0.957813 0.454148 -0.000144
744.900000 0.002861 -0.003754 -0.000132 0.956690 0.456393 -0.000144
745.050000 0.002862 -0.003754 -0.000132 0.955561 0.458636 -0.000144
745.200000 0.002863 -0.003754 -0.000132 0.954427 0.460876 -0.000144
745.350000 0.002864 -0.003755 -0.000132 0.953288 0.463113 -0.000144
745.500000 0.002865 -0.003755 -0.000132 0.952143 0.465348 -0.000144
745.650000 0.002865 -0.003755 -0.000132 0.950994 0.467580 -0.000144
745.800000 0.002866 -0.003756 -0.000132 0.949838 0.469810 -0.000144
745.950000 0.002867 -0.003756 -0.000132 0.948678 0.472037 -0.000144
746.100000 0.002868 -0.003756 -0.000132 0.947512 0.474261 -0.000144
746.250000 0.002869 -0.003756 -0.000132 0.946340 0.476483 -0.000144
746.400000 0.002870 -0.003757 -0.000132 0.945164 0.478702 -0.000145
746.550000 0.002871 -0.003757 -0.000133 0.943982 0.480918 -0.000145
746.700000 0.002872 -0.003757 -0.000133 0.942795 0.483132 -0.000145
746.850000 0.002873 -0.003758 -0.000133 0.941603 0.485343 -0.000145
747.000000 0.002874 -0.003758 -0.000133 0.940405 0.487551 -0.000145
747.150000 0.002874 -0.003758 -0.000133 0.939202 0.489756 -0.000145
747.300000 0.002875 -0.003758 -0.000133 0.937994 0.491959 -0.000145
747.450000 0.002876 -0.003759 -0.000133 0.936780 0.494159 -0.000145
747.600000 0.002877 -0.003759 -0.000133 0.935562 0.496356 -0.000145
747.750000 0.002878 -0.003759 -0.000133 0.934338 0.498550 -0.000145
747.900000 0.002879 -0.003760 -0.000133 0.933109 0.500742 -0.000145
748.050000 0.002880 -0.003760 -0.000133 0.931874 0.502931 -0.000146
748.200000 0.002881 -0.003760 -0.000133 0.930634 0.505116 -0.000146
748.350000 0.002882 -0.003760 -0.000133 0.929390 0.507299 -0.000146
748.500000 0.002883 -0.003761 -0.000133 0.928140 0.509479 -0.000146
748.650000 0.002884 -0.003761 -0.000133 0.926884 0.511657 -0.000146
748.800000 0.002884 -0.003761 -0.000133 0.925624 0.513831 -0.000146
748.950000 0.002885 -0.003762 -0.000133 0.924358 0.516003 -0.000146
749.100000 0.002886 -0.003762 -0.000133 0.923087 0.518171 -0.000146
749.250000 0.002887 -0.003762 -0.000133 0.921811 0.520337 -0.000146
749.400000 0.002888 -0.003762 -0.000133 0.920530 0.522499 -0.000146
749.550000 0.002889 -0.003763 -0.000133 0.919243 0.524659 -0.000146
749.700000 0.002890 -0.003763 -0.000133 0.917952 0.526816 -0.000147
749.850000 0.002891 -0.003763 -0.000133 0.916655 0.528970 -0.000147
750.000000 0.002892 -0.003764 -0.000133 0.915353 0.531121 -0.000147
750.150000 0.002893 -0.003764 -0.000133 0.914046 0.533268 -0.000147
750.300000 0.002893 -0.003764 -0.000133 0.912734 0.535413 -0.000147
750.450000 0.002894 -0.003764 -0.000133 0.911417 0.537555 -0.000147
750.600000 0.002895 -0.003765 -0.000133 0.910095 0.539694 -0.000147
750.750000 0.002896 -0.003765 -0.000133 0.908767 0.541830 -0.000147
750.900000 0.002897 -0.003765 -0.000133 0.907434 0.543962 -0.000147
751.050000 0.002898 -0.003766 -0.000133 0.906097 0.546092 -0.000147
751.200000 0.002899 -0.003766 -0.000133 0.904754 0.548218 -0.000147
751.350000 0.002900 -0.003766 -0.000133 0.903406 0.550342 -0.000147
751.500000 0.002901 -0.003766 -0.000133 0.902053 0.552462 -0.000148
751.650000 0.002902 -0.003767 -0.000133 0.900695 0.554579 -0.000148
751.800000 0.002903 -0.003767 -0.000133 0.899332 0.556693 -0.000148
751.950000 0.002903 -0.003767 -0.000133 0.897964 0.558804 -0.000148
752.100000 0.002904 -0.003768 -0.000133 0.896591 0.560912 -0.000148
752.250000 0.002905 -0.003768 -0.000133 0.895212 0.563017 -0.000148
752.400000 0.002906 -0.003768 -0.000133 0.893829 0.565118 -0.000148
752.550000 0.002907 -0.003768 -0.000133 0.892441 0.567216 -0.000148
752.700000 0.002908 -0.003769 -0.000133 0.891047 0.569311 -0.000148
752.850000 0.002909 -0.003769 -0.000133 0.889649 0.571403 -0.000148
753.000000 0.002910 -0.003769 -0.000133 0.888246 0.573491 -0.000148
753.150000 0.002911 -0.003770 -0.000133 0.886837 0.575577 -0.000149
753.300000 0.002912 -0.003770 -0.000133 0.885424 0.577659 -0.000149
753.450000 0.002912 -0.003770 -0.000133 0.884006 0.579738 -0.000149
753.600000 0.002913 -0.003770 -0.000133 0.882582 0.581813 -0.000149
753.750000 0.002914 -0.003771 -0.000133 0.881154 0.583885 -0.000149
753.900000 0.002915 -0.003771 -0.000133 0.879721 0.585954 -0.000149
754.050000 0.002916 -0.003771 -0.000133 0.878282 0.588020 -0.000149
754.200000 0.002917 -0.003772 -0.000134 0.876839 0.590082 -0.000149
754.350000 0.002918 -0.003772 -0.000134 0.875391 0.592141 -0.000149
754.500000 0.002919 -0.003772 -0.000134 0.873938 0.594196 -0.000149
754.650000 0.002920 -0.003772 -0.000134 0.872480 0.596249 -0.000149
754.800000 0.002921 -0.003773 -0.000134 0.871017 0.598297 -0.000150
754.950000 0.002922 -0.003773 -0.000134 0.869550 0.600343 -0.000150
755.100000 0.002922 -0.003773 -0.000134 0.868077 0.602385 -0.000150
755.250000 0.002923 -0.003774 -0.000134 0.866599 0.604424 -0.000150
755.400000 0.002924 -0.003774 -0.000134 0.865117 0.606459 -0.000150
755.550000 0.002925 -0.003774 -0.000134 0.863629 0.608491 -0.000150
755.700000 0.002926 -0.003774 -0.000134 0.862137 0.610519 -0.000150
755.850000 0.002927 -0.003775 -0.000134 0.860640 0.612544 -0.000150
756.000000 0.002928 -0.003775 -0.000134 0.859138 0.614565 -0.000150
756.150000 0.002929 -0.003775 -0.000134 0.857631 0.616583 -0.000150
756.300000 0.002930 -0.003776 -0.000134 0.856120 0.618597 -0.000150
756.450000 0.002931 -0.003776 -0.000134 0.854603 0.620608 -0.000150
756.600000 0.002932 -0.003776 -0.000134 0.853082 0.622616 -0.000151
756.750000 0.002932 -0.003776 -0.000134 0.851556 0.624620 -0.000151
756.900000 0.002933 -0.003777 -0.000134 0.850025 0.626620 -0.000151
757.050000 0.002934 -0.003777 -0.000134 0.848489 0.628617 -0.000151
757.200000 0.002935 -0.003777 -0.000134 0.846949 0.630610 -0.000151
757.350000 0.002936 -0.003778 -0.000134 0.845404 0.632599 -0.000151
757.500000 0.002937 -0.003778 -0.000134 0.843854 0.634586 -0.000151
757.650000 0.002938 -0.003778 -0.000134 0.842299 0.636568 -0.000151
757.800000 0.002939 -0.003778 -0.000134 0.840739 0.638547 -0.000151
757.950000 0.002940 -0.003779 -0.000134 0.839175 0.640522 -0.000151
758.100000 0.002941 -0.003779 -0.000134 0.837606 0.642494 -0.000151
758.250000 0.002941 -0.003779 -0.000134 0.836032 0.644461 -0.000151
758.400000 0.002942 -0.003780 -0.000134 0.834454 0.646426 -0.000152
758.550000 0.002943 -0.003780 -0.000134 0.832870 0.648386 -0.000152
758.700000 0.002944 -0.003780 -0.000134 0.831282 0.650343 -0.000152
758.850000 0.002945 -0.003780 -0.000134 0.829690 0.652296 -0.000152
759.000000 0.002946 -0.003781 -0.000134 0.828092 0.654246 -0.000152
759.150000 0.002947 -0.003781 -0.000134 0.826490 0.656192 -0.000152
759.300000 0.002948 -0.003781 -0.000134 0.824884 0.658134 -0.000152
759.450000 0.002949 -0.003782 -0.000134 0.823272 0.660072 -0.000152
759.600000 0.002950 -0.003782 -0.000134 0.821656 0.662007 -0.000152
759.750000 0.002951 -0.003782 -0.000134 0.820036 0.663938 -0.000152
759.900000 0.002951 -0.003782 -0.000134 0.818410 0.665865 -0.000152
760.050000 0.002952 -0.003783 -0.000134 0.816781 0.667788 -0.000152
760.200000 0.002953 -0.003783 -0.000134 0.815146 0.669707 -0.000153
760.350000 0.002954 -0.003783 -0.000134 0.813507 0.671623 -0.000153
760.500000 0.002955 -0.003784 -0.000134 0.811863 0.673535 -0.000153
760.650000 0.002956 -0.003784 -0.000134 0.810215 0.675443 -0.000153
760.800000 0.002957 -0.003784 -0.000134 0.808562 0.677347 -0.000153
760.950000 0.002958 -0.003784 -0.000134 0.806904 0.679247 -0.000153
761.100000 0.002959 -0.003785 -0.000134 0.805242 0.681144 -0.000153
761.250000 0.002960 -0.003785 -0.000134 0.803576 0.683036 -0.000153
761.400000 0.002961 -0.003785 -0.000134 0.801904 0.684925 -0.000153
761.550000 0.002961 -0.003786 -0.000134 0.800229 0.686810 -0.000153
761.700000 0.002962 -0.003786 -0.000134 0.798548 0.688691 -0.000153
761.850000 0.002963 -0.003786 -0.000135 0.796864 0.690568 -0.000153
762.000000 0.002964 -0.003786 -0.000135 0.795174 0.692441 -0.000154
762.150000 0.002965 -0.003787 -0.000135 0.793481 0.694310 -0.000154
762.300000 0.002966 -0.003787 -0.000135 0.791782 0.696175 -0.000154
762.450000 0.002967 -0.003787 -0.000135 0.790079 0.698036 -0.000154
762.600000 0.002968 -0.003788 -0.000135 0.788372 0.699893 -0.000154
762.750000 0.002969 -0.003788 -0.000135 0.786660 0.701747 -0.000154
762.900000 0.002970 -0.003788 -0.000135 0.784944 0.703596 -0.000154
763.050000 0.002970 -0.003788 -0.000135 0.783224 0.705441 -0.000154
763.200000 0.002971 -0.003789 -0.000135 0.781498 0.707282 -0.000154
763.350000 0.002972 -0.003789 -0.000135 0.779769 0.709120 -0.000154
763.500000 0.002973 -0.003789 -0.000135 0.778035 0.710953 -0.000154
763.650000 0.002974 -0.003790 -0.000135 0.776297 0.712782 -0.000154
763.800000 0.002975 -0.003790 -0.000135 0.774554 0.714607 -0.000155
763.950000 0.002976 -0.003790 -0.000135 0.772807 0.716428 -0.000155
764.100000 0.002977 -0.003790 -0.000135 0.771055 0.718245 -0.000155
764.250000 0.002978 -0.003791 -0.000135 0.769299 0.720058 -0.000155
764.400000 0.002979 -0.003791 -0.000135 0.767539 0.721866 -0.000155
764.550000 0.002980 -0.003791 -0.000135 0.765774 0.723671 -0.000155
764.700000 0.002980 -0.003792 -0.000135 0.764005 0.725471 -0.000155
764.850000 0.002981 -0.003792 -0.000135 0.762232 0.727268 -0.000155
765.000000 0.002982 -0.003792 -0.000135 0.760454 0.729060 -0.000155
765.150000 0.002983 -0.003792 -0.000135 0.758672 0.730848 -0.000155
765.300000 0.002984 -0.003793 -0.000135 0.756886 0.732632 -0.000155
765.450000 0.002985 -0.003793 -0.000135 0.755096 0.734411 -0.000155
765.600000 0.002986 -0.003793 -0.000135 0.753301 0.736187 -0.000155
765.750000 0.002987 -0.003794 -0.000135 0.751502 0.737958 -0.000156
765.900000 0.002988 -0.003794 -0.000135 0.749698 0.739725 -0.000156
766.050000 0.002989 -0.003794 -0.000135 0.747891 0.741488 -0.000156
766.200000 0.002990 -0.003794 -0.000135 0.746079 0.743247 -0.000156
766.350000 0.002990 -0.003795 -0.000135 0.744263 0.745001 -0.000156
766.500000 0.002991 -0.003795 -0.000135 0.742442 0.746751 -0.000156
766.650000 0.002992 -0.003795 -0.000135 0.740618 0.748497 -0.000156
766.800000 0.002993 -0.003796 -0.000135 0.738789 0.750239 -0.000156
766.950000 0.002994 -0.003796 -0.000135 0.736956 0.751976 -0.000156
767.100000 0.002995 -0.003796 -0.000135 0.735119 0.753709 -0.000156
767.250000 0.002996 -0.003796 -0.000135 0.733277 0.755438 -0.000156
767.400000 0.002997 -0.003797 -0.000135 0.731432 0.757162 -0.000156
767.550000 0.002998 -0.003797 -0.000135 0.729582 0.758882 -0.000157
767.700000 0.002999 -0.003797 -0.000135 0.727728 0.760598 -0.000157
767.850000 0.002999 -0.003798 -0.000135 0.725870 0.762309 -0.000157
768.000000 0.003000 -0.003798 -0.000135 0.724008 0.764016 -0.000157
768.150000 0.003001 -0.003798 -0.000135 0.722142 0.765719 -0.000157
768.300000 0.003002 -0.003798 -0.000135 0.720271 0.767417 -0.000157
768.450000 0.003003 -0.003799 -0.000135 0.718397 0.769111 -0.000157
768.600000 0.003004 -0.003799 -0.000135 0.716518 0.770801 -0.000157
768.750000 0.003005 -0.003799 -0.000135 0.714636 0.772486 -0.000157
768.900000 0.003006 -0.003800 -0.000135 0.712749 0.774167 -0.000157
769.050000 0.003007 -0.003800 -0.000135 0.710858 0.775843 -0.000157
769.200000 0.003008 -0.003800 -0.000135 0.708964 0.777515 -0.000157
769.350000 0.003009 -0.003800 -0.000135 0.707065 0.779182 -0.000157
769.500000 0.003009 -0.003801 -0.000136 0.705162 0.780845 -0.000158
769.650000 0.003010 -0.003801 -0.000136 0.703255 0.782504 -0.000158
769.800000 0.003011 -0.003801 -0.000136 0.701344 0.784158 -0.000158
769.950000 0.003012 -0.003802 -0.000136 0.699429 0.785807 -0.000158
770.100000 0.003013 -0.003802 -0.000136 0.697511 0.787452 -0.000158
770.250000 0.003014 -0.003802 -0.000136 0.695588 0.789093 -0.000158
770.400000 0.003015 -0.003802 -0.000136 0.693661 0.790729 -0.000158
770.550000 0.003016 -0.003803 -0.000136 0.691730 0.792360 -0.000158
770.700000 0.003017 -0.003803 -0.000136 0.689796 0.793987 -0.000158
770.850000 0.003018 -0.003803 -0.000136 0.687857 0.795609 -0.000158
771.000000 0.003019 -0.003804 -0.000136 0.685915 0.797227 -0.000158
771.150000 0.003019 -0.003804 -0.000136 0.683968 0.798841 -0.000158
771.300000 0.003020 -0.003804 -0.000136 0.682018 0.800449 -0.000158
771.450000 0.003021 -0.003804 -0.000136 0.680064 0.802053 -0.000158
771.600000 0.003022 -0.003805 -0.000136 0.678105 0.803653 -0.000159
771.750000 0.003023 -0.003805 -0.000136 0.676144 0.805248 -0.000159
771.900000 0.003024 -0.003805 -0.000136 0.674178 0.806838 -0.000159
772.050000 0.003025 -0.003806 -0.000136 0.672208 0.808424 -0.000159
772.200000 0.003026 -0.003806 -0.000136 0.670235 0.810005 -0.000159
772.350000 0.003027 -0.003806 -0.000136 0.668257 0.811581 -0.000159
772.500000 0.003028 -0.003806 -0.000136 0.666276 0.813153 -0.000159
772.650000 0.003029 -0.003807 -0.000136 0.664291 0.814720 -0.000159
772.800000 0.003029 -0.003807 -0.000136 0.662303 0.816283 -0.000159
772.950000 0.003030 -0.003807 -0.000136 0.660310 0.817841 -0.000159
773.100000 0.003031 -0.003808 -0.000136 0.658314 0.819394 -0.000159
773.250000 0.003032 -0.003808 -0.000136 0.656314 0.820942 -0.000159
773.400000 0.003033 -0.003808 -0.000136 0.654310 0.822486 -0.000159
773.550000 0.003034 -0.003808 -0.000136 0.652302 0.824025 -0.000160
773.700000 0.003035 -0.003809 -0.000136 0.650291 0.825559 -0.000160
773.850000 0.003036 -0.003809 -0.000136 0.648276 0.827088 -0.000160
774.000000 0.003037 -0.003809 -0.000136 0.646258 0.828613 -0.000160
774.150000 0.003038 -0.003810 -0.000136 0.644235 0.830133 -0.000160
774.300000 0.003038 -0.003810 -0.000136 0.642209 0.831649 -0.000160
774.450000 0.003039 -0.003810 -0.000136 0.640180 0.833159 -0.000160
774.600000 0.003040 -0.003810 -0.000136 0.638146 0.834665 -0.000160
774.750000 0.003041 -0.003811 -0.000136 0.636109 0.836166 -0.000160
774.900000 0.003042 -0.003811 -0.000136 0.634069 0.837662 -0.000160
775.050000 0.003043 -0.003811 -0.000136 0.632025 0.839153 -0.000160
775.200000 0.003044 -0.003811 -0.000136 0.629977 0.840640 -0.000160
775.350000 0.003045 -0.003812 -0.000136 0.627925 0.842121 -0.000160
775.500000 0.003046 -0.003812 -0.000136 0.625870 0.843598 -0.000160
775.650000 0.003047 -0.003812 -0.000136 0.623812 0.845070 -0.000161
775.800000 0.003048 -0.003813 -0.000136 0.621750 0.846537 -0.000161
775.950000 0.003048 -0.003813 -0.000136 0.619684 0.848000 -0.000161
776.100000 0.003049 -0.003813 -0.000136 0.617615 0.849457 -0.000161
776.250000 0.003050 -0.003813 -0.000136 0.615542 0.850910 -0.000161
776.400000 0.003051 -0.003814 -0.000136 0.613465 0.852357 -0.000161
776.550000 0.003052 -0.003814 -0.000136 0.611386 0.853800 -0.000161
776.700000 0.003053 -0.003814 -0.000136 0.609302 0.855238 -0.000161
776.850000 0.003054 -0.003815 -0.000136 0.607216 0.856671 -0.000161
777.000000 0.003055 -0.003815 -0.000136 0.605125 0.858099 -0.000161
777.150000 0.003056 -0.003815 -0.000137 0.603032 0.859522 -0.000161
777.300000 0.003057 -0.003815 -0.000137 0.600934 0.860940 -0.000161
777.450000 0.003058 -0.003816 -0.000137 0.598834 0.862353 -0.000161
777.600000 0.003058 -0.003816 -0.000137 0.596730 0.863762 -0.000161
777.750000 0.003059 -0.003816 -0.000137 0.594622 0.865165 -0.000161
777.900000 0.003060 -0.003817 -0.000137 0.592511 0.866563 -0.000162
778.050000 0.003061 -0.003817 -0.000137 0.590397 0.867957 -0.000162
778.200000 0.003062 -0.003817 -0.000137 0.588280 0.869345 -0.000162
778.350000 0.003063 -0.003817 -0.000137 0.586159 0.870728 -0.000162
778.500000 0.003064 -0.003818 -0.000137 0.584034 0.872107 -0.000162
778.650000 0.003065 -0.003818 -0.000137 0.581906 0.873480 -0.000162
778.800000 0.003066 -0.003818 -0.000137 0.579775 0.874848 -0.000162
778.950000 0.003067 -0.003819 -0.000137 0.577641 0.876212 -0.000162
779.100000 0.003068 -0.003819 -0.000137 0.575503 0.877570 -0.000162
779.250000 0.003068 -0.003819 -0.000137 0.573363 0.878923 -0.000162
779.400000 0.003069 -0.003819 -0.000137 0.571218 0.880271 -0.000162
779.550000 0.003070 -0.003820 -0.000137 0.569071 0.881614 -0.000162
779.700000 0.003071 -0.003820 -0.000137 0.566920 0.882953 -0.000162
779.850000 0.003072 -0.003820 -0.000137 0.564766 0.884285 -0.000162
780.000000 0.003073 -0.003821 -0.000137 0.562609 0.885613 -0.000163
780.150000 0.003074 -0.003821 -0.000137 0.560448 0.886936 -0.000163
780.300000 0.003075 -0.003821 -0.000137 0.558285 0.888254 -0.000163
780.450000 0.003076 -0.003821 -0.000137 0.556118 0.889566 -0.000163
780.600000 0.003077 -0.003822 -0.000137 0.553948 0.890874 -0.000163
780.750000 0.003077 -0.003822 -0.000137 0.551774 0.892176 -0.000163
780.900000 0.003078 -0.003822 -0.000137 0.549598 0.893473 -0.000163
781.050000 0.003079 -0.003823 -0.000137 0.547419 0.894765 -0.000163
781.200000 0.003080 -0.003823 -0.000137 0.545236 0.896052 -0.000163
781.350000 0.003081 -0.003823 -0.000137 0.543050 0.897334 -0.000163
781.500000 0.003082 -0.003823 -0.000137 0.540861 0.898610 -0.000163
781.650000 0.003083 -0.003824 -0.000137 0.538669 0.899882 -0.000163
781.800000 0.003084 -0.003824 -0.000137 0.536474 0.901148 -0.000163
781.950000 0.003085 -0.003824 -0.000137 0.534276 0.902409 -0.000163
782.100000 0.003086 -0.003825 -0.000137 0.532075 0.903665 -0.000163
782.250000 0.003087 -0.003825 -0.000137 0.529870 0.904915 -0.000163
782.400000 0.003087 -0.003825 -0.000137 0.527663 0.906161 -0.000164
782.550000 0.003088 -0.003825 -0.000137 0.525453 0.907401 -0.000164
782.700000 0.003089 -0.003826 -0.000137 0.523239 0.908636 -0.000164
782.850000 0.003090 -0.003826 -0.000137 0.521023 0.909865 -0.000164
783.000000 0.003091 -0.003826 -0.000137 0.518803 0.911090 -0.000164
783.150000 0.003092 -0.003827 -0.000137 0.516581 0.912309 -0.000164
783.300000 0.003093 -0.003827 -0.000137 0.514356 0.913523 -0.000164
783.450000 0.003094 -0.003827 -0.000137 0.512127 0.914732 -0.000164
783.600000 0.003095 -0.003827 -0.000137 0.509896 0.915935 -0.000164
783.750000 0.003096 -0.003828 -0.000137 0.507662 0.917133 -0.000164
783.900000 0.003097 -0.003828 -0.000137 0.505425 0.918326 -0.000164
784.050000 0.003097 -0.003828 -0.000137 0.503185 0.919513 -0.000164
784.200000 0.003098 -0.003828 -0.000137 0.500942 0.920696 -0.000164
784.350000 0.003099 -0.003829 -0.000137 0.498697 0.921873 -0.000164
784.500000 0.003100 -0.003829 -0.000137 0.496448 0.923044 -0.000164
784.650000 0.003101 -0.003829 -0.000137 0.494197 0.924210 -0.000164
784.800000 0.003102 -0.003830 -0.000138 0.491942 0.925371 -0.000165
784.950000 0.003103 -0.003830 -0.000138 0.489685 0.926527 -0.000165
785.100000 0.003104 -0.003830 -0.000138 0.487425 0.927677 -0.000165
785.250000 0.003105 -0.003830 -0.000138 0.485163 0.928822 -0.000165
785.400000 0.003106 -0.003831 -0.000138 0.482897 0.929962 -0.000165
785.550000 0.003107 -0.003831 -0.000138 0.480629 0.931096 -0.000165
785.700000 0.003107 -0.003831 -0.000138 0.478358 0.932225 -0.000165
785.850000 0.003108 -0.003832 -0.000138 0.476084 0.933348 -0.000165
786.000000 0.003109 -0.003832 -0.000138 0.473808 0.934466 -0.000165
786.150000 0.003110 -0.003832 -0.000138 0.471528 0.935579 -0.000165
786.300000 0.003111 -0.003832 -0.000138 0.469246 0.936686 -0.000165
786.450000 0.003112 -0.003833 -0.000138 0.466962 0.937788 -0.000165
786.600000 0.003113 -0.003833 -0.000138 0.464675 0.938884 -0.000165
786.750000 0.003114 -0.003833 -0.000138 0.462385 0.939975 -0.000165
786.900000 0.003115 -0.003834 -0.000138 0.460092 0.941061 -0.000165
787.050000 0.003116 -0.003834 -0.000138 0.457797 0.942141 -0.000165
787.200000 0.003117 -0.003834 -0.000138 0.455499 0.943216 -0.000166
787.350000 0.003117 -0.003834 -0.000138 0.453198 0.944285 -0.000166
787.500000 0.003118 -0.003835 -0.000138 0.450895 0.945349 -0.000166
787.650000 0.003119 -0.003835 -0.000138 0.448589 0.946407 -0.000166
787.800000 0.003120 -0.003835 -0.000138 0.446281 0.947460 -0.000166
787.950000 0.003121 -0.003836 -0.000138 0.443970 0.948508 -0.000166
788.100000 0.003122 -0.003836 -0.000138 0.441657 0.949549 -0.000166
788.250000 0.003123 -0.003836 -0.000138 0.439341 0.950586 -0.000166
788.400000 0.003124 -0.003836 -0.000138 0.437022 0.951617 -0.000166
788.550000 0.003125 -0.003837 -0.000138 0.434701 0.952642 -0.000166
788.700000 0.003126 -0.003837 -0.000138 0.432378 0.953662 -0.000166
788.850000 0.003127 -0.003837 -0.000138 0.430052 0.954677 -0.000166
789.000000 0.003127 -0.003838 -0.000138 0.427723 0.955686 -0.000166
789.150000 0.003128 -0.003838 -0.000138 0.425392 0.956689 -0.000166
789.300000 0.003129 -0.003838 -0.000138 0.423059 0.957687 -0.000166
789.450000 0.003130 -0.003838 -0.000138 0.420723 0.958679 -0.000166
789.600000 0.003131 -0.003839 -0.000138 0.418385 0.959666 -0.000166
789.750000 0.003132 -0.003839 -0.000138 0.416044 0.960647 -0.000167
789.900000 0.003133 -0.003839 -0.000138 0.413701 0.961623 -0.000167
790.050000 0.003134 -0.003840 -0.000138 0.411356 0.962593 -0.000167
790.200000 0.003135 -0.003840 -0.000138 0.409008 0.963557 -0.000167
790.350000 0.003136 -0.003840 -0.000138 0.406658 0.964516 -0.000167
790.500000 0.003137 -0.003840 -0.000138 0.404306 0.965470 -0.000167
790.650000 0.003137 -0.003841 -0.000138 0.401951 0.966418 -0.000167
790.800000 0.003138 -0.003841 -0.000138 0.399594 0.967360 -0.000167
790.950000 0.003139 -0.003841 -0.000138 0.397234 0.968297 -0.000167
791.100000 0.003140 -0.003841 -0.000138 0.394873 0.969228 -0.000167
791.250000 0.003141 -0.003842 -0.000138 0.392509 0.970153 -0.000167
791.400000 0.003142 -0.003842 -0.000138 0.390142 0.971073 -0.000167
791.550000 0.003143 -0.003842 -0.000138 0.387774 0.971987 -0.000167
791.700000 0.003144 -0.003843 -0.000138 0.385403 0.972896 -0.000167
791.850000 0.003145 -0.003843 -0.000138 0.383030 0.973798 -0.000167
792.000000 0.003146 -0.003843 -0.000138 0.380655 0.974696 -0.000167
792.150000 0.003147 -0.003843 -0.000138 0.378278 0.975587 -0.000167
792.300000 0.003147 -0.003844 -0.000138 0.375898 0.976473 -0.000167
792.450000 0.003148 -0.003844 -0.000138 0.373517 0.977354 -0.000167
792.600000 0.003149 -0.003844 -0.000139 0.371133 0.978229 -0.000168
792.750000 0.003150 -0.003845 -0.000139 0.368747 0.979098 -0.000168
792.900000 0.003151 -0.003845 -0.000139 0.366359 0.979961 -0.000168
793.050000 0.003152 -0.003845 -0.000139 0.363968 0.980819 -0.000168
793.200000 0.003153 -0.003845 -0.000139 0.361576 0.981671 -0.000168
793.350000 0.003154 -0.003846 -0.000139 0.359182 0.982517 -0.000168
793.500000 0.003155 -0.003846 -0.000139 0.356785 0.983358 -0.000168
793.650000 0.003156 -0.003846 -0.000139 0.354387 0.984193 -0.000168
793.800000 0.003156 -0.003847 -0.000139 0.351986 0.985022 -0.000168
793.950000 0.003157 -0.003847 -0.000139 0.349584 0.985845 -0.000168
794.100000 0.003158 -0.003847 -0.000139 0.347179 0.986663 -0.000168
794.250000 0.003159 -0.003847 -0.000139 0.344773 0.987475 -0.000168
794.400000 0.003160 -0.003848 -0.000139 0.342364 0.988282 -0.000168
794.550000 0.003161 -0.003848 -0.000139 0.339953 0.989082 -0.000168
794.700000 0.003162 -0.003848 -0.000139 0.337541 0.989877 -0.000168
794.850000 0.003163 -0.003849 -0.000139 0.335127 0.990666 -0.000168
795.000000 0.003164 -0.003849 -0.000139 0.332710 0.991450 -0.000168
795.150000 0.003165 -0.003849 -0.000139 0.330292 0.992228 -0.000168
795.300000 0.003166 -0.003849 -0.000139 0.327872 0.993000 -0.000168
795.450000 0.003166 -0.003850 -0.000139 0.325450 0.993766 -0.000169
795.600000 0.003167 -0.003850 -0.000139 0.323026 0.994526 -0.000169
795.750000 0.003168 -0.003850 -0.000139 0.320600 0.995281 -0.000169
795.900000 0.003169 -0.003851 -0.000139 0.318172 0.996030 -0.000169
796.050000 0.003170 -0.003851 -0.000139 0.315743 0.996773 -0.000169
796.200000 0.003171 -0.003851 -0.000139 0.313311 0.997510 -0.000169
796.350000 0.003172 -0.003851 -0.000139 0.310878 0.998242 -0.000169
796.500000 0.003173 -0.003852 -0.000139 0.308443 0.998968 -0.000169
796.650000 0.003174 -0.003852 -0.000139 0.306006 0.999688 -0.000169
796.800000 0.003175 -0.003852 -0.000139 0.303568 1.000402 -0.000169
796.950000 0.003176 -0.003852 -0.000139 0.301128 1.001110 -0.000169
797.100000 0.003176 -0.003853 -0.000139 0.298686 1.001813 -0.000169
797.250000 0.003177 -0.003853 -0.000139 0.296242 1.002510 -0.000169
797.400000 0.003178 -0.003853 -0.000139 0.293797 1.003201 -0.000169
797.550000 0.003179 -0.003854 -0.000139 0.291350 1.003886 -0.000169
797.700000 0.003180 -0.003854 -0.000139 0.288901 1.004565 -0.000169
797.850000 0.003181 -0.003854 -0.000139 0.286450 1.005239 -0.000169
798.000000 0.003182 -0.003854 -0.000139 0.283998 1.005906 -0.000169
798.150000 0.003183 -0.003855 -0.000139 0.281545 1.006568 -0.000169
798.300000 0.003184 -0.003855 -0.000139 0.279089 1.007224 -0.000169
798.450000 0.003185 -0.003855 -0.000139 0.276632 1.007874 -0.000170
798.600000 0.003186 -0.003856 -0.000139 0.274174 1.008519 -0.000170
798.750000 0.003186 -0.003856 -0.000139 0.271714 1.009157 -0.000170
798.900000 0.003187 -0.003856 -0.000139 0.269252 1.009790 -0.000170
799.050000 0.003188 -0.003856 -0.000139 0.266789 1.010417 -0.000170
799.200000 0.003189 -0.003857 -0.000139 0.264324 1.011037 -0.000170
799.350000 0.003190 -0.003857 -0.000139 0.261858 1.011652 -0.000170
799.500000 0.003191 -0.003857 -0.000139 0.259390 1.012262 -0.000170
799.650000 0.003192 -0.003858 -0.000139 0.256920 1.012865 -0.000170
799.800000 0.003193 -0.003858 -0.000139 0.254450 1.013462 -0.000170
799.950000 0.003194 -0.003858 -0.000139 0.251977 1.014054 -0.000170
800.100000 0.003195 -0.003858 -0.000139 0.249504 1.014639 -0.000170
800.250000 0.003196 -0.003859 -0.000140 0.247028 1.015219 -0.000170
800.400000 0.003196 -0.003859 -0.000140 0.244552 1.015793 -0.000170
800.550000 0.003197 -0.003859 -0.000140 0.242074 1.016361 -0.000170
800.700000 0.003198 -0.003860 -0.000140 0.239594 1.016923 -0.000170
800.850000 0.003199 -0.003860 -0.000140 0.237114 1.017479 -0.000170
801.000000 0.003200 -0.003860 -0.000140 0.234631 1.018029 -0.000170
801.150000 0.003201 -0.003860 -0.000140 0.232148 1.018574 -0.000170
801.300000 0.003202 -0.003861 -0.000140 0.229663 1.019112 -0.000170
801.450000 0.003203 -0.003861 -0.000140 0.227177 1.019644 -0.000170
801.600000 0.003204 -0.003861 -0.000140 0.224689 1.020171 -0.000170
801.750000 0.003205 -0.003861 -0.000140 0.222201 1.020692 -0.000170
801.900000 0.003206 -0.003862 -0.000140 0.219711 1.021206 -0.000171
802.050000 0.003206 -0.003862 -0.000140 0.217219 1.021715 -0.000171
802.200000 0.003207 -0.003862 -0.000140 0.214727 1.022218 -0.000171
802.350000 0.003208 -0.003863 -0.000140 0.212233 1.022715 -0.000171
802.500000 0.003209 -0.003863 -0.000140 0.209738 1.023206 -0.000171
802.650000 0.003210 -0.003863 -0.000140 0.207242 1.023691 -0.000171
802.800000 0.003211 -0.003863 -0.000140 0.204744 1.024170 -0.000171
802.950000 0.003212 -0.003864 -0.000140 0.202245 1.024643 -0.000171
803.100000 0.003213 -0.003864 -0.000140 0.199746 1.025110 -0.000171
803.250000 0.003214 -0.003864 -0.000140 0.197245 1.025571 -0.000171
803.400000 0.003215 -0.003865 -0.000140 0.194743 1.026027 -0.000171
803.550000 0.003216 -0.003865 -0.000140 0.192239 1.026476 -0.000171
803.700000 0.003216 -0.003865 -0.000140 0.189735 1.026919 -0.000171
803.850000 0.003217 -0.003865 -0.000140 0.187230 1.027357 -0.000171
804.000000 0.003218 -0.003866 -0.000140 0.184723 1.027788 -0.000171
804.150000 0.003219 -0.003866 -0.000140 0.182216 1.028213 -0.000171
804.300000 0.003220 -0.003866 -0.000140 0.179707 1.028633 -0.000171
804.450000 0.003221 -0.003867 -0.000140 0.177197 1.029046 -0.000171
804.600000 0.003222 -0.003867 -0.000140 0.174687 1.029454 -0.000171
804.750000 0.003223 -0.003867 -0.000140 0.172175 1.029855 -0.000171
804.900000 0.003224 -0.003867 -0.000140 0.169662 1.030251 -0.000171
805.050000 0.003225 -0.003868 -0.000140 0.167149 1.030640 -0.000171
805.200000 0.003226 -0.003868 -0.000140 0.164634 1.031024 -0.000171
805.350000 0.003226 -0.003868 -0.000140 0.162118 1.031401 -0.000171
805.500000 0.003227 -0.003868 -0.000140 0.159602 1.031773 -0.000171
805.650000 0.003228 -0.003869 -0.000140 0.157084 1.032138 -0.000172
805.800000 0.003229 -0.003869 -0.000140 0.154566 1.032498 -0.000172
805.950000 0.003230 -0.003869 -0.000140 0.152047 1.032851 -0.000172
806.100000 0.003231 -0.003870 -0.000140 0.149527 1.033199 -0.000172
806.250000 0.003232 -0.003870 -0.000140 0.147006 1.033540 -0.000172
806.400000 0.003233 -0.003870 -0.000140 0.144484 1.033876 -0.000172
806.550000 0.003234 -0.003870 -0.000140 0.141961 1.034205 -0.000172
806.700000 0.003235 -0.003871 -0.000140 0.139438 1.034529 -0.000172
806.850000 0.003236 -0.003871 -0.000140 0.136914 1.034846 -0.000172
807.000000 0.003236 -0.003871 -0.000140 0.134388 1.035158 -0.000172
807.150000 0.003237 -0.003872 -0.000140 0.131863 1.035463 -0.000172
807.300000 0.003238 -0.003872 -0.000140 0.129336 1.035763 -0.000172
807.450000 0.003239 -0.003872 -0.000140 0.126809 1.036056 -0.000172
807.600000 0.003240 -0.003872 -0.000140 0.124281 1.036343 -0.000172
807.750000 0.003241 -0.003873 -0.000140 0.121752 1.036625 -0.000172
807.900000 0.003242 -0.003873 -0.000141 0.119222 1.036900 -0.000172
808.050000 0.003243 -0.003873 -0.000141 0.116692 1.037169 -0.000172
808.200000 0.003244 -0.003874 -0.000141 0.114161 1.037432 -0.000172
808.350000 0.003245 -0.003874 -0.000141 0.111630 1.037690 -0.000172
808.500000 0.003246 -0.003874 -0.000141 0.109098 1.037941 -0.000172
808.650000 0.003246 -0.003874 -0.000141 0.106565 1.038186 -0.000172
808.800000 0.003247 -0.003875 -0.000141 0.104032 1.038425 -0.000172
808.950000 0.003248 -0.003875 -0.000141 0.101498 1.038658 -0.000172
809.100000 0.003249 -0.003875 -0.000141 0.098963 1.038885 -0.000172
809.250000 0.003250 -0.003875 -0.000141 0.096428 1.039106 -0.000172
809.400000 0.003251 -0.003876 -0.000141 0.093892 1.039321 -0.000172
809.550000 0.003252 -0.003876 -0.000141 0.091356 1.039530 -0.000172
809.700000 0.003253 -0.003876 -0.000141 0.088819 1.039732 -0.000172
809.850000 0.003254 -0.003877 -0.000141 0.086282 1.039929 -0.000173
810.000000 0.003255 -0.003877 -0.000141 0.083744 1.040120 -0.000173
810.150000 0.003256 -0.003877 -0.000141 0.081206 1.040304 -0.000173
810.300000 0.003256 -0.003877 -0.000141 0.078667 1.040483 -0.000173
810.450000 0.003257 -0.003878 -0.000141 0.076128 1.040655 -0.000173
810.600000 0.003258 -0.003878 -0.000141 0.073588 1.040822 -0.000173
810.750000 0.003259 -0.003878 -0.000141 0.071048 1.040982 -0.000173
810.900000 0.003260 -0.003879 -0.000141 0.068508 1.041137 -0.000173
811.050000 0.003261 -0.003879 -0.000141 0.065967 1.041285 -0.000173
811.200000 0.003262 -0.003879 -0.000141 0.063426 1.041427 -0.000173
811.350000 0.003263 -0.003879 -0.000141 0.060884 1.041563 -0.000173
811.500000 0.003264 -0.003880 -0.000141 0.058342 1.041693 -0.000173
811.650000 0.003265 -0.003880 -0.000141 0.055800 1.041818 -0.000173
811.800000 0.003266 -0.003880 -0.000141 0.053257 1.041936 -0.000173
811.950000 0.003266 -0.003881 -0.000141 0.050715 1.042047 -0.000173
812.100000 0.003267 -0.003881 -0.000141 0.048171 1.042153 -0.000173
812.250000 0.003268 -0.003881 -0.000141 0.045628 1.042253 -0.000173
812.400000 0.003269 -0.003881 -0.000141 0.043084 1.042347 -0.000173
812.550000 0.003270 -0.003882 -0.000141 0.040540 1.042434 -0.000173
812.700000 0.003271 -0.003882 -0.000141 0.037996 1.042516 -0.000173
812.850000 0.003272 -0.003882 -0.000141 0.035452 1.042591 -0.000173
813.000000 0.003273 -0.003882 -0.000141 0.032907 1.042661 -0.000173
813.150000 0.003274 -0.003883 -0.000141 0.030362 1.042724 -0.000173
813.300000 0.003275 -0.003883 -0.000141 0.027817 1.042782 -0.000173
813.450000 0.003276 -0.003883 -0.000141 0.025272 1.042833 -0.000173
813.600000 0.003276 -0.003884 -0.000141 0.022727 1.042878 -0.000173
813.750000 0.003277 -0.003884 -0.000141 0.020182 1.042917 -0.000173
813.900000 0.003278 -0.003884 -0.000141 0.017636 1.042950 -0.000173
814.050000 0.003279 -0.003884 -0.000141 0.015090 1.042977 -0.000173
814.200000 0.003280 -0.003885 -0.000141 0.012545 1.042998 -0.000173
814.350000 0.003281 -0.003885 -0.000141 0.009999 1.043012 -0.000173
814.500000 0.003282 -0.003885 -0.000141 0.007453 1.043021 -0.000173
814.650000 0.003283 -0.003886 -0.000141 0.004907 1.043024 -0.000173
814.800000 0.003284 -0.003886 -0.000141 0.002361 1.043020 -0.000174
814.950000 0.003285 -0.003886 -0.000141 -0.000184 1.043011 -0.000174
815.100000 0.003286 -0.003886 -0.000141 -0.002730 1.042995 -0.000174
815.250000 0.003286 -0.003887 -0.000141 -0.005276 1.042974 -0.000174
815.400000 0.003287 -0.003887 -0.000141 -0.007822 1.042946 -0.000174
815.550000 0.003288 -0.003887 -0.000142 -0.010368 1.042912 -0.000174
815.700000 0.003289 -0.003888 -0.000142 -0.012913 1.042872 -0.000174
815.850000 0.003290 -0.003888 -0.000142 -0.015459 1.042826 -0.000174
816.000000 0.003291 -0.003888 -0.000142 -0.018005 1.042774 -0.000174
816.150000 0.003292 -0.003888 -0.000142 -0.020550 1.042716 -0.000174
816.300000 0.003293 -0.003889 -0.000142 -0.023095 1.042652 -0.000174
816.450000 0.003294 -0.003889 -0.000142 -0.025641 1.042581 -0.000174
816.600000 0.003295 -0.003889 -0.000142 -0.028186 1.042505 -0.000174
816.750000 0.003296 -0.003889 -0.000142 -0.030730 1.042423 -0.000174
816.900000 0.003296 -0.003890 -0.000142 -0.033275 1.042334 -0.000174
817.050000 0.003297 -0.003890 -0.000142 -0.035819 1.042240 -0.000174
817.200000 0.003298 -0.003890 -0.000142 -0.038364 1.042139 -0.000174
817.350000 0.003299 -0.003891 -0.000142 -0.040908 1.042032 -0.000174
817.500000 0.003300 -0.003891 -0.000142 -0.043452 1.041920 -0.000174
817.650000 0.003301 -0.003891 -0.000142 -0.045995 1.041801 -0.000174
817.800000 0.003302 -0.003891 -0.000142 -0.048538 1.041676 -0.000174
817.950000 0.003303 -0.003892 -0.000142 -0.051081 1.041545 -0.000174
818.100000 0.003304 -0.003892 -0.000142 -0.053624 1.041408 -0.000174
818.250000 0.003305 -0.003892 -0.000142 -0.056166 1.041265 -0.000174
818.400000 0.003306 -0.003893 -0.000142 -0.058708 1.041115 -0.000174
818.550000 0.003306 -0.003893 -0.000142 -0.061250 1.040960 -0.000174
818.700000 0.003307 -0.003893 -0.000142 -0.063791 1.040799 -0.000174
818.850000 0.003308 -0.003893 -0.000142 -0.066332 1.040632 -0.000174
819.000000 0.003309 -0.003894 -0.000142 -0.068873 1.040458 -0.000174
819.150000 0.003310 -0.003894 -0.000142 -0.071413 1.040279 -0.000174
819.300000 0.003311 -0.003894 -0.000142 -0.073953 1.040093 -0.000174
819.450000 0.003312 -0.003894 -0.000142 -0.076492 1.039901 -0.000174
819.600000 0.003313 -0.003895 -0.000142 -0.079031 1.039704 -0.000174
819.750000 0.003314 -0.003895 -0.000142 -0.081569 1.039500 -0.000174
819.900000 0.003315 -0.003895 -0.000142 -0.084107 1.039290 -0.000174
820.050000 0.003316 -0.003896 -0.000142 -0.086644 1.039074 -0.000174
820.200000 0.003316 -0.003896 -0.000142 -0.089181 1.038852 -0.000174
820.350000 0.003317 -0.003896 -0.000142 -0.091718 1.038624 -0.000174
820.500000 0.003318 -0.003896 -0.000142 -0.094254 1.038390 -0.000174
820.650000 0.003319 -0.003897 -0.000142 -0.096789 1.038150 -0.000174
820.800000 0.003320 -0.003897 -0.000142 -0.099324 1.037904 -0.000174
820.950000 0.003321 -0.003897 -0.000142 -0.101858 1.037652 -0.000174
821.100000 0.003322 -0.003898 -0.000142 -0.104391 1.037394 -0.000174
821.250000 0.003323 -0.003898 -0.000142 -0.106924 1.037130 -0.000174
821.400000 0.003324 -0.003898 -0.000142 -0.109457 1.036859 -0.000175
821.550000 0.003325 -0.003898 -0.000142 -0.111988 1.036583 -0.000175
821.700000 0.003326 -0.003899 -0.000142 -0.114519 1.036301 -0.000175
821.850000 0.003326 -0.003899 -0.000142 -0.117050 1.036012 -0.000175
822.000000 0.003327 -0.003899 -0.000142 -0.119579 1.035718 -0.000175
822.150000 0.003328 -0.003900 -0.000142 -0.122108 1.035417 -0.000175
822.300000 0.003329 -0.003900 -0.000142 -0.124637 1.035111 -0.000175
822.450000 0.003330 -0.003900 -0.000142 -0.127164 1.034798 -0.000175
822.600000 0.003331 -0.003900 -0.000142 -0.129691 1.034480 -0.000175
822.750000 0.003332 -0.003901 -0.000142 -0.132217 1.034155 -0.000175
822.900000 0.003333 -0.003901 -0.000142 -0.134742 1.033824 -0.000175
823.050000 0.003334 -0.003901 -0.000142 -0.137267 1.033488 -0.000175
823.200000 0.003335 -0.003901 -0.000143 -0.139790 1.033145 -0.000175
823.350000 0.003336 -0.003902 -0.000143 -0.142313 1.032796 -0.000175
823.500000 0.003336 -0.003902 -0.000143 -0.144835 1.032442 -0.000175
823.650000 0.003337 -0.003902 -0.000143 -0.147356 1.032081 -0.000175
823.800000 0.003338 -0.003903 -0.000143 -0.149877 1.031714 -0.000175
823.950000 0.003339 -0.003903 -0.000143 -0.152396 1.031341 -0.000175
824.100000 0.003340 -0.003903 -0.000143 -0.154915 1.030963 -0.000175
824.250000 0.003341 -0.003903 -0.000143 -0.157432 1.030578 -0.000175
824.400000 0.003342 -0.003904 -0.000143 -0.159949 1.030187 -0.000175
824.550000 0.003343 -0.003904 -0.000143 -0.162465 1.029790 -0.000175
824.700000 0.003344 -0.003904 -0.000143 -0.164980 1.029388 -0.000175
824.850000 0.003345 -0.003905 -0.000143 -0.167493 1.028979 -0.000175
825.000000 0.003345 -0.003905 -0.000143 -0.170006 1.028564 -0.000175
825.150000 0.003346 -0.003905 -0.000143 -0.172518 1.028143 -0.000175
825.300000 0.003347 -0.003905 -0.000143 -0.175029 1.027716 -0.000175
825.450000 0.003348 -0.003906 -0.000143 -0.177539 1.027284 -0.000175
825.600000 0.003349 -0.003906 -0.000143 -0.180048 1.026845 -0.000175
825.750000 0.003350 -0.003906 -0.000143 -0.182556 1.026400 -0.000175
825.900000 0.003351 -0.003906 -0.000143 -0.185063 1.025950 -0.000175
826.050000 0.003352 -0.003907 -0.000143 -0.187568 1.025493 -0.000175
826.200000 0.003353 -0.003907 -0.000143 -0.190073 1.025030 -0.000175
826.350000 0.003354 -0.003907 -0.000143 -0.192576 1.024562 -0.000175
826.500000 0.003355 -0.003908 -0.000143 -0.195079 1.024087 -0.000175
826.650000 0.003355 -0.003908 -0.000143 -0.197580 1.023606 -0.000175
826.800000 0.003356 -0.003908 -0.000143 -0.200080 1.023120 -0.000175
826.950000 0.003357 -0.003908 -0.000143 -0.202579 1.022627 -0.000175
827.100000 0.003358 -0.003909 -0.000143 -0.205076 1.022129 -0.000175
827.250000 0.003359 -0.003909 -0.000143 -0.207573 1.021625 -0.000175
827.400000 0.003360 -0.003909 -0.000143 -0.210068 1.021114 -0.000175
827.550000 0.003361 -0.003910 -0.000143 -0.212562 1.020598 -0.000175
827.700000 0.003362 -0.003910 -0.000143 -0.215055 1.020076 -0.000175
827.850000 0.003363 -0.003910 -0.000143 -0.217547 1.019547 -0.000175
828.000000 0.003364 -0.003910 -0.000143 -0.220037 1.019013 -0.000175
828.150000 0.003365 -0.003911 -0.000143 -0.222526 1.018473 -0.000175
828.300000 0.003365 -0.003911 -0.000143 -0.225014 1.017927 -0.000175
828.450000 0.003366 -0.003911 -0.000143 -0.227500 1.017375 -0.000175
828.600000 0.003367 -0.003911 -0.000143 -0.229985 1.016817 -0.000175
828.750000 0.003368 -0.003912 -0.000143 -0.232469 1.016254 -0.000175
828.900000 0.003369 -0.003912 -0.000143 -0.234952 1.015684 -0.000175
829.050000 0.003370 -0.003912 -0.000143 -0.237433 1.015108 -0.000175
829.200000 0.003371 -0.003913 -0.000143 -0.239912 1.014527 -0.000175
829.350000 0.003372 -0.003913 -0.000143 -0.242391 1.013939 -0.000175
829.500000 0.003373 -0.003913 -0.000143 -0.244868 1.013346 -0.000175
829.650000 0.003374 -0.003913 -0.000143 -0.247343 1.012747 -0.000175
829.800000 0.003375 -0.003914 -0.000143 -0.249817 1.012142 -0.000175
829.950000 0.003375 -0.003914 -0.000143 -0.252289 1.011531 -0.000175
830.100000 0.003376 -0.003914 -0.000143 -0.254761 1.010914 -0.000175
830.250000 0.003377 -0.003915 -0.000143 -0.257230 1.010291 -0.000175
830.400000 0.003378 -0.003915 -0.000143 -0.259698 1.009662 -0.000175
830.550000 0.003379 -0.003915 -0.000143 -0.262165 1.009028 -0.000175
830.700000 0.003380 -0.003915 -0.000143 -0.264630 1.008387 -0.000175
830.850000 0.003381 -0.003916 -0.000144 -0.267093 1.007741 -0.000175
831.000000 0.003382 -0.003916 -0.000144 -0.269555 1.007089 -0.000175
831.150000 0.003383 -0.003916 -0.000144 -0.272016 1.006430 -0.000175
831.300000 0.003384 -0.003916 -0.000144 -0.274475 1.005767 -0.000175
831.450000 0.003385 -0.003917 -0.000144 -0.276932 1.005097 -0.000175
831.600000 0.003385 -0.003917 -0.000144 -0.279387 1.004421 -0.000175
831.750000 0.003386 -0.003917 -0.000144 -0.281841 1.003740 -0.000175
831.900000 0.003387 -0.003918 -0.000144 -0.284294 1.003052 -0.000175
832.050000 0.003388 -0.003918 -0.000144 -0.286744 1.002359 -0.000175
832.200000 0.003389 -0.003918 -0.000144 -0.289193 1.001660 -0.000175
832.350000 0.003390 -0.003918 -0.000144 -0.291641 1.000955 -0.000175
832.500000 0.003391 -0.003919 -0.000144 -0.294086 1.000244 -0.000175
832.650000 0.003392 -0.003919 -0.000144 -0.296530 0.999528 -0.000175
832.800000 0.003393 -0.003919 -0.000144 -0.298973 0.998806 -0.000175
832.950000 0.003394 -0.003920 -0.000144 -0.301413 0.998078 -0.000175
833.100000 0.003395 -0.003920 -0.000144 -0.303852 0.997344 -0.000175
833.250000 0.003395 -0.003920 -0.000144 -0.306289 0.996604 -0.000175
833.400000 0.003396 -0.003920 -0.000144 -0.308724 0.995858 -0.000175
833.550000 0.003397 -0.003921 -0.000144 -0.311157 0.995107 -0.000175
833.700000 0.003398 -0.003921 -0.000144 -0.313589 0.994350 -0.000175
833.850000 0.003399 -0.003921 -0.000144 -0.316019 0.993587 -0.000175
834.000000 0.003400 -0.003921 -0.000144 -0.318446 0.992818 -0.000175
834.150000 0.003401 -0.003922 -0.000144 -0.320873 0.992044 -0.000175
834.300000 0.003402 -0.003922 -0.000144 -0.323297 0.991263 -0.000175
834.450000 0.003403 -0.003922 -0.000144 -0.325719 0.990477 -0.000175
834.600000 0.003404 -0.003923 -0.000144 -0.328139 0.989685 -0.000175
834.750000 0.003405 -0.003923 -0.000144 -0.330558 0.988888 -0.000175
834.900000 0.003405 -0.003923 -0.000144 -0.332975 0.988084 -0.000175
835.050000 0.003406 -0.003923 -0.000144 -0.335389 0.987275 -0.000175
835.200000 0.003407 -0.003924 -0.000144 -0.337802 0.986461 -0.000175
835.350000 0.003408 -0.003924 -0.000144 -0.340213 0.985640 -0.000175
835.500000 0.003409 -0.003924 -0.000144 -0.342621 0.984814 -0.000175
835.650000 0.003410 -0.003924 -0.000144 -0.345028 0.983982 -0.000175
835.800000 0.003411 -0.003925 -0.000144 -0.347433 0.983144 -0.000175
835.950000 0.003412 -0.003925 -0.000144 -0.349836 0.982300 -0.000175
836.100000 0.003413 -0.003925 -0.000144 -0.352237 0.981451 -0.000175
836.250000 0.003414 -0.003926 -0.000144 -0.354635 0.980596 -0.000175
836.400000 0.003415 -0.003926 -0.000144 -0.357032 0.979736 -0.000175
836.550000 0.003415 -0.003926 -0.000144 -0.359426 0.978869 -0.000175
836.700000 0.003416 -0.003926 -0.000144 -0.361819 0.977997 -0.000175
836.850000 0.003417 -0.003927 -0.000144 -0.364209 0.977119 -0.000175
837.000000 0.003418 -0.003927 -0.000144 -0.366597 0.976236 -0.000175
837.150000 0.003419 -0.003927 -0.000144 -0.368984 0.975347 -0.000175
837.300000 0.003420 -0.003928 -0.000144 -0.371368 0.974452 -0.000175
837.450000 0.003421 -0.003928 -0.000144 -0.373749 0.973552 -0.000175
837.600000 0.003422 -0.003928 -0.000144 -0.376129 0.972646 -0.000175
837.750000 0.003423 -0.003928 -0.000144 -0.378506 0.971734 -0.000175
837.900000 0.003424 -0.003929 -0.000144 -0.380882 0.970816 -0.000175
838.050000 0.003425 -0.003929 -0.000144 -0.383255 0.969893 -0.000175
838.200000 0.003425 -0.003929 -0.000144 -0.385626 0.968965 -0.000175
838.350000 0.003426 -0.003929 -0.000144 -0.387994 0.968030 -0.000175
838.500000 0.003427 -0.003930 -0.000145 -0.390361 0.967090 -0.000175
838.650000 0.003428 -0.003930 -0.000145 -0.392725 0.966145 -0.000175
838.800000 0.003429 -0.003930 -0.000145 -0.395086 0.965194 -0.000175
838.950000 0.003430 -0.003931 -0.000145 -0.397446 0.964237 -0.000175
839.100000 0.003431 -0.003931 -0.000145 -0.399803 0.963274 -0.000175
839.250000 0.003432 -0.003931 -0.000145 -0.402158 0.962306 -0.000175
839.400000 0.003433 -0.003931 -0.000145 -0.404511 0.961333 -0.000175
839.550000 0.003434 -0.003932 -0.000145 -0.406861 0.960354 -0.000175
839.700000 0.003435 -0.003932 -0.000145 -0.409209 0.959369 -0.000175
839.850000 0.003435 -0.003932 -0.000145 -0.411554 0.958378 -0.000175
840.000000 0.003436 -0.003933 -0.000145 -0.413897 0.957382 -0.000175
840.150000 0.003437 -0.003933 -0.000145 -0.416238 0.956381 -0.000175
840.300000 0.003438 -0.003933 -0.000145 -0.418576 0.955374 -0.000175
840.450000 0.003439 -0.003933 -0.000145 -0.420912 0.954361 -0.000175
840.600000 0.003440 -0.003934 -0.000145 -0.423245 0.953343 -0.000175
840.750000 0.003441 -0.003934 -0.000145 -0.425576 0.952319 -0.000175
840.900000 0.003442 -0.003934 -0.000145 -0.427905 0.951290 -0.000175
841.050000 0.003443 -0.003934 -0.000145 -0.430231 0.950255 -0.000175
841.200000 0.003444 -0.003935 -0.000145 -0.432554 0.949215 -0.000175
841.350000 0.003445 -0.003935 -0.000145 -0.434875 0.948169 -0.000175
841.500000 0.003445 -0.003935 -0.000145 -0.437194 0.947118 -0.000175
841.650000 0.003446 -0.003936 -0.000145 -0.439510 0.946061 -0.000175
841.800000 0.003447 -0.003936 -0.000145 -0.441823 0.944998 -0.000175
841.950000 0.003448 -0.003936 -0.000145 -0.444134 0.943931 -0.000175
842.100000 0.003449 -0.003936 -0.000145 -0.446442 0.942857 -0.000175
842.250000 0.003450 -0.003937 -0.000145 -0.448748 0.941778 -0.000175
842.400000 0.003451 -0.003937 -0.000145 -0.451051 0.940694 -0.000175
842.550000 0.003452 -0.003937 -0.000145 -0.453351 0.939604 -0.000175
842.700000 0.003453 -0.003937 -0.000145 -0.455649 0.938509 -0.000175
842.850000 0.003454 -0.003938 -0.000145 -0.457944 0.937409 -0.000175
843.000000 0.003455 -0.003938 -0.000145 -0.460237 0.936302 -0.000175
843.150000 0.003455 -0.003938 -0.000145 -0.462527 0.935191 -0.000175
843.300000 0.003456 -0.003939 -0.000145 -0.464814 0.934074 -0.000175
843.450000 0.003457 -0.003939 -0.000145 -0.467098 0.932952 -0.000175
843.600000 0.003458 -0.003939 -0.000145 -0.469380 0.931824 -0.000175
843.750000 0.003459 -0.003939 -0.000145 -0.471659 0.930690 -0.000175
843.900000 0.003460 -0.003940 -0.000145 -0.473936 0.929552 -0.000175
844.050000 0.003461 -0.003940 -0.000145 -0.476209 0.928408 -0.000175
844.200000 0.003462 -0.003940 -0.000145 -0.478480 0.927258 -0.000175
844.350000 0.003463 -0.003941 -0.000145 -0.480748 0.926104 -0.000175
844.500000 0.003464 -0.003941 -0.000145 -0.483013 0.924943 -0.000175
844.650000 0.003464 -0.003941 -0.000145 -0.485276 0.923778 -0.000175
844.800000 0.003465 -0.003941 -0.000145 -0.487536 0.922607 -0.000175
844.950000 0.003466 -0.003942 -0.000145 -0.489792 0.921431 -0.000175
845.100000 0.003467 -0.003942 -0.000145 -0.492046 0.920249 -0.000175
845.250000 0.003468 -0.003942 -0.000145 -0.494298 0.919062 -0.000175
845.400000 0.003469 -0.003942 -0.000145 -0.496546 0.917870 -0.000175
845.550000 0.003470 -0.003943 -0.000145 -0.498791 0.916672 -0.000175
845.700000 0.003471 -0.003943 -0.000145 -0.501034 0.915469 -0.000175
845.850000 0.003472 -0.003943 -0.000145 -0.503273 0.914261 -0.000175
846.000000 0.003473 -0.003944 -0.000145 -0.505510 0.913047 -0.000175
846.150000 0.003474 -0.003944 -0.000146 -0.507744 0.911828 -0.000175
846.300000 0.003474 -0.003944 -0.000146 -0.509975 0.910604 -0.000175
846.450000 0.003475 -0.003944 -0.000146 -0.512203 0.909374 -0.000175
846.600000 0.003476 -0.003945 -0.000146 -0.514428 0.908140 -0.000175
846.750000 0.003477 -0.003945 -0.000146 -0.516650 0.906900 -0.000175
846.900000 0.003478 -0.003945 -0.000146 -0.518869 0.905654 -0.000175
847.050000 0.003479 -0.003945 -0.000146 -0.521085 0.904404 -0.000175
847.200000 0.003480 -0.003946 -0.000146 -0.523298 0.903148 -0.000175
847.350000 0.003481 -0.003946 -0.000146 -0.525508 0.901887 -0.000175
847.500000 0.003482 -0.003946 -0.000146 -0.527715 0.900621 -0.000175
847.650000 0.003483 -0.003947 -0.000146 -0.529918 0.899349 -0.000175
847.800000 0.003484 -0.003947 -0.000146 -0.532119 0.898073 -0.000175
847.950000 0.003484 -0.003947 -0.000146 -0.534317 0.896791 -0.000175
848.100000 0.003485 -0.003947 -0.000146 -0.536512 0.895504 -0.000175
848.250000 0.003486 -0.003948 -0.000146 -0.538703 0.894211 -0.000175
848.400000 0.003487 -0.003948 -0.000146 -0.540892 0.892914 -0.000175
848.550000 0.003488 -0.003948 -0.000146 -0.543077 0.891611 -0.000175
848.700000 0.003489 -0.003949 -0.000146 -0.545259 0.890303 -0.000175
848.850000 0.003490 -0.003949 -0.000146 -0.547438 0.888990 -0.000175
849.000000 0.003491 -0.003949 -0.000146 -0.549614 0.887672 -0.000175
849.150000 0.003492 -0.003949 -0.000146 -0.551787 0.886349 -0.000175
849.300000 0.003493 -0.003950 -0.000146 -0.553956 0.885020 -0.000175
849.450000 0.003494 -0.003950 -0.000146 -0.556122 0.883687 -0.000175
849.600000 0.003494 -0.003950 -0.000146 -0.558285 0.882348 -0.000175
849.750000 0.003495 -0.003950 -0.000146 -0.560445 0.881004 -0.000175
849.900000 0.003496 -0.003951 -0.000146 -0.562602 0.879655 -0.000175
850.050000 0.003497 -0.003951 -0.000146 -0.564755 0.878301 -0.000175
850.200000 0.003498 -0.003951 -0.000146 -0.566905 0.876942 -0.000175
850.350000 0.003499 -0.003952 -0.000146 -0.569052 0.875578 -0.000175
850.500000 0.003500 -0.003952 -0.000146 -0.571196 0.874209 -0.000175
850.650000 0.003501 -0.003952 -0.000146 -0.573336 0.872834 -0.000175
850.800000 0.003502 -0.003952 -0.000146 -0.575473 0.871455 -0.000175
850.950000 0.003503 -0.003953 -0.000146 -0.577606 0.870071 -0.000175
851.100000 0.003504 -0.003953 -0.000146 -0.579737 0.868681 -0.000175
851.250000 0.003504 -0.003953 -0.000146 -0.581864 0.867287 -0.000175
851.400000 0.003505 -0.003953 -0.000146 -0.583987 0.865887 -0.000175
851.550000 0.003506 -0.003954 -0.000146 -0.586107 0.864482 -0.000175
851.700000 0.003507 -0.003954 -0.000146 -0.588224 0.863073 -0.000175
851.850000 0.003508 -0.003954 -0.000146 -0.590338 0.861658 -0.000175
852.000000 0.003509 -0.003955 -0.000146 -0.592448 0.860239 -0.000175
852.150000 0.003510 -0.003955 -0.000146 -0.594554 0.858814 -0.000174
852.300000 0.003511 -0.003955 -0.000146 -0.596657 0.857385 -0.000174
852.450000 0.003512 -0.003955 -0.000146 -0.598757 0.855950 -0.000174
852.600000 0.003513 -0.003956 -0.000146 -0.600853 0.854511 -0.000174
852.750000 0.003514 -0.003956 -0.000146 -0.602946 0.853066 -0.000174
852.900000 0.003514 -0.003956 -0.000146 -0.605035 0.851617 -0.000174
853.050000 0.003515 -0.003956 -0.000146 -0.607121 0.850163 -0.000174
853.200000 0.003516 -0.003957 -0.000146 -0.609204 0.848704 -0.000174
853.350000 0.003517 -0.003957 -0.000146 -0.611282 0.847240 -0.000174
853.500000 0.003518 -0.003957 -0.000146 -0.613358 0.845771 -0.000174
853.650000 0.003519 -0.003958 -0.000146 -0.615430 0.844297 -0.000174
853.800000 0.003520 -0.003958 -0.000147 -0.617498 0.842818 -0.000174
853.950000 0.003521 -0.003958 -0.000147 -0.619562 0.841334 -0.000174
854.100000 0.003522 -0.003958 -0.000147 -0.621623 0.839846 -0.000174
854.250000 0.003523 -0.003959 -0.000147 -0.623681 0.838352 -0.000174
854.400000 0.003523 -0.003959 -0.000147 -0.625735 0.836854 -0.000174
854.550000 0.003524 -0.003959 -0.000147 -0.627785 0.835351 -0.000174
854.700000 0.003525 -0.003960 -0.000147 -0.629832 0.833843 -0.000174
854.850000 0.003526 -0.003960 -0.000147 -0.631875 0.832330 -0.000174
855.000000 0.003527 -0.003960 -0.000147 -0.633914 0.830813 -0.000174
855.150000 0.003528 -0.003960 -0.000147 -0.635950 0.829290 -0.000174
855.300000 0.003529 -0.003961 -0.000147 -0.637982 0.827763 -0.000174
855.450000 0.003530 -0.003961 -0.000147 -0.640011 0.826231 -0.000174
855.600000 0.003531 -0.003961 -0.000147 -0.642035 0.824695 -0.000174
855.750000 0.003532 -0.003961 -0.000147 -0.644056 0.823153 -0.000174
855.900000 0.003533 -0.003962 -0.000147 -0.646074 0.821607 -0.000174
856.050000 0.003533 -0.003962 -0.000147 -0.648087 0.820056 -0.000174
856.200000 0.003534 -0.003962 -0.000147 -0.650097 0.818500 -0.000174
856.350000 0.003535 -0.003963 -0.000147 -0.652103 0.816940 -0.000174
856.500000 0.003536 -0.003963 -0.000147 -0.654106 0.815375 -0.000174
856.650000 0.003537 -0.003963 -0.000147 -0.656104 0.813805 -0.000174
856.800000 0.003538 -0.003963 -0.000147 -0.658099 0.812230 -0.000174
856.950000 0.003539 -0.003964 -0.000147 -0.660090 0.810651 -0.000174
857.100000 0.003540 -0.003964 -0.000147 -0.662078 0.809067 -0.000174
857.250000 0.003541 -0.003964 -0.000147 -0.664061 0.807478 -0.000174
857.400000 0.003542 -0.003964 -0.000147 -0.666041 0.805885 -0.000174
857.550000 0.003543 -0.003965 -0.000147 -0.668017 0.804287 -0.000174
857.700000 0.003543 -0.003965 -0.000147 -0.669988 0.802684 -0.000174
857.850000 0.003544 -0.003965 -0.000147 -0.671957 0.801077 -0.000174
858.000000 0.003545 -0.003966 -0.000147 -0.673921 0.799465 -0.000174
858.150000 0.003546 -0.003966 -0.000147 -0.675881 0.797848 -0.000174
858.300000 0.003547 -0.003966 -0.000147 -0.677838 0.796227 -0.000174
858.450000 0.003548 -0.003966 -0.000147 -0.679790 0.794602 -0.000174
858.600000 0.003549 -0.003967 -0.000147 -0.681739 0.792971 -0.000174
858.750000 0.003550 -0.003967 -0.000147 -0.683684 0.791336 -0.000174
858.900000 0.003551 -0.003967 -0.000147 -0.685625 0.789697 -0.000174
859.050000 0.003552 -0.003967 -0.000147 -0.687561 0.788053 -0.000173
859.200000 0.003553 -0.003968 -0.000147 -0.689494 0.786404 -0.000173
859.350000 0.003553 -0.003968 -0.000147 -0.691423 0.784751 -0.000173
859.500000 0.003554 -0.003968 -0.000147 -0.693348 0.783093 -0.000173
859.650000 0.003555 -0.003969 -0.000147 -0.695269 0.781431 -0.000173
859.800000 0.003556 -0.003969 -0.000147 -0.697186 0.779765 -0.000173
859.950000 0.003557 -0.003969 -0.000147 -0.699099 0.778093 -0.000173
860.100000 0.003558 -0.003969 -0.000147 -0.701008 0.776418 -0.000173
860.250000 0.003559 -0.003970 -0.000147 -0.702913 0.774738 -0.000173
860.400000 0.003560 -0.003970 -0.000147 -0.704814 0.773053 -0.000173
860.550000 0.003561 -0.003970 -0.000147 -0.706711 0.771364 -0.000173
860.700000 0.003562 -0.003970 -0.000147 -0.708604 0.769670 -0.000173
860.850000 0.003562 -0.003971 -0.000147 -0.710493 0.767972 -0.000173
861.000000 0.003563 -0.003971 -0.000147 -0.712378 0.766270 -0.000173
861.150000 0.003564 -0.003971 -0.000147 -0.714258 0.764563 -0.000173
861.300000 0.003565 -0.003972 -0.000147 -0.716135 0.762852 -0.000173
861.450000 0.003566 -0.003972 -0.000148 -0.718007 0.761136 -0.000173
861.600000 0.003567 -0.003972 -0.000148 -0.719875 0.759416 -0.000173
861.750000 0.003568 -0.003972 -0.000148 -0.721740 0.757692 -0.000173
861.900000 0.003569 -0.003973 -0.000148 -0.723600 0.755963 -0.000173
862.050000 0.003570 -0.003973 -0.000148 -0.725455 0.754230 -0.000173
862.200000 0.003571 -0.003973 -0.000148 -0.727307 0.752493 -0.000173
862.350000 0.003572 -0.003974 -0.000148 -0.729155 0.750751 -0.000173
862.500000 0.003572 -0.003974 -0.000148 -0.730998 0.749005 -0.000173
862.650000 0.003573 -0.003974 -0.000148 -0.732837 0.747254 -0.000173
862.800000 0.003574 -0.003974 -0.000148 -0.734672 0.745499 -0.000173
862.950000 0.003575 -0.003975 -0.000148 -0.736503 0.743740 -0.000173
863.100000 0.003576 -0.003975 -0.000148 -0.738329 0.741977 -0.000173
863.250000 0.003577 -0.003975 -0.000148 -0.740152 0.740209 -0.000173
863.400000 0.003578 -0.003975 -0.000148 -0.741970 0.738437 -0.000173
863.550000 0.003579 -0.003976 -0.000148 -0.743784 0.736661 -0.000173
863.700000 0.003580 -0.003976 -0.000148 -0.745593 0.734881 -0.000173
863.850000 0.003581 -0.003976 -0.000148 -0.747398 0.733096 -0.000173
864.000000 0.003582 -0.003977 -0.000148 -0.749199 0.731307 -0.000173
864.150000 0.003582 -0.003977 -0.000148 -0.750996 0.729514 -0.000173
864.300000 0.003583 -0.003977 -0.000148 -0.752788 0.727717 -0.000173
864.450000 0.003584 -0.003977 -0.000148 -0.754576 0.725916 -0.000172
864.600000 0.003585 -0.003978 -0.000148 -0.756360 0.724110 -0.000172
864.750000 0.003586 -0.003978 -0.000148 -0.758140 0.722300 -0.000172
864.900000 0.003587 -0.003978 -0.000148 -0.759915 0.720486 -0.000172
865.050000 0.003588 -0.003978 -0.000148 -0.761685 0.718668 -0.000172
865.200000 0.003589 -0.003979 -0.000148 -0.763452 0.716846 -0.000172
865.350000 0.003590 -0.003979 -0.000148 -0.765214 0.715020 -0.000172
865.500000 0.003591 -0.003979 -0.000148 -0.766971 0.713189 -0.000172
865.650000 0.003591 -0.003980 -0.000148 -0.768725 0.711355 -0.000172
865.800000 0.003592 -0.003980 -0.000148 -0.770474 0.709516 -0.000172
865.950000 0.003593 -0.003980 -0.000148 -0.772218 0.707673 -0.000172
866.100000 0.003594 -0.003980 -0.000148 -0.773958 0.705826 -0.000172
866.250000 0.003595 -0.003981 -0.000148 -0.775694 0.703975 -0.000172
866.400000 0.003596 -0.003981 -0.000148 -0.777425 0.702120 -0.000172
866.550000 0.003597 -0.003981 -0.000148 -0.779151 0.700261 -0.000172
866.700000 0.003598 -0.003981 -0.000148 -0.780874 0.698398 -0.000172
866.850000 0.003599 -0.003982 -0.000148 -0.782591 0.696531 -0.000172
867.000000 0.003600 -0.003982 -0.000148 -0.784305 0.694660 -0.000172
867.150000 0.003601 -0.003982 -0.000148 -0.786014 0.692785 -0.000172
867.300000 0.003601 -0.003983 -0.000148 -0.787718 0.690906 -0.000172
867.450000 0.003602 -0.003983 -0.000148 -0.789418 0.689023 -0.000172
867.600000 0.003603 -0.003983 -0.000148 -0.791113 0.687136 -0.000172
867.750000 0.003604 -0.003983 -0.000148 -0.792804 0.685246 -0.000172
867.900000 0.003605 -0.003984 -0.000148 -0.794490 0.683351 -0.000172
868.050000 0.003606 -0.003984 -0.000148 -0.796172 0.681452 -0.000172
868.200000 0.003607 -0.003984 -0.000148 -0.797849 0.679549 -0.000172
868.350000 0.003608 -0.003984 -0.000148 -0.799522 0.677643 -0.000172
868.500000 0.003609 -0.003985 -0.000148 -0.801190 0.675732 -0.000172
868.650000 0.003610 -0.003985 -0.000148 -0.802853 0.673818 -0.000172
868.800000 0.003611 -0.003985 -0.000148 -0.804512 0.671900 -0.000172
868.950000 0.003611 -0.003986 -0.000148 -0.806166 0.669978 -0.000172
869.100000 0.003612 -0.003986 -0.000149 -0.807816 0.668052 -0.000171
869.250000 0.003613 -0.003986 -0.000149 -0.809461 0.666122 -0.000171
869.400000 0.003614 -0.003986 -0.000149 -0.811102 0.664188 -0.000171
869.550000 0.003615 -0.003987 -0.000149 -0.812738 0.662251 -0.000171
869.700000 0.003616 -0.003987 -0.000149 -0.814369 0.660310 -0.000171
869.850000 0.003617 -0.003987 -0.000149 -0.815995 0.658365 -0.000171
870.000000 0.003618 -0.003987 -0.000149 -0.817617 0.656416 -0.000171
870.150000 0.003619 -0.003988 -0.000149 -0.819235 0.654463 -0.000171
870.300000 0.003620 -0.003988 -0.000149 -0.820847 0.652507 -0.000171
870.450000 0.003620 -0.003988 -0.000149 -0.822455 0.650547 -0.000171
870.600000 0.003621 -0.003989 -0.000149 -0.824058 0.648583 -0.000171
870.750000 0.003622 -0.003989 -0.000149 -0.825657 0.646616 -0.000171
870.900000 0.003623 -0.003989 -0.000149 -0.827251 0.644644 -0.000171
871.050000 0.003624 -0.003989 -0.000149 -0.828840 0.642669 -0.000171
871.200000 0.003625 -0.003990 -0.000149 -0.830424 0.640691 -0.000171
871.350000 0.003626 -0.003990 -0.000149 -0.832004 0.638708 -0.000171
871.500000 0.003627 -0.003990 -0.000149 -0.833579 0.636723 -0.000171
871.650000 0.003628 -0.003990 -0.000149 -0.835149 0.634733 -0.000171
871.800000 0.003629 -0.003991 -0.000149 -0.836714 0.632740 -0.000171
871.950000 0.003630 -0.003991 -0.000149 -0.838275 0.630743 -0.000171
872.100000 0.003630 -0.003991 -0.000149 -0.839831 0.628742 -0.000171
872.250000 0.003631 -0.003992 -0.000149 -0.841382 0.626738 -0.000171
872.400000 0.003632 -0.003992 -0.000149 -0.842928 0.624731 -0.000171
872.550000 0.003633 -0.003992 -0.000149 -0.844469 0.622719 -0.000171
872.700000 0.003634 -0.003992 -0.000149 -0.846006 0.620704 -0.000171
872.850000 0.003635 -0.003993 -0.000149 -0.847538 0.618686 -0.000171
873.000000 0.003636 -0.003993 -0.000149 -0.849065 0.616664 -0.000171
873.150000 0.003637 -0.003993 -0.000149 -0.850587 0.614639 -0.000170
873.300000 0.003638 -0.003993 -0.000149 -0.852105 0.612610 -0.000170
873.450000 0.003639 -0.003994 -0.000149 -0.853617 0.610577 -0.000170
873.600000 0.003640 -0.003994 -0.000149 -0.855125 0.608541 -0.000170
873.750000 0.003640 -0.003994 -0.000149 -0.856628 0.606502 -0.000170
873.900000 0.003641 -0.003995 -0.000149 -0.858125 0.604459 -0.000170
874.050000 0.003642 -0.003995 -0.000149 -0.859619 0.602412 -0.000170
874.200000 0.003643 -0.003995 -0.000149 -0.861107 0.600362 -0.000170
874.350000 0.003644 -0.003995 -0.000149 -0.862590 0.598309 -0.000170
874.500000 0.003645 -0.003996 -0.000149 -0.864068 0.596252 -0.000170
874.650000 0.003646 -0.003996 -0.000149 -0.865542 0.594192 -0.000170
874.800000 0.003647 -0.003996 -0.000149 -0.867010 0.592128 -0.000170
874.950000 0.003648 -0.003996 -0.000149 -0.868474 0.590061 -0.000170
875.100000 0.003649 -0.003997 -0.000149 -0.869933 0.587991 -0.000170
875.250000 0.003649 -0.003997 -0.000149 -0.871386 0.585917 -0.000170
875.400000 0.003650 -0.003997 -0.000149 -0.872835 0.583840 -0.000170
875.550000 0.003651 -0.003998 -0.000149 -0.874279 0.581760 -0.000170
875.700000 0.003652 -0.003998 -0.000149 -0.875718 0.579676 -0.000170
875.850000 0.003653 -0.003998 -0.000149 -0.877152 0.577589 -0.000170
876.000000 0.003654 -0.003998 -0.000149 -0.878581 0.575499 -0.000170
876.150000 0.003655 -0.003999 -0.000149 -0.880004 0.573405 -0.000170
876.300000 0.003656 -0.003999 -0.000149 -0.881423 0.571308 -0.000170
876.450000 0.003657 -0.003999 -0.000149 -0.882837 0.569208 -0.000170
876.600000 0.003658 -0.003999 -0.000149 -0.884246 0.567105 -0.000170
876.750000 0.003659 -0.004000 -0.000150 -0.885650 0.564998 -0.000170
876.900000 0.003659 -0.004000 -0.000150 -0.887049 0.562888 -0.000170
877.050000 0.003660 -0.004000 -0.000150 -0.888443 0.560775 -0.000169
877.200000 0.003661 -0.004001 -0.000150 -0.889832 0.558658 -0.000169
877.350000 0.003662 -0.004001 -0.000150 -0.891215 0.556539 -0.000169
877.500000 0.003663 -0.004001 -0.000150 -0.892594 0.554416 -0.000169
877.650000 0.003664 -0.004001 -0.000150 -0.893968 0.552290 -0.000169
877.800000 0.003665 -0.004002 -0.000150 -0.895336 0.550161 -0.000169
877.950000 0.003666 -0.004002 -0.000150 -0.896700 0.548029 -0.000169
878.100000 0.003667 -0.004002 -0.000150 -0.898058 0.545894 -0.000169
878.250000 0.003668 -0.004003 -0.000150 -0.899411 0.543755 -0.000169
878.400000 0.003668 -0.004003 -0.000150 -0.900760 0.541614 -0.000169
878.550000 0.003669 -0.004003 -0.000150 -0.902103 0.539469 -0.000169
878.700000 0.003670 -0.004003 -0.000150 -0.903441 0.537321 -0.000169
878.850000 0.003671 -0.004004 -0.000150 -0.904774 0.535170 -0.000169
879.000000 0.003672 -0.004004 -0.000150 -0.906102 0.533016 -0.000169
879.150000 0.003673 -0.004004 -0.000150 -0.907424 0.530860 -0.000169
879.300000 0.003674 -0.004004 -0.000150 -0.908742 0.528700 -0.000169
879.450000 0.003675 -0.004005 -0.000150 -0.910054 0.526537 -0.000169
879.600000 0.003676 -0.004005 -0.000150 -0.911361 0.524371 -0.000169
879.750000 0.003677 -0.004005 -0.000150 -0.912663 0.522202 -0.000169
879.900000 0.003678 -0.004006 -0.000150 -0.913960 0.520030 -0.000169
880.050000 0.003678 -0.004006 -0.000150 -0.915252 0.517855 -0.000169
880.200000 0.003679 -0.004006 -0.000150 -0.916539 0.515677 -0.000169
880.350000 0.003680 -0.004006 -0.000150 -0.917820 0.513496 -0.000169
880.500000 0.003681 -0.004007 -0.000150 -0.919096 0.511312 -0.000168
880.650000 0.003682 -0.004007 -0.000150 -0.920367 0.509126 -0.000168
880.800000 0.003683 -0.004007 -0.000150 -0.921633 0.506936 -0.000168
880.950000 0.003684 -0.004007 -0.000150 -0.922893 0.504744 -0.000168
881.100000 0.003685 -0.004008 -0.000150 -0.924149 0.502548 -0.000168
881.250000 0.003686 -0.004008 -0.000150 -0.925399 0.500350 -0.000168
881.400000 0.003687 -0.004008 -0.000150 -0.926644 0.498149 -0.000168
881.550000 0.003687 -0.004009 -0.000150 -0.927883 0.495945 -0.000168
881.700000 0.003688 -0.004009 -0.000150 -0.929118 0.493738 -0.000168
881.850000 0.003689 -0.004009 -0.000150 -0.930347 0.491529 -0.000168
882.000000 0.003690 -0.004009 -0.000150 -0.931571 0.489316 -0.000168
882.150000 0.003691 -0.004010 -0.000150 -0.932789 0.487101 -0.000168
882.300000 0.003692 -0.004010 -0.000150 -0.934003 0.484883 -0.000168
882.450000 0.003693 -0.004010 -0.000150 -0.935211 0.482663 -0.000168
882.600000 0.003694 -0.004010 -0.000150 -0.936414 0.480439 -0.000168
882.750000 0.003695 -0.004011 -0.000150 -0.937611 0.478213 -0.000168
882.900000 0.003696 -0.004011 -0.000150 -0.938804 0.475984 -0.000168
883.050000 0.003697 -0.004011 -0.000150 -0.939991 0.473752 -0.000168
883.200000 0.003697 -0.004012 -0.000150 -0.941172 0.471518 -0.000168
883.350000 0.003698 -0.004012 -0.000150 -0.942348 0.469281 -0.000168
883.500000 0.003699 -0.004012 -0.000150 -0.943520 0.467041 -0.000168
883.650000 0.003700 -0.004012 -0.000150 -0.944685 0.464799 -0.000168
883.800000 0.003701 -0.004013 -0.000150 -0.945846 0.462554 -0.000168
883.950000 0.003702 -0.004013 -0.000150 -0.947001 0.460306 -0.000167
884.100000 0.003703 -0.004013 -0.000150 -0.948150 0.458056 -0.000167
884.250000 0.003704 -0.004013 -0.000150 -0.949295 0.455803 -0.000167
884.400000 0.003705 -0.004014 -0.000151 -0.950434 0.453548 -0.000167
884.550000 0.003706 -0.004014 -0.000151 -0.951567 0.451290 -0.000167
884.700000 0.003706 -0.004014 -0.000151 -0.952696 0.449029 -0.000167
884.850000 0.003707 -0.004015 -0.000151 -0.953819 0.446766 -0.000167
885.000000 0.003708 -0.004015 -0.000151 -0.954936 0.444500 -0.000167
885.150000 0.003709 -0.004015 -0.000151 -0.956048 0.442232 -0.000167
885.300000 0.003710 -0.004015 -0.000151 -0.957155 0.439961 -0.000167
885.450000 0.003711 -0.004016 -0.000151 -0.958257 0.437688 -0.000167
885.600000 0.003712 -0.004016 -0.000151 -0.959353 0.435412 -0.000167
885.750000 0.003713 -0.004016 -0.000151 -0.960443 0.433134 -0.000167
885.900000 0.003714 -0.004016 -0.000151 -0.961528 0.430853 -0.000167
886.050000 0.003715 -0.004017 -0.000151 -0.962608 0.428570 -0.000167
886.200000 0.003716 -0.004017 -0.000151 -0.963683 0.426284 -0.000167
886.350000 0.003716 -0.004017 -0.000151 -0.964751 0.423996 -0.000167
886.500000 0.003717 -0.004017 -0.000151 -0.965815 0.421706 -0.000167
886.650000 0.003718 -0.004018 -0.000151 -0.966873 0.419413 -0.000167
886.800000 0.003719 -0.004018 -0.000151 -0.967926 0.417117 -0.000167
886.950000 0.003720 -0.004018 -0.000151 -0.968973 0.414820 -0.000167
887.100000 0.003721 -0.004019 -0.000151 -0.970015 0.412520 -0.000166
887.250000 0.003722 -0.004019 -0.000151 -0.971051 0.410217 -0.000166
887.400000 0.003723 -0.004019 -0.000151 -0.972082 0.407913 -0.000166
887.550000 0.003724 -0.004019 -0.000151 -0.973107 0.405606 -0.000166
887.700000 0.003725 -0.004020 -0.000151 -0.974127 0.403297 -0.000166
887.850000 0.003725 -0.004020 -0.000151 -0.975142 0.400985 -0.000166
888.000000 0.003726 -0.004020 -0.000151 -0.976151 0.398671 -0.000166
888.150000 0.003727 -0.004020 -0.000151 -0.977154 0.396355 -0.000166
888.300000 0.003728 -0.004021 -0.000151 -0.978152 0.394036 -0.000166
888.450000 0.003729 -0.004021 -0.000151 -0.979145 0.391716 -0.000166
888.600000 0.003730 -0.004021 -0.000151 -0.980132 0.389393 -0.000166
888.750000 0.003731 -0.004022 -0.000151 -0.981113 0.387068 -0.000166
888.900000 0.003732 -0.004022 -0.000151 -0.982089 0.384741 -0.000166
889.050000 0.003733 -0.004022 -0.000151 -0.983060 0.382411 -0.000166
889.200000 0.003734 -0.004022 -0.000151 -0.984025 0.380079 -0.000166
889.350000 0.003735 -0.004023 -0.000151 -0.984984 0.377746 -0.000166
889.500000 0.003735 -0.004023 -0.000151 -0.985938 0.375410 -0.000166
889.650000 0.003736 -0.004023 -0.000151 -0.986887 0.373072 -0.000166
889.800000 0.003737 -0.004023 -0.000151 -0.987829 0.370731 -0.000166
889.950000 0.003738 -0.004024 -0.000151 -0.988767 0.368389 -0.000166
890.100000 0.003739 -0.004024 -0.000151 -0.989699 0.366045 -0.000165
890.250000 0.003740 -0.004024 -0.000151 -0.990625 0.363698 -0.000165
890.400000 0.003741 -0.004025 -0.000151 -0.991546 0.361350 -0.000165
890.550000 0.003742 -0.004025 -0.000151 -0.992461 0.358999 -0.000165
890.700000 0.003743 -0.004025 -0.000151 -0.993370 0.356646 -0.000165
890.850000 0.003744 -0.004025 -0.000151 -0.994274 0.354292 -0.000165
891.000000 0.003744 -0.004026 -0.000151 -0.995173 0.351935 -0.000165
891.150000 0.003745 -0.004026 -0.000151 -0.996066 0.349576 -0.000165
891.300000 0.003746 -0.004026 -0.000151 -0.996953 0.347215 -0.000165
891.450000 0.003747 -0.004026 -0.000151 -0.997835 0.344853 -0.000165
891.600000 0.003748 -0.004027 -0.000151 -0.998711 0.342488 -0.000165
891.750000 0.003749 -0.004027 -0.000151 -0.999581 0.340122 -0.000165
891.900000 0.003750 -0.004027 -0.000151 -1.000446 0.337753 -0.000165
892.050000 0.003751 -0.004028 -0.000152 -1.001306 0.335383 -0.000165
892.200000 0.003752 -0.004028 -0.000152 -1.002159 0.333010 -0.000165
892.350000 0.003753 -0.004028 -0.000152 -1.003008 0.330636 -0.000165
892.500000 0.003754 -0.004028 -0.000152 -1.003850 0.328260 -0.000165
892.650000 0.003754 -0.004029 -0.000152 -1.004687 0.325882 -0.000165
892.800000 0.003755 -0.004029 -0.000152 -1.005518 0.323502 -0.000165
892.950000 0.003756 -0.004029 -0.000152 -1.006344 0.321121 -0.000165
893.100000 0.003757 -0.004029 -0.000152 -1.007164 0.318737 -0.000164
893.250000 0.003758 -0.004030 -0.000152 -1.007978 0.316352 -0.000164
893.400000 0.003759 -0.004030 -0.000152 -1.008787 0.313965 -0.000164
893.550000 0.003760 -0.004030 -0.000152 -1.009590 0.311576 -0.000164
893.700000 0.003761 -0.004031 -0.000152 -1.010388 0.309185 -0.000164
893.850000 0.003762 -0.004031 -0.000152 -1.011180 0.306793 -0.000164
894.000000 0.003763 -0.004031 -0.000152 -1.011966 0.304398 -0.000164
894.150000 0.003763 -0.004031 -0.000152 -1.012747 0.302003 -0.000164
894.300000 0.003764 -0.004032 -0.000152 -1.013522 0.299605 -0.000164
894.450000 0.003765 -0.004032 -0.000152 -1.014291 0.297206 -0.000164
894.600000 0.003766 -0.004032 -0.000152 -1.015054 0.294805 -0.000164
894.750000 0.003767 -0.004032 -0.000152 -1.015812 0.292402 -0.000164
894.900000 0.003768 -0.004033 -0.000152 -1.016565 0.289998 -0.000164
895.050000 0.003769 -0.004033 -0.000152 -1.017311 0.287592 -0.000164
895.200000 0.003770 -0.004033 -0.000152 -1.018052 0.285184 -0.000164
895.350000 0.003771 -0.004034 -0.000152 -1.018788 0.282775 -0.000164
895.500000 0.003772 -0.004034 -0.000152 -1.019517 0.280364 -0.000164
895.650000 0.003772 -0.004034 -0.000152 -1.020241 0.277952 -0.000164
895.800000 0.003773 -0.004034 -0.000152 -1.020959 0.275538 -0.000164
895.950000 0.003774 -0.004035 -0.000152 -1.021672 0.273122 -0.000164
896.100000 0.003775 -0.004035 -0.000152 -1.022379 0.270705 -0.000163
896.250000 0.003776 -0.004035 -0.000152 -1.023080 0.268286 -0.000163
896.400000 0.003777 -0.004035 -0.000152 -1.023775 0.265866 -0.000163
896.550000 0.003778 -0.004036 -0.000152 -1.024465 0.263444 -0.000163
896.700000 0.003779 -0.004036 -0.000152 -1.025149 0.261021 -0.000163
896.850000 0.003780 -0.004036 -0.000152 -1.025827 0.258596 -0.000163
897.000000 0.003781 -0.004037 -0.000152 -1.026500 0.256170 -0.000163
897.150000 0.003782 -0.004037 -0.000152 -1.027167 0.253742 -0.000163
897.300000 0.003782 -0.004037 -0.000152 -1.027828 0.251313 -0.000163
897.450000 0.003783 -0.004037 -0.000152 -1.028483 0.248883 -0.000163
897.600000 0.003784 -0.004038 -0.000152 -1.029133 0.246451 -0.000163
897.750000 0.003785 -0.004038 -0.000152 -1.029777 0.244018 -0.000163
897.900000 0.003786 -0.004038 -0.000152 -1.030415 0.241583 -0.000163
898.050000 0.003787 -0.004038 -0.000152 -1.031048 0.239147 -0.000163
898.200000 0.003788 -0.004039 -0.000152 -1.031675 0.236709 -0.000163
898.350000 0.003789 -0.004039 -0.000152 -1.032296 0.234270 -0.000163
898.500000 0.003790 -0.004039 -0.000152 -1.032911 0.231830 -0.000163
898.650000 0.003791 -0.004040 -0.000152 -1.033521 0.229389 -0.000163
898.800000 0.003791 -0.004040 -0.000152 -1.034125 0.226946 -0.000162
898.950000 0.003792 -0.004040 -0.000152 -1.034723 0.224502 -0.000162
899.100000 0.003793 -0.004040 -0.000152 -1.035315 0.222057 -0.000162
899.250000 0.003794 -0.004041 -0.000152 -1.035902 0.219610 -0.000162
899.400000 0.003795 -0.004041 -0.000152 -1.036482 0.217162 -0.000162
899.550000 0.003796 -0.004041 -0.000152 -1.037058 0.214713 -0.000162
899.700000 0.003797 -0.004041 -0.000153 -1.037627 0.212263 -0.000162
899.850000 0.003798 -0.004042 -0.000153 -1.038191 0.209811 -0.000162
900.000000 0.003799 -0.004042 -0.000153 -1.038748 0.207359 -0.000162
900.150000 0.003800 -0.004042 -0.000153 -1.039300 0.204905 -0.000162
900.300000 0.003800 -0.004043 -0.000153 -1.039847 0.202450 -0.000162
900.450000 0.003801 -0.004043 -0.000153 -1.040387 0.199993 -0.000162
900.600000 0.003802 -0.004043 -0.000153 -1.040922 0.197536 -0.000162
900.750000 0.003803 -0.004043 -0.000153 -1.041451 0.195078 -0.000162
900.900000 0.003804 -0.004044 -0.000153 -1.041974 0.192618 -0.000162
901.050000 0.003805 -0.004044 -0.000153 -1.042492 0.190157 -0.000162
901.200000 0.003806 -0.004044 -0.000153 -1.043003 0.187695 -0.000162
901.350000 0.003807 -0.004044 -0.000153 -1.043509 0.185233 -0.000162
901.500000 0.003808 -0.004045 -0.000153 -1.044009 0.182769 -0.000162
901.650000 0.003809 -0.004045 -0.000153 -1.044504 0.180304 -0.000161
901.800000 0.003809 -0.004045 -0.000153 -1.044992 0.177838 -0.000161
901.950000 0.003810 -0.004046 -0.000153 -1.045475 0.175371 -0.000161
902.100000 0.003811 -0.004046 -0.000153 -1.045952 0.172903 -0.000161
902.250000 0.003812 -0.004046 -0.000153 -1.046423 0.170434 -0.000161
902.400000 0.003813 -0.004046 -0.000153 -1.046888 0.167964 -0.000161
902.550000 0.003814 -0.004047 -0.000153 -1.047348 0.165493 -0.000161
902.700000 0.003815 -0.004047 -0.000153 -1.047802 0.163021 -0.000161
902.850000 0.003816 -0.004047 -0.000153 -1.048249 0.160548 -0.000161
903.000000 0.003817 -0.004047 -0.000153 -1.048692 0.158074 -0.000161
903.150000 0.003818 -0.004048 -0.000153 -1.049128 0.155599 -0.000161
903.300000 0.003819 -0.004048 -0.000153 -1.049559 0.153124 -0.000161
903.450000 0.003819 -0.004048 -0.000153 -1.049983 0.150647 -0.000161
903.600000 0.003820 -0.004049 -0.000153 -1.050402 0.148170 -0.000161
903.750000 0.003821 -0.004049 -0.000153 -1.050815 0.145692 -0.000161
903.900000 0.003822 -0.004049 -0.000153 -1.051223 0.143213 -0.000161
904.050000 0.003823 -0.004049 -0.000153 -1.051624 0.140733 -0.000161
904.200000 0.003824 -0.004050 -0.000153 -1.052020 0.138252 -0.000161
904.350000 0.003825 -0.004050 -0.000153 -1.052410 0.135771 -0.000160
904.500000 0.003826 -0.004050 -0.000153 -1.052794 0.133289 -0.000160
904.650000 0.003827 -0.004050 -0.000153 -1.053172 0.130806 -0.000160
904.800000 0.003828 -0.004051 -0.000153 -1.053545 0.128322 -0.000160
904.950000 0.003828 -0.004051 -0.000153 -1.053911 0.125837 -0.000160
905.100000 0.003829 -0.004051 -0.000153 -1.054272 0.123352 -0.000160
905.250000 0.003830 -0.004052 -0.000153 -1.054627 0.120866 -0.000160
905.400000 0.003831 -0.004052 -0.000153 -1.054976 0.118380 -0.000160
905.550000 0.003832 -0.004052 -0.000153 -1.055320 0.115892 -0.000160
905.700000 0.003833 -0.004052 -0.000153 -1.055657 0.113404 -0.000160
905.850000 0.003834 -0.004053 -0.000153 -1.055989 0.110916 -0.000160
906.000000 0.003835 -0.004053 -0.000153 -1.056315 0.108426 -0.000160
906.150000 0.003836 -0.004053 -0.000153 -1.056635 0.105937 -0.000160
906.300000 0.003837 -0.004053 -0.000153 -1.056949 0.103446 -0.000160
906.450000 0.003837 -0.004054 -0.000153 -1.057258 0.100955 -0.000160
906.600000 0.003838 -0.004054 -0.000153 -1.057560 0.098463 -0.000160
906.750000 0.003839 -0.004054 -0.000153 -1.057857 0.095971 -0.000160
906.900000 0.003840 -0.004055 -0.000153 -1.058148 0.093478 -0.000160
907.050000 0.003841 -0.004055 -0.000153 -1.058433 0.090984 -0.000159
907.200000 0.003842 -0.004055 -0.000153 -1.058712 0.088490 -0.000159
907.350000 0.003843 -0.004055 -0.000154 -1.058986 0.085996 -0.000159
907.500000 0.003844 -0.004056 -0.000154 -1.059254 0.083501 -0.000159
907.650000 0.003845 -0.004056 -0.000154 -1.059515 0.081005 -0.000159
907.800000 0.003846 -0.004056 -0.000154 -1.059771 0.078510 -0.000159
907.950000 0.003846 -0.004056 -0.000154 -1.060021 0.076013 -0.000159
908.100000 0.003847 -0.004057 -0.000154 -1.060266 0.073516 -0.000159
908.250000 0.003848 -0.004057 -0.000154 -1.060504 0.071019 -0.000159
908.400000 0.003849 -0.004057 -0.000154 -1.060737 0.068521 -0.000159
908.550000 0.003850 -0.004057 -0.000154 -1.060964 0.066023 -0.000159
908.700000 0.003851 -0.004058 -0.000154 -1.061185 0.063524 -0.000159
908.850000 0.003852 -0.004058 -0.000154 -1.061400 0.061025 -0.000159
909.000000 0.003853 -0.004058 -0.000154 -1.061609 0.058526 -0.000159
909.150000 0.003854 -0.004059 -0.000154 -1.061812 0.056026 -0.000159
909.300000 0.003855 -0.004059 -0.000154 -1.062010 0.053526 -0.000159
909.450000 0.003856 -0.004059 -0.000154 -1.062202 0.051026 -0.000159
909.600000 0.003856 -0.004059 -0.000154 -1.062388 0.048525 -0.000159
909.750000 0.003857 -0.004060 -0.000154 -1.062568 0.046024 -0.000158
909.900000 0.003858 -0.004060 -0.000154 -1.062742 0.043523 -0.000158
910.050000 0.003859 -0.004060 -0.000154 -1.062911 0.041022 -0.000158
910.200000 0.003860 -0.004060 -0.000154 -1.063073 0.038520 -0.000158
910.350000 0.003861 -0.004061 -0.000154 -1.063230 0.036018 -0.000158
910.500000 0.003862 -0.004061 -0.000154 -1.063381 0.033516 -0.000158
910.650000 0.003863 -0.004061 -0.000154 -1.063526 0.031013 -0.000158
910.800000 0.003864 -0.004062 -0.000154 -1.063665 0.028510 -0.000158
910.950000 0.003865 -0.004062 -0.000154 -1.063799 0.026008 -0.000158
911.100000 0.003865 -0.004062 -0.000154 -1.063926 0.023504 -0.000158
911.250000 0.003866 -0.004062 -0.000154 -1.064048 0.021001 -0.000158
911.400000 0.003867 -0.004063 -0.000154 -1.064164 0.018498 -0.000158
911.550000 0.003868 -0.004063 -0.000154 -1.064274 0.015994 -0.000158
911.700000 0.003869 -0.004063 -0.000154 -1.064379 0.013491 -0.000158
911.850000 0.003870 -0.004063 -0.000154 -1.064477 0.010987 -0.000158
912.000000 0.003871 -0.004064 -0.000154 -1.064570 0.008483 -0.000158
912.150000 0.003872 -0.004064 -0.000154 -1.064656 0.005979 -0.000158
912.300000 0.003873 -0.004064 -0.000154 -1.064737 0.003475 -0.000158
912.450000 0.003874 -0.004065 -0.000154 -1.064812 0.000971 -0.000157
912.600000 0.003874 -0.004065 -0.000154 -1.064882 -0.001533 -0.000157
912.750000 0.003875 -0.004065 -0.000154 -1.064945 -0.004037 -0.000157
912.900000 0.003876 -0.004065 -0.000154 -1.065003 -0.006541 -0.000157
913.050000 0.003877 -0.004066 -0.000154 -1.065055 -0.009045 -0.000157
913.200000 0.003878 -0.004066 -0.000154 -1.065101 -0.011549 -0.000157
913.350000 0.003879 -0.004066 -0.000154 -1.065141 -0.014054 -0.000157
913.500000 0.003880 -0.004066 -0.000154 -1.065175 -0.016558 -0.000157
913.650000 0.003881 -0.004067 -0.000154 -1.065203 -0.019062 -0.000157
913.800000 0.003882 -0.004067 -0.000154 -1.065226 -0.021565 -0.000157
913.950000 0.003883 -0.004067 -0.000154 -1.065243 -0.024069 -0.000157
914.100000 0.003883 -0.004068 -0.000154 -1.065254 -0.026573 -0.000157
914.250000 0.003884 -0.004068 -0.000154 -1.065259 -0.029077 -0.000157
914.400000 0.003885 -0.004068 -0.000154 -1.065259 -0.031580 -0.000157
914.550000 0.003886 -0.004068 -0.000154 -1.065252 -0.034084 -0.000157
914.700000 0.003887 -0.004069 -0.000154 -1.065240 -0.036587 -0.000157
914.850000 0.003888 -0.004069 -0.000154 -1.065222 -0.039090 -0.000157
915.000000 0.003889 -0.004069 -0.000155 -1.065198 -0.041593 -0.000156
915.150000 0.003890 -0.004069 -0.000155 -1.065168 -0.044095 -0.000156
915.300000 0.003891 -0.004070 -0.000155 -1.065133 -0.046598 -0.000156
915.450000 0.003892 -0.004070 -0.000155 -1.065091 -0.049100 -0.000156
915.600000 0.003892 -0.004070 -0.000155 -1.065044 -0.051602 -0.000156
915.750000 0.003893 -0.004071 -0.000155 -1.064991 -0.054104 -0.000156
915.900000 0.003894 -0.004071 -0.000155 -1.064932 -0.056606 -0.000156
916.050000 0.003895 -0.004071 -0.000155 -1.064868 -0.059107 -0.000156
916.200000 0.003896 -0.004071 -0.000155 -1.064797 -0.061608 -0.000156
916.350000 0.003897 -0.004072 -0.000155 -1.064721 -0.064109 -0.000156
916.500000 0.003898 -0.004072 -0.000155 -1.064639 -0.066609 -0.000156
916.650000 0.003899 -0.004072 -0.000155 -1.064551 -0.069109 -0.000156
916.800000 0.003900 -0.004072 -0.000155 -1.064458 -0.071609 -0.000156
916.950000 0.003901 -0.004073 -0.000155 -1.064358 -0.074108 -0.000156
917.100000 0.003901 -0.004073 -0.000155 -1.064253 -0.076607 -0.000156
917.250000 0.003902 -0.004073 -0.000155 -1.064142 -0.079106 -0.000156
917.400000 0.003903 -0.004074 -0.000155 -1.064025 -0.081604 -0.000156
917.550000 0.003904 -0.004074 -0.000155 -1.063903 -0.084102 -0.000156
917.700000 0.003905 -0.004074 -0.000155 -1.063774 -0.086599 -0.000155
917.850000 0.003906 -0.004074 -0.000155 -1.063640 -0.089096 -0.000155
918.000000 0.003907 -0.004075 -0.000155 -1.063500 -0.091593 -0.000155
918.150000 0.003908 -0.004075 -0.000155 -1.063355 -0.094089 -0.000155
918.300000 0.003909 -0.004075 -0.000155 -1.063203 -0.096584 -0.000155
918.450000 0.003910 -0.004075 -0.000155 -1.063046 -0.099079 -0.000155
918.600000 0.003910 -0.004076 -0.000155 -1.062883 -0.101574 -0.000155
918.750000 0.003911 -0.004076 -0.000155 -1.062714 -0.104068 -0.000155
918.900000 0.003912 -0.004076 -0.000155 -1.062539 -0.106561 -0.000155
919.050000 0.003913 -0.004077 -0.000155 -1.062359 -0.109054 -0.000155
919.200000 0.003914 -0.004077 -0.000155 -1.062173 -0.111547 -0.000155
919.350000 0.003915 -0.004077 -0.000155 -1.061981 -0.114039 -0.000155
919.500000 0.003916 -0.004077 -0.000155 -1.061783 -0.116530 -0.000155
919.650000 0.003917 -0.004078 -0.000155 -1.061579 -0.119021 -0.000155
919.800000 0.003918 -0.004078 -0.000155 -1.061370 -0.121511 -0.000155
919.950000 0.003919 -0.004078 -0.000155 -1.061155 -0.124000 -0.000155
920.100000 0.003919 -0.004078 -0.000155 -1.060934 -0.126489 -0.000155
920.250000 0.003920 -0.004079 -0.000155 -1.060708 -0.128977 -0.000154
920.400000 0.003921 -0.004079 -0.000155 -1.060475 -0.131465 -0.000154
920.550000 0.003922 -0.004079 -0.000155 -1.060237 -0.133952 -0.000154
920.700000 0.003923 -0.004080 -0.000155 -1.059993 -0.136438 -0.000154
920.850000 0.003924 -0.004080 -0.000155 -1.059744 -0.138923 -0.000154
921.000000 0.003925 -0.004080 -0.000155 -1.059488 -0.141408 -0.000154
921.150000 0.003926 -0.004080 -0.000155 -1.059227 -0.143892 -0.000154
921.300000 0.003927 -0.004081 -0.000155 -1.058961 -0.146375 -0.000154
921.450000 0.003928 -0.004081 -0.000155 -1.058688 -0.148858 -0.000154
921.600000 0.003928 -0.004081 -0.000155 -1.058410 -0.151340 -0.000154
921.750000 0.003929 -0.004081 -0.000155 -1.058126 -0.153821 -0.000154
921.900000 0.003930 -0.004082 -0.000155 -1.057836 -0.156301 -0.000154
922.050000 0.003931 -0.004082 -0.000155 -1.057540 -0.158780 -0.000154
922.200000 0.003932 -0.004082 -0.000155 -1.057239 -0.161259 -0.000154
922.350000 0.003933 -0.004083 -0.000155 -1.056932 -0.163736 -0.000154
922.500000 0.003934 -0.004083 -0.000155 -1.056620 -0.166213 -0.000154
922.650000 0.003935 -0.004083 -0.000156 -1.056301 -0.168689 -0.000154
922.800000 0.003936 -0.004083 -0.000156 -1.055977 -0.171164 -0.000153
922.950000 0.003937 -0.004084 -0.000156 -1.055647 -0.173639 -0.000153
923.100000 0.003937 -0.004084 -0.000156 -1.055312 -0.176112 -0.000153
923.250000 0.003938 -0.004084 -0.000156 -1.054970 -0.178584 -0.000153
923.400000 0.003939 -0.004084 -0.000156 -1.054624 -0.181056 -0.000153
923.550000 0.003940 -0.004085 -0.000156 -1.054271 -0.183526 -0.000153
923.700000 0.003941 -0.004085 -0.000156 -1.053912 -0.185996 -0.000153
923.850000 0.003942 -0.004085 -0.000156 -1.053548 -0.188465 -0.000153
924.000000 0.003943 -0.004085 -0.000156 -1.053179 -0.190932 -0.000153
924.150000 0.003944 -0.004086 -0.000156 -1.052803 -0.193399 -0.000153
924.300000 0.003945 -0.004086 -0.000156 -1.052422 -0.195865 -0.000153
924.450000 0.003946 -0.004086 -0.000156 -1.052035 -0.198329 -0.000153
924.600000 0.003946 -0.004087 -0.000156 -1.051643 -0.200793 -0.000153
924.750000 0.003947 -0.004087 -0.000156 -1.051245 -0.203255 -0.000153
924.900000 0.003948 -0.004087 -0.000156 -1.050841 -0.205717 -0.000153
925.050000 0.003949 -0.004087 -0.000156 -1.050431 -0.208177 -0.000153
925.200000 0.003950 -0.004088 -0.000156 -1.050016 -0.210637 -0.000153
925.350000 0.003951 -0.004088 -0.000156 -1.049595 -0.213095 -0.000153
925.500000 0.003952 -0.004088 -0.000156 -1.049169 -0.215552 -0.000152
925.650000 0.003953 -0.004088 -0.000156 -1.048736 -0.218008 -0.000152
925.800000 0.003954 -0.004089 -0.000156 -1.048299 -0.220463 -0.000152
925.950000 0.003955 -0.004089 -0.000156 -1.047855 -0.222917 -0.000152
926.100000 0.003955 -0.004089 -0.000156 -1.047406 -0.225369 -0.000152
926.250000 0.003956 -0.004090 -0.000156 -1.046951 -0.227821 -0.000152
926.400000 0.003957 -0.004090 -0.000156 -1.046491 -0.230271 -0.000152
926.550000 0.003958 -0.004090 -0.000156 -1.046024 -0.232720 -0.000152
926.700000 0.003959 -0.004090 -0.000156 -1.045553 -0.235168 -0.000152
926.850000 0.003960 -0.004091 -0.000156 -1.045075 -0.237614 -0.000152
927.000000 0.003961 -0.004091 -0.000156 -1.044592 -0.240060 -0.000152
927.150000 0.003962 -0.004091 -0.000156 -1.044104 -0.242504 -0.000152
927.300000 0.003963 -0.004091 -0.000156 -1.043610 -0.244947 -0.000152
927.450000 0.003964 -0.004092 -0.000156 -1.043110 -0.247388 -0.000152
927.600000 0.003964 -0.004092 -0.000156 -1.042604 -0.249828 -0.000152
927.750000 0.003965 -0.004092 -0.000156 -1.042093 -0.252267 -0.000152
927.900000 0.003966 -0.004093 -0.000156 -1.041576 -0.254705 -0.000152
928.050000 0.003967 -0.004093 -0.000156 -1.041054 -0.257141 -0.000152
928.200000 0.003968 -0.004093 -0.000156 -1.040526 -0.259576 -0.000151
928.350000 0.003969 -0.004093 -0.000156 -1.039993 -0.262010 -0.000151
928.500000 0.003970 -0.004094 -0.000156 -1.039454 -0.264442 -0.000151
928.650000 0.003971 -0.004094 -0.000156 -1.038909 -0.266873 -0.000151
928.800000 0.003972 -0.004094 -0.000156 -1.038359 -0.269302 -0.000151
928.950000 0.003973 -0.004094 -0.000156 -1.037803 -0.271730 -0.000151
929.100000 0.003973 -0.004095 -0.000156 -1.037241 -0.274157 -0.000151
929.250000 0.003974 -0.004095 -0.000156 -1.036674 -0.276582 -0.000151
929.400000 0.003975 -0.004095 -0.000156 -1.036102 -0.279006 -0.000151
929.550000 0.003976 -0.004096 -0.000156 -1.035524 -0.281428 -0.000151
929.700000 0.003977 -0.004096 -0.000156 -1.034940 -0.283849 -0.000151
929.850000 0.003978 -0.004096 -0.000156 -1.034351 -0.286268 -0.000151
930.000000 0.003979 -0.004096 -0.000156 -1.033756 -0.288686 -0.000151
930.150000 0.003980 -0.004097 -0.000156 -1.033155 -0.291103 -0.000151
930.300000 0.003981 -0.004097 -0.000157 -1.032549 -0.293517 -0.000151
930.450000 0.003982 -0.004097 -0.000157 -1.031938 -0.295931 -0.000151
930.600000 0.003982 -0.004097 -0.000157 -1.031321 -0.298342 -0.000151
930.750000 0.003983 -0.004098 -0.000157 -1.030699 -0.300753 -0.000150
930.900000 0.003984 -0.004098 -0.000157 -1.030070 -0.303161 -0.000150
931.050000 0.003985 -0.004098 -0.000157 -1.029437 -0.305568 -0.000150
931.200000 0.003986 -0.004099 -0.000157 -1.028798 -0.307974 -0.000150
931.350000 0.003987 -0.004099 -0.000157 -1.028153 -0.310377 -0.000150
931.500000 0.003988 -0.004099 -0.000157 -1.027503 -0.312780 -0.000150
931.650000 0.003989 -0.004099 -0.000157 -1.026847 -0.315180 -0.000150
931.800000 0.003990 -0.004100 -0.000157 -1.026186 -0.317579 -0.000150
931.950000 0.003991 -0.004100 -0.000157 -1.025520 -0.319976 -0.000150
932.100000 0.003991 -0.004100 -0.000157 -1.024848 -0.322372 -0.000150
932.250000 0.003992 -0.004100 -0.000157 -1.024170 -0.324766 -0.000150
932.400000 0.003993 -0.004101 -0.000157 -1.023487 -0.327158 -0.000150
932.550000 0.003994 -0.004101 -0.000157 -1.022798 -0.329549 -0.000150
932.700000 0.003995 -0.004101 -0.000157 -1.022104 -0.331937 -0.000150
932.850000 0.003996 -0.004102 -0.000157 -1.021405 -0.334324 -0.000150
933.000000 0.003997 -0.004102 -0.000157 -1.020700 -0.336710 -0.000150
933.150000 0.003998 -0.004102 -0.000157 -1.019989 -0.339093 -0.000150
933.300000 0.003999 -0.004102 -0.000157 -1.019273 -0.341475 -0.000150
933.450000 0.004000 -0.004103 -0.000157 -1.018552 -0.343855 -0.000149
933.600000 0.004000 -0.004103 -0.000157 -1.017825 -0.346233 -0.000149
933.750000 0.004001 -0.004103 -0.000157 -1.017093 -0.348610 -0.000149
933.900000 0.004002 -0.004103 -0.000157 -1.016355 -0.350984 -0.000149
934.050000 0.004003 -0.004104 -0.000157 -1.015612 -0.353357 -0.000149
934.200000 0.004004 -0.004104 -0.000157 -1.014864 -0.355728 -0.000149
934.350000 0.004005 -0.004104 -0.000157 -1.014110 -0.358097 -0.000149
934.500000 0.004006 -0.004105 -0.000157 -1.013350 -0.360464 -0.000149
934.650000 0.004007 -0.004105 -0.000157 -1.012585 -0.362829 -0.000149
934.800000 0.004008 -0.004105 -0.000157 -1.011815 -0.365192 -0.000149
934.950000 0.004009 -0.004105 -0.000157 -1.011040 -0.367554 -0.000149
935.100000 0.004009 -0.004106 -0.000157 -1.010259 -0.369914 -0.000149
935.250000 0.004010 -0.004106 -0.000157 -1.009472 -0.372271 -0.000149
935.400000 0.004011 -0.004106 -0.000157 -1.008681 -0.374627 -0.000149
935.550000 0.004012 -0.004106 -0.000157 -1.007883 -0.376981 -0.000149
935.700000 0.004013 -0.004107 -0.000157 -1.007081 -0.379332 -0.000149
935.850000 0.004014 -0.004107 -0.000157 -1.006273 -0.381682 -0.000149
936.000000 0.004015 -0.004107 -0.000157 -1.005460 -0.384030 -0.000149
936.150000 0.004016 -0.004108 -0.000157 -1.004641 -0.386376 -0.000148
936.300000 0.004017 -0.004108 -0.000157 -1.003817 -0.388719 -0.000148
936.450000 0.004018 -0.004108 -0.000157 -1.002988 -0.391061 -0.000148
936.600000 0.004018 -0.004108 -0.000157 -1.002153 -0.393401 -0.000148
936.750000 0.004019 -0.004109 -0.000157 -1.001313 -0.395738 -0.000148
936.900000 0.004020 -0.004109 -0.000157 -1.000468 -0.398074 -0.000148
937.050000 0.004021 -0.004109 -0.000157 -0.999617 -0.400408 -0.000148
937.200000 0.004022 -0.004109 -0.000157 -0.998761 -0.402739 -0.000148
937.350000 0.004023 -0.004110 -0.000157 -0.997899 -0.405068 -0.000148
937.500000 0.004024 -0.004110 -0.000157 -0.997033 -0.407395 -0.000148
937.650000 0.004025 -0.004110 -0.000157 -0.996161 -0.409721 -0.000148
937.800000 0.004026 -0.004111 -0.000157 -0.995284 -0.412043 -0.000148
937.950000 0.004027 -0.004111 -0.000158 -0.994401 -0.414364 -0.000148
938.100000 0.004027 -0.004111 -0.000158 -0.993513 -0.416683 -0.000148
938.250000 0.004028 -0.004111 -0.000158 -0.992620 -0.418999 -0.000148
938.400000 0.004029 -0.004112 -0.000158 -0.991722 -0.421314 -0.000148
938.550000 0.004030 -0.004112 -0.000158 -0.990818 -0.423626 -0.000148
938.700000 0.004031 -0.004112 -0.000158 -0.989909 -0.425936 -0.000148
938.850000 0.004032 -0.004112 -0.000158 -0.988995 -0.428243 -0.000148
939.000000 0.004033 -0.004113 -0.000158 -0.988075 -0.430549 -0.000147
939.150000 0.004034 -0.004113 -0.000158 -0.987151 -0.432852 -0.000147
939.300000 0.004035 -0.004113 -0.000158 -0.986221 -0.435153 -0.000147
939.450000 0.004035 -0.004114 -0.000158 -0.985285 -0.437451 -0.000147
939.600000 0.004036 -0.004114 -0.000158 -0.984345 -0.439748 -0.000147
939.750000 0.004037 -0.004114 -0.000158 -0.983399 -0.442042 -0.000147
939.900000 0.004038 -0.004114 -0.000158 -0.982448 -0.444334 -0.000147
940.050000 0.004039 -0.004115 -0.000158 -0.981492 -0.446623 -0.000147
940.200000 0.004040 -0.004115 -0.000158 -0.980531 -0.448910 -0.000147
940.350000 0.004041 -0.004115 -0.000158 -0.979564 -0.451195 -0.000147
940.500000 0.004042 -0.004115 -0.000158 -0.978593 -0.453478 -0.000147
940.650000 0.004043 -0.004116 -0.000158 -0.977616 -0.455758 -0.000147
940.800000 0.004044 -0.004116 -0.000158 -0.976634 -0.458035 -0.000147
940.950000 0.004044 -0.004116 -0.000158 -0.975646 -0.460311 -0.000147
941.100000 0.004045 -0.004117 -0.000158 -0.974654 -0.462584 -0.000147
941.250000 0.004046 -0.004117 -0.000158 -0.973656 -0.464854 -0.000147
941.400000 0.004047 -0.004117 -0.000158 -0.972653 -0.467122 -0.000147
941.550000 0.004048 -0.004117 -0.000158 -0.971645 -0.469388 -0.000147
941.700000 0.004049 -0.004118 -0.000158 -0.970632 -0.471651 -0.000147
941.850000 0.004050 -0.004118 -0.000158 -0.969614 -0.473912 -0.000146
942.000000 0.004051 -0.004118 -0.000158 -0.968591 -0.476171 -0.000146
942.150000 0.004052 -0.004118 -0.000158 -0.967562 -0.478426 -0.000146
942.300000 0.004053 -0.004119 -0.000158 -0.966529 -0.480680 -0.000146
942.450000 0.004053 -0.004119 -0.000158 -0.965490 -0.482931 -0.000146
942.600000 0.004054 -0.004119 -0.000158 -0.964446 -0.485179 -0.000146
942.750000 0.004055 -0.004120 -0.000158 -0.963397 -0.487425 -0.000146
942.900000 0.004056 -0.004120 -0.000158 -0.962343 -0.489668 -0.000146
943.050000 0.004057 -0.004120 -0.000158 -0.961284 -0.491909 -0.000146
943.200000 0.004058 -0.004120 -0.000158 -0.960220 -0.494147 -0.000146
943.350000 0.004059 -0.004121 -0.000158 -0.959150 -0.496383 -0.000146
943.500000 0.004060 -0.004121 -0.000158 -0.958076 -0.498616 -0.000146
943.650000 0.004061 -0.004121 -0.000158 -0.956996 -0.500847 -0.000146
943.800000 0.004062 -0.004121 -0.000158 -0.955912 -0.503074 -0.000146
943.950000 0.004062 -0.004122 -0.000158 -0.954822 -0.505300 -0.000146
944.100000 0.004063 -0.004122 -0.000158 -0.953728 -0.507522 -0.000146
944.250000 0.004064 -0.004122 -0.000158 -0.952628 -0.509742 -0.000146
944.400000 0.004065 -0.004123 -0.000158 -0.951523 -0.511960 -0.000146
944.550000 0.004066 -0.004123 -0.000158 -0.950414 -0.514174 -0.000146
944.700000 0.004067 -0.004123 -0.000158 -0.949299 -0.516386 -0.000145
944.850000 0.004068 -0.004123 -0.000158 -0.948179 -0.518596 -0.000145
945.000000 0.004069 -0.004124 -0.000158 -0.947054 -0.520802 -0.000145
945.150000 0.004070 -0.004124 -0.000158 -0.945925 -0.523006 -0.000145
945.300000 0.004071 -0.004124 -0.000158 -0.944790 -0.525208 -0.000145
945.450000 0.004071 -0.004124 -0.000158 -0.943650 -0.527406 -0.000145
945.600000 0.004072 -0.004125 -0.000159 -0.942505 -0.529602 -0.000145
945.750000 0.004073 -0.004125 -0.000159 -0.941356 -0.531795 -0.000145
945.900000 0.004074 -0.004125 -0.000159 -0.940201 -0.533985 -0.000145
946.050000 0.004075 -0.004126 -0.000159 -0.939041 -0.536173 -0.000145
946.200000 0.004076 -0.004126 -0.000159 -0.937877 -0.538358 -0.000145
946.350000 0.004077 -0.004126 -0.000159 -0.936707 -0.540540 -0.000145
946.500000 0.004078 -0.004126 -0.000159 -0.935533 -0.542719 -0.000145
946.650000 0.004079 -0.004127 -0.000159 -0.934353 -0.544895 -0.000145
946.800000 0.004079 -0.004127 -0.000159 -0.933169 -0.547069 -0.000145
946.950000 0.004080 -0.004127 -0.000159 -0.931980 -0.549239 -0.000145
947.100000 0.004081 -0.004127 -0.000159 -0.930786 -0.551407 -0.000145
947.250000 0.004082 -0.004128 -0.000159 -0.929587 -0.553572 -0.000145
947.400000 0.004083 -0.004128 -0.000159 -0.928383 -0.555734 -0.000145
947.550000 0.004084 -0.004128 -0.000159 -0.927174 -0.557894 -0.000144
947.700000 0.004085 -0.004129 -0.000159 -0.925960 -0.560050 -0.000144
947.850000 0.004086 -0.004129 -0.000159 -0.924741 -0.562203 -0.000144
948.000000 0.004087 -0.004129 -0.000159 -0.923518 -0.564354 -0.000144
948.150000 0.004088 -0.004129 -0.000159 -0.922290 -0.566502 -0.000144
948.300000 0.004088 -0.004130 -0.000159 -0.921056 -0.568646 -0.000144
948.450000 0.004089 -0.004130 -0.000159 -0.919818 -0.570788 -0.000144
948.600000 0.004090 -0.004130 -0.000159 -0.918576 -0.572927 -0.000144
948.750000 0.004091 -0.004130 -0.000159 -0.917328 -0.575063 -0.000144
948.900000 0.004092 -0.004131 -0.000159 -0.916075 -0.577196 -0.000144
949.050000 0.004093 -0.004131 -0.000159 -0.914818 -0.579325 -0.000144
949.200000 0.004094 -0.004131 -0.000159 -0.913556 -0.581452 -0.000144
949.350000 0.004095 -0.004132 -0.000159 -0.912289 -0.583576 -0.000144
949.500000 0.004096 -0.004132 -0.000159 -0.911017 -0.585697 -0.000144
949.650000 0.004097 -0.004132 -0.000159 -0.909741 -0.587815 -0.000144
949.800000 0.004097 -0.004132 -0.000159 -0.908459 -0.589930 -0.000144
949.950000 0.004098 -0.004133 -0.000159 -0.907173 -0.592042 -0.000144
950.100000 0.004099 -0.004133 -0.000159 -0.905882 -0.594150 -0.000144
950.250000 0.004100 -0.004133 -0.000159 -0.904587 -0.596256 -0.000144
950.400000 0.004101 -0.004133 -0.000159 -0.903286 -0.598358 -0.000144
950.550000 0.004102 -0.004134 -0.000159 -0.901981 -0.600458 -0.000144
950.700000 0.004103 -0.004134 -0.000159 -0.900671 -0.602554 -0.000143
950.850000 0.004104 -0.004134 -0.000159 -0.899357 -0.604647 -0.000143
951.000000 0.004105 -0.004135 -0.000159 -0.898038 -0.606738 -0.000143
951.150000 0.004106 -0.004135 -0.000159 -0.896714 -0.608825 -0.000143
951.300000 0.004106 -0.004135 -0.000159 -0.895385 -0.610908 -0.000143
951.450000 0.004107 -0.004135 -0.000159 -0.894052 -0.612989 -0.000143
951.600000 0.004108 -0.004136 -0.000159 -0.892714 -0.615067 -0.000143
951.750000 0.004109 -0.004136 -0.000159 -0.891371 -0.617141 -0.000143
951.900000 0.004110 -0.004136 -0.000159 -0.890023 -0.619212 -0.000143
952.050000 0.004111 -0.004136 -0.000159 -0.888671 -0.621280 -0.000143
952.200000 0.004112 -0.004137 -0.000159 -0.887314 -0.623345 -0.000143
952.350000 0.004113 -0.004137 -0.000159 -0.885953 -0.625407 -0.000143
952.500000 0.004114 -0.004137 -0.000159 -0.884587 -0.627465 -0.000143
952.650000 0.004114 -0.004138 -0.000159 -0.883216 -0.629520 -0.000143
952.800000 0.004115 -0.004138 -0.000159 -0.881841 -0.631572 -0.000143
952.950000 0.004116 -0.004138 -0.000159 -0.880461 -0.633620 -0.000143
953.100000 0.004117 -0.004138 -0.000159 -0.879077 -0.635666 -0.000143
953.250000 0.004118 -0.004139 -0.000160 -0.877687 -0.637708 -0.000143
953.400000 0.004119 -0.004139 -0.000160 -0.876294 -0.639747 -0.000143
953.550000 0.004120 -0.004139 -0.000160 -0.874895 -0.641782 -0.000143
953.700000 0.004121 -0.004139 -0.000160 -0.873493 -0.643814 -0.000143
953.850000 0.004122 -0.004140 -0.000160 -0.872085 -0.645843 -0.000142
954.000000 0.004123 -0.004140 -0.000160 -0.870673 -0.647869 -0.000142
954.150000 0.004123 -0.004140 -0.000160 -0.869256 -0.649891 -0.000142
954.300000 0.004124 -0.004141 -0.000160 -0.867835 -0.651910 -0.000142
954.450000 0.004125 -0.004141 -0.000160 -0.866410 -0.653925 -0.000142
954.600000 0.004126 -0.004141 -0.000160 -0.864979 -0.655937 -0.000142
954.750000 0.004127 -0.004141 -0.000160 -0.863545 -0.657946 -0.000142
954.900000 0.004128 -0.004142 -0.000160 -0.862106 -0.659952 -0.000142
955.050000 0.004129 -0.004142 -0.000160 -0.860662 -0.661954 -0.000142
955.200000 0.004130 -0.004142 -0.000160 -0.859214 -0.663952 -0.000142
955.350000 0.004131 -0.004142 -0.000160 -0.857761 -0.665947 -0.000142
955.500000 0.004132 -0.004143 -0.000160 -0.856304 -0.667939 -0.000142
955.650000 0.004132 -0.004143 -0.000160 -0.854842 -0.669927 -0.000142
955.800000 0.004133 -0.004143 -0.000160 -0.853376 -0.671912 -0.000142
955.950000 0.004134 -0.004144 -0.000160 -0.851905 -0.673894 -0.000142
956.100000 0.004135 -0.004144 -0.000160 -0.850430 -0.675872 -0.000142
956.250000 0.004136 -0.004144 -0.000160 -0.848951 -0.677846 -0.000142
956.400000 0.004137 -0.004144 -0.000160 -0.847467 -0.679817 -0.000142
956.550000 0.004138 -0.004145 -0.000160 -0.845979 -0.681785 -0.000142
956.700000 0.004139 -0.004145 -0.000160 -0.844486 -0.683749 -0.000142
956.850000 0.004140 -0.004145 -0.000160 -0.842989 -0.685709 -0.000142
957.000000 0.004140 -0.004145 -0.000160 -0.841487 -0.687666 -0.000142
957.150000 0.004141 -0.004146 -0.000160 -0.839981 -0.689620 -0.000141
957.300000 0.004142 -0.004146 -0.000160 -0.838471 -0.691569 -0.000141
957.450000 0.004143 -0.004146 -0.000160 -0.836956 -0.693516 -0.000141
957.600000 0.004144 -0.004147 -0.000160 -0.835437 -0.695459 -0.000141
957.750000 0.004145 -0.004147 -0.000160 -0.833914 -0.697398 -0.000141
957.900000 0.004146 -0.004147 -0.000160 -0.832386 -0.699333 -0.000141
958.050000 0.004147 -0.004147 -0.000160 -0.830854 -0.701266 -0.000141
958.200000 0.004148 -0.004148 -0.000160 -0.829318 -0.703194 -0.000141
958.350000 0.004149 -0.004148 -0.000160 -0.827777 -0.705119 -0.000141
958.500000 0.004149 -0.004148 -0.000160 -0.826232 -0.707040 -0.000141
958.650000 0.004150 -0.004148 -0.000160 -0.824682 -0.708958 -0.000141
958.800000 0.004151 -0.004149 -0.000160 -0.823129 -0.710872 -0.000141
958.950000 0.004152 -0.004149 -0.000160 -0.821571 -0.712782 -0.000141
959.100000 0.004153 -0.004149 -0.000160 -0.820009 -0.714689 -0.000141
959.250000 0.004154 -0.004150 -0.000160 -0.818442 -0.716592 -0.000141
959.400000 0.004155 -0.004150 -0.000160 -0.816871 -0.718491 -0.000141
959.550000 0.004156 -0.004150 -0.000160 -0.815296 -0.720387 -0.000141
959.700000 0.004157 -0.004150 -0.000160 -0.813717 -0.722279 -0.000141
959.850000 0.004158 -0.004151 -0.000160 -0.812134 -0.724167 -0.000141
960.000000 0.004158 -0.004151 -0.000160 -0.810546 -0.726052 -0.000141
960.150000 0.004159 -0.004151 -0.000160 -0.808954 -0.727932 -0.000141
960.300000 0.004160 -0.004151 -0.000160 -0.807358 -0.729809 -0.000141
960.450000 0.004161 -0.004152 -0.000160 -0.805758 -0.731683 -0.000141
960.600000 0.004162 -0.004152 -0.000160 -0.804153 -0.733553 -0.000140
960.750000 0.004163 -0.004152 -0.000160 -0.802545 -0.735418 -0.000140
960.900000 0.004164 -0.004153 -0.000161 -0.800932 -0.737281 -0.000140
961.050000 0.004165 -0.004153 -0.000161 -0.799315 -0.739139 -0.000140
961.200000 0.004166 -0.004153 -0.000161 -0.797694 -0.740993 -0.000140
961.350000 0.004166 -0.004153 -0.000161 -0.796069 -0.742844 -0.000140
961.500000 0.004167 -0.004154 -0.000161 -0.794439 -0.744691 -0.000140
961.650000 0.004168 -0.004154 -0.000161 -0.792806 -0.746534 -0.000140
961.800000 0.004169 -0.004154 -0.000161 -0.791168 -0.748374 -0.000140
961.950000 0.004170 -0.004154 -0.000161 -0.789526 -0.750209 -0.000140
962.100000 0.004171 -0.004155 -0.000161 -0.787880 -0.752041 -0.000140
962.250000 0.004172 -0.004155 -0.000161 -0.786230 -0.753869 -0.000140
962.400000 0.004173 -0.004155 -0.000161 -0.784576 -0.755693 -0.000140
962.550000 0.004174 -0.004156 -0.000161 -0.782918 -0.757513 -0.000140
962.700000 0.004175 -0.004156 -0.000161 -0.781256 -0.759329 -0.000140
962.850000 0.004175 -0.004156 -0.000161 -0.779590 -0.761142 -0.000140
963.000000 0.004176 -0.004156 -0.000161 -0.777920 -0.762950 -0.000140
963.150000 0.004177 -0.004157 -0.000161 -0.776245 -0.764755 -0.000140
963.300000 0.004178 -0.004157 -0.000161 -0.774567 -0.766556 -0.000140
963.450000 0.004179 -0.004157 -0.000161 -0.772885 -0.768352 -0.000140
963.600000 0.004180 -0.004157 -0.000161 -0.771198 -0.770145 -0.000140
963.750000 0.004181 -0.004158 -0.000161 -0.769508 -0.771934 -0.000140
963.900000 0.004182 -0.004158 -0.000161 -0.767814 -0.773719 -0.000140
964.050000 0.004183 -0.004158 -0.000161 -0.766115 -0.775500 -0.000140
964.200000 0.004184 -0.004159 -0.000161 -0.764413 -0.777277 -0.000139
964.350000 0.004184 -0.004159 -0.000161 -0.762707 -0.779051 -0.000139
964.500000 0.004185 -0.004159 -0.000161 -0.760997 -0.780820 -0.000139
964.650000 0.004186 -0.004159 -0.000161 -0.759283 -0.782585 -0.000139
964.800000 0.004187 -0.004160 -0.000161 -0.757565 -0.784346 -0.000139
964.950000 0.004188 -0.004160 -0.000161 -0.755843 -0.786103 -0.000139
965.100000 0.004189 -0.004160 -0.000161 -0.754117 -0.787856 -0.000139
965.250000 0.004190 -0.004161 -0.000161 -0.752387 -0.789606 -0.000139
965.400000 0.004191 -0.004161 -0.000161 -0.750653 -0.791351 -0.000139
965.550000 0.004192 -0.004161 -0.000161 -0.748916 -0.793092 -0.000139
965.700000 0.004192 -0.004161 -0.000161 -0.747174 -0.794829 -0.000139
965.850000 0.004193 -0.004162 -0.000161 -0.745429 -0.796562 -0.000139
966.000000 0.004194 -0.004162 -0.000161 -0.743680 -0.798291 -0.000139
966.150000 0.004195 -0.004162 -0.000161 -0.741927 -0.800016 -0.000139
966.300000 0.004196 -0.004162 -0.000161 -0.740170 -0.801737 -0.000139
966.450000 0.004197 -0.004163 -0.000161 -0.738409 -0.803454 -0.000139
966.600000 0.004198 -0.004163 -0.000161 -0.736645 -0.805166 -0.000139
966.750000 0.004199 -0.004163 -0.000161 -0.734877 -0.806875 -0.000139
966.900000 0.004200 -0.004164 -0.000161 -0.733105 -0.808579 -0.000139
967.050000 0.004201 -0.004164 -0.000161 -0.731329 -0.810280 -0.000139
967.200000 0.004201 -0.004164 -0.000161 -0.729549 -0.811976 -0.000139
967.350000 0.004202 -0.004164 -0.000161 -0.727766 -0.813668 -0.000139
967.500000 0.004203 -0.004165 -0.000161 -0.725979 -0.815356 -0.000139
967.650000 0.004204 -0.004165 -0.000161 -0.724188 -0.817040 -0.000139
967.800000 0.004205 -0.004165 -0.000161 -0.722393 -0.818719 -0.000139
967.950000 0.004206 -0.004165 -0.000161 -0.720595 -0.820395 -0.000139
968.100000 0.004207 -0.004166 -0.000161 -0.718792 -0.822066 -0.000138
968.250000 0.004208 -0.004166 -0.000161 -0.716987 -0.823733 -0.000138
968.400000 0.004209 -0.004166 -0.000161 -0.715177 -0.825396 -0.000138
968.550000 0.004209 -0.004167 -0.000161 -0.713364 -0.827055 -0.000138
968.700000 0.004210 -0.004167 -0.000162 -0.711547 -0.828710 -0.000138
968.850000 0.004211 -0.004167 -0.000162 -0.709726 -0.830360 -0.000138
969.000000 0.004212 -0.004167 -0.000162 -0.707902 -0.832006 -0.000138
969.150000 0.004213 -0.004168 -0.000162 -0.706074 -0.833648 -0.000138
969.300000 0.004214 -0.004168 -0.000162 -0.704243 -0.835286 -0.000138
969.450000 0.004215 -0.004168 -0.000162 -0.702408 -0.836919 -0.000138
969.600000 0.004216 -0.004168 -0.000162 -0.700569 -0.838548 -0.000138
969.750000 0.004217 -0.004169 -0.000162 -0.698727 -0.840173 -0.000138
969.900000 0.004218 -0.004169 -0.000162 -0.696881 -0.841794 -0.000138
970.050000 0.004218 -0.004169 -0.000162 -0.695031 -0.843410 -0.000138
970.200000 0.004219 -0.004170 -0.000162 -0.693178 -0.845022 -0.000138
970.350000 0.004220 -0.004170 -0.000162 -0.691321 -0.846630 -0.000138
970.500000 0.004221 -0.004170 -0.000162 -0.689461 -0.848234 -0.000138
970.650000 0.004222 -0.004170 -0.000162 -0.687597 -0.849833 -0.000138
970.800000 0.004223 -0.004171 -0.000162 -0.685730 -0.851428 -0.000138
970.950000 0.004224 -0.004171 -0.000162 -0.683859 -0.853019 -0.000138
971.100000 0.004225 -0.004171 -0.000162 -0.681984 -0.854605 -0.000138
971.250000 0.004226 -0.004171 -0.000162 -0.680106 -0.856187 -0.000138
971.400000 0.004227 -0.004172 -0.000162 -0.678225 -0.857764 -0.000138
971.550000 0.004227 -0.004172 -0.000162 -0.676340 -0.859338 -0.000138
971.700000 0.004228 -0.004172 -0.000162 -0.674452 -0.860907 -0.000138
971.850000 0.004229 -0.004173 -0.000162 -0.672560 -0.862471 -0.000138
972.000000 0.004230 -0.004173 -0.000162 -0.670664 -0.864031 -0.000138
972.150000 0.004231 -0.004173 -0.000162 -0.668766 -0.865587 -0.000138
972.300000 0.004232 -0.004173 -0.000162 -0.666863 -0.867139 -0.000137
972.450000 0.004233 -0.004174 -0.000162 -0.664958 -0.868686 -0.000137
972.600000 0.004234 -0.004174 -0.000162 -0.663049 -0.870228 -0.000137
972.750000 0.004235 -0.004174 -0.000162 -0.661136 -0.871766 -0.000137
972.900000 0.004235 -0.004175 -0.000162 -0.659220 -0.873300 -0.000137
973.050000 0.004236 -0.004175 -0.000162 -0.657301 -0.874830 -0.000137
973.200000 0.004237 -0.004175 -0.000162 -0.655378 -0.876355 -0.000137
973.350000 0.004238 -0.004175 -0.000162 -0.653452 -0.877875 -0.000137
973.500000 0.004239 -0.004176 -0.000162 -0.651523 -0.879391 -0.000137
973.650000 0.004240 -0.004176 -0.000162 -0.649590 -0.880903 -0.000137
973.800000 0.004241 -0.004176 -0.000162 -0.647654 -0.882410 -0.000137
973.950000 0.004242 -0.004176 -0.000162 -0.645715 -0.883913 -0.000137
974.100000 0.004243 -0.004177 -0.000162 -0.643772 -0.885411 -0.000137
974.250000 0.004244 -0.004177 -0.000162 -0.641826 -0.886905 -0.000137
974.400000 0.004244 -0.004177 -0.000162 -0.639876 -0.888394 -0.000137
974.550000 0.004245 -0.004178 -0.000162 -0.637924 -0.889879 -0.000137
974.700000 0.004246 -0.004178 -0.000162 -0.635968 -0.891359 -0.000137
974.850000 0.004247 -0.004178 -0.000162 -0.634009 -0.892835 -0.000137
975.000000 0.004248 -0.004178 -0.000162 -0.632046 -0.894307 -0.000137
975.150000 0.004249 -0.004179 -0.000162 -0.630081 -0.895773 -0.000137
975.300000 0.004250 -0.004179 -0.000162 -0.628112 -0.897236 -0.000137
975.450000 0.004251 -0.004179 -0.000162 -0.626140 -0.898693 -0.000137
975.600000 0.004252 -0.004179 -0.000162 -0.624164 -0.900146 -0.000137
975.750000 0.004252 -0.004180 -0.000162 -0.622186 -0.901595 -0.000137
975.900000 0.004253 -0.004180 -0.000162 -0.620204 -0.903039 -0.000137
976.050000 0.004254 -0.004180 -0.000162 -0.618219 -0.904479 -0.000137
976.200000 0.004255 -0.004181 -0.000162 -0.616231 -0.905914 -0.000137
976.350000 0.004256 -0.004181 -0.000163 -0.614240 -0.907344 -0.000137
976.500000 0.004257 -0.004181 -0.000163 -0.612245 -0.908770 -0.000137
976.650000 0.004258 -0.004181 -0.000163 -0.610248 -0.910191 -0.000137
976.800000 0.004259 -0.004182 -0.000163 -0.608247 -0.911608 -0.000137
976.950000 0.004260 -0.004182 -0.000163 -0.606244 -0.913020 -0.000137
977.100000 0.004261 -0.004182 -0.000163 -0.604237 -0.914427 -0.000136
977.250000 0.004261 -0.004182 -0.000163 -0.602227 -0.915830 -0.000136
977.400000 0.004262 -0.004183 -0.000163 -0.600214 -0.917228 -0.000136
977.550000 0.004263 -0.004183 -0.000163 -0.598197 -0.918622 -0.000136
977.700000 0.004264 -0.004183 -0.000163 -0.596178 -0.920011 -0.000136
977.850000 0.004265 -0.004184 -0.000163 -0.594156 -0.921395 -0.000136
978.000000 0.004266 -0.004184 -0.000163 -0.592131 -0.922775 -0.000136
978.150000 0.004267 -0.004184 -0.000163 -0.590102 -0.924150 -0.000136
978.300000 0.004268 -0.004184 -0.000163 -0.588071 -0.925520 -0.000136
978.450000 0.004269 -0.004185 -0.000163 -0.586037 -0.926886 -0.000136
978.600000 0.004269 -0.004185 -0.000163 -0.583999 -0.928247 -0.000136
978.750000 0.004270 -0.004185 -0.000163 -0.581959 -0.929604 -0.000136
978.900000 0.004271 -0.004186 -0.000163 -0.579916 -0.930955 -0.000136
979.050000 0.004272 -0.004186 -0.000163 -0.577869 -0.932302 -0.000136
979.200000 0.004273 -0.004186 -0.000163 -0.575820 -0.933645 -0.000136
979.350000 0.004274 -0.004186 -0.000163 -0.573768 -0.934982 -0.000136
979.500000 0.004275 -0.004187 -0.000163 -0.571713 -0.936315 -0.000136
979.650000 0.004276 -0.004187 -0.000163 -0.569654 -0.937643 -0.000136
979.800000 0.004277 -0.004187 -0.000163 -0.567593 -0.938967 -0.000136
979.950000 0.004278 -0.004187 -0.000163 -0.565530 -0.940286 -0.000136
980.100000 0.004278 -0.004188 -0.000163 -0.563463 -0.941600 -0.000136
980.250000 0.004279 -0.004188 -0.000163 -0.561393 -0.942909 -0.000136
980.400000 0.004280 -0.004188 -0.000163 -0.559321 -0.944213 -0.000136
980.550000 0.004281 -0.004189 -0.000163 -0.557245 -0.945513 -0.000136
980.700000 0.004282 -0.004189 -0.000163 -0.555167 -0.946808 -0.000136
980.850000 0.004283 -0.004189 -0.000163 -0.553086 -0.948099 -0.000136
981.000000 0.004284 -0.004189 -0.000163 -0.551002 -0.949384 -0.000136
981.150000 0.004285 -0.004190 -0.000163 -0.548915 -0.950665 -0.000136
981.300000 0.004286 -0.004190 -0.000163 -0.546826 -0.951941 -0.000136
981.450000 0.004286 -0.004190 -0.000163 -0.544733 -0.953212 -0.000136
981.600000 0.004287 -0.004190 -0.000163 -0.542638 -0.954479 -0.000136
981.750000 0.004288 -0.004191 -0.000163 -0.540540 -0.955740 -0.000136
981.900000 0.004289 -0.004191 -0.000163 -0.538440 -0.956997 -0.000136
982.050000 0.004290 -0.004191 -0.000163 -0.536336 -0.958249 -0.000136
982.200000 0.004291 -0.004192 -0.000163 -0.534230 -0.959496 -0.000136
982.350000 0.004292 -0.004192 -0.000163 -0.532121 -0.960739 -0.000136
982.500000 0.004293 -0.004192 -0.000163 -0.530009 -0.961976 -0.000136
982.650000 0.004294 -0.004192 -0.000163 -0.527895 -0.963209 -0.000135
982.800000 0.004295 -0.004193 -0.000163 -0.525778 -0.964437 -0.000135
982.950000 0.004295 -0.004193 -0.000163 -0.523658 -0.965660 -0.000135
983.100000 0.004296 -0.004193 -0.000163 -0.521536 -0.966878 -0.000135
983.250000 0.004297 -0.004193 -0.000163 -0.519411 -0.968091 -0.000135
983.400000 0.004298 -0.004194 -0.000163 -0.517283 -0.969300 -0.000135
983.550000 0.004299 -0.004194 -0.000163 -0.515153 -0.970504 -0.000135
983.700000 0.004300 -0.004194 -0.000163 -0.513020 -0.971702 -0.000135
983.850000 0.004301 -0.004195 -0.000163 -0.510884 -0.972896 -0.000135
984.000000 0.004302 -0.004195 -0.000164 -0.508746 -0.974085 -0.000135
984.150000 0.004303 -0.004195 -0.000164 -0.506605 -0.975269 -0.000135
984.300000 0.004303 -0.004195 -0.000164 -0.504462 -0.976449 -0.000135
984.450000 0.004304 -0.004196 -0.000164 -0.502316 -0.977623 -0.000135
984.600000 0.004305 -0.004196 -0.000164 -0.500168 -0.978792 -0.000135
984.750000 0.004306 -0.004196 -0.000164 -0.498017 -0.979957 -0.000135
984.900000 0.004307 -0.004197 -0.000164 -0.495863 -0.981117 -0.000135
985.050000 0.004308 -0.004197 -0.000164 -0.493707 -0.982271 -0.000135
985.200000 0.004309 -0.004197 -0.000164 -0.491548 -0.983421 -0.000135
985.350000 0.004310 -0.004197 -0.000164 -0.489387 -0.984566 -0.000135
985.500000 0.004311 -0.004198 -0.000164 -0.487223 -0.985706 -0.000135
985.650000 0.004312 -0.004198 -0.000164 -0.485057 -0.986841 -0.000135
985.800000 0.004312 -0.004198 -0.000164 -0.482889 -0.987971 -0.000135
985.950000 0.004313 -0.004198 -0.000164 -0.480718 -0.989096 -0.000135
986.100000 0.004314 -0.004199 -0.000164 -0.478544 -0.990216 -0.000135
986.250000 0.004315 -0.004199 -0.000164 -0.476368 -0.991332 -0.000135
986.400000 0.004316 -0.004199 -0.000164 -0.474190 -0.992442 -0.000135
986.550000 0.004317 -0.004200 -0.000164 -0.472009 -0.993547 -0.000135
986.700000 0.004318 -0.004200 -0.000164 -0.469826 -0.994648 -0.000135
986.850000 0.004319 -0.004200 -0.000164 -0.467640 -0.995743 -0.000135
987.000000 0.004320 -0.004200 -0.000164 -0.465452 -0.996833 -0.000135
987.150000 0.004320 -0.004201 -0.000164 -0.463262 -0.997919 -0.000135
987.300000 0.004321 -0.004201 -0.000164 -0.461069 -0.998999 -0.000135
987.450000 0.004322 -0.004201 -0.000164 -0.458874 -1.000074 -0.000135
987.600000 0.004323 -0.004201 -0.000164 -0.456676 -1.001145 -0.000135
987.750000 0.004324 -0.004202 -0.000164 -0.454477 -1.002210 -0.000135
987.900000 0.004325 -0.004202 -0.000164 -0.452275 -1.003271 -0.000135
988.050000 0.004326 -0.004202 -0.000164 -0.450070 -1.004326 -0.000135
988.200000 0.004327 -0.004203 -0.000164 -0.447863 -1.005376 -0.000135
988.350000 0.004328 -0.004203 -0.000164 -0.445655 -1.006422 -0.000135
988.500000 0.004329 -0.004203 -0.000164 -0.443443 -1.007462 -0.000135
988.650000 0.004329 -0.004203 -0.000164 -0.441230 -1.008497 -0.000135
988.800000 0.004330 -0.004204 -0.000164 -0.439014 -1.009528 -0.000135
988.950000 0.004331 -0.004204 -0.000164 -0.436796 -1.010553 -0.000135
989.100000 0.004332 -0.004204 -0.000164 -0.434576 -1.011573 -0.000135
989.250000 0.004333 -0.004205 -0.000164 -0.432354 -1.012588 -0.000135
989.400000 0.004334 -0.004205 -0.000164 -0.430129 -1.013598 -0.000135
989.550000 0.004335 -0.004205 -0.000164 -0.427902 -1.014603 -0.000135
989.700000 0.004336 -0.004205 -0.000164 -0.425673 -1.015603 -0.000135
989.850000 0.004337 -0.004206 -0.000164 -0.423442 -1.016598 -0.000134
990.000000 0.004337 -0.004206 -0.000164 -0.421209 -1.017588 -0.000134
990.150000 0.004338 -0.004206 -0.000164 -0.418973 -1.018572 -0.000134
990.300000 0.004339 -0.004206 -0.000164 -0.416736 -1.019552 -0.000134
990.450000 0.004340 -0.004207 -0.000164 -0.414496 -1.020526 -0.000134
990.600000 0.004341 -0.004207 -0.000164 -0.412254 -1.021496 -0.000134
990.750000 0.004342 -0.004207 -0.000164 -0.410010 -1.022460 -0.000134
990.900000 0.004343 -0.004208 -0.000164 -0.407764 -1.023420 -0.000134
991.050000 0.004344 -0.004208 -0.000164 -0.405516 -1.024374 -0.000134
991.200000 0.004345 -0.004208 -0.000164 -0.403266 -1.025323 -0.000134
991.350000 0.004346 -0.004208 -0.000164 -0.401014 -1.026267 -0.000134
991.500000 0.004346 -0.004209 -0.000164 -0.398759 -1.027205 -0.000134
991.650000 0.004347 -0.004209 -0.000165 -0.396503 -1.028139 -0.000134
991.800000 0.004348 -0.004209 -0.000165 -0.394245 -1.029068 -0.000134
991.950000 0.004349 -0.004210 -0.000165 -0.391985 -1.029991 -0.000134
992.100000 0.004350 -0.004210 -0.000165 -0.389722 -1.030909 -0.000134
992.250000 0.004351 -0.004210 -0.000165 -0.387458 -1.031823 -0.000134
992.400000 0.004352 -0.004210 -0.000165 -0.385192 -1.032731 -0.000134
992.550000 0.004353 -0.004211 -0.000165 -0.382924 -1.033634 -0.000134
992.700000 0.004354 -0.004211 -0.000165 -0.380653 -1.034531 -0.000134
992.850000 0.004354 -0.004211 -0.000165 -0.378381 -1.035424 -0.000134
993.000000 0.004355 -0.004211 -0.000165 -0.376107 -1.036311 -0.000134
993.150000 0.004356 -0.004212 -0.000165 -0.373831 -1.037194 -0.000134
993.300000 0.004357 -0.004212 -0.000165 -0.371553 -1.038071 -0.000134
993.450000 0.004358 -0.004212 -0.000165 -0.369274 -1.038943 -0.000134
993.600000 0.004359 -0.004213 -0.000165 -0.366992 -1.039809 -0.000134
993.750000 0.004360 -0.004213 -0.000165 -0.364709 -1.040671 -0.000134
993.900000 0.004361 -0.004213 -0.000165 -0.362423 -1.041528 -0.000134
994.050000 0.004362 -0.004213 -0.000165 -0.360136 -1.042379 -0.000134
994.200000 0.004363 -0.004214 -0.000165 -0.357847 -1.043225 -0.000134
994.350000 0.004363 -0.004214 -0.000165 -0.355556 -1.044066 -0.000134
994.500000 0.004364 -0.004214 -0.000165 -0.353264 -1.044901 -0.000134
994.650000 0.004365 -0.004214 -0.000165 -0.350969 -1.045732 -0.000134
994.800000 0.004366 -0.004215 -0.000165 -0.348673 -1.046557 -0.000134
994.950000 0.004367 -0.004215 -0.000165 -0.346375 -1.047377 -0.000134
995.100000 0.004368 -0.004215 -0.000165 -0.344075 -1.048192 -0.000134
995.250000 0.004369 -0.004216 -0.000165 -0.341774 -1.049002 -0.000134
995.400000 0.004370 -0.004216 -0.000165 -0.339470 -1.049806 -0.000134
995.550000 0.004371 -0.004216 -0.000165 -0.337165 -1.050605 -0.000134
995.700000 0.004371 -0.004216 -0.000165 -0.334859 -1.051399 -0.000134
995.850000 0.004372 -0.004217 -0.000165 -0.332550 -1.052188 -0.000134
996.000000 0.004373 -0.004217 -0.000165 -0.330240 -1.052972 -0.000134
996.150000 0.004374 -0.004217 -0.000165 -0.327928 -1.053750 -0.000134
996.300000 0.004375 -0.004218 -0.000165 -0.325615 -1.054523 -0.000134
996.450000 0.004376 -0.004218 -0.000165 -0.323300 -1.055291 -0.000134
996.600000 0.004377 -0.004218 -0.000165 -0.320983 -1.056054 -0.000134
996.750000 0.004378 -0.004218 -0.000165 -0.318665 -1.056811 -0.000134
996.900000 0.004379 -0.004219 -0.000165 -0.316344 -1.057563 -0.000134
997.050000 0.004380 -0.004219 -0.000165 -0.314023 -1.058310 -0.000134
997.200000 0.004380 -0.004219 -0.000165 -0.311700 -1.059052 -0.000134
997.350000 0.004381 -0.004219 -0.000165 -0.309375 -1.059788 -0.000134
997.500000 0.004382 -0.004220 -0.000165 -0.307048 -1.060519 -0.000134
997.650000 0.004383 -0.004220 -0.000165 -0.304720 -1.061245 -0.000134
997.800000 0.004384 -0.004220 -0.000165 -0.302391 -1.061966 -0.000134
997.950000 0.004385 -0.004221 -0.000165 -0.300060 -1.062681 -0.000134
998.100000 0.004386 -0.004221 -0.000165 -0.297727 -1.063391 -0.000134
998.250000 0.004387 -0.004221 -0.000165 -0.295393 -1.064096 -0.000134
998.400000 0.004388 -0.004221 -0.000165 -0.293058 -1.064795 -0.000134
998.550000 0.004388 -0.004222 -0.000165 -0.290720 -1.065489 -0.000134
998.700000 0.004389 -0.004222 -0.000165 -0.288382 -1.066178 -0.000134
998.850000 0.004390 -0.004222 -0.000165 -0.286042 -1.066862 -0.000134
999.000000 0.004391 -0.004223 -0.000165 -0.283700 -1.067540 -0.000134
999.150000 0.004392 -0.004223 -0.000165 -0.281357 -1.068213 -0.000134
999.300000 0.004393 -0.004223 -0.000166 -0.279013 -1.068881 -0.000134
999.450000 0.004394 -0.004223 -0.000166 -0.276667 -1.069543 -0.000134
999.600000 0.004395 -0.004224 -0.000166 -0.274320 -1.070201 -0.000134
999.750000 0.004396 -0.004224 -0.000166 -0.271971 -1.070852 -0.000134
999.900000 0.004397 -0.004224 -0.000166 -0.269621 -1.071499 -0.000134
1000.050000 0.004397 -0.004224 -0.000166 -0.267270 -1.072140 -0.000134
1000.200000 0.004398 -0.004225 -0.000166 -0.264917 -1.072776 -0.000134
1000.350000 0.004399 -0.004225 -0.000166 -0.262563 -1.073407 -0.000134
1000.500000 0.004400 -0.004225 -0.000166 -0.260207 -1.074032 -0.000134
1000.650000 0.004401 -0.004226 -0.000166 -0.257851 -1.074652 -0.000134
1000.800000 0.004402 -0.004226 -0.000166 -0.255493 -1.075267 -0.000134
1000.950000 0.004403 -0.004226 -0.000166 -0.253133 -1.075876 -0.000134
1001.100000 0.004404 -0.004226 -0.000166 -0.250773 -1.076480 -0.000134
1001.250000 0.004405 -0.004227 -0.000166 -0.248411 -1.077079 -0.000134
1001.400000 0.004405 -0.004227 -0.000166 -0.246047 -1.077672 -0.000134
1001.550000 0.004406 -0.004227 -0.000166 -0.243683 -1.078260 -0.000134
1001.700000 0.004407 -0.004228 -0.000166 -0.241317 -1.078843 -0.000134
1001.850000 0.004408 -0.004228 -0.000166 -0.238950 -1.079420 -0.000134
1002.000000 0.004409 -0.004228 -0.000166 -0.236582 -1.079992 -0.000134
1002.150000 0.004410 -0.004228 -0.000166 -0.234212 -1.080559 -0.000134
1002.300000 0.004411 -0.004229 -0.000166 -0.231842 -1.081120 -0.000134
1002.450000 0.004412 -0.004229 -0.000166 -0.229470 -1.081676 -0.000134
1002.600000 0.004413 -0.004229 -0.000166 -0.227097 -1.082227 -0.000134
1002.750000 0.004413 -0.004229 -0.000166 -0.224723 -1.082772 -0.000134
1002.900000 0.004414 -0.004230 -0.000166 -0.222348 -1.083312 -0.000134
1003.050000 0.004415 -0.004230 -0.000166 -0.219971 -1.083846 -0.000134
1003.200000 0.004416 -0.004230 -0.000166 -0.217594 -1.084375 -0.000134
1003.350000 0.004417 -0.004231 -0.000166 -0.215215 -1.084899 -0.000134
1003.500000 0.004418 -0.004231 -0.000166 -0.212835 -1.085418 -0.000134
1003.650000 0.004419 -0.004231 -0.000166 -0.210455 -1.085931 -0.000134
1003.800000 0.004420 -0.004231 -0.000166 -0.208073 -1.086439 -0.000134
1003.950000 0.004421 -0.004232 -0.000166 -0.205690 -1.086941 -0.000134
1004.100000 0.004422 -0.004232 -0.000166 -0.203306 -1.087438 -0.000134
1004.250000 0.004422 -0.004232 -0.000166 -0.200920 -1.087929 -0.000134
1004.400000 0.004423 -0.004233 -0.000166 -0.198534 -1.088416 -0.000134
1004.550000 0.004424 -0.004233 -0.000166 -0.196147 -1.088897 -0.000134
1004.700000 0.004425 -0.004233 -0.000166 -0.193759 -1.089372 -0.000134
1004.850000 0.004426 -0.004233 -0.000166 -0.191370 -1.089842 -0.000134
1005.000000 0.004427 -0.004234 -0.000166 -0.188980 -1.090307 -0.000134
1005.150000 0.004428 -0.004234 -0.000166 -0.186589 -1.090766 -0.000134
1005.300000 0.004429 -0.004234 -0.000166 -0.184197 -1.091220 -0.000134
1005.450000 0.004430 -0.004234 -0.000166 -0.181804 -1.091669 -0.000134
1005.600000 0.004430 -0.004235 -0.000166 -0.179410 -1.092112 -0.000134
1005.750000 0.004431 -0.004235 -0.000166 -0.177015 -1.092550 -0.000134
1005.900000 0.004432 -0.004235 -0.000166 -0.174619 -1.092982 -0.000134
1006.050000 0.004433 -0.004236 -0.000166 -0.172222 -1.093409 -0.000134
1006.200000 0.004434 -0.004236 -0.000166 -0.169825 -1.093831 -0.000134
1006.350000 0.004435 -0.004236 -0.000166 -0.167426 -1.094247 -0.000134
1006.500000 0.004436 -0.004236 -0.000166 -0.165027 -1.094658 -0.000134
1006.650000 0.004437 -0.004237 -0.000166 -0.162627 -1.095063 -0.000134
1006.800000 0.004438 -0.004237 -0.000166 -0.160226 -1.095463 -0.000134
1006.950000 0.004439 -0.004237 -0.000167 -0.157824 -1.095858 -0.000134
1007.100000 0.004439 -0.004238 -0.000167 -0.155422 -1.096247 -0.000134
1007.250000 0.004440 -0.004238 -0.000167 -0.153018 -1.096631 -0.000134
1007.400000 0.004441 -0.004238 -0.000167 -0.150614 -1.097009 -0.000134
1007.550000 0.004442 -0.004238 -0.000167 -0.148209 -1.097382 -0.000134
1007.700000 0.004443 -0.004239 -0.000167 -0.145803 -1.097749 -0.000134
1007.850000 0.004444 -0.004239 -0.000167 -0.143397 -1.098111 -0.000134
1008.000000 0.004445 -0.004239 -0.000167 -0.140989 -1.098468 -0.000134
1008.150000 0.004446 -0.004239 -0.000167 -0.138581 -1.098820 -0.000134
1008.300000 0.004447 -0.004240 -0.000167 -0.136173 -1.099165 -0.000134
1008.450000 0.004447 -0.004240 -0.000167 -0.133763 -1.099506 -0.000134
1008.600000 0.004448 -0.004240 -0.000167 -0.131353 -1.099841 -0.000134
1008.750000 0.004449 -0.004241 -0.000167 -0.128942 -1.100171 -0.000134
1008.900000 0.004450 -0.004241 -0.000167 -0.126531 -1.100495 -0.000134
1009.050000 0.004451 -0.004241 -0.000167 -0.124119 -1.100814 -0.000134
1009.200000 0.004452 -0.004241 -0.000167 -0.121706 -1.101127 -0.000134
1009.350000 0.004453 -0.004242 -0.000167 -0.119292 -1.101435 -0.000134
1009.500000 0.004454 -0.004242 -0.000167 -0.116878 -1.101737 -0.000134
1009.650000 0.004455 -0.004242 -0.000167 -0.114464 -1.102034 -0.000134
1009.800000 0.004456 -0.004243 -0.000167 -0.112048 -1.102326 -0.000134
1009.950000 0.004456 -0.004243 -0.000167 -0.109632 -1.102612 -0.000134
1010.100000 0.004457 -0.004243 -0.000167 -0.107216 -1.102893 -0.000134
1010.250000 0.004458 -0.004243 -0.000167 -0.104799 -1.103168 -0.000134
1010.400000 0.004459 -0.004244 -0.000167 -0.102382 -1.103438 -0.000134
1010.550000 0.004460 -0.004244 -0.000167 -0.099963 -1.103703 -0.000134
1010.700000 0.004461 -0.004244 -0.000167 -0.097545 -1.103962 -0.000134
1010.850000 0.004462 -0.004244 -0.000167 -0.095126 -1.104216 -0.000134
1011.000000 0.004463 -0.004245 -0.000167 -0.092706 -1.104464 -0.000134
1011.150000 0.004464 -0.004245 -0.000167 -0.090286 -1.104707 -0.000134
1011.300000 0.004464 -0.004245 -0.000167 -0.087865 -1.104944 -0.000134
1011.450000 0.004465 -0.004246 -0.000167 -0.085444 -1.105176 -0.000134
1011.600000 0.004466 -0.004246 -0.000167 -0.083023 -1.105402 -0.000134
1011.750000 0.004467 -0.004246 -0.000167 -0.080601 -1.105623 -0.000134
1011.900000 0.004468 -0.004246 -0.000167 -0.078178 -1.105839 -0.000134
1012.050000 0.004469 -0.004247 -0.000167 -0.075756 -1.106049 -0.000134
1012.200000 0.004470 -0.004247 -0.000167 -0.073332 -1.106254 -0.000134
1012.350000 0.004471 -0.004247 -0.000167 -0.070909 -1.106453 -0.000134
1012.500000 0.004472 -0.004248 -0.000167 -0.068485 -1.106647 -0.000134
1012.650000 0.004472 -0.004248 -0.000167 -0.066060 -1.106835 -0.000134
1012.800000 0.004473 -0.004248 -0.000167 -0.063635 -1.107018 -0.000134
1012.950000 0.004474 -0.004248 -0.000167 -0.061210 -1.107195 -0.000134
1013.100000 0.004475 -0.004249 -0.000167 -0.058785 -1.107367 -0.000134
1013.250000 0.004476 -0.004249 -0.000167 -0.056359 -1.107534 -0.000134
1013.400000 0.004477 -0.004249 -0.000167 -0.053933 -1.107695 -0.000134
1013.550000 0.004478 -0.004250 -0.000167 -0.051507 -1.107851 -0.000134
1013.700000 0.004479 -0.004250 -0.000167 -0.049080 -1.108001 -0.000134
1013.850000 0.004480 -0.004250 -0.000167 -0.046653 -1.108146 -0.000134
1014.000000 0.004481 -0.004250 -0.000167 -0.044226 -1.108285 -0.000134
1014.150000 0.004481 -0.004251 -0.000167 -0.041799 -1.108419 -0.000134
1014.300000 0.004482 -0.004251 -0.000167 -0.039371 -1.108548 -0.000134
1014.450000 0.004483 -0.004251 -0.000167 -0.036943 -1.108671 -0.000134
1014.600000 0.004484 -0.004251 -0.000168 -0.034515 -1.108788 -0.000134
1014.750000 0.004485 -0.004252 -0.000168 -0.032086 -1.108901 -0.000134
1014.900000 0.004486 -0.004252 -0.000168 -0.029658 -1.109007 -0.000134
1015.050000 0.004487 -0.004252 -0.000168 -0.027229 -1.109108 -0.000134
1015.200000 0.004488 -0.004253 -0.000168 -0.024800 -1.109204 -0.000134
1015.350000 0.004489 -0.004253 -0.000168 -0.022371 -1.109295 -0.000134
1015.500000 0.004489 -0.004253 -0.000168 -0.019942 -1.109379 -0.000134
1015.650000 0.004490 -0.004253 -0.000168 -0.017513 -1.109459 -0.000134
1015.800000 0.004491 -0.004254 -0.000168 -0.015083 -1.109533 -0.000134
1015.950000 0.004492 -0.004254 -0.000168 -0.012654 -1.109601 -0.000134
1016.100000 0.004493 -0.004254 -0.000168 -0.010224 -1.109665 -0.000134
1016.250000 0.004494 -0.004255 -0.000168 -0.007794 -1.109722 -0.000134
1016.400000 0.004495 -0.004255 -0.000168 -0.005365 -1.109774 -0.000134
1016.550000 0.004496 -0.004255 -0.000168 -0.002935 -1.109821 -0.000134
1016.700000 0.004497 -0.004255 -0.000168 -0.000505 -1.109863 -0.000134
1016.850000 0.004498 -0.004256 -0.000168 0.001925 -1.109898 -0.000134
1017.000000 0.004498 -0.004256 -0.000168 0.004355 -1.109929 -0.000134
1017.150000 0.004499 -0.004256 -0.000168 0.006785 -1.109954 -0.000134
1017.300000 0.004500 -0.004256 -0.000168 0.009215 -1.109973 -0.000134
1017.450000 0.004501 -0.004257 -0.000168 0.011645 -1.109987 -0.000134
1017.600000 0.004502 -0.004257 -0.000168 0.014075 -1.109996 -0.000134
1017.750000 0.004503 -0.004257 -0.000168 0.016505 -1.109999 -0.000134
1017.900000 0.004504 -0.004258 -0.000168 0.018935 -1.109997 -0.000134
1018.050000 0.004505 -0.004258 -0.000168 0.021365 -1.109989 -0.000134
1018.200000 0.004506 -0.004258 -0.000168 0.023794 -1.109976 -0.000134
1018.350000 0.004506 -0.004258 -0.000168 0.026224 -1.109958 -0.000134
1018.500000 0.004507 -0.004259 -0.000168 0.028653 -1.109934 -0.000134
1018.650000 0.004508 -0.004259 -0.000168 0.031083 -1.109904 -0.000134
1018.800000 0.004509 -0.004259 -0.000168 0.033512 -1.109869 -0.000134
1018.950000 0.004510 -0.004260 -0.000168 0.035941 -1.109829 -0.000134
1019.100000 0.004511 -0.004260 -0.000168 0.038370 -1.109783 -0.000134
1019.250000 0.004512 -0.004260 -0.000168 0.040799 -1.109732 -0.000134
1019.400000 0.004513 -0.004260 -0.000168 0.043228 -1.109675 -0.000134
1019.550000 0.004514 -0.004261 -0.000168 0.045657 -1.109613 -0.000134
1019.700000 0.004514 -0.004261 -0.000168 0.048085 -1.109545 -0.000134
1019.850000 0.004515 -0.004261 -0.000168 0.050513 -1.109472 -0.000134
1020.000000 0.004516 -0.004262 -0.000168 0.052941 -1.109394 -0.000134
1020.150000 0.004517 -0.004262 -0.000168 0.055369 -1.109310 -0.000134
1020.300000 0.004518 -0.004262 -0.000168 0.057796 -1.109221 -0.000134
1020.450000 0.004519 -0.004262 -0.000168 0.060224 -1.109126 -0.000134
1020.600000 0.004520 -0.004263 -0.000168 0.062651 -1.109026 -0.000134
1020.750000 0.004521 -0.004263 -0.000168 0.065077 -1.108920 -0.000134
1020.900000 0.004522 -0.004263 -0.000168 0.067504 -1.108809 -0.000134
1021.050000 0.004523 -0.004263 -0.000168 0.069930 -1.108693 -0.000134
1021.200000 0.004523 -0.004264 -0.000168 0.072356 -1.108571 -0.000134
1021.350000 0.004524 -0.004264 -0.000168 0.074781 -1.108444 -0.000134
1021.500000 0.004525 -0.004264 -0.000168 0.077206 -1.108311 -0.000134
1021.650000 0.004526 -0.004265 -0.000168 0.079631 -1.108173 -0.000134
1021.800000 0.004527 -0.004265 -0.000168 0.082055 -1.108029 -0.000134
1021.950000 0.004528 -0.004265 -0.000168 0.084480 -1.107880 -0.000134
1022.100000 0.004529 -0.004265 -0.000168 0.086903 -1.107726 -0.000134
1022.250000 0.004530 -0.004266 -0.000169 0.089327 -1.107566 -0.000134
1022.400000 0.004531 -0.004266 -0.000169 0.091749 -1.107400 -0.000134
1022.550000 0.004531 -0.004266 -0.000169 0.094172 -1.107230 -0.000134
1022.700000 0.004532 -0.004267 -0.000169 0.096594 -1.107053 -0.000134
1022.850000 0.004533 -0.004267 -0.000169 0.099016 -1.106872 -0.000135
1023.000000 0.004534 -0.004267 -0.000169 0.101437 -1.106685 -0.000135
1023.150000 0.004535 -0.004267 -0.000169 0.103857 -1.106493 -0.000135
1023.300000 0.004536 -0.004268 -0.000169 0.106278 -1.106295 -0.000135
1023.450000 0.004537 -0.004268 -0.000169 0.108697 -1.106091 -0.000135
1023.600000 0.004538 -0.004268 -0.000169 0.111117 -1.105883 -0.000135
1023.750000 0.004539 -0.004269 -0.000169 0.113535 -1.105669 -0.000135
1023.900000 0.004540 -0.004269 -0.000169 0.115954 -1.105449 -0.000135
1024.050000 0.004540 -0.004269 -0.000169 0.118371 -1.105224 -0.000135
1024.200000 0.004541 -0.004269 -0.000169 0.120788 -1.104994 -0.000135
1024.350000 0.004542 -0.004270 -0.000169 0.123205 -1.104758 -0.000135
1024.500000 0.004543 -0.004270 -0.000169 0.125621 -1.104517 -0.000135
1024.650000 0.004544 -0.004270 -0.000169 0.128036 -1.104271 -0.000135
1024.800000 0.004545 -0.004270 -0.000169 0.130451 -1.104019 -0.000135
1024.950000 0.004546 -0.004271 -0.000169 0.132865 -1.103762 -0.000135
1025.100000 0.004547 -0.004271 -0.000169 0.135279 -1.103499 -0.000135
1025.250000 0.004548 -0.004271 -0.000169 0.137692 -1.103231 -0.000135
1025.400000 0.004548 -0.004272 -0.000169 0.140104 -1.102957 -0.000135
1025.550000 0.004549 -0.004272 -0.000169 0.142516 -1.102678 -0.000135
1025.700000 0.004550 -0.004272 -0.000169 0.144927 -1.102394 -0.000135
1025.850000 0.004551 -0.004272 -0.000169 0.147337 -1.102105 -0.000135
1026.000000 0.004552 -0.004273 -0.000169 0.149747 -1.101809 -0.000135
1026.150000 0.004553 -0.004273 -0.000169 0.152156 -1.101509 -0.000135
1026.300000 0.004554 -0.004273 -0.000169 0.154564 -1.101203 -0.000135
1026.450000 0.004555 -0.004274 -0.000169 0.156971 -1.100892 -0.000135
1026.600000 0.004556 -0.004274 -0.000169 0.159378 -1.100575 -0.000135
1026.750000 0.004557 -0.004274 -0.000169 0.161784 -1.100253 -0.000135
1026.900000 0.004557 -0.004274 -0.000169 0.164189 -1.099926 -0.000135
1027.050000 0.004558 -0.004275 -0.000169 0.166594 -1.099593 -0.000135
1027.200000 0.004559 -0.004275 -0.000169 0.168998 -1.099255 -0.000135
1027.350000 0.004560 -0.004275 -0.000169 0.171401 -1.098912 -0.000135
1027.500000 0.004561 -0.004276 -0.000169 0.173803 -1.098563 -0.000135
1027.650000 0.004562 -0.004276 -0.000169 0.176204 -1.098209 -0.000135
1027.800000 0.004563 -0.004276 -0.000169 0.178604 -1.097849 -0.000135
1027.950000 0.004564 -0.004276 -0.000169 0.181004 -1.097484 -0.000135
1028.100000 0.004565 -0.004277 -0.000169 0.183403 -1.097114 -0.000135
1028.250000 0.004565 -0.004277 -0.000169 0.185801 -1.096738 -0.000135
1028.400000 0.004566 -0.004277 -0.000169 0.188198 -1.096357 -0.000135
1028.550000 0.004567 -0.004277 -0.000169 0.190594 -1.095971 -0.000135
1028.700000 0.004568 -0.004278 -0.000169 0.192989 -1.095579 -0.000135
1028.850000 0.004569 -0.004278 -0.000169 0.195383 -1.095182 -0.000135
1029.000000 0.004570 -0.004278 -0.000169 0.197777 -1.094780 -0.000135
1029.150000 0.004571 -0.004279 -0.000169 0.200169 -1.094372 -0.000135
1029.300000 0.004572 -0.004279 -0.000169 0.202561 -1.093959 -0.000135
1029.450000 0.004573 -0.004279 -0.000169 0.204951 -1.093540 -0.000135
1029.600000 0.004573 -0.004279 -0.000169 0.207341 -1.093116 -0.000136
1029.750000 0.004574 -0.004280 -0.000169 0.209729 -1.092687 -0.000136
1029.900000 0.004575 -0.004280 -0.000170 0.212117 -1.092253 -0.000136
1030.050000 0.004576 -0.004280 -0.000170 0.214503 -1.091813 -0.000136
1030.200000 0.004577 -0.004281 -0.000170 0.216889 -1.091368 -0.000136
1030.350000 0.004578 -0.004281 -0.000170 0.219274 -1.090917 -0.000136
1030.500000 0.004579 -0.004281 -0.000170 0.221657 -1.090461 -0.000136
1030.650000 0.004580 -0.004281 -0.000170 0.224040 -1.090000 -0.000136
1030.800000 0.004581 -0.004282 -0.000170 0.226421 -1.089534 -0.000136
1030.950000 0.004582 -0.004282 -0.000170 0.228801 -1.089062 -0.000136
1031.100000 0.004582 -0.004282 -0.000170 0.231180 -1.088585 -0.000136
1031.250000 0.004583 -0.004283 -0.000170 0.233559 -1.088103 -0.000136
1031.400000 0.004584 -0.004283 -0.000170 0.235936 -1.087615 -0.000136
1031.550000 0.004585 -0.004283 -0.000170 0.238312 -1.087122 -0.000136
1031.700000 0.004586 -0.004283 -0.000170 0.240686 -1.086623 -0.000136
1031.850000 0.004587 -0.004284 -0.000170 0.243060 -1.086120 -0.000136
1032.000000 0.004588 -0.004284 -0.000170 0.245432 -1.085611 -0.000136
1032.150000 0.004589 -0.004284 -0.000170 0.247804 -1.085097 -0.000136
1032.300000 0.004590 -0.004284 -0.000170 0.250174 -1.084577 -0.000136
1032.450000 0.004590 -0.004285 -0.000170 0.252543 -1.084052 -0.000136
1032.600000 0.004591 -0.004285 -0.000170 0.254910 -1.083522 -0.000136
1032.750000 0.004592 -0.004285 -0.000170 0.257277 -1.082987 -0.000136
1032.900000 0.004593 -0.004286 -0.000170 0.259642 -1.082446 -0.000136
1033.050000 0.004594 -0.004286 -0.000170 0.262006 -1.081900 -0.000136
1033.200000 0.004595 -0.004286 -0.000170 0.264369 -1.081349 -0.000136
1033.350000 0.004596 -0.004286 -0.000170 0.266731 -1.080792 -0.000136
1033.500000 0.004597 -0.004287 -0.000170 0.269091 -1.080231 -0.000136
1033.650000 0.004598 -0.004287 -0.000170 0.271450 -1.079664 -0.000136
1033.800000 0.004599 -0.004287 -0.000170 0.273808 -1.079091 -0.000136
1033.950000 0.004599 -0.004288 -0.000170 0.276164 -1.078514 -0.000136
1034.100000 0.004600 -0.004288 -0.000170 0.278519 -1.077931 -0.000136
1034.250000 0.004601 -0.004288 -0.000170 0.280873 -1.077343 -0.000136
1034.400000 0.004602 -0.004288 -0.000170 0.283225 -1.076749 -0.000136
1034.550000 0.004603 -0.004289 -0.000170 0.285576 -1.076151 -0.000136
1034.700000 0.004604 -0.004289 -0.000170 0.287926 -1.075547 -0.000136
1034.850000 0.004605 -0.004289 -0.000170 0.290274 -1.074938 -0.000137
1035.000000 0.004606 -0.004290 -0.000170 0.292621 -1.074323 -0.000137
1035.150000 0.004607 -0.004290 -0.000170 0.294967 -1.073704 -0.000137
1035.300000 0.004607 -0.004290 -0.000170 0.297311 -1.073079 -0.000137
1035.450000 0.004608 -0.004290 -0.000170 0.299653 -1.072449 -0.000137
1035.600000 0.004609 -0.004291 -0.000170 0.301995 -1.071814 -0.000137
1035.750000 0.004610 -0.004291 -0.000170 0.304334 -1.071173 -0.000137
1035.900000 0.004611 -0.004291 -0.000170 0.306673 -1.070527 -0.000137
1036.050000 0.004612 -0.004292 -0.000170 0.309010 -1.069877 -0.000137
1036.200000 0.004613 -0.004292 -0.000170 0.311345 -1.069220 -0.000137
1036.350000 0.004614 -0.004292 -0.000170 0.313679 -1.068559 -0.000137
1036.500000 0.004615 -0.004292 -0.000170 0.316011 -1.067892 -0.000137
1036.650000 0.004616 -0.004293 -0.000170 0.318342 -1.067221 -0.000137
1036.800000 0.004616 -0.004293 -0.000170 0.320672 -1.066544 -0.000137
1036.950000 0.004617 -0.004293 -0.000170 0.323000 -1.065861 -0.000137
1037.100000 0.004618 -0.004293 -0.000170 0.325326 -1.065174 -0.000137
1037.250000 0.004619 -0.004294 -0.000170 0.327651 -1.064481 -0.000137
1037.400000 0.004620 -0.004294 -0.000170 0.329974 -1.063784 -0.000137
1037.550000 0.004621 -0.004294 -0.000171 0.332295 -1.063081 -0.000137
1037.700000 0.004622 -0.004295 -0.000171 0.334615 -1.062373 -0.000137
1037.850000 0.004623 -0.004295 -0.000171 0.336934 -1.061659 -0.000137
1038.000000 0.004624 -0.004295 -0.000171 0.339251 -1.060941 -0.000137
1038.150000 0.004624 -0.004295 -0.000171 0.341566 -1.060217 -0.000137
1038.300000 0.004625 -0.004296 -0.000171 0.343879 -1.059488 -0.000137
1038.450000 0.004626 -0.004296 -0.000171 0.346191 -1.058754 -0.000137
1038.600000 0.004627 -0.004296 -0.000171 0.348502 -1.058015 -0.000137
1038.750000 0.004628 -0.004297 -0.000171 0.350810 -1.057271 -0.000137
1038.900000 0.004629 -0.004297 -0.000171 0.353117 -1.056521 -0.000137
1039.050000 0.004630 -0.004297 -0.000171 0.355422 -1.055767 -0.000137
1039.200000 0.004631 -0.004297 -0.000171 0.357726 -1.055007 -0.000137
1039.350000 0.004632 -0.004298 -0.000171 0.360027 -1.054242 -0.000138
1039.500000 0.004632 -0.004298 -0.000171 0.362327 -1.053472 -0.000138
1039.650000 0.004633 -0.004298 -0.000171 0.364626 -1.052697 -0.000138
1039.800000 0.004634 -0.004299 -0.000171 0.366922 -1.051917 -0.000138
1039.950000 0.004635 -0.004299 -0.000171 0.369217 -1.051131 -0.000138
1040.100000 0.004636 -0.004299 -0.000171 0.371510 -1.050341 -0.000138
1040.250000 0.004637 -0.004299 -0.000171 0.373801 -1.049545 -0.000138
1040.400000 0.004638 -0.004300 -0.000171 0.376091 -1.048744 -0.000138
1040.550000 0.004639 -0.004300 -0.000171 0.378378 -1.047938 -0.000138
1040.700000 0.004640 -0.004300 -0.000171 0.380664 -1.047127 -0.000138
1040.850000 0.004641 -0.004301 -0.000171 0.382948 -1.046311 -0.000138
1041.000000 0.004641 -0.004301 -0.000171 0.385230 -1.045490 -0.000138
1041.150000 0.004642 -0.004301 -0.000171 0.387511 -1.044664 -0.000138
1041.300000 0.004643 -0.004301 -0.000171 0.389789 -1.043832 -0.000138
1041.450000 0.004644 -0.004302 -0.000171 0.392066 -1.042996 -0.000138
1041.600000 0.004645 -0.004302 -0.000171 0.394341 -1.042155 -0.000138
1041.750000 0.004646 -0.004302 -0.000171 0.396613 -1.041308 -0.000138
1041.900000 0.004647 -0.004302 -0.000171 0.398884 -1.040456 -0.000138
1042.050000 0.004648 -0.004303 -0.000171 0.401153 -1.039599 -0.000138
1042.200000 0.004649 -0.004303 -0.000171 0.403420 -1.038738 -0.000138
1042.350000 0.004649 -0.004303 -0.000171 0.405685 -1.037871 -0.000138
1042.500000 0.004650 -0.004304 -0.000171 0.407949 -1.036999 -0.000138
1042.650000 0.004651 -0.004304 -0.000171 0.410210 -1.036122 -0.000138
1042.800000 0.004652 -0.004304 -0.000171 0.412469 -1.035240 -0.000138
1042.950000 0.004653 -0.004304 -0.000171 0.414726 -1.034353 -0.000138
1043.100000 0.004654 -0.004305 -0.000171 0.416982 -1.033461 -0.000138
1043.250000 0.004655 -0.004305 -0.000171 0.419235 -1.032564 -0.000139
1043.400000 0.004656 -0.004305 -0.000171 0.421486 -1.031662 -0.000139
1043.550000 0.004657 -0.004306 -0.000171 0.423735 -1.030754 -0.000139
1043.700000 0.004658 -0.004306 -0.000171 0.425983 -1.029842 -0.000139
1043.850000 0.004658 -0.004306 -0.000171 0.428228 -1.028925 -0.000139
1044.000000 0.004659 -0.004306 -0.000171 0.430471 -1.028003 -0.000139
1044.150000 0.004660 -0.004307 -0.000171 0.432712 -1.027075 -0.000139
1044.300000 0.004661 -0.004307 -0.000171 0.434951 -1.026143 -0.000139
1044.450000 0.004662 -0.004307 -0.000171 0.437188 -1.025206 -0.000139
1044.600000 0.004663 -0.004308 -0.000171 0.439422 -1.024264 -0.000139
1044.750000 0.004664 -0.004308 -0.000171 0.441655 -1.023317 -0.000139
1044.900000 0.004665 -0.004308 -0.000171 0.443885 -1.022364 -0.000139
1045.050000 0.004666 -0.004308 -0.000171 0.446114 -1.021407 -0.000139
1045.200000 0.004666 -0.004309 -0.000172 0.448340 -1.020445 -0.000139
1045.350000 0.004667 -0.004309 -0.000172 0.450564 -1.019478 -0.000139
1045.500000 0.004668 -0.004309 -0.000172 0.452786 -1.018506 -0.000139
1045.650000 0.004669 -0.004310 -0.000172 0.455006 -1.017529 -0.000139
1045.800000 0.004670 -0.004310 -0.000172 0.457223 -1.016547 -0.000139
1045.950000 0.004671 -0.004310 -0.000172 0.459439 -1.015560 -0.000139
1046.100000 0.004672 -0.004310 -0.000172 0.461652 -1.014568 -0.000139
1046.250000 0.004673 -0.004311 -0.000172 0.463863 -1.013571 -0.000139
1046.400000 0.004674 -0.004311 -0.000172 0.466071 -1.012570 -0.000139
1046.550000 0.004675 -0.004311 -0.000172 0.468278 -1.011563 -0.000139
1046.700000 0.004675 -0.004312 -0.000172 0.470482 -1.010551 -0.000140
1046.850000 0.004676 -0.004312 -0.000172 0.472684 -1.009535 -0.000140
1047.000000 0.004677 -0.004312 -0.000172 0.474884 -1.008513 -0.000140
1047.150000 0.004678 -0.004312 -0.000172 0.477081 -1.007487 -0.000140
1047.300000 0.004679 -0.004313 -0.000172 0.479276 -1.006456 -0.000140
1047.450000 0.004680 -0.004313 -0.000172 0.481469 -1.005420 -0.000140
1047.600000 0.004681 -0.004313 -0.000172 0.483659 -1.004379 -0.000140
1047.750000 0.004682 -0.004314 -0.000172 0.485847 -1.003333 -0.000140
1047.900000 0.004683 -0.004314 -0.000172 0.488033 -1.002282 -0.000140
1048.050000 0.004683 -0.004314 -0.000172 0.490216 -1.001226 -0.000140
1048.200000 0.004684 -0.004314 -0.000172 0.492397 -1.000166 -0.000140
1048.350000 0.004685 -0.004315 -0.000172 0.494576 -0.999100 -0.000140
1048.500000 0.004686 -0.004315 -0.000172 0.496752 -0.998030 -0.000140
1048.650000 0.004687 -0.004315 -0.000172 0.498926 -0.996955 -0.000140
1048.800000 0.004688 -0.004315 -0.000172 0.501098 -0.995875 -0.000140
1048.950000 0.004689 -0.004316 -0.000172 0.503267 -0.994790 -0.000140
1049.100000 0.004690 -0.004316 -0.000172 0.505434 -0.993700 -0.000140
1049.250000 0.004691 -0.004316 -0.000172 0.507598 -0.992606 -0.000140
1049.400000 0.004692 -0.004317 -0.000172 0.509760 -0.991506 -0.000140
1049.550000 0.004692 -0.004317 -0.000172 0.511919 -0.990402 -0.000140
1049.700000 0.004693 -0.004317 -0.000172 0.514076 -0.989293 -0.000140
1049.850000 0.004694 -0.004317 -0.000172 0.516230 -0.988179 -0.000140
1050.000000 0.004695 -0.004318 -0.000172 0.518382 -0.987061 -0.000141
1050.150000 0.004696 -0.004318 -0.000172 0.520532 -0.985937 -0.000141
1050.300000 0.004697 -0.004318 -0.000172 0.522678 -0.984809 -0.000141
1050.450000 0.004698 -0.004319 -0.000172 0.524823 -0.983676 -0.000141
1050.600000 0.004699 -0.004319 -0.000172 0.526965 -0.982538 -0.000141
1050.750000 0.004700 -0.004319 -0.000172 0.529104 -0.981396 -0.000141
1050.900000 0.004700 -0.004319 -0.000172 0.531241 -0.980248 -0.000141
1051.050000 0.004701 -0.004320 -0.000172 0.533375 -0.979096 -0.000141
1051.200000 0.004702 -0.004320 -0.000172 0.535507 -0.977939 -0.000141
1051.350000 0.004703 -0.004320 -0.000172 0.537636 -0.976778 -0.000141
1051.500000 0.004704 -0.004321 -0.000172 0.539762 -0.975611 -0.000141
1051.650000 0.004705 -0.004321 -0.000172 0.541886 -0.974440 -0.000141
1051.800000 0.004706 -0.004321 -0.000172 0.544007 -0.973264 -0.000141
1051.950000 0.004707 -0.004321 -0.000172 0.546126 -0.972083 -0.000141
1052.100000 0.004708 -0.004322 -0.000172 0.548242 -0.970898 -0.000141
1052.250000 0.004709 -0.004322 -0.000172 0.550355 -0.969708 -0.000141
1052.400000 0.004709 -0.004322 -0.000172 0.552466 -0.968513 -0.000141
1052.550000 0.004710 -0.004323 -0.000172 0.554574 -0.967314 -0.000141
1052.700000 0.004711 -0.004323 -0.000172 0.556679 -0.966109 -0.000141
1052.850000 0.004712 -0.004323 -0.000173 0.558782 -0.964900 -0.000141
1053.000000 0.004713 -0.004323 -0.000173 0.560882 -0.963687 -0.000141
1053.150000 0.004714 -0.004324 -0.000173 0.562979 -0.962468 -0.000142
1053.300000 0.004715 -0.004324 -0.000173 0.565074 -0.961245 -0.000142
1053.450000 0.004716 -0.004324 -0.000173 0.567165 -0.960018 -0.000142
1053.600000 0.004717 -0.004325 -0.000173 0.569255 -0.958785 -0.000142
1053.750000 0.004717 -0.004325 -0.000173 0.571341 -0.957548 -0.000142
1053.900000 0.004718 -0.004325 -0.000173 0.573425 -0.956307 -0.000142
1054.050000 0.004719 -0.004325 -0.000173 0.575505 -0.955060 -0.000142
1054.200000 0.004720 -0.004326 -0.000173 0.577583 -0.953809 -0.000142
1054.350000 0.004721 -0.004326 -0.000173 0.579659 -0.952554 -0.000142
1054.500000 0.004722 -0.004326 -0.000173 0.581731 -0.951293 -0.000142
1054.650000 0.004723 -0.004327 -0.000173 0.583801 -0.950029 -0.000142
1054.800000 0.004724 -0.004327 -0.000173 0.585868 -0.948759 -0.000142
1054.950000 0.004725 -0.004327 -0.000173 0.587932 -0.947485 -0.000142
1055.100000 0.004726 -0.004327 -0.000173 0.589993 -0.946206 -0.000142
1055.250000 0.004726 -0.004328 -0.000173 0.592051 -0.944923 -0.000142
1055.400000 0.004727 -0.004328 -0.000173 0.594107 -0.943635 -0.000142
1055.550000 0.004728 -0.004328 -0.000173 0.596159 -0.942342 -0.000142
1055.700000 0.004729 -0.004328 -0.000173 0.598209 -0.941045 -0.000142
1055.850000 0.004730 -0.004329 -0.000173 0.600256 -0.939743 -0.000142
1056.000000 0.004731 -0.004329 -0.000173 0.602300 -0.938437 -0.000143
1056.150000 0.004732 -0.004329 -0.000173 0.604341 -0.937126 -0.000143
1056.300000 0.004733 -0.004330 -0.000173 0.606379 -0.935811 -0.000143
1056.450000 0.004734 -0.004330 -0.000173 0.608414 -0.934491 -0.000143
1056.600000 0.004734 -0.004330 -0.000173 0.610446 -0.933166 -0.000143
1056.750000 0.004735 -0.004330 -0.000173 0.612475 -0.931837 -0.000143
1056.900000 0.004736 -0.004331 -0.000173 0.614502 -0.930504 -0.000143
1057.050000 0.004737 -0.004331 -0.000173 0.616525 -0.929166 -0.000143
1057.200000 0.004738 -0.004331 -0.000173 0.618546 -0.927823 -0.000143
1057.350000 0.004739 -0.004332 -0.000173 0.620563 -0.926476 -0.000143
1057.500000 0.004740 -0.004332 -0.000173 0.622577 -0.925124 -0.000143
1057.650000 0.004741 -0.004332 -0.000173 0.624589 -0.923768 -0.000143
1057.800000 0.004742 -0.004332 -0.000173 0.626597 -0.922407 -0.000143
1057.950000 0.004743 -0.004333 -0.000173 0.628602 -0.921042 -0.000143
1058.100000 0.004743 -0.004333 -0.000173 0.630605 -0.919672 -0.000143
1058.250000 0.004744 -0.004333 -0.000173 0.632604 -0.918298 -0.000143
1058.400000 0.004745 -0.004334 -0.000173 0.634600 -0.916920 -0.000143
1058.550000 0.004746 -0.004334 -0.000173 0.636593 -0.915537 -0.000143
1058.700000 0.004747 -0.004334 -0.000173 0.638584 -0.914149 -0.000144
1058.850000 0.004748 -0.004334 -0.000173 0.640571 -0.912757 -0.000144
1059.000000 0.004749 -0.004335 -0.000173 0.642554 -0.911361 -0.000144
1059.150000 0.004750 -0.004335 -0.000173 0.644535 -0.909960 -0.000144
1059.300000 0.004751 -0.004335 -0.000173 0.646513 -0.908555 -0.000144
1059.450000 0.004751 -0.004336 -0.000173 0.648487 -0.907145 -0.000144
1059.600000 0.004752 -0.004336 -0.000173 0.650459 -0.905731 -0.000144
1059.750000 0.004753 -0.004336 -0.000173 0.652427 -0.904312 -0.000144
1059.900000 0.004754 -0.004336 -0.000173 0.654392 -0.902889 -0.000144
1060.050000 0.004755 -0.004337 -0.000173 0.656354 -0.901462 -0.000144
1060.200000 0.004756 -0.004337 -0.000173 0.658313 -0.900030 -0.000144
1060.350000 0.004757 -0.004337 -0.000173 0.660269 -0.898594 -0.000144
1060.500000 0.004758 -0.004338 -0.000174 0.662221 -0.897154 -0.000144
1060.650000 0.004759 -0.004338 -0.000174 0.664170 -0.895709 -0.000144
1060.800000 0.004760 -0.004338 -0.000174 0.666116 -0.894260 -0.000144
1060.950000 0.004760 -0.004338 -0.000174 0.668059 -0.892806 -0.000144
1061.100000 0.004761 -0.004339 -0.000174 0.669998 -0.891348 -0.000144
1061.250000 0.004762 -0.004339 -0.000174 0.671935 -0.889886 -0.000145
1061.400000 0.004763 -0.004339 -0.000174 0.673868 -0.888419 -0.000145
1061.550000 0.004764 -0.004340 -0.000174 0.675798 -0.886949 -0.000145
1061.700000 0.004765 -0.004340 -0.000174 0.677724 -0.885473 -0.000145
1061.850000 0.004766 -0.004340 -0.000174 0.679647 -0.883994 -0.000145
1062.000000 0.004767 -0.004340 -0.000174 0.681567 -0.882510 -0.000145
1062.150000 0.004768 -0.004341 -0.000174 0.683484 -0.881022 -0.000145
1062.300000 0.004768 -0.004341 -0.000174 0.685397 -0.879529 -0.000145
1062.450000 0.004769 -0.004341 -0.000174 0.687307 -0.878033 -0.000145
1062.600000 0.004770 -0.004342 -0.000174 0.689214 -0.876532 -0.000145
1062.750000 0.004771 -0.004342 -0.000174 0.691117 -0.875026 -0.000145
1062.900000 0.004772 -0.004342 -0.000174 0.693017 -0.873517 -0.000145
1063.050000 0.004773 -0.004342 -0.000174 0.694914 -0.872003 -0.000145
1063.200000 0.004774 -0.004343 -0.000174 0.696807 -0.870485 -0.000145
1063.350000 0.004775 -0.004343 -0.000174 0.698697 -0.868963 -0.000145
1063.500000 0.004776 -0.004343 -0.000174 0.700584 -0.867436 -0.000145
1063.650000 0.004777 -0.004344 -0.000174 0.702467 -0.865906 -0.000145
1063.800000 0.004777 -0.004344 -0.000174 0.704347 -0.864371 -0.000146
1063.950000 0.004778 -0.004344 -0.000174 0.706223 -0.862832 -0.000146
1064.100000 0.004779 -0.004344 -0.000174 0.708096 -0.861288 -0.000146
1064.250000 0.004780 -0.004345 -0.000174 0.709966 -0.859741 -0.000146
1064.400000 0.004781 -0.004345 -0.000174 0.711832 -0.858189 -0.000146
1064.550000 0.004782 -0.004345 -0.000174 0.713694 -0.856633 -0.000146
1064.700000 0.004783 -0.004346 -0.000174 0.715554 -0.855073 -0.000146
1064.850000 0.004784 -0.004346 -0.000174 0.717409 -0.853509 -0.000146
1065.000000 0.004785 -0.004346 -0.000174 0.719262 -0.851941 -0.000146
1065.150000 0.004786 -0.004346 -0.000174 0.721110 -0.850368 -0.000146
1065.300000 0.004786 -0.004347 -0.000174 0.722956 -0.848791 -0.000146
1065.450000 0.004787 -0.004347 -0.000174 0.724797 -0.847211 -0.000146
1065.600000 0.004788 -0.004347 -0.000174 0.726636 -0.845626 -0.000146
1065.750000 0.004789 -0.004348 -0.000174 0.728470 -0.844037 -0.000146
1065.900000 0.004790 -0.004348 -0.000174 0.730302 -0.842443 -0.000146
1066.050000 0.004791 -0.004348 -0.000174 0.732129 -0.840846 -0.000146
1066.200000 0.004792 -0.004348 -0.000174 0.733953 -0.839245 -0.000147
1066.350000 0.004793 -0.004349 -0.000174 0.735774 -0.837639 -0.000147
1066.500000 0.004794 -0.004349 -0.000174 0.737591 -0.836030 -0.000147
1066.650000 0.004794 -0.004349 -0.000174 0.739404 -0.834416 -0.000147
1066.800000 0.004795 -0.004349 -0.000174 0.741214 -0.832798 -0.000147
1066.950000 0.004796 -0.004350 -0.000174 0.743021 -0.831177 -0.000147
1067.100000 0.004797 -0.004350 -0.000174 0.744823 -0.829551 -0.000147
1067.250000 0.004798 -0.004350 -0.000174 0.746622 -0.827921 -0.000147
1067.400000 0.004799 -0.004351 -0.000174 0.748418 -0.826287 -0.000147
1067.550000 0.004800 -0.004351 -0.000174 0.750209 -0.824649 -0.000147
1067.700000 0.004801 -0.004351 -0.000174 0.751998 -0.823007 -0.000147
1067.850000 0.004802 -0.004351 -0.000174 0.753782 -0.821361 -0.000147
1068.000000 0.004803 -0.004352 -0.000174 0.755563 -0.819711 -0.000147
1068.150000 0.004803 -0.004352 -0.000175 0.757340 -0.818057 -0.000147
1068.300000 0.004804 -0.004352 -0.000175 0.759114 -0.816400 -0.000147
1068.450000 0.004805 -0.004353 -0.000175 0.760884 -0.814738 -0.000147
1068.600000 0.004806 -0.004353 -0.000175 0.762650 -0.813072 -0.000148
1068.750000 0.004807 -0.004353 -0.000175 0.764412 -0.811402 -0.000148
1068.900000 0.004808 -0.004353 -0.000175 0.766171 -0.809728 -0.000148
1069.050000 0.004809 -0.004354 -0.000175 0.767926 -0.808050 -0.000148
1069.200000 0.004810 -0.004354 -0.000175 0.769677 -0.806369 -0.000148
1069.350000 0.004811 -0.004354 -0.000175 0.771425 -0.804683 -0.000148
1069.500000 0.004811 -0.004355 -0.000175 0.773169 -0.802994 -0.000148
1069.650000 0.004812 -0.004355 -0.000175 0.774909 -0.801300 -0.000148
1069.800000 0.004813 -0.004355 -0.000175 0.776645 -0.799603 -0.000148
1069.950000 0.004814 -0.004355 -0.000175 0.778378 -0.797902 -0.000148
1070.100000 0.004815 -0.004356 -0.000175 0.780107 -0.796197 -0.000148
1070.250000 0.004816 -0.004356 -0.000175 0.781832 -0.794487 -0.000148
1070.400000 0.004817 -0.004356 -0.000175 0.783553 -0.792775 -0.000148
1070.550000 0.004818 -0.004357 -0.000175 0.785270 -0.791058 -0.000148
1070.700000 0.004819 -0.004357 -0.000175 0.786984 -0.789337 -0.000148
1070.850000 0.004820 -0.004357 -0.000175 0.788694 -0.787613 -0.000149
1071.000000 0.004820 -0.004357 -0.000175 0.790400 -0.785884 -0.000149
1071.150000 0.004821 -0.004358 -0.000175 0.792102 -0.784152 -0.000149
1071.300000 0.004822 -0.004358 -0.000175 0.793800 -0.782416 -0.000149
1071.450000 0.004823 -0.004358 -0.000175 0.795495 -0.780677 -0.000149
1071.600000 0.004824 -0.004359 -0.000175 0.797185 -0.778933 -0.000149
1071.750000 0.004825 -0.004359 -0.000175 0.798872 -0.777186 -0.000149
1071.900000 0.004826 -0.004359 -0.000175 0.800555 -0.775434 -0.000149
1072.050000 0.004827 -0.004359 -0.000175 0.802234 -0.773680 -0.000149
1072.200000 0.004828 -0.004360 -0.000175 0.803909 -0.771921 -0.000149
1072.350000 0.004829 -0.004360 -0.000175 0.805580 -0.770158 -0.000149
1072.500000 0.004829 -0.004360 -0.000175 0.807247 -0.768392 -0.000149
1072.650000 0.004830 -0.004361 -0.000175 0.808910 -0.766622 -0.000149
1072.800000 0.004831 -0.004361 -0.000175 0.810570 -0.764848 -0.000149
1072.950000 0.004832 -0.004361 -0.000175 0.812225 -0.763071 -0.000150
1073.100000 0.004833 -0.004361 -0.000175 0.813877 -0.761290 -0.000150
1073.250000 0.004834 -0.004362 -0.000175 0.815524 -0.759505 -0.000150
1073.400000 0.004835 -0.004362 -0.000175 0.817168 -0.757716 -0.000150
1073.550000 0.004836 -0.004362 -0.000175 0.818807 -0.755924 -0.000150
1073.700000 0.004837 -0.004363 -0.000175 0.820443 -0.754128 -0.000150
1073.850000 0.004837 -0.004363 -0.000175 0.822075 -0.752328 -0.000150
1074.000000 0.004838 -0.004363 -0.000175 0.823702 -0.750525 -0.000150
1074.150000 0.004839 -0.004363 -0.000175 0.825326 -0.748718 -0.000150
1074.300000 0.004840 -0.004364 -0.000175 0.826946 -0.746907 -0.000150
1074.450000 0.004841 -0.004364 -0.000175 0.828561 -0.745093 -0.000150
1074.600000 0.004842 -0.004364 -0.000175 0.830173 -0.743275 -0.000150
1074.750000 0.004843 -0.004365 -0.000175 0.831781 -0.741453 -0.000150
1074.900000 0.004844 -0.004365 -0.000175 0.833384 -0.739628 -0.000150
1075.050000 0.004845 -0.004365 -0.000175 0.834984 -0.737799 -0.000151
1075.200000 0.004846 -0.004365 -0.000175 0.836579 -0.735967 -0.000151
1075.350000 0.004846 -0.004366 -0.000175 0.838170 -0.734131 -0.000151
1075.500000 0.004847 -0.004366 -0.000175 0.839758 -0.732291 -0.000151
1075.650000 0.004848 -0.004366 -0.000175 0.841341 -0.730448 -0.000151
1075.800000 0.004849 -0.004367 -0.000176 0.842920 -0.728601 -0.000151
1075.950000 0.004850 -0.004367 -0.000176 0.844495 -0.726751 -0.000151
1076.100000 0.004851 -0.004367 -0.000176 0.846066 -0.724897 -0.000151
1076.250000 0.004852 -0.004367 -0.000176 0.847633 -0.723040 -0.000151
1076.400000 0.004853 -0.004368 -0.000176 0.849195 -0.721179 -0.000151
1076.550000 0.004854 -0.004368 -0.000176 0.850754 -0.719315 -0.000151
1076.700000 0.004855 -0.004368 -0.000176 0.852308 -0.717447 -0.000151
1076.850000 0.004855 -0.004369 -0.000176 0.853859 -0.715575 -0.000151
1077.000000 0.004856 -0.004369 -0.000176 0.855405 -0.713700 -0.000151
1077.150000 0.004857 -0.004369 -0.000176 0.856947 -0.711822 -0.000152
1077.300000 0.004858 -0.004369 -0.000176 0.858484 -0.709940 -0.000152
1077.450000 0.004859 -0.004370 -0.000176 0.860018 -0.708055 -0.000152
1077.600000 0.004860 -0.004370 -0.000176 0.861547 -0.706166 -0.000152
1077.750000 0.004861 -0.004370 -0.000176 0.863073 -0.704274 -0.000152
1077.900000 0.004862 -0.004371 -0.000176 0.864594 -0.702378 -0.000152
1078.050000 0.004863 -0.004371 -0.000176 0.866110 -0.700479 -0.000152
1078.200000 0.004863 -0.004371 -0.000176 0.867623 -0.698576 -0.000152
1078.350000 0.004864 -0.004371 -0.000176 0.869131 -0.696670 -0.000152
1078.500000 0.004865 -0.004372 -0.000176 0.870636 -0.694761 -0.000152
1078.650000 0.004866 -0.004372 -0.000176 0.872136 -0.692848 -0.000152
1078.800000 0.004867 -0.004372 -0.000176 0.873631 -0.690932 -0.000152
1078.950000 0.004868 -0.004373 -0.000176 0.875123 -0.689012 -0.000152
1079.100000 0.004869 -0.004373 -0.000176 0.876610 -0.687089 -0.000152
1079.250000 0.004870 -0.004373 -0.000176 0.878093 -0.685163 -0.000153
1079.400000 0.004871 -0.004373 -0.000176 0.879571 -0.683234 -0.000153
1079.550000 0.004872 -0.004374 -0.000176 0.881046 -0.681301 -0.000153
1079.700000 0.004872 -0.004374 -0.000176 0.882516 -0.679364 -0.000153
1079.850000 0.004873 -0.004374 -0.000176 0.883981 -0.677425 -0.000153
1080.000000 0.004874 -0.004375 -0.000176 0.885443 -0.675482 -0.000153
1080.150000 0.004875 -0.004375 -0.000176 0.886900 -0.673536 -0.000153
1080.300000 0.004876 -0.004375 -0.000176 0.888353 -0.671586 -0.000153
1080.450000 0.004877 -0.004375 -0.000176 0.889801 -0.669633 -0.000153
1080.600000 0.004878 -0.004376 -0.000176 0.891245 -0.667677 -0.000153
1080.750000 0.004879 -0.004376 -0.000176 0.892685 -0.665718 -0.000153
1080.900000 0.004880 -0.004376 -0.000176 0.894121 -0.663755 -0.000153
1081.050000 0.004881 -0.004377 -0.000176 0.895552 -0.661790 -0.000153
1081.200000 0.004881 -0.004377 -0.000176 0.896978 -0.659821 -0.000154
1081.350000 0.004882 -0.004377 -0.000176 0.898401 -0.657848 -0.000154
1081.500000 0.004883 -0.004377 -0.000176 0.899819 -0.655873 -0.000154
1081.650000 0.004884 -0.004378 -0.000176 0.901232 -0.653894 -0.000154
1081.800000 0.004885 -0.004378 -0.000176 0.902642 -0.651912 -0.000154
1081.950000 0.004886 -0.004378 -0.000176 0.904046 -0.649927 -0.000154
1082.100000 0.004887 -0.004379 -0.000176 0.905447 -0.647939 -0.000154
1082.250000 0.004888 -0.004379 -0.000176 0.906843 -0.645947 -0.000154
1082.400000 0.004889 -0.004379 -0.000176 0.908234 -0.643953 -0.000154
1082.550000 0.004889 -0.004379 -0.000176 0.909621 -0.641955 -0.000154
1082.700000 0.004890 -0.004380 -0.000176 0.911004 -0.639954 -0.000154
1082.850000 0.004891 -0.004380 -0.000176 0.912382 -0.637950 -0.000154
1083.000000 0.004892 -0.004380 -0.000176 0.913756 -0.635943 -0.000154
1083.150000 0.004893 -0.004381 -0.000176 0.915125 -0.633933 -0.000155
1083.300000 0.004894 -0.004381 -0.000176 0.916490 -0.631919 -0.000155
1083.450000 0.004895 -0.004381 -0.000177 0.917851 -0.629903 -0.000155
1083.600000 0.004896 -0.004381 -0.000177 0.919207 -0.627883 -0.000155
1083.750000 0.004897 -0.004382 -0.000177 0.920558 -0.625861 -0.000155
1083.900000 0.004898 -0.004382 -0.000177 0.921905 -0.623835 -0.000155
1084.050000 0.004898 -0.004382 -0.000177 0.923248 -0.621806 -0.000155
1084.200000 0.004899 -0.004383 -0.000177 0.924586 -0.619775 -0.000155
1084.350000 0.004900 -0.004383 -0.000177 0.925919 -0.617740 -0.000155
1084.500000 0.004901 -0.004383 -0.000177 0.927248 -0.615702 -0.000155
1084.650000 0.004902 -0.004383 -0.000177 0.928572 -0.613661 -0.000155
1084.800000 0.004903 -0.004384 -0.000177 0.929892 -0.611617 -0.000155
1084.950000 0.004904 -0.004384 -0.000177 0.931207 -0.609570 -0.000155
1085.100000 0.004905 -0.004384 -0.000177 0.932518 -0.607521 -0.000156
1085.250000 0.004906 -0.004385 -0.000177 0.933824 -0.605468 -0.000156
1085.400000 0.004907 -0.004385 -0.000177 0.935126 -0.603412 -0.000156
1085.550000 0.004907 -0.004385 -0.000177 0.936423 -0.601353 -0.000156
1085.700000 0.004908 -0.004385 -0.000177 0.937716 -0.599292 -0.000156
1085.850000 0.004909 -0.004386 -0.000177 0.939004 -0.597227 -0.000156
1086.000000 0.004910 -0.004386 -0.000177 0.940287 -0.595160 -0.000156
1086.150000 0.004911 -0.004386 -0.000177 0.941566 -0.593089 -0.000156
1086.300000 0.004912 -0.004387 -0.000177 0.942840 -0.591016 -0.000156
1086.450000 0.004913 -0.004387 -0.000177 0.944110 -0.588940 -0.000156
1086.600000 0.004914 -0.004387 -0.000177 0.945375 -0.586860 -0.000156
1086.750000 0.004915 -0.004387 -0.000177 0.946635 -0.584778 -0.000156
1086.900000 0.004915 -0.004388 -0.000177 0.947891 -0.582694 -0.000156
1087.050000 0.004916 -0.004388 -0.000177 0.949142 -0.580606 -0.000157
1087.200000 0.004917 -0.004388 -0.000177 0.950388 -0.578515 -0.000157
1087.350000 0.004918 -0.004389 -0.000177 0.951630 -0.576422 -0.000157
1087.500000 0.004919 -0.004389 -0.000177 0.952867 -0.574326 -0.000157
1087.650000 0.004920 -0.004389 -0.000177 0.954099 -0.572227 -0.000157
1087.800000 0.004921 -0.004389 -0.000177 0.955327 -0.570125 -0.000157
1087.950000 0.004922 -0.004390 -0.000177 0.956550 -0.568020 -0.000157
1088.100000 0.004923 -0.004390 -0.000177 0.957769 -0.565913 -0.000157
1088.250000 0.004924 -0.004390 -0.000177 0.958983 -0.563803 -0.000157
1088.400000 0.004924 -0.004391 -0.000177 0.960192 -0.561690 -0.000157
1088.550000 0.004925 -0.004391 -0.000177 0.961396 -0.559574 -0.000157
1088.700000 0.004926 -0.004391 -0.000177 0.962596 -0.557456 -0.000157
1088.850000 0.004927 -0.004391 -0.000177 0.963791 -0.555334 -0.000158
1089.000000 0.004928 -0.004392 -0.000177 0.964981 -0.553211 -0.000158
1089.150000 0.004929 -0.004392 -0.000177 0.966167 -0.551084 -0.000158
1089.300000 0.004930 -0.004392 -0.000177 0.967348 -0.548955 -0.000158
1089.450000 0.004931 -0.004393 -0.000177 0.968524 -0.546823 -0.000158
1089.600000 0.004932 -0.004393 -0.000177 0.969695 -0.544688 -0.000158
1089.750000 0.004933 -0.004393 -0.000177 0.970862 -0.542551 -0.000158
1089.900000 0.004933 -0.004393 -0.000177 0.972024 -0.540411 -0.000158
1090.050000 0.004934 -0.004394 -0.000177 0.973181 -0.538268 -0.000158
1090.200000 0.004935 -0.004394 -0.000177 0.974333 -0.536123 -0.000158
1090.350000 0.004936 -0.004394 -0.000177 0.975481 -0.533975 -0.000158
1090.500000 0.004937 -0.004395 -0.000177 0.976623 -0.531824 -0.000158
1090.650000 0.004938 -0.004395 -0.000177 0.977761 -0.529671 -0.000159
1090.800000 0.004939 -0.004395 -0.000177 0.978895 -0.527515 -0.000159
1090.950000 0.004940 -0.004395 -0.000177 0.980023 -0.525357 -0.000159
1091.100000 0.004941 -0.004396 -0.000178 0.981147 -0.523196 -0.000159
1091.250000 0.004942 -0.004396 -0.000178 0.982265 -0.521032 -0.000159
1091.400000 0.004942 -0.004396 -0.000178 0.983380 -0.518866 -0.000159
1091.550000 0.004943 -0.004397 -0.000178 0.984489 -0.516698 -0.000159
1091.700000 0.004944 -0.004397 -0.000178 0.985593 -0.514527 -0.000159
1091.850000 0.004945 -0.004397 -0.000178 0.986693 -0.512353 -0.000159
1092.000000 0.004946 -0.004397 -0.000178 0.987787 -0.510177 -0.000159
1092.150000 0.004947 -0.004398 -0.000178 0.988877 -0.507998 -0.000159
1092.300000 0.004948 -0.004398 -0.000178 0.989962 -0.505817 -0.000159
1092.450000 0.004949 -0.004398 -0.000178 0.991042 -0.503633 -0.000160
1092.600000 0.004950 -0.004399 -0.000178 0.992118 -0.501447 -0.000160
1092.750000 0.004951 -0.004399 -0.000178 0.993188 -0.499258 -0.000160
1092.900000 0.004951 -0.004399 -0.000178 0.994254 -0.497067 -0.000160
1093.050000 0.004952 -0.004399 -0.000178 0.995315 -0.494874 -0.000160
1093.200000 0.004953 -0.004400 -0.000178 0.996370 -0.492678 -0.000160
1093.350000 0.004954 -0.004400 -0.000178 0.997421 -0.490480 -0.000160
1093.500000 0.004955 -0.004400 -0.000178 0.998467 -0.488279 -0.000160
1093.650000 0.004956 -0.004401 -0.000178 0.999509 -0.486076 -0.000160
1093.800000 0.004957 -0.004401 -0.000178 1.000545 -0.483870 -0.000160
1093.950000 0.004958 -0.004401 -0.000178 1.001576 -0.481662 -0.000160
1094.100000 0.004959 -0.004401 -0.000178 1.002603 -0.479452 -0.000160
1094.250000 0.004959 -0.004402 -0.000178 1.003624 -0.477240 -0.000161
1094.400000 0.004960 -0.004402 -0.000178 1.004641 -0.475025 -0.000161
1094.550000 0.004961 -0.004402 -0.000178 1.005653 -0.472807 -0.000161
1094.700000 0.004962 -0.004403 -0.000178 1.006659 -0.470588 -0.000161
1094.850000 0.004963 -0.004403 -0.000178 1.007661 -0.468366 -0.000161
1095.000000 0.004964 -0.004403 -0.000178 1.008658 -0.466141 -0.000161
1095.150000 0.004965 -0.004403 -0.000178 1.009650 -0.463915 -0.000161
1095.300000 0.004966 -0.004404 -0.000178 1.010637 -0.461686 -0.000161
1095.450000 0.004967 -0.004404 -0.000178 1.011619 -0.459455 -0.000161
1095.600000 0.004968 -0.004404 -0.000178 1.012596 -0.457222 -0.000161
1095.750000 0.004968 -0.004405 -0.000178 1.013568 -0.454986 -0.000161
1095.900000 0.004969 -0.004405 -0.000178 1.014535 -0.452748 -0.000161
1096.050000 0.004970 -0.004405 -0.000178 1.015497 -0.450508 -0.000162
1096.200000 0.004971 -0.004405 -0.000178 1.016454 -0.448266 -0.000162
1096.350000 0.004972 -0.004406 -0.000178 1.017406 -0.446022 -0.000162
1096.500000 0.004973 -0.004406 -0.000178 1.018354 -0.443775 -0.000162
1096.650000 0.004974 -0.004406 -0.000178 1.019296 -0.441526 -0.000162
1096.800000 0.004975 -0.004407 -0.000178 1.020233 -0.439275 -0.000162
1096.950000 0.004976 -0.004407 -0.000178 1.021165 -0.437022 -0.000162
1097.100000 0.004977 -0.004407 -0.000178 1.022092 -0.434767 -0.000162
1097.250000 0.004977 -0.004407 -0.000178 1.023014 -0.432509 -0.000162
1097.400000 0.004978 -0.004408 -0.000178 1.023931 -0.430250 -0.000162
1097.550000 0.004979 -0.004408 -0.000178 1.024843 -0.427988 -0.000162
1097.700000 0.004980 -0.004408 -0.000178 1.025750 -0.425724 -0.000162
1097.850000 0.004981 -0.004409 -0.000178 1.026652 -0.423458 -0.000163
1098.000000 0.004982 -0.004409 -0.000178 1.027549 -0.421190 -0.000163
1098.150000 0.004983 -0.004409 -0.000178 1.028441 -0.418920 -0.000163
1098.300000 0.004984 -0.004409 -0.000178 1.029327 -0.416648 -0.000163
1098.450000 0.004985 -0.004410 -0.000178 1.030209 -0.414374 -0.000163
1098.600000 0.004986 -0.004410 -0.000178 1.031086 -0.412098 -0.000163
1098.750000 0.004986 -0.004410 -0.000179 1.031957 -0.409819 -0.000163
1098.900000 0.004987 -0.004411 -0.000179 1.032824 -0.407539 -0.000163
1099.050000 0.004988 -0.004411 -0.000179 1.033685 -0.405257 -0.000163
1099.200000 0.004989 -0.004411 -0.000179 1.034542 -0.402973 -0.000163
1099.350000 0.004990 -0.004411 -0.000179 1.035393 -0.400686 -0.000163
1099.500000 0.004991 -0.004412 -0.000179 1.036239 -0.398398 -0.000164
1099.650000 0.004992 -0.004412 -0.000179 1.037080 -0.396108 -0.000164
1099.800000 0.004993 -0.004412 -0.000179 1.037916 -0.393816 -0.000164
1099.950000 0.004994 -0.004413 -0.000179 1.038747 -0.391522 -0.000164
1100.100000 0.004995 -0.004413 -0.000179 1.039573 -0.389226 -0.000164
1100.250000 0.004995 -0.004413 -0.000179 1.040393 -0.386928 -0.000164
1100.400000 0.004996 -0.004413 -0.000179 1.041209 -0.384628 -0.000164
1100.550000 0.004997 -0.004414 -0.000179 1.042019 -0.382327 -0.000164
1100.700000 0.004998 -0.004414 -0.000179 1.042824 -0.380023 -0.000164
1100.850000 0.004999 -0.004414 -0.000179 1.043624 -0.377718 -0.000164
1101.000000 0.005000 -0.004415 -0.000179 1.044419 -0.375410 -0.000164
1101.150000 0.005001 -0.004415 -0.000179 1.045209 -0.373101 -0.000164
1101.300000 0.005002 -0.004415 -0.000179 1.045994 -0.370790 -0.000165
1101.450000 0.005003 -0.004415 -0.000179 1.046773 -0.368477 -0.000165
1101.600000 0.005004 -0.004416 -0.000179 1.047548 -0.366163 -0.000165
1101.750000 0.005004 -0.004416 -0.000179 1.048317 -0.363846 -0.000165
1101.900000 0.005005 -0.004416 -0.000179 1.049081 -0.361528 -0.000165
1102.050000 0.005006 -0.004417 -0.000179 1.049840 -0.359208 -0.000165
1102.200000 0.005007 -0.004417 -0.000179 1.050594 -0.356886 -0.000165
1102.350000 0.005008 -0.004417 -0.000179 1.051342 -0.354563 -0.000165
1102.500000 0.005009 -0.004417 -0.000179 1.052085 -0.352237 -0.000165
1102.650000 0.005010 -0.004418 -0.000179 1.052823 -0.349910 -0.000165
1102.800000 0.005011 -0.004418 -0.000179 1.053556 -0.347582 -0.000165
1102.950000 0.005012 -0.004418 -0.000179 1.054284 -0.345251 -0.000166
1103.100000 0.005012 -0.004419 -0.000179 1.055007 -0.342919 -0.000166
1103.250000 0.005013 -0.004419 -0.000179 1.055724 -0.340585 -0.000166
1103.400000 0.005014 -0.004419 -0.000179 1.056436 -0.338250 -0.000166
1103.550000 0.005015 -0.004419 -0.000179 1.057143 -0.335912 -0.000166
1103.700000 0.005016 -0.004420 -0.000179 1.057845 -0.333574 -0.000166
1103.850000 0.005017 -0.004420 -0.000179 1.058541 -0.331233 -0.000166
1104.000000 0.005018 -0.004420 -0.000179 1.059233 -0.328891 -0.000166
1104.150000 0.005019 -0.004421 -0.000179 1.059919 -0.326547 -0.000166
1104.300000 0.005020 -0.004421 -0.000179 1.060600 -0.324202 -0.000166
1104.450000 0.005021 -0.004421 -0.000179 1.061275 -0.321855 -0.000166
1104.600000 0.005021 -0.004421 -0.000179 1.061946 -0.319506 -0.000167
1104.750000 0.005022 -0.004422 -0.000179 1.062611 -0.317156 -0.000167
1104.900000 0.005023 -0.004422 -0.000179 1.063271 -0.314805 -0.000167
1105.050000 0.005024 -0.004422 -0.000179 1.063925 -0.312451 -0.000167
1105.200000 0.005025 -0.004423 -0.000179 1.064574 -0.310097 -0.000167
1105.350000 0.005026 -0.004423 -0.000179 1.065219 -0.307740 -0.000167
1105.500000 0.005027 -0.004423 -0.000179 1.065857 -0.305382 -0.000167
1105.650000 0.005028 -0.004423 -0.000179 1.066491 -0.303023 -0.000167
1105.800000 0.005029 -0.004424 -0.000179 1.067119 -0.300662 -0.000167
1105.950000 0.005030 -0.004424 -0.000179 1.067742 -0.298300 -0.000167
1106.100000 0.005030 -0.004424 -0.000179 1.068360 -0.295936 -0.000167
1106.250000 0.005031 -0.004425 -0.000179 1.068973 -0.293571 -0.000168
1106.400000 0.005032 -0.004425 -0.000180 1.069580 -0.291204 -0.000168
1106.550000 0.005033 -0.004425 -0.000180 1.070182 -0.288836 -0.000168
1106.700000 0.005034 -0.004425 -0.000180 1.070778 -0.286467 -0.000168
1106.850000 0.005035 -0.004426 -0.000180 1.071370 -0.284096 -0.000168
1107.000000 0.005036 -0.004426 -0.000180 1.071956 -0.281723 -0.000168
1107.150000 0.005037 -0.004426 -0.000180 1.072537 -0.279350 -0.000168
1107.300000 0.005038 -0.004427 -0.000180 1.073112 -0.276974 -0.000168
1107.450000 0.005039 -0.004427 -0.000180 1.073682 -0.274598 -0.000168
1107.600000 0.005039 -0.004427 -0.000180 1.074247 -0.272220 -0.000168
1107.750000 0.005040 -0.004427 -0.000180 1.074806 -0.269841 -0.000168
1107.900000 0.005041 -0.004428 -0.000180 1.075361 -0.267460 -0.000169
1108.050000 0.005042 -0.004428 -0.000180 1.075910 -0.265079 -0.000169
1108.200000 0.005043 -0.004428 -0.000180 1.076453 -0.262695 -0.000169
1108.350000 0.005044 -0.004429 -0.000180 1.076991 -0.260311 -0.000169
1108.500000 0.005045 -0.004429 -0.000180 1.077524 -0.257925 -0.000169
1108.650000 0.005046 -0.004429 -0.000180 1.078052 -0.255538 -0.000169
1108.800000 0.005047 -0.004429 -0.000180 1.078574 -0.253150 -0.000169
1108.950000 0.005048 -0.004430 -0.000180 1.079091 -0.250760 -0.000169
1109.100000 0.005048 -0.004430 -0.000180 1.079602 -0.248370 -0.000169
1109.250000 0.005049 -0.004430 -0.000180 1.080109 -0.245978 -0.000169
1109.400000 0.005050 -0.004431 -0.000180 1.080610 -0.243584 -0.000169
1109.550000 0.005051 -0.004431 -0.000180 1.081105 -0.241190 -0.000170
1109.700000 0.005052 -0.004431 -0.000180 1.081595 -0.238795 -0.000170
1109.850000 0.005053 -0.004431 -0.000180 1.082080 -0.236398 -0.000170
1110.000000 0.005054 -0.004432 -0.000180 1.082559 -0.234000 -0.000170
1110.150000 0.005055 -0.004432 -0.000180 1.083034 -0.231601 -0.000170
1110.300000 0.005056 -0.004432 -0.000180 1.083502 -0.229200 -0.000170
1110.450000 0.005057 -0.004433 -0.000180 1.083966 -0.226799 -0.000170
1110.600000 0.005057 -0.004433 -0.000180 1.084424 -0.224397 -0.000170
1110.750000 0.005058 -0.004433 -0.000180 1.084876 -0.221993 -0.000170
1110.900000 0.005059 -0.004433 -0.000180 1.085323 -0.219588 -0.000170
1111.050000 0.005060 -0.004434 -0.000180 1.085765 -0.217183 -0.000170
1111.200000 0.005061 -0.004434 -0.000180 1.086202 -0.214776 -0.000171
1111.350000 0.005062 -0.004434 -0.000180 1.086633 -0.212368 -0.000171
1111.500000 0.005063 -0.004435 -0.000180 1.087058 -0.209959 -0.000171
1111.650000 0.005064 -0.004435 -0.000180 1.087479 -0.207549 -0.000171
1111.800000 0.005065 -0.004435 -0.000180 1.087894 -0.205138 -0.000171
1111.950000 0.005066 -0.004435 -0.000180 1.088303 -0.202726 -0.000171
1112.100000 0.005066 -0.004436 -0.000180 1.088707 -0.200313 -0.000171
1112.250000 0.005067 -0.004436 -0.000180 1.089106 -0.197899 -0.000171
1112.400000 0.005068 -0.004436 -0.000180 1.089499 -0.195484 -0.000171
1112.550000 0.005069 -0.004437 -0.000180 1.089887 -0.193068 -0.000171
1112.700000 0.005070 -0.004437 -0.000180 1.090270 -0.190651 -0.000171
1112.850000 0.005071 -0.004437 -0.000180 1.090647 -0.188233 -0.000172
1113.000000 0.005072 -0.004437 -0.000180 1.091019 -0.185814 -0.000172
1113.150000 0.005073 -0.004438 -0.000180 1.091385 -0.183395 -0.000172
1113.300000 0.005074 -0.004438 -0.000180 1.091746 -0.180974 -0.000172
1113.450000 0.005075 -0.004438 -0.000180 1.092101 -0.178553 -0.000172
1113.600000 0.005075 -0.004439 -0.000180 1.092451 -0.176130 -0.000172
1113.750000 0.005076 -0.004439 -0.000180 1.092796 -0.173707 -0.000172
1113.900000 0.005077 -0.004439 -0.000180 1.093135 -0.171283 -0.000172
1114.050000 0.005078 -0.004439 -0.000181 1.093469 -0.168858 -0.000172
1114.200000 0.005079 -0.004440 -0.000181 1.093797 -0.166432 -0.000172
1114.350000 0.005080 -0.004440 -0.000181 1.094120 -0.164006 -0.000172
1114.500000 0.005081 -0.004440 -0.000181 1.094437 -0.161578 -0.000173
1114.650000 0.005082 -0.004441 -0.000181 1.094749 -0.159150 -0.000173
1114.800000 0.005083 -0.004441 -0.000181 1.095056 -0.156721 -0.000173
1114.950000 0.005084 -0.004441 -0.000181 1.095357 -0.154291 -0.000173
1115.100000 0.005084 -0.004441 -0.000181 1.095652 -0.151861 -0.000173
1115.250000 0.005085 -0.004442 -0.000181 1.095943 -0.149430 -0.000173
1115.400000 0.005086 -0.004442 -0.000181 1.096227 -0.146998 -0.000173
1115.550000 0.005087 -0.004442 -0.000181 1.096507 -0.144565 -0.000173
1115.700000 0.005088 -0.004443 -0.000181 1.096781 -0.142131 -0.000173
1115.850000 0.005089 -0.004443 -0.000181 1.097049 -0.139697 -0.000173
1116.000000 0.005090 -0.004443 -0.000181 1.097312 -0.137262 -0.000174
1116.150000 0.005091 -0.004443 -0.000181 1.097569 -0.134827 -0.000174
1116.300000 0.005092 -0.004444 -0.000181 1.097821 -0.132391 -0.000174
1116.450000 0.005093 -0.004444 -0.000181 1.098068 -0.129954 -0.000174
1116.600000 0.005093 -0.004444 -0.000181 1.098309 -0.127516 -0.000174
1116.750000 0.005094 -0.004445 -0.000181 1.098545 -0.125078 -0.000174
1116.900000 0.005095 -0.004445 -0.000181 1.098775 -0.122640 -0.000174
1117.050000 0.005096 -0.004445 -0.000181 1.099000 -0.120200 -0.000174
1117.200000 0.005097 -0.004445 -0.000181 1.099219 -0.117761 -0.000174
1117.350000 0.005098 -0.004446 -0.000181 1.099433 -0.115320 -0.000174
1117.500000 0.005099 -0.004446 -0.000181 1.099641 -0.112879 -0.000174
1117.650000 0.005100 -0.004446 -0.000181 1.099844 -0.110437 -0.000175
1117.800000 0.005101 -0.004447 -0.000181 1.100041 -0.107995 -0.000175
1117.950000 0.005102 -0.004447 -0.000181 1.100233 -0.105553 -0.000175
1118.100000 0.005102 -0.004447 -0.000181 1.100419 -0.103109 -0.000175
1118.250000 0.005103 -0.004448 -0.000181 1.100600 -0.100666 -0.000175
1118.400000 0.005104 -0.004448 -0.000181 1.100776 -0.098222 -0.000175
1118.550000 0.005105 -0.004448 -0.000181 1.100946 -0.095777 -0.000175
1118.700000 0.005106 -0.004448 -0.000181 1.101110 -0.093332 -0.000175
1118.850000 0.005107 -0.004449 -0.000181 1.101269 -0.090886 -0.000175
1119.000000 0.005108 -0.004449 -0.000181 1.101422 -0.088440 -0.000175
1119.150000 0.005109 -0.004449 -0.000181 1.101570 -0.085994 -0.000175
1119.300000 0.005110 -0.004450 -0.000181 1.101713 -0.083547 -0.000176
1119.450000 0.005111 -0.004450 -0.000181 1.101850 -0.081099 -0.000176
1119.600000 0.005111 -0.004450 -0.000181 1.101981 -0.078652 -0.000176
1119.750000 0.005112 -0.004450 -0.000181 1.102107 -0.076204 -0.000176
1119.900000 0.005113 -0.004451 -0.000181 1.102228 -0.073755 -0.000176
1120.050000 0.005114 -0.004451 -0.000181 1.102343 -0.071306 -0.000176
1120.200000 0.005115 -0.004451 -0.000181 1.102453 -0.068857 -0.000176
1120.350000 0.005116 -0.004452 -0.000181 1.102557 -0.066408 -0.000176
1120.500000 0.005117 -0.004452 -0.000181 1.102655 -0.063958 -0.000176
1120.650000 0.005118 -0.004452 -0.000181 1.102748 -0.061508 -0.000176
1120.800000 0.005119 -0.004452 -0.000181 1.102836 -0.059057 -0.000177
1120.950000 0.005120 -0.004453 -0.000181 1.102918 -0.056607 -0.000177
1121.100000 0.005120 -0.004453 -0.000181 1.102994 -0.054156 -0.000177
1121.250000 0.005121 -0.004453 -0.000181 1.103065 -0.051704 -0.000177
1121.400000 0.005122 -0.004454 -0.000181 1.103131 -0.049253 -0.000177
1121.550000 0.005123 -0.004454 -0.000181 1.103191 -0.046801 -0.000177
1121.700000 0.005124 -0.004454 -0.000182 1.103245 -0.044349 -0.000177
1121.850000 0.005125 -0.004454 -0.000182 1.103294 -0.041897 -0.000177
1122.000000 0.005126 -0.004455 -0.000182 1.103338 -0.039445 -0.000177
1122.150000 0.005127 -0.004455 -0.000182 1.103375 -0.036992 -0.000177
1122.300000 0.005128 -0.004455 -0.000182 1.103408 -0.034539 -0.000177
1122.450000 0.005129 -0.004456 -0.000182 1.103435 -0.032086 -0.000178
1122.600000 0.005129 -0.004456 -0.000182 1.103456 -0.029633 -0.000178
1122.750000 0.005130 -0.004456 -0.000182 1.103472 -0.027180 -0.000178
1122.900000 0.005131 -0.004456 -0.000182 1.103483 -0.024727 -0.000178
1123.050000 0.005132 -0.004457 -0.000182 1.103487 -0.022273 -0.000178
1123.200000 0.005133 -0.004457 -0.000182 1.103487 -0.019820 -0.000178
1123.350000 0.005134 -0.004457 -0.000182 1.103481 -0.017366 -0.000178
1123.500000 0.005135 -0.004458 -0.000182 1.103469 -0.014913 -0.000178
1123.650000 0.005136 -0.004458 -0.000182 1.103452 -0.012459 -0.000178
1123.800000 0.005137 -0.004458 -0.000182 1.103429 -0.010005 -0.000178
1123.950000 0.005138 -0.004458 -0.000182 1.103401 -0.007551 -0.000178
1124.100000 0.005139 -0.004459 -0.000182 1.103367 -0.005097 -0.000179
1124.250000 0.005139 -0.004459 -0.000182 1.103328 -0.002643 -0.000179
1124.400000 0.005140 -0.004459 -0.000182 1.103283 -0.000190 -0.000179
1124.550000 0.005141 -0.004460 -0.000182 1.103233 0.002264 -0.000179
1124.700000 0.005142 -0.004460 -0.000182 1.103177 0.004718 -0.000179
1124.850000 0.005143 -0.004460 -0.000182 1.103115 0.007172 -0.000179
1125.000000 0.005144 -0.004460 -0.000182 1.103048 0.009626 -0.000179
1125.150000 0.005145 -0.004461 -0.000182 1.102976 0.012080 -0.000179
1125.300000 0.005146 -0.004461 -0.000182 1.102898 0.014533 -0.000179
1125.450000 0.005147 -0.004461 -0.000182 1.102815 0.016987 -0.000179
1125.600000 0.005148 -0.004462 -0.000182 1.102726 0.019440 -0.000180
1125.750000 0.005148 -0.004462 -0.000182 1.102631 0.021894 -0.000180
1125.900000 0.005149 -0.004462 -0.000182 1.102531 0.024347 -0.000180
1126.050000 0.005150 -0.004462 -0.000182 1.102426 0.026800 -0.000180
1126.200000 0.005151 -0.004463 -0.000182 1.102315 0.029253 -0.000180
1126.350000 0.005152 -0.004463 -0.000182 1.102198 0.031706 -0.000180
1126.500000 0.005153 -0.004463 -0.000182 1.102076 0.034159 -0.000180
1126.650000 0.005154 -0.004464 -0.000182 1.101948 0.036611 -0.000180
1126.800000 0.005155 -0.004464 -0.000182 1.101815 0.039063 -0.000180
1126.950000 0.005156 -0.004464 -0.000182 1.101676 0.041515 -0.000180
1127.100000 0.005157 -0.004464 -0.000182 1.101532 0.043967 -0.000180
1127.250000 0.005157 -0.004465 -0.000182 1.101382 0.046419 -0.000181
1127.400000 0.005158 -0.004465 -0.000182 1.101227 0.048870 -0.000181
1127.550000 0.005159 -0.004465 -0.000182 1.101066 0.051321 -0.000181
1127.700000 0.005160 -0.004466 -0.000182 1.100900 0.053772 -0.000181
1127.850000 0.005161 -0.004466 -0.000182 1.100728 0.056223 -0.000181
1128.000000 0.005162 -0.004466 -0.000182 1.100551 0.058673 -0.000181
1128.150000 0.005163 -0.004466 -0.000182 1.100368 0.061123 -0.000181
1128.300000 0.005164 -0.004467 -0.000182 1.100180 0.063573 -0.000181
1128.450000 0.005165 -0.004467 -0.000182 1.099986 0.066022 -0.000181
1128.600000 0.005166 -0.004467 -0.000182 1.099786 0.068471 -0.000181
1128.750000 0.005166 -0.004468 -0.000182 1.099581 0.070920 -0.000182
1128.900000 0.005167 -0.004468 -0.000182 1.099371 0.073368 -0.000182
1129.050000 0.005168 -0.004468 -0.000182 1.099155 0.075816 -0.000182
1129.200000 0.005169 -0.004468 -0.000182 1.098933 0.078263 -0.000182
1129.350000 0.005170 -0.004469 -0.000183 1.098706 0.080710 -0.000182
1129.500000 0.005171 -0.004469 -0.000183 1.098474 0.083157 -0.000182
1129.650000 0.005172 -0.004469 -0.000183 1.098236 0.085603 -0.000182
1129.800000 0.005173 -0.004470 -0.000183 1.097992 0.088049 -0.000182
1129.950000 0.005174 -0.004470 -0.000183 1.097743 0.090494 -0.000182
1130.100000 0.005175 -0.004470 -0.000183 1.097489 0.092939 -0.000182
1130.250000 0.005175 -0.004470 -0.000183 1.097228 0.095383 -0.000182
1130.400000 0.005176 -0.004471 -0.000183 1.096963 0.097827 -0.000183
1130.550000 0.005177 -0.004471 -0.000183 1.096692 0.100271 -0.000183
1130.700000 0.005178 -0.004471 -0.000183 1.096415 0.102714 -0.000183
1130.850000 0.005179 -0.004472 -0.000183 1.096133 0.105156 -0.000183
1131.000000 0.005180 -0.004472 -0.000183 1.095845 0.107598 -0.000183
1131.150000 0.005181 -0.004472 -0.000183 1.095552 0.110039 -0.000183
1131.300000 0.005182 -0.004472 -0.000183 1.095253 0.112480 -0.000183
1131.450000 0.005183 -0.004473 -0.000183 1.094949 0.114920 -0.000183
1131.600000 0.005184 -0.004473 -0.000183 1.094639 0.117359 -0.000183
1131.750000 0.005184 -0.004473 -0.000183 1.094324 0.119798 -0.000183
1131.900000 0.005185 -0.004474 -0.000183 1.094003 0.122237 -0.000184
1132.050000 0.005186 -0.004474 -0.000183 1.093677 0.124674 -0.000184
1132.200000 0.005187 -0.004474 -0.000183 1.093345 0.127111 -0.000184
1132.350000 0.005188 -0.004474 -0.000183 1.093008 0.129548 -0.000184
1132.500000 0.005189 -0.004475 -0.000183 1.092665 0.131983 -0.000184
1132.650000 0.005190 -0.004475 -0.000183 1.092317 0.134418 -0.000184
1132.800000 0.005191 -0.004475 -0.000183 1.091963 0.136853 -0.000184
1132.950000 0.005192 -0.004476 -0.000183 1.091604 0.139286 -0.000184
1133.100000 0.005193 -0.004476 -0.000183 1.091239 0.141719 -0.000184
1133.250000 0.005194 -0.004476 -0.000183 1.090869 0.144151 -0.000184
1133.400000 0.005194 -0.004476 -0.000183 1.090493 0.146583 -0.000184
1133.550000 0.005195 -0.004477 -0.000183 1.090112 0.149014 -0.000185
1133.700000 0.005196 -0.004477 -0.000183 1.089725 0.151443 -0.000185
1133.850000 0.005197 -0.004477 -0.000183 1.089333 0.153873 -0.000185
1134.000000 0.005198 -0.004478 -0.000183 1.088935 0.156301 -0.000185
1134.150000 0.005199 -0.004478 -0.000183 1.088532 0.158729 -0.000185
1134.300000 0.005200 -0.004478 -0.000183 1.088124 0.161155 -0.000185
1134.450000 0.005201 -0.004478 -0.000183 1.087709 0.163581 -0.000185
1134.600000 0.005202 -0.004479 -0.000183 1.087290 0.166006 -0.000185
1134.750000 0.005203 -0.004479 -0.000183 1.086865 0.168431 -0.000185
1134.900000 0.005203 -0.004479 -0.000183 1.086434 0.170854 -0.000185
1135.050000 0.005204 -0.004480 -0.000183 1.085998 0.173276 -0.000186
1135.200000 0.005205 -0.004480 -0.000183 1.085556 0.175698 -0.000186
1135.350000 0.005206 -0.004480 -0.000183 1.085109 0.178119 -0.000186
1135.500000 0.005207 -0.004480 -0.000183 1.084657 0.180539 -0.000186
1135.650000 0.005208 -0.004481 -0.000183 1.084199 0.182957 -0.000186
1135.800000 0.005209 -0.004481 -0.000183 1.083735 0.185375 -0.000186
1135.950000 0.005210 -0.004481 -0.000183 1.083266 0.187792 -0.000186
1136.100000 0.005211 -0.004482 -0.000183 1.082792 0.190208 -0.000186
1136.250000 0.005212 -0.004482 -0.000183 1.082312 0.192623 -0.000186
1136.400000 0.005212 -0.004482 -0.000183 1.081827 0.195038 -0.000186
1136.550000 0.005213 -0.004482 -0.000183 1.081336 0.197451 -0.000186
1136.700000 0.005214 -0.004483 -0.000183 1.080840 0.199863 -0.000187
1136.850000 0.005215 -0.004483 -0.000183 1.080338 0.202274 -0.000187
1137.000000 0.005216 -0.004483 -0.000184 1.079831 0.204684 -0.000187
1137.150000 0.005217 -0.004484 -0.000184 1.079318 0.207093 -0.000187
1137.300000 0.005218 -0.004484 -0.000184 1.078800 0.209500 -0.000187
1137.450000 0.005219 -0.004484 -0.000184 1.078277 0.211907 -0.000187
1137.600000 0.005220 -0.004484 -0.000184 1.077748 0.214313 -0.000187
1137.750000 0.005221 -0.004485 -0.000184 1.077213 0.216718 -0.000187
1137.900000 0.005221 -0.004485 -0.000184 1.076673 0.219121 -0.000187
1138.050000 0.005222 -0.004485 -0.000184 1.076128 0.221524 -0.000187
1138.200000 0.005223 -0.004486 -0.000184 1.075577 0.223925 -0.000188
1138.350000 0.005224 -0.004486 -0.000184 1.075021 0.226325 -0.000188
1138.500000 0.005225 -0.004486 -0.000184 1.074460 0.228724 -0.000188
1138.650000 0.005226 -0.004486 -0.000184 1.073892 0.231122 -0.000188
1138.800000 0.005227 -0.004487 -0.000184 1.073320 0.233518 -0.000188
1138.950000 0.005228 -0.004487 -0.000184 1.072742 0.235914 -0.000188
1139.100000 0.005229 -0.004487 -0.000184 1.072159 0.238308 -0.000188
1139.250000 0.005230 -0.004488 -0.000184 1.071570 0.240701 -0.000188
1139.400000 0.005231 -0.004488 -0.000184 1.070976 0.243092 -0.000188
1139.550000 0.005231 -0.004488 -0.000184 1.070376 0.245483 -0.000188
1139.700000 0.005232 -0.004488 -0.000184 1.069771 0.247872 -0.000188
1139.850000 0.005233 -0.004489 -0.000184 1.069161 0.250260 -0.000189
1140.000000 0.005234 -0.004489 -0.000184 1.068545 0.252647 -0.000189
1140.150000 0.005235 -0.004489 -0.000184 1.067924 0.255032 -0.000189
1140.300000 0.005236 -0.004490 -0.000184 1.067297 0.257416 -0.000189
1140.450000 0.005237 -0.004490 -0.000184 1.066665 0.259799 -0.000189
1140.600000 0.005238 -0.004490 -0.000184 1.066027 0.262180 -0.000189
1140.750000 0.005239 -0.004490 -0.000184 1.065384 0.264560 -0.000189
1140.900000 0.005240 -0.004491 -0.000184 1.064736 0.266939 -0.000189
1141.050000 0.005240 -0.004491 -0.000184 1.064083 0.269316 -0.000189
1141.200000 0.005241 -0.004491 -0.000184 1.063423 0.271692 -0.000189
1141.350000 0.005242 -0.004492 -0.000184 1.062759 0.274067 -0.000190
1141.500000 0.005243 -0.004492 -0.000184 1.062089 0.276440 -0.000190
1141.650000 0.005244 -0.004492 -0.000184 1.061414 0.278812 -0.000190
1141.800000 0.005245 -0.004493 -0.000184 1.060733 0.281182 -0.000190
1141.950000 0.005246 -0.004493 -0.000184 1.060047 0.283551 -0.000190
1142.100000 0.005247 -0.004493 -0.000184 1.059356 0.285918 -0.000190
1142.250000 0.005248 -0.004493 -0.000184 1.058659 0.288284 -0.000190
1142.400000 0.005249 -0.004494 -0.000184 1.057957 0.290649 -0.000190
1142.550000 0.005249 -0.004494 -0.000184 1.057250 0.293012 -0.000190
1142.700000 0.005250 -0.004494 -0.000184 1.056537 0.295373 -0.000190
1142.850000 0.005251 -0.004495 -0.000184 1.055819 0.297733 -0.000190
1143.000000 0.005252 -0.004495 -0.000184 1.055095 0.300092 -0.000191
1143.150000 0.005253 -0.004495 -0.000184 1.054366 0.302449 -0.000191
1143.300000 0.005254 -0.004495 -0.000184 1.053632 0.304804 -0.000191
1143.450000 0.005255 -0.004496 -0.000184 1.052892 0.307158 -0.000191
1143.600000 0.005256 -0.004496 -0.000184 1.052147 0.309510 -0.000191
1143.750000 0.005257 -0.004496 -0.000184 1.051397 0.311860 -0.000191
1143.900000 0.005258 -0.004497 -0.000184 1.050642 0.314209 -0.000191
1144.050000 0.005259 -0.004497 -0.000184 1.049881 0.316557 -0.000191
1144.200000 0.005259 -0.004497 -0.000184 1.049114 0.318903 -0.000191
1144.350000 0.005260 -0.004497 -0.000184 1.048343 0.321247 -0.000191
1144.500000 0.005261 -0.004498 -0.000184 1.047566 0.323589 -0.000191
1144.650000 0.005262 -0.004498 -0.000184 1.046783 0.325930 -0.000192
1144.800000 0.005263 -0.004498 -0.000185 1.045996 0.328269 -0.000192
1144.950000 0.005264 -0.004499 -0.000185 1.045203 0.330607 -0.000192
1145.100000 0.005265 -0.004499 -0.000185 1.044405 0.332942 -0.000192
1145.250000 0.005266 -0.004499 -0.000185 1.043601 0.335276 -0.000192
1145.400000 0.005267 -0.004499 -0.000185 1.042792 0.337609 -0.000192
1145.550000 0.005268 -0.004500 -0.000185 1.041978 0.339939 -0.000192
1145.700000 0.005268 -0.004500 -0.000185 1.041159 0.342268 -0.000192
1145.850000 0.005269 -0.004500 -0.000185 1.040334 0.344595 -0.000192
1146.000000 0.005270 -0.004501 -0.000185 1.039504 0.346921 -0.000192
1146.150000 0.005271 -0.004501 -0.000185 1.038669 0.349244 -0.000193
1146.300000 0.005272 -0.004501 -0.000185 1.037828 0.351566 -0.000193
1146.450000 0.005273 -0.004501 -0.000185 1.036982 0.353886 -0.000193
1146.600000 0.005274 -0.004502 -0.000185 1.036131 0.356204 -0.000193
1146.750000 0.005275 -0.004502 -0.000185 1.035275 0.358520 -0.000193
1146.900000 0.005276 -0.004502 -0.000185 1.034413 0.360835 -0.000193
1147.050000 0.005277 -0.004503 -0.000185 1.033546 0.363147 -0.000193
1147.200000 0.005277 -0.004503 -0.000185 1.032674 0.365458 -0.000193
1147.350000 0.005278 -0.004503 -0.000185 1.031797 0.367767 -0.000193
1147.500000 0.005279 -0.004503 -0.000185 1.030914 0.370074 -0.000193
1147.650000 0.005280 -0.004504 -0.000185 1.030026 0.372379 -0.000193
1147.800000 0.005281 -0.004504 -0.000185 1.029133 0.374682 -0.000194
1147.950000 0.005282 -0.004504 -0.000185 1.028234 0.376983 -0.000194
1148.100000 0.005283 -0.004505 -0.000185 1.027330 0.379282 -0.000194
1148.250000 0.005284 -0.004505 -0.000185 1.026422 0.381579 -0.000194
1148.400000 0.005285 -0.004505 -0.000185 1.025507 0.383875 -0.000194
1148.550000 0.005286 -0.004505 -0.000185 1.024588 0.386168 -0.000194
1148.700000 0.005287 -0.004506 -0.000185 1.023663 0.388460 -0.000194
1148.850000 0.005287 -0.004506 -0.000185 1.022734 0.390749 -0.000194
1149.000000 0.005288 -0.004506 -0.000185 1.021799 0.393036 -0.000194
1149.150000 0.005289 -0.004507 -0.000185 1.020858 0.395322 -0.000194
1149.300000 0.005290 -0.004507 -0.000185 1.019913 0.397605 -0.000194
1149.450000 0.005291 -0.004507 -0.000185 1.018962 0.399886 -0.000195
1149.600000 0.005292 -0.004507 -0.000185 1.018006 0.402165 -0.000195
1149.750000 0.005293 -0.004508 -0.000185 1.017045 0.404442 -0.000195
1149.900000 0.005294 -0.004508 -0.000185 1.016079 0.406717 -0.000195
1150.050000 0.005295 -0.004508 -0.000185 1.015108 0.408990 -0.000195
1150.200000 0.005296 -0.004509 -0.000185 1.014131 0.411261 -0.000195
1150.350000 0.005296 -0.004509 -0.000185 1.013149 0.413530 -0.000195
1150.500000 0.005297 -0.004509 -0.000185 1.012162 0.415797 -0.000195
1150.650000 0.005298 -0.004509 -0.000185 1.011170 0.418061 -0.000195
1150.800000 0.005299 -0.004510 -0.000185 1.010173 0.420323 -0.000195
1150.950000 0.005300 -0.004510 -0.000185 1.009171 0.422583 -0.000195
1151.100000 0.005301 -0.004510 -0.000185 1.008163 0.424841 -0.000196
1151.250000 0.005302 -0.004511 -0.000185 1.007150 0.427097 -0.000196
1151.400000 0.005303 -0.004511 -0.000185 1.006133 0.429351 -0.000196
1151.550000 0.005304 -0.004511 -0.000185 1.005110 0.431602 -0.000196
1151.700000 0.005305 -0.004511 -0.000185 1.004081 0.433851 -0.000196
1151.850000 0.005306 -0.004512 -0.000185 1.003048 0.436098 -0.000196
1152.000000 0.005306 -0.004512 -0.000185 1.002010 0.438343 -0.000196
1152.150000 0.005307 -0.004512 -0.000185 1.000966 0.440585 -0.000196
1152.300000 0.005308 -0.004513 -0.000185 0.999918 0.442825 -0.000196
1152.450000 0.005309 -0.004513 -0.000186 0.998864 0.445063 -0.000196
1152.600000 0.005310 -0.004513 -0.000186 0.997805 0.447298 -0.000196
1152.750000 0.005311 -0.004513 -0.000186 0.996741 0.449532 -0.000197
1152.900000 0.005312 -0.004514 -0.000186 0.995672 0.451762 -0.000197
1153.050000 0.005313 -0.004514 -0.000186 0.994598 0.453991 -0.000197
1153.200000 0.005314 -0.004514 -0.000186 0.993519 0.456217 -0.000197
1153.350000 0.005315 -0.004515 -0.000186 0.992434 0.458441 -0.000197
1153.500000 0.005315 -0.004515 -0.000186 0.991345 0.460663 -0.000197
1153.650000 0.005316 -0.004515 -0.000186 0.990251 0.462882 -0.000197
1153.800000 0.005317 -0.004515 -0.000186 0.989151 0.465098 -0.000197
1153.950000 0.005318 -0.004516 -0.000186 0.988047 0.467313 -0.000197
1154.100000 0.005319 -0.004516 -0.000186 0.986937 0.469525 -0.000197
1154.250000 0.005320 -0.004516 -0.000186 0.985822 0.471734 -0.000197
1154.400000 0.005321 -0.004517 -0.000186 0.984703 0.473941 -0.000198
1154.550000 0.005322 -0.004517 -0.000186 0.983578 0.476146 -0.000198
1154.700000 0.005323 -0.004517 -0.000186 0.982448 0.478348 -0.000198
1154.850000 0.005324 -0.004517 -0.000186 0.981313 0.480548 -0.000198
1155.000000 0.005325 -0.004518 -0.000186 0.980173 0.482745 -0.000198
1155.150000 0.005325 -0.004518 -0.000186 0.979029 0.484939 -0.000198
1155.300000 0.005326 -0.004518 -0.000186 0.977879 0.487132 -0.000198
1155.450000 0.005327 -0.004519 -0.000186 0.976724 0.489321 -0.000198
1155.600000 0.005328 -0.004519 -0.000186 0.975564 0.491508 -0.000198
1155.750000 0.005329 -0.004519 -0.000186 0.974399 0.493693 -0.000198
1155.900000 0.005330 -0.004519 -0.000186 0.973229 0.495875 -0.000198
1156.050000 0.005331 -0.004520 -0.000186 0.972054 0.498055 -0.000199
1156.200000 0.005332 -0.004520 -0.000186 0.970874 0.500231 -0.000199
1156.350000 0.005333 -0.004520 -0.000186 0.969690 0.502406 -0.000199
1156.500000 0.005334 -0.004521 -0.000186 0.968500 0.504577 -0.000199
1156.650000 0.005334 -0.004521 -0.000186 0.967305 0.506747 -0.000199
1156.800000 0.005335 -0.004521 -0.000186 0.966105 0.508913 -0.000199
1156.950000 0.005336 -0.004521 -0.000186 0.964901 0.511077 -0.000199
1157.100000 0.005337 -0.004522 -0.000186 0.963691 0.513238 -0.000199
1157.250000 0.005338 -0.004522 -0.000186 0.962476 0.515397 -0.000199
1157.400000 0.005339 -0.004522 -0.000186 0.961257 0.517553 -0.000199
1157.550000 0.005340 -0.004523 -0.000186 0.960033 0.519706 -0.000199
1157.700000 0.005341 -0.004523 -0.000186 0.958803 0.521856 -0.000200
1157.850000 0.005342 -0.004523 -0.000186 0.957569 0.524004 -0.000200
1158.000000 0.005343 -0.004523 -0.000186 0.956330 0.526149 -0.000200
1158.150000 0.005344 -0.004524 -0.000186 0.955086 0.528292 -0.000200
1158.300000 0.005344 -0.004524 -0.000186 0.953837 0.530431 -0.000200
1158.450000 0.005345 -0.004524 -0.000186 0.952583 0.532568 -0.000200
1158.600000 0.005346 -0.004525 -0.000186 0.951324 0.534702 -0.000200
1158.750000 0.005347 -0.004525 -0.000186 0.950060 0.536834 -0.000200
1158.900000 0.005348 -0.004525 -0.000186 0.948792 0.538962 -0.000200
1159.050000 0.005349 -0.004525 -0.000186 0.947518 0.541088 -0.000200
1159.200000 0.005350 -0.004526 -0.000186 0.946240 0.543211 -0.000200
1159.350000 0.005351 -0.004526 -0.000186 0.944957 0.545331 -0.000201
1159.500000 0.005352 -0.004526 -0.000186 0.943669 0.547448 -0.000201
1159.650000 0.005353 -0.004527 -0.000186 0.942376 0.549563 -0.000201
1159.800000 0.005353 -0.004527 -0.000186 0.941078 0.551675 -0.000201
1159.950000 0.005354 -0.004527 -0.000186 0.939776 0.553783 -0.000201
1160.100000 0.005355 -0.004527 -0.000187 0.938468 0.555889 -0.000201
1160.250000 0.005356 -0.004528 -0.000187 0.937156 0.557992 -0.000201
1160.400000 0.005357 -0.004528 -0.000187 0.935839 0.560093 -0.000201
1160.550000 0.005358 -0.004528 -0.000187 0.934517 0.562190 -0.000201
1160.700000 0.005359 -0.004529 -0.000187 0.933191 0.564284 -0.000201
1160.850000 0.005360 -0.004529 -0.000187 0.931859 0.566376 -0.000201
1161.000000 0.005361 -0.004529 -0.000187 0.930523 0.568464 -0.000202
1161.150000 0.005362 -0.004529 -0.000187 0.929182 0.570550 -0.000202
1161.300000 0.005363 -0.004530 -0.000187 0.927836 0.572632 -0.000202
1161.450000 0.005363 -0.004530 -0.000187 0.926486 0.574712 -0.000202
1161.600000 0.005364 -0.004530 -0.000187 0.925130 0.576788 -0.000202
1161.750000 0.005365 -0.004531 -0.000187 0.923770 0.578862 -0.000202
1161.900000 0.005366 -0.004531 -0.000187 0.922406 0.580932 -0.000202
1162.050000 0.005367 -0.004531 -0.000187 0.921036 0.583000 -0.000202
1162.200000 0.005368 -0.004531 -0.000187 0.919662 0.585065 -0.000202
1162.350000 0.005369 -0.004532 -0.000187 0.918283 0.587126 -0.000202
1162.500000 0.005370 -0.004532 -0.000187 0.916899 0.589185 -0.000202
1162.650000 0.005371 -0.004532 -0.000187 0.915510 0.591240 -0.000202
1162.800000 0.005372 -0.004533 -0.000187 0.914117 0.593292 -0.000203
1162.950000 0.005372 -0.004533 -0.000187 0.912719 0.595342 -0.000203
1163.100000 0.005373 -0.004533 -0.000187 0.911316 0.597388 -0.000203
1163.250000 0.005374 -0.004533 -0.000187 0.909909 0.599431 -0.000203
1163.400000 0.005375 -0.004534 -0.000187 0.908497 0.601471 -0.000203
1163.550000 0.005376 -0.004534 -0.000187 0.907080 0.603508 -0.000203
1163.700000 0.005377 -0.004534 -0.000187 0.905659 0.605541 -0.000203
1163.850000 0.005378 -0.004535 -0.000187 0.904233 0.607572 -0.000203
1164.000000 0.005379 -0.004535 -0.000187 0.902802 0.609599 -0.000203
1164.150000 0.005380 -0.004535 -0.000187 0.901367 0.611624 -0.000203
1164.300000 0.005381 -0.004535 -0.000187 0.899927 0.613645 -0.000203
1164.450000 0.005382 -0.004536 -0.000187 0.898482 0.615662 -0.000203
1164.600000 0.005382 -0.004536 -0.000187 0.897033 0.617677 -0.000204
1164.750000 0.005383 -0.004536 -0.000187 0.895579 0.619689 -0.000204
1164.900000 0.005384 -0.004537 -0.000187 0.894121 0.621697 -0.000204
1165.050000 0.005385 -0.004537 -0.000187 0.892658 0.623702 -0.000204
1165.200000 0.005386 -0.004537 -0.000187 0.891190 0.625704 -0.000204
1165.350000 0.005387 -0.004537 -0.000187 0.889718 0.627702 -0.000204
1165.500000 0.005388 -0.004538 -0.000187 0.888241 0.629697 -0.000204
1165.650000 0.005389 -0.004538 -0.000187 0.886759 0.631689 -0.000204
1165.800000 0.005390 -0.004538 -0.000187 0.885273 0.633678 -0.000204
1165.950000 0.005391 -0.004539 -0.000187 0.883782 0.635663 -0.000204
1166.100000 0.005391 -0.004539 -0.000187 0.882287 0.637645 -0.000204
1166.250000 0.005392 -0.004539 -0.000187 0.880788 0.639624 -0.000205
1166.400000 0.005393 -0.004539 -0.000187 0.879283 0.641599 -0.000205
1166.550000 0.005394 -0.004540 -0.000187 0.877774 0.643571 -0.000205
1166.700000 0.005395 -0.004540 -0.000187 0.876261 0.645540 -0.000205
1166.850000 0.005396 -0.004540 -0.000187 0.874743 0.647505 -0.000205
1167.000000 0.005397 -0.004541 -0.000187 0.873221 0.649467 -0.000205
1167.150000 0.005398 -0.004541 -0.000187 0.871694 0.651426 -0.000205
1167.300000 0.005399 -0.004541 -0.000187 0.870162 0.653381 -0.000205
1167.450000 0.005400 -0.004541 -0.000187 0.868626 0.655333 -0.000205
1167.600000 0.005401 -0.004542 -0.000187 0.867086 0.657281 -0.000205
1167.750000 0.005401 -0.004542 -0.000188 0.865541 0.659226 -0.000205
1167.900000 0.005402 -0.004542 -0.000188 0.863992 0.661168 -0.000205
1168.050000 0.005403 -0.004543 -0.000188 0.862438 0.663106 -0.000206
1168.200000 0.005404 -0.004543 -0.000188 0.860880 0.665040 -0.000206
1168.350000 0.005405 -0.004543 -0.000188 0.859317 0.666972 -0.000206
1168.500000 0.005406 -0.004543 -0.000188 0.857750 0.668899 -0.000206
1168.650000 0.005407 -0.004544 -0.000188 0.856178 0.670823 -0.000206
1168.800000 0.005408 -0.004544 -0.000188 0.854602 0.672744 -0.000206
1168.950000 0.005409 -0.004544 -0.000188 0.853022 0.674661 -0.000206
1169.100000 0.005410 -0.004545 -0.000188 0.851437 0.676575 -0.000206
1169.250000 0.005411 -0.004545 -0.000188 0.849847 0.678485 -0.000206
1169.400000 0.005411 -0.004545 -0.000188 0.848254 0.680392 -0.000206
1169.550000 0.005412 -0.004545 -0.000188 0.846656 0.682295 -0.000206
1169.700000 0.005413 -0.004546 -0.000188 0.845053 0.684194 -0.000206
1169.850000 0.005414 -0.004546 -0.000188 0.843446 0.686090 -0.000207
1170.000000 0.005415 -0.004546 -0.000188 0.841835 0.687982 -0.000207
1170.150000 0.005416 -0.004547 -0.000188 0.840220 0.689871 -0.000207
1170.300000 0.005417 -0.004547 -0.000188 0.838600 0.691756 -0.000207
1170.450000 0.005418 -0.004547 -0.000188 0.836976 0.693638 -0.000207
1170.600000 0.005419 -0.004547 -0.000188 0.835347 0.695516 -0.000207
1170.750000 0.005420 -0.004548 -0.000188 0.833714 0.697390 -0.000207
1170.900000 0.005420 -0.004548 -0.000188 0.832077 0.699261 -0.000207
1171.050000 0.005421 -0.004548 -0.000188 0.830435 0.701128 -0.000207
1171.200000 0.005422 -0.004549 -0.000188 0.828790 0.702991 -0.000207
1171.350000 0.005423 -0.004549 -0.000188 0.827139 0.704851 -0.000207
1171.500000 0.005424 -0.004549 -0.000188 0.825485 0.706707 -0.000207
1171.650000 0.005425 -0.004549 -0.000188 0.823826 0.708559 -0.000208
1171.800000 0.005426 -0.004550 -0.000188 0.822163 0.710407 -0.000208
1171.950000 0.005427 -0.004550 -0.000188 0.820496 0.712252 -0.000208
1172.100000 0.005428 -0.004550 -0.000188 0.818825 0.714093 -0.000208
1172.250000 0.005429 -0.004551 -0.000188 0.817149 0.715931 -0.000208
1172.400000 0.005430 -0.004551 -0.000188 0.815469 0.717764 -0.000208
1172.550000 0.005430 -0.004551 -0.000188 0.813785 0.719594 -0.000208
1172.700000 0.005431 -0.004551 -0.000188 0.812097 0.721420 -0.000208
1172.850000 0.005432 -0.004552 -0.000188 0.810404 0.723243 -0.000208
1173.000000 0.005433 -0.004552 -0.000188 0.808707 0.725061 -0.000208
1173.150000 0.005434 -0.004552 -0.000188 0.807006 0.726876 -0.000208
1173.300000 0.005435 -0.004553 -0.000188 0.805301 0.728687 -0.000208
1173.450000 0.005436 -0.004553 -0.000188 0.803592 0.730494 -0.000208
1173.600000 0.005437 -0.004553 -0.000188 0.801878 0.732298 -0.000209
1173.750000 0.005438 -0.004553 -0.000188 0.800161 0.734097 -0.000209
1173.900000 0.005439 -0.004554 -0.000188 0.798439 0.735893 -0.000209
1174.050000 0.005439 -0.004554 -0.000188 0.796713 0.737685 -0.000209
1174.200000 0.005440 -0.004554 -0.000188 0.794983 0.739473 -0.000209
1174.350000 0.005441 -0.004555 -0.000188 0.793248 0.741257 -0.000209
1174.500000 0.005442 -0.004555 -0.000188 0.791510 0.743037 -0.000209
1174.650000 0.005443 -0.004555 -0.000188 0.789768 0.744814 -0.000209
1174.800000 0.005444 -0.004555 -0.000188 0.788021 0.746586 -0.000209
1174.950000 0.005445 -0.004556 -0.000188 0.786270 0.748355 -0.000209
1175.100000 0.005446 -0.004556 -0.000188 0.784516 0.750119 -0.000209
1175.250000 0.005447 -0.004556 -0.000188 0.782757 0.751880 -0.000209
1175.400000 0.005448 -0.004556 -0.000189 0.780994 0.753637 -0.000209
1175.550000 0.005449 -0.004557 -0.000189 0.779227 0.755389 -0.000210
1175.700000 0.005449 -0.004557 -0.000189 0.777456 0.757138 -0.000210
1175.850000 0.005450 -0.004557 -0.000189 0.775681 0.758883 -0.000210
1176.000000 0.005451 -0.004558 -0.000189 0.773902 0.760624 -0.000210
1176.150000 0.005452 -0.004558 -0.000189 0.772119 0.762361 -0.000210
1176.300000 0.005453 -0.004558 -0.000189 0.770332 0.764094 -0.000210
1176.450000 0.005454 -0.004558 -0.000189 0.768541 0.765823 -0.000210
1176.600000 0.005455 -0.004559 -0.000189 0.766746 0.767548 -0.000210
1176.750000 0.005456 -0.004559 -0.000189 0.764947 0.769269 -0.000210
1176.900000 0.005457 -0.004559 -0.000189 0.763144 0.770986 -0.000210
1177.050000 0.005458 -0.004560 -0.000189 0.761337 0.772698 -0.000210
1177.200000 0.005459 -0.004560 -0.000189 0.759526 0.774407 -0.000210
1177.350000 0.005459 -0.004560 -0.000189 0.757711 0.776112 -0.000211
1177.500000 0.005460 -0.004560 -0.000189 0.755892 0.777812 -0.000211
1177.650000 0.005461 -0.004561 -0.000189 0.754069 0.779509 -0.000211
1177.800000 0.005462 -0.004561 -0.000189 0.752243 0.781201 -0.000211
1177.950000 0.005463 -0.004561 -0.000189 0.750412 0.782890 -0.000211
1178.100000 0.005464 -0.004562 -0.000189 0.748578 0.784574 -0.000211
1178.250000 0.005465 -0.004562 -0.000189 0.746739 0.786254 -0.000211
1178.400000 0.005466 -0.004562 -0.000189 0.744897 0.787930 -0.000211
1178.550000 0.005467 -0.004562 -0.000189 0.743051 0.789602 -0.000211
1178.700000 0.005468 -0.004563 -0.000189 0.741201 0.791270 -0.000211
1178.850000 0.005469 -0.004563 -0.000189 0.739347 0.792933 -0.000211
1179.000000 0.005469 -0.004563 -0.000189 0.737489 0.794593 -0.000211
1179.150000 0.005470 -0.004564 -0.000189 0.735628 0.796248 -0.000211
1179.300000 0.005471 -0.004564 -0.000189 0.733762 0.797899 -0.000212
1179.450000 0.005472 -0.004564 -0.000189 0.731893 0.799546 -0.000212
1179.600000 0.005473 -0.004564 -0.000189 0.730020 0.801189 -0.000212
1179.750000 0.005474 -0.004565 -0.000189 0.728143 0.802827 -0.000212
1179.900000 0.005475 -0.004565 -0.000189 0.726262 0.804462 -0.000212
1180.050000 0.005476 -0.004565 -0.000189 0.724378 0.806092 -0.000212
1180.200000 0.005477 -0.004566 -0.000189 0.722490 0.807717 -0.000212
1180.350000 0.005478 -0.004566 -0.000189 0.720598 0.809339 -0.000212
1180.500000 0.005478 -0.004566 -0.000189 0.718702 0.810956 -0.000212
1180.650000 0.005479 -0.004566 -0.000189 0.716803 0.812569 -0.000212
1180.800000 0.005480 -0.004567 -0.000189 0.714900 0.814178 -0.000212
1180.950000 0.005481 -0.004567 -0.000189 0.712993 0.815783 -0.000212
1181.100000 0.005482 -0.004567 -0.000189 0.711082 0.817383 -0.000212
1181.250000 0.005483 -0.004568 -0.000189 0.709168 0.818979 -0.000212
1181.400000 0.005484 -0.004568 -0.000189 0.707250 0.820570 -0.000213
1181.550000 0.005485 -0.004568 -0.000189 0.705328 0.822158 -0.000213
1181.700000 0.005486 -0.004568 -0.000189 0.703403 0.823741 -0.000213
1181.850000 0.005487 -0.004569 -0.000189 0.701474 0.825319 -0.000213
1182.000000 0.005488 -0.004569 -0.000189 0.699541 0.826894 -0.000213
1182.150000 0.005488 -0.004569 -0.000189 0.697605 0.828463 -0.000213
1182.300000 0.005489 -0.004570 -0.000189 0.695665 0.830029 -0.000213
1182.450000 0.005490 -0.004570 -0.000189 0.693721 0.831590 -0.000213
1182.600000 0.005491 -0.004570 -0.000189 0.691774 0.833147 -0.000213
1182.750000 0.005492 -0.004570 -0.000189 0.689823 0.834700 -0.000213
1182.900000 0.005493 -0.004571 -0.000189 0.687869 0.836248 -0.000213
1183.050000 0.005494 -0.004571 -0.000190 0.685911 0.837791 -0.000213
1183.200000 0.005495 -0.004571 -0.000190 0.683949 0.839331 -0.000213
1183.350000 0.005496 -0.004572 -0.000190 0.681984 0.840866 -0.000213
1183.500000 0.005497 -0.004572 -0.000190 0.680015 0.842396 -0.000214
1183.650000 0.005498 -0.004572 -0.000190 0.678043 0.843922 -0.000214
1183.800000 0.005498 -0.004572 -0.000190 0.676067 0.845443 -0.000214
1183.950000 0.005499 -0.004573 -0.000190 0.674088 0.846961 -0.000214
1184.100000 0.005500 -0.004573 -0.000190 0.672105 0.848473 -0.000214
1184.250000 0.005501 -0.004573 -0.000190 0.670119 0.849981 -0.000214
1184.400000 0.005502 -0.004574 -0.000190 0.668129 0.851485 -0.000214
1184.550000 0.005503 -0.004574 -0.000190 0.666135 0.852984 -0.000214
1184.700000 0.005504 -0.004574 -0.000190 0.664138 0.854479 -0.000214
1184.850000 0.005505 -0.004574 -0.000190 0.662138 0.855969 -0.000214
1185.000000 0.005506 -0.004575 -0.000190 0.660134 0.857455 -0.000214
1185.150000 0.005507 -0.004575 -0.000190 0.658127 0.858936 -0.000214
1185.300000 0.005508 -0.004575 -0.000190 0.656117 0.860413 -0.000214
1185.450000 0.005508 -0.004576 -0.000190 0.654103 0.861885 -0.000214
1185.600000 0.005509 -0.004576 -0.000190 0.652085 0.863353 -0.000215
1185.750000 0.005510 -0.004576 -0.000190 0.650064 0.864816 -0.000215
1185.900000 0.005511 -0.004576 -0.000190 0.648040 0.866274 -0.000215
1186.050000 0.005512 -0.004577 -0.000190 0.646012 0.867728 -0.000215
1186.200000 0.005513 -0.004577 -0.000190 0.643981 0.869177 -0.000215
1186.350000 0.005514 -0.004577 -0.000190 0.641947 0.870622 -0.000215
1186.500000 0.005515 -0.004578 -0.000190 0.639909 0.872062 -0.000215
1186.650000 0.005516 -0.004578 -0.000190 0.637868 0.873498 -0.000215
1186.800000 0.005517 -0.004578 -0.000190 0.635824 0.874929 -0.000215
1186.950000 0.005517 -0.004578 -0.000190 0.633776 0.876355 -0.000215
1187.100000 0.005518 -0.004579 -0.000190 0.631725 0.877777 -0.000215
1187.250000 0.005519 -0.004579 -0.000190 0.629670 0.879194 -0.000215
1187.400000 0.005520 -0.004579 -0.000190 0.627613 0.880606 -0.000215
1187.550000 0.005521 -0.004580 -0.000190 0.625552 0.882014 -0.000215
1187.700000 0.005522 -0.004580 -0.000190 0.623488 0.883417 -0.000216
1187.850000 0.005523 -0.004580 -0.000190 0.621420 0.884816 -0.000216
1188.000000 0.005524 -0.004580 -0.000190 0.619349 0.886210 -0.000216
1188.150000 0.005525 -0.004581 -0.000190 0.617275 0.887599 -0.000216
1188.300000 0.005526 -0.004581 -0.000190 0.615198 0.888983 -0.000216
1188.450000 0.005527 -0.004581 -0.000190 0.613118 0.890363 -0.000216
1188.600000 0.005527 -0.004581 -0.000190 0.611034 0.891738 -0.000216
1188.750000 0.005528 -0.004582 -0.000190 0.608947 0.893109 -0.000216
1188.900000 0.005529 -0.004582 -0.000190 0.606857 0.894474 -0.000216
1189.050000 0.005530 -0.004582 -0.000190 0.604764 0.895835 -0.000216
1189.200000 0.005531 -0.004583 -0.000190 0.602668 0.897191 -0.000216
1189.350000 0.005532 -0.004583 -0.000190 0.600568 0.898543 -0.000216
1189.500000 0.005533 -0.004583 -0.000190 0.598466 0.899890 -0.000216
1189.650000 0.005534 -0.004583 -0.000190 0.596360 0.901232 -0.000216
1189.800000 0.005535 -0.004584 -0.000190 0.594251 0.902569 -0.000216
1189.950000 0.005536 -0.004584 -0.000190 0.592139 0.903901 -0.000217
1190.100000 0.005537 -0.004584 -0.000190 0.590024 0.905229 -0.000217
1190.250000 0.005537 -0.004585 -0.000190 0.587906 0.906552 -0.000217
1190.400000 0.005538 -0.004585 -0.000190 0.585785 0.907870 -0.000217
1190.550000 0.005539 -0.004585 -0.000190 0.583660 0.909183 -0.000217
1190.700000 0.005540 -0.004585 -0.000191 0.581533 0.910492 -0.000217
1190.850000 0.005541 -0.004586 -0.000191 0.579402 0.911795 -0.000217
1191.000000 0.005542 -0.004586 -0.000191 0.577269 0.913094 -0.000217
1191.150000 0.005543 -0.004586 -0.000191 0.575132 0.914388 -0.000217
1191.300000 0.005544 -0.004587 -0.000191 0.572993 0.915677 -0.000217
1191.450000 0.005545 -0.004587 -0.000191 0.570850 0.916962 -0.000217
1191.600000 0.005546 -0.004587 -0.000191 0.568705 0.918241 -0.000217
1191.750000 0.005547 -0.004587 -0.000191 0.566557 0.919516 -0.000217
1191.900000 0.005547 -0.004588 -0.000191 0.564405 0.920786 -0.000217
1192.050000 0.005548 -0.004588 -0.000191 0.562251 0.922050 -0.000217
1192.200000 0.005549 -0.004588 -0.000191 0.560093 0.923311 -0.000218
1192.350000 0.005550 -0.004589 -0.000191 0.557933 0.924566 -0.000218
1192.500000 0.005551 -0.004589 -0.000191 0.555770 0.925816 -0.000218
1192.650000 0.005552 -0.004589 -0.000191 0.553604 0.927061 -0.000218
1192.800000 0.005553 -0.004589 -0.000191 0.551435 0.928302 -0.000218
1192.950000 0.005554 -0.004590 -0.000191 0.549263 0.929537 -0.000218
1193.100000 0.005555 -0.004590 -0.000191 0.547088 0.930768 -0.000218
1193.250000 0.005556 -0.004590 -0.000191 0.544911 0.931994 -0.000218
1193.400000 0.005557 -0.004591 -0.000191 0.542730 0.933214 -0.000218
1193.550000 0.005557 -0.004591 -0.000191 0.540547 0.934430 -0.000218
1193.700000 0.005558 -0.004591 -0.000191 0.538361 0.935641 -0.000218
1193.850000 0.005559 -0.004591 -0.000191 0.536172 0.936847 -0.000218
1194.000000 0.005560 -0.004592 -0.000191 0.533980 0.938048 -0.000218
1194.150000 0.005561 -0.004592 -0.000191 0.531785 0.939244 -0.000218
1194.300000 0.005562 -0.004592 -0.000191 0.529588 0.940435 -0.000218
1194.450000 0.005563 -0.004593 -0.000191 0.527388 0.941621 -0.000218
1194.600000 0.005564 -0.004593 -0.000191 0.525185 0.942802 -0.000219
1194.750000 0.005565 -0.004593 -0.000191 0.522979 0.943978 -0.000219
1194.900000 0.005566 -0.004593 -0.000191 0.520771 0.945149 -0.000219
1195.050000 0.005566 -0.004594 -0.000191 0.518559 0.946315 -0.000219
1195.200000 0.005567 -0.004594 -0.000191 0.516346 0.947476 -0.000219
1195.350000 0.005568 -0.004594 -0.000191 0.514129 0.948632 -0.000219
1195.500000 0.005569 -0.004595 -0.000191 0.511910 0.949783 -0.000219
1195.650000 0.005570 -0.004595 -0.000191 0.509688 0.950929 -0.000219
1195.800000 0.005571 -0.004595 -0.000191 0.507463 0.952070 -0.000219
1195.950000 0.005572 -0.004595 -0.000191 0.505236 0.953206 -0.000219
1196.100000 0.005573 -0.004596 -0.000191 0.503006 0.954337 -0.000219
1196.250000 0.005574 -0.004596 -0.000191 0.500773 0.955463 -0.000219
1196.400000 0.005575 -0.004596 -0.000191 0.498538 0.956584 -0.000219
1196.550000 0.005576 -0.004596 -0.000191 0.496300 0.957699 -0.000219
1196.700000 0.005576 -0.004597 -0.000191 0.494060 0.958810 -0.000219
1196.850000 0.005577 -0.004597 -0.000191 0.491817 0.959915 -0.000219
1197.000000 0.005578 -0.004597 -0.000191 0.489571 0.961016 -0.000220
1197.150000 0.005579 -0.004598 -0.000191 0.487323 0.962111 -0.000220
1197.300000 0.005580 -0.004598 -0.000191 0.485072 0.963201 -0.000220
1197.450000 0.005581 -0.004598 -0.000191 0.482819 0.964286 -0.000220
1197.600000 0.005582 -0.004598 -0.000191 0.480563 0.965366 -0.000220
1197.750000 0.005583 -0.004599 -0.000191 0.478305 0.966441 -0.000220
1197.900000 0.005584 -0.004599 -0.000191 0.476044 0.967511 -0.000220
1198.050000 0.005585 -0.004599 -0.000191 0.473781 0.968575 -0.000220
1198.200000 0.005586 -0.004600 -0.000191 0.471515 0.969635 -0.000220
1198.350000 0.005586 -0.004600 -0.000192 0.469246 0.970689 -0.000220
1198.500000 0.005587 -0.004600 -0.000192 0.466976 0.971738 -0.000220
1198.650000 0.005588 -0.004600 -0.000192 0.464702 0.972782 -0.000220
1198.800000 0.005589 -0.004601 -0.000192 0.462427 0.973821 -0.000220
1198.950000 0.005590 -0.004601 -0.000192 0.460149 0.974855 -0.000220
1199.100000 0.005591 -0.004601 -0.000192 0.457868 0.975883 -0.000220
1199.250000 0.005592 -0.004602 -0.000192 0.455585 0.976907 -0.000220
1199.400000 0.005593 -0.004602 -0.000192 0.453300 0.977925 -0.000220
1199.550000 0.005594 -0.004602 -0.000192 0.451012 0.978938 -0.000221
1199.700000 0.005595 -0.004602 -0.000192 0.448722 0.979946 -0.000221
1199.850000 0.005596 -0.004603 -0.000192 0.446430 0.980948 -0.000221
1200.000000 0.005596 -0.004603 -0.000192 0.444135 0.981945 -0.000221
1200.150000 0.005597 -0.004603 -0.000192 0.441838 0.982938 -0.000221
1200.300000 0.005598 -0.004604 -0.000192 0.439539 0.983924 -0.000221
1200.450000 0.005599 -0.004604 -0.000192 0.437237 0.984906 -0.000221
1200.600000 0.005600 -0.004604 -0.000192 0.434933 0.985883 -0.000221
1200.750000 0.005601 -0.004604 -0.000192 0.432627 0.986854 -0.000221
1200.900000 0.005602 -0.004605 -0.000192 0.430318 0.987820 -0.000221
1201.050000 0.005603 -0.004605 -0.000192 0.428007 0.988780 -0.000221
1201.200000 0.005604 -0.004605 -0.000192 0.425694 0.989736 -0.000221
1201.350000 0.005605 -0.004606 -0.000192 0.423379 0.990686 -0.000221
1201.500000 0.005606 -0.004606 -0.000192 0.421061 0.991631 -0.000221
1201.650000 0.005606 -0.004606 -0.000192 0.418742 0.992571 -0.000221
1201.800000 0.005607 -0.004606 -0.000192 0.416420 0.993505 -0.000221
1201.950000 0.005608 -0.004607 -0.000192 0.414095 0.994434 -0.000221
1202.100000 0.005609 -0.004607 -0.000192 0.411769 0.995358 -0.000221
1202.250000 0.005610 -0.004607 -0.000192 0.409441 0.996277 -0.000222
1202.400000 0.005611 -0.004608 -0.000192 0.407110 0.997190 -0.000222
1202.550000 0.005612 -0.004608 -0.000192 0.404777 0.998098 -0.000222
1202.700000 0.005613 -0.004608 -0.000192 0.402442 0.999001 -0.000222
1202.850000 0.005614 -0.004608 -0.000192 0.400105 0.999898 -0.000222
1203.000000 0.005615 -0.004609 -0.000192 0.397766 1.000790 -0.000222
1203.150000 0.005616 -0.004609 -0.000192 0.395425 1.001677 -0.000222
1203.300000 0.005616 -0.004609 -0.000192 0.393082 1.002558 -0.000222
1203.450000 0.005617 -0.004609 -0.000192 0.390737 1.003434 -0.000222
1203.600000 0.005618 -0.004610 -0.000192 0.388389 1.004305 -0.000222
1203.750000 0.005619 -0.004610 -0.000192 0.386040 1.005170 -0.000222
1203.900000 0.005620 -0.004610 -0.000192 0.383688 1.006030 -0.000222
1204.050000 0.005621 -0.004611 -0.000192 0.381335 1.006885 -0.000222
1204.200000 0.005622 -0.004611 -0.000192 0.378979 1.007734 -0.000222
1204.350000 0.005623 -0.004611 -0.000192 0.376622 1.008578 -0.000222
1204.500000 0.005624 -0.004611 -0.000192 0.374262 1.009417 -0.000222
1204.650000 0.005625 -0.004612 -0.000192 0.371901 1.010250 -0.000222
1204.800000 0.005626 -0.004612 -0.000192 0.369538 1.011078 -0.000222
1204.950000 0.005626 -0.004612 -0.000192 0.367172 1.011900 -0.000222
1205.100000 0.005627 -0.004613 -0.000192 0.364805 1.012717 -0.000223
1205.250000 0.005628 -0.004613 -0.000192 0.362436 1.013529 -0.000223
1205.400000 0.005629 -0.004613 -0.000192 0.360065 1.014335 -0.000223
1205.550000 0.005630 -0.004613 -0.000192 0.357692 1.015136 -0.000223
1205.700000 0.005631 -0.004614 -0.000192 0.355317 1.015932 -0.000223
1205.850000 0.005632 -0.004614 -0.000192 0.352940 1.016722 -0.000223
1206.000000 0.005633 -0.004614 -0.000193 0.350562 1.017506 -0.000223
1206.150000 0.005634 -0.004615 -0.000193 0.348182 1.018286 -0.000223
1206.300000 0.005635 -0.004615 -0.000193 0.345799 1.019059 -0.000223
1206.450000 0.005635 -0.004615 -0.000193 0.343415 1.019828 -0.000223
1206.600000 0.005636 -0.004615 -0.000193 0.341029 1.020591 -0.000223
1206.750000 0.005637 -0.004616 -0.000193 0.338642 1.021348 -0.000223
1206.900000 0.005638 -0.004616 -0.000193 0.336252 1.022100 -0.000223
1207.050000 0.005639 -0.004616 -0.000193 0.333861 1.022847 -0.000223
1207.200000 0.005640 -0.004617 -0.000193 0.331468 1.023588 -0.000223
1207.350000 0.005641 -0.004617 -0.000193 0.329074 1.024324 -0.000223
1207.500000 0.005642 -0.004617 -0.000193 0.326677 1.025054 -0.000223
1207.650000 0.005643 -0.004617 -0.000193 0.324279 1.025779 -0.000223
1207.800000 0.005644 -0.004618 -0.000193 0.321879 1.026499 -0.000223
1207.950000 0.005645 -0.004618 -0.000193 0.319478 1.027213 -0.000223
1208.100000 0.005645 -0.004618 -0.000193 0.317075 1.027921 -0.000224
1208.250000 0.005646 -0.004618 -0.000193 0.314670 1.028624 -0.000224
1208.400000 0.005647 -0.004619 -0.000193 0.312263 1.029321 -0.000224
1208.550000 0.005648 -0.004619 -0.000193 0.309855 1.030013 -0.000224
1208.700000 0.005649 -0.004619 -0.000193 0.307445 1.030700 -0.000224
1208.850000 0.005650 -0.004620 -0.000193 0.305034 1.031381 -0.000224
1209.000000 0.005651 -0.004620 -0.000193 0.302621 1.032057 -0.000224
1209.150000 0.005652 -0.004620 -0.000193 0.300206 1.032727 -0.000224
1209.300000 0.005653 -0.004620 -0.000193 0.297790 1.033391 -0.000224
1209.450000 0.005654 -0.004621 -0.000193 0.295372 1.034050 -0.000224
1209.600000 0.005655 -0.004621 -0.000193 0.292953 1.034704 -0.000224
1209.750000 0.005655 -0.004621 -0.000193 0.290532 1.035352 -0.000224
1209.900000 0.005656 -0.004622 -0.000193 0.288110 1.035994 -0.000224
1210.050000 0.005657 -0.004622 -0.000193 0.285686 1.036631 -0.000224
1210.200000 0.005658 -0.004622 -0.000193 0.283261 1.037262 -0.000224
1210.350000 0.005659 -0.004622 -0.000193 0.280834 1.037888 -0.000224
1210.500000 0.005660 -0.004623 -0.000193 0.278406 1.038509 -0.000224
1210.650000 0.005661 -0.004623 -0.000193 0.275976 1.039123 -0.000224
1210.800000 0.005662 -0.004623 -0.000193 0.273545 1.039733 -0.000224
1210.950000 0.005663 -0.004624 -0.000193 0.271112 1.040337 -0.000224
1211.100000 0.005664 -0.004624 -0.000193 0.268678 1.040935 -0.000224
1211.250000 0.005665 -0.004624 -0.000193 0.266242 1.041527 -0.000225
1211.400000 0.005665 -0.004624 -0.000193 0.263805 1.042114 -0.000225
1211.550000 0.005666 -0.004625 -0.000193 0.261367 1.042696 -0.000225
1211.700000 0.005667 -0.004625 -0.000193 0.258928 1.043272 -0.000225
1211.850000 0.005668 -0.004625 -0.000193 0.256487 1.043842 -0.000225
1212.000000 0.005669 -0.004626 -0.000193 0.254044 1.044407 -0.000225
1212.150000 0.005670 -0.004626 -0.000193 0.251601 1.044966 -0.000225
1212.300000 0.005671 -0.004626 -0.000193 0.249155 1.045520 -0.000225
1212.450000 0.005672 -0.004626 -0.000193 0.246709 1.046068 -0.000225
1212.600000 0.005673 -0.004627 -0.000193 0.244262 1.046611 -0.000225
1212.750000 0.005674 -0.004627 -0.000193 0.241813 1.047148 -0.000225
1212.900000 0.005675 -0.004627 -0.000193 0.239363 1.047679 -0.000225
1213.050000 0.005675 -0.004627 -0.000193 0.236911 1.048205 -0.000225
1213.200000 0.005676 -0.004628 -0.000193 0.234458 1.048725 -0.000225
1213.350000 0.005677 -0.004628 -0.000193 0.232005 1.049239 -0.000225
1213.500000 0.005678 -0.004628 -0.000193 0.229549 1.049748 -0.000225
1213.650000 0.005679 -0.004629 -0.000194 0.227093 1.050252 -0.000225
1213.800000 0.005680 -0.004629 -0.000194 0.224636 1.050749 -0.000225
1213.950000 0.005681 -0.004629 -0.000194 0.222177 1.051242 -0.000225
1214.100000 0.005682 -0.004629 -0.000194 0.219717 1.051728 -0.000225
1214.250000 0.005683 -0.004630 -0.000194 0.217256 1.052209 -0.000225
1214.400000 0.005684 -0.004630 -0.000194 0.214794 1.052684 -0.000225
1214.550000 0.005685 -0.004630 -0.000194 0.212331 1.053154 -0.000225
1214.700000 0.005685 -0.004631 -0.000194 0.209866 1.053618 -0.000225
1214.850000 0.005686 -0.004631 -0.000194 0.207401 1.054077 -0.000226
1215.000000 0.005687 -0.004631 -0.000194 0.204934 1.054529 -0.000226
1215.150000 0.005688 -0.004631 -0.000194 0.202467 1.054977 -0.000226
1215.300000 0.005689 -0.004632 -0.000194 0.199998 1.055418 -0.000226
1215.450000 0.005690 -0.004632 -0.000194 0.197528 1.055854 -0.000226
1215.600000 0.005691 -0.004632 -0.000194 0.195058 1.056284 -0.000226
1215.750000 0.005692 -0.004633 -0.000194 0.192586 1.056709 -0.000226
1215.900000 0.005693 -0.004633 -0.000194 0.190113 1.057128 -0.000226
1216.050000 0.005694 -0.004633 -0.000194 0.187639 1.057541 -0.000226
1216.200000 0.005695 -0.004633 -0.000194 0.185165 1.057949 -0.000226
1216.350000 0.005695 -0.004634 -0.000194 0.182689 1.058351 -0.000226
1216.500000 0.005696 -0.004634 -0.000194 0.180212 1.058747 -0.000226
1216.650000 0.005697 -0.004634 -0.000194 0.177735 1.059138 -0.000226
1216.800000 0.005698 -0.004635 -0.000194 0.175256 1.059523 -0.000226
1216.950000 0.005699 -0.004635 -0.000194 0.172777 1.059903 -0.000226
1217.100000 0.005700 -0.004635 -0.000194 0.170296 1.060276 -0.000226
1217.250000 0.005701 -0.004635 -0.000194 0.167815 1.060644 -0.000226
1217.400000 0.005702 -0.004636 -0.000194 0.165333 1.061007 -0.000226
1217.550000 0.005703 -0.004636 -0.000194 0.162850 1.061364 -0.000226
1217.700000 0.005704 -0.004636 -0.000194 0.160366 1.061715 -0.000226
1217.850000 0.005705 -0.004636 -0.000194 0.157881 1.062060 -0.000226
1218.000000 0.005705 -0.004637 -0.000194 0.155396 1.062400 -0.000226
1218.150000 0.005706 -0.004637 -0.000194 0.152909 1.062734 -0.000226
1218.300000 0.005707 -0.004637 -0.000194 0.150422 1.063062 -0.000226
1218.450000 0.005708 -0.004638 -0.000194 0.147934 1.063385 -0.000226
1218.600000 0.005709 -0.004638 -0.000194 0.145446 1.063702 -0.000227
1218.750000 0.005710 -0.004638 -0.000194 0.142956 1.064013 -0.000227
1218.900000 0.005711 -0.004638 -0.000194 0.140466 1.064319 -0.000227
1219.050000 0.005712 -0.004639 -0.000194 0.137975 1.064619 -0.000227
1219.200000 0.005713 -0.004639 -0.000194 0.135484 1.064913 -0.000227
1219.350000 0.005714 -0.004639 -0.000194 0.132991 1.065202 -0.000227
1219.500000 0.005715 -0.004640 -0.000194 0.130498 1.065485 -0.000227
1219.650000 0.005715 -0.004640 -0.000194 0.128005 1.065762 -0.000227
1219.800000 0.005716 -0.004640 -0.000194 0.125510 1.066033 -0.000227
1219.950000 0.005717 -0.004640 -0.000194 0.123015 1.066299 -0.000227
1220.100000 0.005718 -0.004641 -0.000194 0.120520 1.066559 -0.000227
1220.250000 0.005719 -0.004641 -0.000194 0.118023 1.066813 -0.000227
1220.400000 0.005720 -0.004641 -0.000194 0.115526 1.067062 -0.000227
1220.550000 0.005721 -0.004642 -0.000194 0.113029 1.067305 -0.000227
1220.700000 0.005722 -0.004642 -0.000194 0.110531 1.067542 -0.000227
1220.850000 0.005723 -0.004642 -0.000194 0.108032 1.067774 -0.000227
1221.000000 0.005724 -0.004642 -0.000194 0.105533 1.068000 -0.000227
1221.150000 0.005725 -0.004643 -0.000194 0.103033 1.068220 -0.000227
1221.300000 0.005725 -0.004643 -0.000195 0.100533 1.068434 -0.000227
1221.450000 0.005726 -0.004643 -0.000195 0.098032 1.068643 -0.000227
1221.600000 0.005727 -0.004643 -0.000195 0.095531 1.068846 -0.000227
1221.750000 0.005728 -0.004644 -0.000195 0.093029 1.069043 -0.000227
1221.900000 0.005729 -0.004644 -0.000195 0.090527 1.069235 -0.000227
1222.050000 0.005730 -0.004644 -0.000195 0.088024 1.069421 -0.000227
1222.200000 0.005731 -0.004645 -0.000195 0.085521 1.069601 -0.000227
1222.350000 0.005732 -0.004645 -0.000195 0.083017 1.069775 -0.000227
1222.500000 0.005733 -0.004645 -0.000195 0.080513 1.069944 -0.000227
1222.650000 0.005734 -0.004645 -0.000195 0.078009 1.070107 -0.000227
1222.800000 0.005735 -0.004646 -0.000195 0.075504 1.070264 -0.000227
1222.950000 0.005735 -0.004646 -0.000195 0.072999 1.070416 -0.000227
1223.100000 0.005736 -0.004646 -0.000195 0.070493 1.070561 -0.000228
1223.250000 0.005737 -0.004647 -0.000195 0.067987 1.070701 -0.000228
1223.400000 0.005738 -0.004647 -0.000195 0.065481 1.070836 -0.000228
1223.550000 0.005739 -0.004647 -0.000195 0.062974 1.070964 -0.000228
1223.700000 0.005740 -0.004647 -0.000195 0.060467 1.071087 -0.000228
1223.850000 0.005741 -0.004648 -0.000195 0.057960 1.071204 -0.000228
1224.000000 0.005742 -0.004648 -0.000195 0.055453 1.071316 -0.000228
1224.150000 0.005743 -0.004648 -0.000195 0.052945 1.071421 -0.000228
1224.300000 0.005744 -0.004649 -0.000195 0.050437 1.071521 -0.000228
1224.450000 0.005745 -0.004649 -0.000195 0.047928 1.071616 -0.000228
1224.600000 0.005745 -0.004649 -0.000195 0.045420 1.071704 -0.000228
1224.750000 0.005746 -0.004649 -0.000195 0.042911 1.071787 -0.000228
1224.900000 0.005747 -0.004650 -0.000195 0.040402 1.071864 -0.000228
1225.050000 0.005748 -0.004650 -0.000195 0.037893 1.071935 -0.000228
1225.200000 0.005749 -0.004650 -0.000195 0.035383 1.072001 -0.000228
1225.350000 0.005750 -0.004650 -0.000195 0.032874 1.072060 -0.000228
1225.500000 0.005751 -0.004651 -0.000195 0.030364 1.072114 -0.000228
1225.650000 0.005752 -0.004651 -0.000195 0.027854 1.072163 -0.000228
1225.800000 0.005753 -0.004651 -0.000195 0.025344 1.072205 -0.000228
1225.950000 0.005754 -0.004652 -0.000195 0.022834 1.072242 -0.000228
1226.100000 0.005755 -0.004652 -0.000195 0.020324 1.072273 -0.000228
1226.250000 0.005755 -0.004652 -0.000195 0.017813 1.072299 -0.000228
1226.400000 0.005756 -0.004652 -0.000195 0.015303 1.072318 -0.000228
1226.550000 0.005757 -0.004653 -0.000195 0.012792 1.072332 -0.000228
1226.700000 0.005758 -0.004653 -0.000195 0.010282 1.072340 -0.000228
1226.850000 0.005759 -0.004653 -0.000195 0.007771 1.072343 -0.000228
1227.000000 0.005760 -0.004654 -0.000195 0.005261 1.072339 -0.000228
1227.150000 0.005761 -0.004654 -0.000195 0.002750 1.072330 -0.000228
1227.300000 0.005762 -0.004654 -0.000195 0.000240 1.072315 -0.000228
1227.450000 0.005763 -0.004654 -0.000195 -0.002271 1.072295 -0.000228
1227.600000 0.005764 -0.004655 -0.000195 -0.004782 1.072269 -0.000228
1227.750000 0.005765 -0.004655 -0.000195 -0.007292 1.072237 -0.000228
1227.900000 0.005765 -0.004655 -0.000195 -0.009802 1.072199 -0.000228
1228.050000 0.005766 -0.004655 -0.000195 -0.012313 1.072155 -0.000228
1228.200000 0.005767 -0.004656 -0.000195 -0.014823 1.072106 -0.000228
1228.350000 0.005768 -0.004656 -0.000195 -0.017333 1.072051 -0.000229
1228.500000 0.005769 -0.004656 -0.000195 -0.019843 1.071990 -0.000229
1228.650000 0.005770 -0.004657 -0.000195 -0.022353 1.071924 -0.000229
1228.800000 0.005771 -0.004657 -0.000195 -0.024863 1.071852 -0.000229
1228.950000 0.005772 -0.004657 -0.000196 -0.027373 1.071774 -0.000229
1229.100000 0.005773 -0.004657 -0.000196 -0.029882 1.071690 -0.000229
1229.250000 0.005774 -0.004658 -0.000196 -0.032392 1.071600 -0.000229
1229.400000 0.005775 -0.004658 -0.000196 -0.034901 1.071505 -0.000229
1229.550000 0.005775 -0.004658 -0.000196 -0.037410 1.071404 -0.000229
1229.700000 0.005776 -0.004659 -0.000196 -0.039919 1.071298 -0.000229
1229.850000 0.005777 -0.004659 -0.000196 -0.042427 1.071185 -0.000229
1230.000000 0.005778 -0.004659 -0.000196 -0.044935 1.071067 -0.000229
1230.150000 0.005779 -0.004659 -0.000196 -0.047443 1.070943 -0.000229
1230.300000 0.005780 -0.004660 -0.000196 -0.049951 1.070814 -0.000229
1230.450000 0.005781 -0.004660 -0.000196 -0.052458 1.070679 -0.000229
1230.600000 0.005782 -0.004660 -0.000196 -0.054966 1.070537 -0.000229
1230.750000 0.005783 -0.004661 -0.000196 -0.057472 1.070391 -0.000229
1230.900000 0.005784 -0.004661 -0.000196 -0.059979 1.070238 -0.000229
1231.050000 0.005785 -0.004661 -0.000196 -0.062485 1.070080 -0.000229
1231.200000 0.005785 -0.004661 -0.000196 -0.064991 1.069916 -0.000229
1231.350000 0.005786 -0.004662 -0.000196 -0.067496 1.069746 -0.000229
1231.500000 0.005787 -0.004662 -0.000196 -0.070001 1.069571 -0.000229
1231.650000 0.005788 -0.004662 -0.000196 -0.072506 1.069390 -0.000229
1231.800000 0.005789 -0.004662 -0.000196 -0.075010 1.069203 -0.000229
1231.950000 0.005790 -0.004663 -0.000196 -0.077514 1.069010 -0.000229
1232.100000 0.005791 -0.004663 -0.000196 -0.080018 1.068812 -0.000229
1232.250000 0.005792 -0.004663 -0.000196 -0.082521 1.068608 -0.000229
1232.400000 0.005793 -0.004664 -0.000196 -0.085023 1.068398 -0.000229
1232.550000 0.005794 -0.004664 -0.000196 -0.087525 1.068182 -0.000229
1232.700000 0.005794 -0.004664 -0.000196 -0.090027 1.067961 -0.000229
1232.850000 0.005795 -0.004664 -0.000196 -0.092528 1.067734 -0.000229
1233.000000 0.005796 -0.004665 -0.000196 -0.095029 1.067502 -0.000229
1233.150000 0.005797 -0.004665 -0.000196 -0.097529 1.067263 -0.000229
1233.300000 0.005798 -0.004665 -0.000196 -0.100028 1.067019 -0.000229
1233.450000 0.005799 -0.004666 -0.000196 -0.102527 1.066769 -0.000229
1233.600000 0.005800 -0.004666 -0.000196 -0.105025 1.066514 -0.000229
1233.750000 0.005801 -0.004666 -0.000196 -0.107523 1.066253 -0.000229
1233.900000 0.005802 -0.004666 -0.000196 -0.110021 1.065986 -0.000229
1234.050000 0.005803 -0.004667 -0.000196 -0.112517 1.065713 -0.000229
1234.200000 0.005804 -0.004667 -0.000196 -0.115013 1.065435 -0.000229
1234.350000 0.005804 -0.004667 -0.000196 -0.117509 1.065151 -0.000229
1234.500000 0.005805 -0.004667 -0.000196 -0.120003 1.064861 -0.000229
1234.650000 0.005806 -0.004668 -0.000196 -0.122497 1.064565 -0.000229
1234.800000 0.005807 -0.004668 -0.000196 -0.124991 1.064264 -0.000229
1234.950000 0.005808 -0.004668 -0.000196 -0.127483 1.063957 -0.000229
1235.100000 0.005809 -0.004669 -0.000196 -0.129976 1.063645 -0.000229
1235.250000 0.005810 -0.004669 -0.000196 -0.132467 1.063326 -0.000229
1235.400000 0.005811 -0.004669 -0.000196 -0.134957 1.063002 -0.000229
1235.550000 0.005812 -0.004669 -0.000196 -0.137447 1.062673 -0.000230
1235.700000 0.005813 -0.004670 -0.000196 -0.139936 1.062337 -0.000230
1235.850000 0.005814 -0.004670 -0.000196 -0.142425 1.061996 -0.000230
1236.000000 0.005814 -0.004670 -0.000196 -0.144912 1.061650 -0.000230
1236.150000 0.005815 -0.004671 -0.000196 -0.147399 1.061297 -0.000230
1236.300000 0.005816 -0.004671 -0.000196 -0.149885 1.060939 -0.000230
1236.450000 0.005817 -0.004671 -0.000196 -0.152370 1.060575 -0.000230
1236.600000 0.005818 -0.004671 -0.000197 -0.154854 1.060206 -0.000230
1236.750000 0.005819 -0.004672 -0.000197 -0.157338 1.059831 -0.000230
1236.900000 0.005820 -0.004672 -0.000197 -0.159821 1.059450 -0.000230
1237.050000 0.005821 -0.004672 -0.000197 -0.162302 1.059063 -0.000230
1237.200000 0.005822 -0.004672 -0.000197 -0.164783 1.058671 -0.000230
1237.350000 0.005823 -0.004673 -0.000197 -0.167263 1.058273 -0.000230
1237.500000 0.005824 -0.004673 -0.000197 -0.169742 1.057870 -0.000230
1237.650000 0.005824 -0.004673 -0.000197 -0.172220 1.057461 -0.000230
1237.800000 0.005825 -0.004674 -0.000197 -0.174698 1.057046 -0.000230
1237.950000 0.005826 -0.004674 -0.000197 -0.177174 1.056625 -0.000230
1238.100000 0.005827 -0.004674 -0.000197 -0.179649 1.056199 -0.000230
1238.250000 0.005828 -0.004674 -0.000197 -0.182123 1.055767 -0.000230
1238.400000 0.005829 -0.004675 -0.000197 -0.184597 1.055330 -0.000230
1238.550000 0.005830 -0.004675 -0.000197 -0.187069 1.054887 -0.000230
1238.700000 0.005831 -0.004675 -0.000197 -0.189540 1.054438 -0.000230
1238.850000 0.005832 -0.004676 -0.000197 -0.192011 1.053984 -0.000230
1239.000000 0.005833 -0.004676 -0.000197 -0.194480 1.053523 -0.000230
1239.150000 0.005834 -0.004676 -0.000197 -0.196948 1.053058 -0.000230
1239.300000 0.005834 -0.004676 -0.000197 -0.199415 1.052586 -0.000230
1239.450000 0.005835 -0.004677 -0.000197 -0.201881 1.052109 -0.000230
1239.600000 0.005836 -0.004677 -0.000197 -0.204346 1.051627 -0.000230
1239.750000 0.005837 -0.004677 -0.000197 -0.206810 1.051139 -0.000230
1239.900000 0.005838 -0.004677 -0.000197 -0.209273 1.050645 -0.000230
1240.050000 0.005839 -0.004678 -0.000197 -0.211734 1.050145 -0.000230
1240.200000 0.005840 -0.004678 -0.000197 -0.214195 1.049640 -0.000230
1240.350000 0.005841 -0.004678 -0.000197 -0.216654 1.049129 -0.000230
1240.500000 0.005842 -0.004679 -0.000197 -0.219112 1.048613 -0.000230
1240.650000 0.005843 -0.004679 -0.000197 -0.221569 1.048091 -0.000230
1240.800000 0.005844 -0.004679 -0.000197 -0.224025 1.047563 -0.000230
1240.950000 0.005844 -0.004679 -0.000197 -0.226479 1.047030 -0.000230
1241.100000 0.005845 -0.004680 -0.000197 -0.228933 1.046491 -0.000230
1241.250000 0.005846 -0.004680 -0.000197 -0.231385 1.045947 -0.000230
1241.400000 0.005847 -0.004680 -0.000197 -0.233835 1.045397 -0.000230
1241.550000 0.005848 -0.004681 -0.000197 -0.236285 1.044841 -0.000230
1241.700000 0.005849 -0.004681 -0.000197 -0.238733 1.044280 -0.000230
1241.850000 0.005850 -0.004681 -0.000197 -0.241180 1.043713 -0.000230
1242.000000 0.005851 -0.004681 -0.000197 -0.243626 1.043141 -0.000230
1242.150000 0.005852 -0.004682 -0.000197 -0.246070 1.042563 -0.000230
1242.300000 0.005853 -0.004682 -0.000197 -0.248513 1.041979 -0.000230
1242.450000 0.005854 -0.004682 -0.000197 -0.250955 1.041390 -0.000230
1242.600000 0.005854 -0.004682 -0.000197 -0.253395 1.040795 -0.000230
1242.750000 0.005855 -0.004683 -0.000197 -0.255834 1.040195 -0.000230
1242.900000 0.005856 -0.004683 -0.000197 -0.258272 1.039589 -0.000230
1243.050000 0.005857 -0.004683 -0.000197 -0.260708 1.038978 -0.000230
1243.200000 0.005858 -0.004684 -0.000197 -0.263143 1.038361 -0.000230
1243.350000 0.005859 -0.004684 -0.000197 -0.265576 1.037738 -0.000230
1243.500000 0.005860 -0.004684 -0.000197 -0.268008 1.037110 -0.000230
1243.650000 0.005861 -0.004684 -0.000197 -0.270438 1.036476 -0.000230
1243.800000 0.005862 -0.004685 -0.000197 -0.272867 1.035837 -0.000230
1243.950000 0.005863 -0.004685 -0.000197 -0.275295 1.035192 -0.000230
1244.100000 0.005864 -0.004685 -0.000197 -0.277721 1.034542 -0.000230
1244.250000 0.005864 -0.004686 -0.000198 -0.280145 1.033886 -0.000230
1244.400000 0.005865 -0.004686 -0.000198 -0.282569 1.033225 -0.000230
1244.550000 0.005866 -0.004686 -0.000198 -0.284990 1.032558 -0.000230
1244.700000 0.005867 -0.004686 -0.000198 -0.287410 1.031886 -0.000230
1244.850000 0.005868 -0.004687 -0.000198 -0.289828 1.031208 -0.000230
1245.000000 0.005869 -0.004687 -0.000198 -0.292245 1.030524 -0.000230
1245.150000 0.005870 -0.004687 -0.000198 -0.294661 1.029835 -0.000230
1245.300000 0.005871 -0.004687 -0.000198 -0.297074 1.029141 -0.000230
1245.450000 0.005872 -0.004688 -0.000198 -0.299486 1.028441 -0.000230
1245.600000 0.005873 -0.004688 -0.000198 -0.301897 1.027735 -0.000230
1245.750000 0.005874 -0.004688 -0.000198 -0.304306 1.027024 -0.000230
1245.900000 0.005874 -0.004689 -0.000198 -0.306713 1.026308 -0.000230
1246.050000 0.005875 -0.004689 -0.000198 -0.309119 1.025586 -0.000230
1246.200000 0.005876 -0.004689 -0.000198 -0.311523 1.024858 -0.000230
1246.350000 0.005877 -0.004689 -0.000198 -0.313925 1.024125 -0.000230
1246.500000 0.005878 -0.004690 -0.000198 -0.316325 1.023387 -0.000230
1246.650000 0.005879 -0.004690 -0.000198 -0.318724 1.022643 -0.000230
1246.800000 0.005880 -0.004690 -0.000198 -0.321121 1.021893 -0.000230
1246.950000 0.005881 -0.004691 -0.000198 -0.323517 1.021138 -0.000230
1247.100000 0.005882 -0.004691 -0.000198 -0.325910 1.020378 -0.000230
1247.250000 0.005883 -0.004691 -0.000198 -0.328302 1.019612 -0.000230
1247.400000 0.005884 -0.004691 -0.000198 -0.330692 1.018841 -0.000230
1247.550000 0.005884 -0.004692 -0.000198 -0.333081 1.018064 -0.000230
1247.700000 0.005885 -0.004692 -0.000198 -0.335467 1.017282 -0.000230
1247.850000 0.005886 -0.004692 -0.000198 -0.337852 1.016494 -0.000230
1248.000000 0.005887 -0.004692 -0.000198 -0.340235 1.015701 -0.000230
1248.150000 0.005888 -0.004693 -0.000198 -0.342616 1.014903 -0.000230
1248.300000 0.005889 -0.004693 -0.000198 -0.344996 1.014099 -0.000230
1248.450000 0.005890 -0.004693 -0.000198 -0.347373 1.013289 -0.000230
1248.600000 0.005891 -0.004694 -0.000198 -0.349749 1.012475 -0.000230
1248.750000 0.005892 -0.004694 -0.000198 -0.352122 1.011654 -0.000230
1248.900000 0.005893 -0.004694 -0.000198 -0.354494 1.010829 -0.000230
1249.050000 0.005894 -0.004694 -0.000198 -0.356864 1.009998 -0.000230
1249.200000 0.005894 -0.004695 -0.000198 -0.359232 1.009161 -0.000230
1249.350000 0.005895 -0.004695 -0.000198 -0.361598 1.008320 -0.000230
1249.500000 0.005896 -0.004695 -0.000198 -0.363962 1.007472 -0.000230
1249.650000 0.005897 -0.004696 -0.000198 -0.366324 1.006620 -0.000230
1249.800000 0.005898 -0.004696 -0.000198 -0.368684 1.005762 -0.000230
1249.950000 0.005899 -0.004696 -0.000198 -0.371042 1.004898 -0.000230
1250.100000 0.005900 -0.004696 -0.000198 -0.373399 1.004030 -0.000230
1250.250000 0.005901 -0.004697 -0.000198 -0.375753 1.003156 -0.000230
1250.400000 0.005902 -0.004697 -0.000198 -0.378105 1.002276 -0.000230
1250.550000 0.005903 -0.004697 -0.000198 -0.380455 1.001391 -0.000230
1250.700000 0.005904 -0.004697 -0.000198 -0.382803 1.000501 -0.000230
1250.850000 0.005904 -0.004698 -0.000198 -0.385149 0.999606 -0.000230
1251.000000 0.005905 -0.004698 -0.000198 -0.387493 0.998705 -0.000230
1251.150000 0.005906 -0.004698 -0.000198 -0.389835 0.997798 -0.000230
1251.300000 0.005907 -0.004699 -0.000198 -0.392175 0.996887 -0.000230
1251.450000 0.005908 -0.004699 -0.000198 -0.394513 0.995970 -0.000230
1251.600000 0.005909 -0.004699 -0.000198 -0.396848 0.995048 -0.000230
1251.750000 0.005910 -0.004699 -0.000198 -0.399182 0.994120 -0.000230
1251.900000 0.005911 -0.004700 -0.000199 -0.401513 0.993187 -0.000230
1252.050000 0.005912 -0.004700 -0.000199 -0.403842 0.992249 -0.000230
1252.200000 0.005913 -0.004700 -0.000199 -0.406169 0.991306 -0.000230
1252.350000 0.005914 -0.004701 -0.000199 -0.408494 0.990357 -0.000230
1252.500000 0.005914 -0.004701 -0.000199 -0.410817 0.989403 -0.000230
1252.650000 0.005915 -0.004701 -0.000199 -0.413137 0.988443 -0.000230
1252.800000 0.005916 -0.004701 -0.000199 -0.415455 0.987479 -0.000230
1252.950000 0.005917 -0.004702 -0.000199 -0.417771 0.986509 -0.000230
1253.100000 0.005918 -0.004702 -0.000199 -0.420085 0.985534 -0.000230
1253.250000 0.005919 -0.004702 -0.000199 -0.422396 0.984553 -0.000230
1253.400000 0.005920 -0.004702 -0.000199 -0.424706 0.983567 -0.000230
1253.550000 0.005921 -0.004703 -0.000199 -0.427013 0.982576 -0.000230
1253.700000 0.005922 -0.004703 -0.000199 -0.429317 0.981580 -0.000230
1253.850000 0.005923 -0.004703 -0.000199 -0.431620 0.980579 -0.000230
1254.000000 0.005923 -0.004704 -0.000199 -0.433920 0.979572 -0.000230
1254.150000 0.005924 -0.004704 -0.000199 -0.436217 0.978560 -0.000230
1254.300000 0.005925 -0.004704 -0.000199 -0.438513 0.977543 -0.000230
1254.450000 0.005926 -0.004704 -0.000199 -0.440806 0.976520 -0.000230
1254.600000 0.005927 -0.004705 -0.000199 -0.443096 0.975493 -0.000230
1254.750000 0.005928 -0.004705 -0.000199 -0.445385 0.974460 -0.000230
1254.900000 0.005929 -0.004705 -0.000199 -0.447671 0.973422 -0.000230
1255.050000 0.005930 -0.004705 -0.000199 -0.449954 0.972378 -0.000230
1255.200000 0.005931 -0.004706 -0.000199 -0.452235 0.971330 -0.000230
1255.350000 0.005932 -0.004706 -0.000199 -0.454514 0.970276 -0.000230
1255.500000 0.005933 -0.004706 -0.000199 -0.456790 0.969217 -0.000230
1255.650000 0.005933 -0.004707 -0.000199 -0.459064 0.968153 -0.000230
1255.800000 0.005934 -0.004707 -0.000199 -0.461335 0.967084 -0.000230
1255.950000 0.005935 -0.004707 -0.000199 -0.463604 0.966010 -0.000230
1256.100000 0.005936 -0.004707 -0.000199 -0.465871 0.964930 -0.000230
1256.250000 0.005937 -0.004708 -0.000199 -0.468134 0.963846 -0.000230
1256.400000 0.005938 -0.004708 -0.000199 -0.470396 0.962756 -0.000230
1256.550000 0.005939 -0.004708 -0.000199 -0.472655 0.961661 -0.000230
1256.700000 0.005940 -0.004709 -0.000199 -0.474911 0.960561 -0.000230
1256.850000 0.005941 -0.004709 -0.000199 -0.477165 0.959456 -0.000230
1257.000000 0.005942 -0.004709 -0.000199 -0.479416 0.958345 -0.000230
1257.150000 0.005943 -0.004709 -0.000199 -0.481665 0.957230 -0.000230
1257.300000 0.005943 -0.004710 -0.000199 -0.483911 0.956109 -0.000230
1257.450000 0.005944 -0.004710 -0.000199 -0.486154 0.954983 -0.000230
1257.600000 0.005945 -0.004710 -0.000199 -0.488395 0.953853 -0.000230
1257.750000 0.005946 -0.004710 -0.000199 -0.490634 0.952717 -0.000230
1257.900000 0.005947 -0.004711 -0.000199 -0.492869 0.951576 -0.000230
1258.050000 0.005948 -0.004711 -0.000199 -0.495102 0.950430 -0.000230
1258.200000 0.005949 -0.004711 -0.000199 -0.497333 0.949279 -0.000230
1258.350000 0.005950 -0.004712 -0.000199 -0.499561 0.948122 -0.000230
1258.500000 0.005951 -0.004712 -0.000199 -0.501786 0.946961 -0.000230
1258.650000 0.005952 -0.004712 -0.000199 -0.504008 0.945795 -0.000230
1258.800000 0.005953 -0.004712 -0.000199 -0.506228 0.944623 -0.000230
1258.950000 0.005953 -0.004713 -0.000199 -0.508445 0.943447 -0.000230
1259.100000 0.005954 -0.004713 -0.000199 -0.510659 0.942266 -0.000230
1259.250000 0.005955 -0.004713 -0.000199 -0.512871 0.941079 -0.000230
1259.400000 0.005956 -0.004713 -0.000199 -0.515079 0.939888 -0.000230
1259.550000 0.005957 -0.004714 -0.000200 -0.517285 0.938691 -0.000230
1259.700000 0.005958 -0.004714 -0.000200 -0.519489 0.937490 -0.000230
1259.850000 0.005959 -0.004714 -0.000200 -0.521689 0.936283 -0.000230
1260.000000 0.005960 -0.004715 -0.000200 -0.523887 0.935072 -0.000230
1260.150000 0.005961 -0.004715 -0.000200 -0.526082 0.933855 -0.000230
1260.300000 0.005962 -0.004715 -0.000200 -0.528274 0.932634 -0.000230
1260.450000 0.005963 -0.004715 -0.000200 -0.530463 0.931407 -0.000230
1260.600000 0.005963 -0.004716 -0.000200 -0.532650 0.930176 -0.000230
1260.750000 0.005964 -0.004716 -0.000200 -0.534833 0.928939 -0.000230
1260.900000 0.005965 -0.004716 -0.000200 -0.537014 0.927698 -0.000230
1261.050000 0.005966 -0.004717 -0.000200 -0.539192 0.926452 -0.000230
1261.200000 0.005967 -0.004717 -0.000200 -0.541367 0.925200 -0.000230
1261.350000 0.005968 -0.004717 -0.000200 -0.543539 0.923944 -0.000230
1261.500000 0.005969 -0.004717 -0.000200 -0.545709 0.922683 -0.000230
1261.650000 0.005970 -0.004718 -0.000200 -0.547875 0.921417 -0.000230
1261.800000 0.005971 -0.004718 -0.000200 -0.550038 0.920146 -0.000230
1261.950000 0.005972 -0.004718 -0.000200 -0.552199 0.918870 -0.000230
1262.100000 0.005973 -0.004718 -0.000200 -0.554356 0.917590 -0.000230
1262.250000 0.005973 -0.004719 -0.000200 -0.556511 0.916304 -0.000230
1262.400000 0.005974 -0.004719 -0.000200 -0.558662 0.915013 -0.000230
1262.550000 0.005975 -0.004719 -0.000200 -0.560811 0.913718 -0.000230
1262.700000 0.005976 -0.004720 -0.000200 -0.562957 0.912418 -0.000230
1262.850000 0.005977 -0.004720 -0.000200 -0.565099 0.911113 -0.000230
1263.000000 0.005978 -0.004720 -0.000200 -0.567239 0.909803 -0.000230
1263.150000 0.005979 -0.004720 -0.000200 -0.569376 0.908488 -0.000230
1263.300000 0.005980 -0.004721 -0.000200 -0.571509 0.907168 -0.000230
1263.450000 0.005981 -0.004721 -0.000200 -0.573640 0.905843 -0.000230
1263.600000 0.005982 -0.004721 -0.000200 -0.575767 0.904514 -0.000230
1263.750000 0.005982 -0.004721 -0.000200 -0.577891 0.903180 -0.000230
1263.900000 0.005983 -0.004722 -0.000200 -0.580013 0.901841 -0.000230
1264.050000 0.005984 -0.004722 -0.000200 -0.582131 0.900497 -0.000230
1264.200000 0.005985 -0.004722 -0.000200 -0.584246 0.899149 -0.000230
1264.350000 0.005986 -0.004723 -0.000200 -0.586358 0.897795 -0.000230
1264.500000 0.005987 -0.004723 -0.000200 -0.588467 0.896437 -0.000230
1264.650000 0.005988 -0.004723 -0.000200 -0.590573 0.895074 -0.000229
1264.800000 0.005989 -0.004723 -0.000200 -0.592675 0.893706 -0.000229
1264.950000 0.005990 -0.004724 -0.000200 -0.594775 0.892334 -0.000229
1265.100000 0.005991 -0.004724 -0.000200 -0.596871 0.890957 -0.000229
1265.250000 0.005992 -0.004724 -0.000200 -0.598964 0.889575 -0.000229
1265.400000 0.005992 -0.004724 -0.000200 -0.601054 0.888188 -0.000229
1265.550000 0.005993 -0.004725 -0.000200 -0.603141 0.886796 -0.000229
1265.700000 0.005994 -0.004725 -0.000200 -0.605224 0.885400 -0.000229
1265.850000 0.005995 -0.004725 -0.000200 -0.607304 0.883999 -0.000229
1266.000000 0.005996 -0.004726 -0.000200 -0.609382 0.882594 -0.000229
1266.150000 0.005997 -0.004726 -0.000200 -0.611455 0.881184 -0.000229
1266.300000 0.005998 -0.004726 -0.000200 -0.613526 0.879769 -0.000229
1266.450000 0.005999 -0.004726 -0.000200 -0.615593 0.878349 -0.000229
1266.600000 0.006000 -0.004727 -0.000200 -0.617657 0.876925 -0.000229
1266.750000 0.006001 -0.004727 -0.000200 -0.619718 0.875496 -0.000229
1266.900000 0.006002 -0.004727 -0.000200 -0.621775 0.874062 -0.000229
1267.050000 0.006002 -0.004728 -0.000200 -0.623829 0.872624 -0.000229
1267.200000 0.006003 -0.004728 -0.000201 -0.625880 0.871181 -0.000229
1267.350000 0.006004 -0.004728 -0.000201 -0.627928 0.869733 -0.000229
1267.500000 0.006005 -0.004728 -0.000201 -0.629972 0.868281 -0.000229
1267.650000 0.006006 -0.004729 -0.000201 -0.632013 0.866824 -0.000229
1267.800000 0.006007 -0.004729 -0.000201 -0.634050 0.865362 -0.000229
1267.950000 0.006008 -0.004729 -0.000201 -0.636084 0.863896 -0.000229
1268.100000 0.006009 -0.004729 -0.000201 -0.638115 0.862426 -0.000229
1268.250000 0.006010 -0.004730 -0.000201 -0.640142 0.860950 -0.000229
1268.400000 0.006011 -0.004730 -0.000201 -0.642166 0.859471 -0.000229
1268.550000 0.006012 -0.004730 -0.000201 -0.644186 0.857986 -0.000229
1268.700000 0.006012 -0.004731 -0.000201 -0.646203 0.856497 -0.000229
1268.850000 0.006013 -0.004731 -0.000201 -0.648217 0.855004 -0.000229
1269.000000 0.006014 -0.004731 -0.000201 -0.650227 0.853506 -0.000229
1269.150000 0.006015 -0.004731 -0.000201 -0.652234 0.852003 -0.000229
1269.300000 0.006016 -0.004732 -0.000201 -0.654237 0.850496 -0.000229
1269.450000 0.006017 -0.004732 -0.000201 -0.656237 0.848984 -0.000229
1269.600000 0.006018 -0.004732 -0.000201 -0.658233 0.847468 -0.000229
1269.750000 0.006019 -0.004732 -0.000201 -0.660226 0.845947 -0.000229
1269.900000 0.006020 -0.004733 -0.000201 -0.662215 0.844422 -0.000229
1270.050000 0.006021 -0.004733 -0.000201 -0.664201 0.842892 -0.000229
1270.200000 0.006022 -0.004733 -0.000201 -0.666183 0.841358 -0.000229
1270.350000 0.006022 -0.004734 -0.000201 -0.668162 0.839819 -0.000229
1270.500000 0.006023 -0.004734 -0.000201 -0.670137 0.838276 -0.000229
1270.650000 0.006024 -0.004734 -0.000201 -0.672108 0.836729 -0.000229
1270.800000 0.006025 -0.004734 -0.000201 -0.674076 0.835177 -0.000229
1270.950000 0.006026 -0.004735 -0.000201 -0.676041 0.833620 -0.000229
1271.100000 0.006027 -0.004735 -0.000201 -0.678002 0.832060 -0.000229
1271.250000 0.006028 -0.004735 -0.000201 -0.679959 0.830494 -0.000229
1271.400000 0.006029 -0.004735 -0.000201 -0.681913 0.828924 -0.000229
1271.550000 0.006030 -0.004736 -0.000201 -0.683863 0.827350 -0.000229
1271.700000 0.006031 -0.004736 -0.000201 -0.685809 0.825772 -0.000229
1271.850000 0.006031 -0.004736 -0.000201 -0.687752 0.824189 -0.000229
1272.000000 0.006032 -0.004737 -0.000201 -0.689691 0.822602 -0.000229
1272.150000 0.006033 -0.004737 -0.000201 -0.691626 0.821010 -0.000229
1272.300000 0.006034 -0.004737 -0.000201 -0.693558 0.819414 -0.000228
1272.450000 0.006035 -0.004737 -0.000201 -0.695486 0.817814 -0.000228
1272.600000 0.006036 -0.004738 -0.000201 -0.697411 0.816209 -0.000228
1272.750000 0.006037 -0.004738 -0.000201 -0.699332 0.814600 -0.000228
1272.900000 0.006038 -0.004738 -0.000201 -0.701249 0.812987 -0.000228
1273.050000 0.006039 -0.004739 -0.000201 -0.703162 0.811369 -0.000228
1273.200000 0.006040 -0.004739 -0.000201 -0.705071 0.809747 -0.000228
1273.350000 0.006041 -0.004739 -0.000201 -0.706977 0.808121 -0.000228
1273.500000 0.006041 -0.004739 -0.000201 -0.708879 0.806490 -0.000228
1273.650000 0.006042 -0.004740 -0.000201 -0.710778 0.804855 -0.000228
1273.800000 0.006043 -0.004740 -0.000201 -0.712672 0.803216 -0.000228
1273.950000 0.006044 -0.004740 -0.000201 -0.714563 0.801573 -0.000228
1274.100000 0.006045 -0.004740 -0.000201 -0.716450 0.799925 -0.000228
1274.250000 0.006046 -0.004741 -0.000201 -0.718333 0.798273 -0.000228
1274.400000 0.006047 -0.004741 -0.000201 -0.720213 0.796617 -0.000228
1274.550000 0.006048 -0.004741 -0.000201 -0.722088 0.794957 -0.000228
1274.700000 0.006049 -0.004742 -0.000201 -0.723960 0.793292 -0.000228
1274.850000 0.006050 -0.004742 -0.000202 -0.725828 0.791623 -0.000228
1275.000000 0.006051 -0.004742 -0.000202 -0.727692 0.789950 -0.000228
1275.150000 0.006051 -0.004742 -0.000202 -0.729553 0.788273 -0.000228
1275.300000 0.006052 -0.004743 -0.000202 -0.731409 0.786592 -0.000228
1275.450000 0.006053 -0.004743 -0.000202 -0.733262 0.784906 -0.000228
1275.600000 0.006054 -0.004743 -0.000202 -0.735110 0.783217 -0.000228
1275.750000 0.006055 -0.004743 -0.000202 -0.736955 0.781523 -0.000228
1275.900000 0.006056 -0.004744 -0.000202 -0.738796 0.779825 -0.000228
1276.050000 0.006057 -0.004744 -0.000202 -0.740633 0.778123 -0.000228
1276.200000 0.006058 -0.004744 -0.000202 -0.742466 0.776416 -0.000228
1276.350000 0.006059 -0.004745 -0.000202 -0.744295 0.774706 -0.000228
1276.500000 0.006060 -0.004745 -0.000202 -0.746120 0.772992 -0.000228
1276.650000 0.006061 -0.004745 -0.000202 -0.747941 0.771273 -0.000228
1276.800000 0.006061 -0.004745 -0.000202 -0.749759 0.769550 -0.000228
1276.950000 0.006062 -0.004746 -0.000202 -0.751572 0.767824 -0.000228
1277.100000 0.006063 -0.004746 -0.000202 -0.753381 0.766093 -0.000228
1277.250000 0.006064 -0.004746 -0.000202 -0.755187 0.764358 -0.000228
1277.400000 0.006065 -0.004746 -0.000202 -0.756988 0.762619 -0.000228
1277.550000 0.006066 -0.004747 -0.000202 -0.758785 0.760876 -0.000228
1277.700000 0.006067 -0.004747 -0.000202 -0.760579 0.759129 -0.000228
1277.850000 0.006068 -0.004747 -0.000202 -0.762368 0.757378 -0.000228
1278.000000 0.006069 -0.004748 -0.000202 -0.764154 0.755623 -0.000227
1278.150000 0.006070 -0.004748 -0.000202 -0.765935 0.753864 -0.000227
1278.300000 0.006070 -0.004748 -0.000202 -0.767712 0.752101 -0.000227
1278.450000 0.006071 -0.004748 -0.000202 -0.769485 0.750334 -0.000227
1278.600000 0.006072 -0.004749 -0.000202 -0.771254 0.748563 -0.000227
1278.750000 0.006073 -0.004749 -0.000202 -0.773019 0.746788 -0.000227
1278.900000 0.006074 -0.004749 -0.000202 -0.774780 0.745009 -0.000227
1279.050000 0.006075 -0.004749 -0.000202 -0.776537 0.743226 -0.000227
1279.200000 0.006076 -0.004750 -0.000202 -0.778290 0.741440 -0.000227
1279.350000 0.006077 -0.004750 -0.000202 -0.780039 0.739649 -0.000227
1279.500000 0.006078 -0.004750 -0.000202 -0.781783 0.737854 -0.000227
1279.650000 0.006079 -0.004751 -0.000202 -0.783524 0.736056 -0.000227
1279.800000 0.006080 -0.004751 -0.000202 -0.785260 0.734253 -0.000227
1279.950000 0.006080 -0.004751 -0.000202 -0.786992 0.732447 -0.000227
1280.100000 0.006081 -0.004751 -0.000202 -0.788720 0.730637 -0.000227
1280.250000 0.006082 -0.004752 -0.000202 -0.790444 0.728823 -0.000227
1280.400000 0.006083 -0.004752 -0.000202 -0.792164 0.727005 -0.000227
1280.550000 0.006084 -0.004752 -0.000202 -0.793879 0.725183 -0.000227
1280.700000 0.006085 -0.004752 -0.000202 -0.795591 0.723358 -0.000227
1280.850000 0.006086 -0.004753 -0.000202 -0.797298 0.721528 -0.000227
1281.000000 0.006087 -0.004753 -0.000202 -0.799001 0.719695 -0.000227
1281.150000 0.006088 -0.004753 -0.000202 -0.800699 0.717858 -0.000227
1281.300000 0.006089 -0.004754 -0.000202 -0.802394 0.716017 -0.000227
1281.450000 0.006090 -0.004754 -0.000202 -0.804084 0.714173 -0.000227
1281.600000 0.006090 -0.004754 -0.000202 -0.805770 0.712324 -0.000227
1281.750000 0.006091 -0.004754 -0.000202 -0.807452 0.710472 -0.000227
1281.900000 0.006092 -0.004755 -0.000202 -0.809130 0.708616 -0.000227
1282.050000 0.006093 -0.004755 -0.000202 -0.810803 0.706756 -0.000227
1282.200000 0.006094 -0.004755 -0.000202 -0.812472 0.704893 -0.000227
1282.350000 0.006095 -0.004756 -0.000202 -0.814137 0.703026 -0.000227
1282.500000 0.006096 -0.004756 -0.000203 -0.815797 0.701155 -0.000227
1282.650000 0.006097 -0.004756 -0.000203 -0.817453 0.699280 -0.000227
1282.800000 0.006098 -0.004756 -0.000203 -0.819105 0.697402 -0.000226
1282.950000 0.006099 -0.004757 -0.000203 -0.820753 0.695520 -0.000226
1283.100000 0.006099 -0.004757 -0.000203 -0.822396 0.693635 -0.000226
1283.250000 0.006100 -0.004757 -0.000203 -0.824035 0.691745 -0.000226
1283.400000 0.006101 -0.004757 -0.000203 -0.825669 0.689852 -0.000226
1283.550000 0.006102 -0.004758 -0.000203 -0.827299 0.687956 -0.000226
1283.700000 0.006103 -0.004758 -0.000203 -0.828925 0.686056 -0.000226
1283.850000 0.006104 -0.004758 -0.000203 -0.830547 0.684152 -0.000226
1284.000000 0.006105 -0.004759 -0.000203 -0.832164 0.682244 -0.000226
1284.150000 0.006106 -0.004759 -0.000203 -0.833777 0.680333 -0.000226
1284.300000 0.006107 -0.004759 -0.000203 -0.835385 0.678419 -0.000226
1284.450000 0.006108 -0.004759 -0.000203 -0.836989 0.676501 -0.000226
1284.600000 0.006109 -0.004760 -0.000203 -0.838589 0.674579 -0.000226
1284.750000 0.006109 -0.004760 -0.000203 -0.840184 0.672653 -0.000226
1284.900000 0.006110 -0.004760 -0.000203 -0.841775 0.670725 -0.000226
1285.050000 0.006111 -0.004760 -0.000203 -0.843361 0.668792 -0.000226
1285.200000 0.006112 -0.004761 -0.000203 -0.844943 0.666856 -0.000226
1285.350000 0.006113 -0.004761 -0.000203 -0.846520 0.664917 -0.000226
1285.500000 0.006114 -0.004761 -0.000203 -0.848093 0.662974 -0.000226
1285.650000 0.006115 -0.004762 -0.000203 -0.849662 0.661027 -0.000226
1285.800000 0.006116 -0.004762 -0.000203 -0.851226 0.659077 -0.000226
1285.950000 0.006117 -0.004762 -0.000203 -0.852785 0.657124 -0.000226
1286.100000 0.006118 -0.004762 -0.000203 -0.854341 0.655167 -0.000226
1286.250000 0.006118 -0.004763 -0.000203 -0.855891 0.653206 -0.000226
1286.400000 0.006119 -0.004763 -0.000203 -0.857437 0.651242 -0.000226
1286.550000 0.006120 -0.004763 -0.000203 -0.858979 0.649275 -0.000226
1286.700000 0.006121 -0.004763 -0.000203 -0.860516 0.647305 -0.000226
1286.850000 0.006122 -0.004764 -0.000203 -0.862049 0.645330 -0.000226
1287.000000 0.006123 -0.004764 -0.000203 -0.863577 0.643353 -0.000225
1287.150000 0.006124 -0.004764 -0.000203 -0.865101 0.641372 -0.000225
1287.300000 0.006125 -0.004765 -0.000203 -0.866620 0.639388 -0.000225
1287.450000 0.006126 -0.004765 -0.000203 -0.868134 0.637400 -0.000225
1287.600000 0.006127 -0.004765 -0.000203 -0.869644 0.635409 -0.000225
1287.750000 0.006128 -0.004765 -0.000203 -0.871150 0.633415 -0.000225
1287.900000 0.006128 -0.004766 -0.000203 -0.872650 0.631417 -0.000225
1288.050000 0.006129 -0.004766 -0.000203 -0.874147 0.629416 -0.000225
1288.200000 0.006130 -0.004766 -0.000203 -0.875638 0.627412 -0.000225
1288.350000 0.006131 -0.004766 -0.000203 -0.877125 0.625404 -0.000225
1288.500000 0.006132 -0.004767 -0.000203 -0.878608 0.623393 -0.000225
1288.650000 0.006133 -0.004767 -0.000203 -0.880086 0.621379 -0.000225
1288.800000 0.006134 -0.004767 -0.000203 -0.881559 0.619361 -0.000225
1288.950000 0.006135 -0.004768 -0.000203 -0.883028 0.617340 -0.000225
1289.100000 0.006136 -0.004768 -0.000203 -0.884492 0.615316 -0.000225
1289.250000 0.006137 -0.004768 -0.000203 -0.885951 0.613289 -0.000225
1289.400000 0.006138 -0.004768 -0.000203 -0.887406 0.611259 -0.000225
1289.550000 0.006138 -0.004769 -0.000203 -0.888856 0.609225 -0.000225
1289.700000 0.006139 -0.004769 -0.000203 -0.890301 0.607188 -0.000225
1289.850000 0.006140 -0.004769 -0.000203 -0.891742 0.605148 -0.000225
1290.000000 0.006141 -0.004769 -0.000203 -0.893178 0.603105 -0.000225
1290.150000 0.006142 -0.004770 -0.000204 -0.894610 0.601058 -0.000225
1290.300000 0.006143 -0.004770 -0.000204 -0.896037 0.599008 -0.000225
1290.450000 0.006144 -0.004770 -0.000204 -0.897459 0.596956 -0.000225
1290.600000 0.006145 -0.004771 -0.000204 -0.898876 0.594900 -0.000225
1290.750000 0.006146 -0.004771 -0.000204 -0.900289 0.592841 -0.000225
1290.900000 0.006147 -0.004771 -0.000204 -0.901697 0.590778 -0.000225
1291.050000 0.006147 -0.004771 -0.000204 -0.903100 0.588713 -0.000224
1291.200000 0.006148 -0.004772 -0.000204 -0.904499 0.586645 -0.000224
1291.350000 0.006149 -0.004772 -0.000204 -0.905892 0.584573 -0.000224
1291.500000 0.006150 -0.004772 -0.000204 -0.907281 0.582499 -0.000224
1291.650000 0.006151 -0.004772 -0.000204 -0.908666 0.580421 -0.000224
1291.800000 0.006152 -0.004773 -0.000204 -0.910045 0.578340 -0.000224
1291.950000 0.006153 -0.004773 -0.000204 -0.911420 0.576257 -0.000224
1292.100000 0.006154 -0.004773 -0.000204 -0.912790 0.574170 -0.000224
1292.250000 0.006155 -0.004774 -0.000204 -0.914156 0.572080 -0.000224
1292.400000 0.006156 -0.004774 -0.000204 -0.915516 0.569987 -0.000224
1292.550000 0.006157 -0.004774 -0.000204 -0.916872 0.567892 -0.000224
1292.700000 0.006157 -0.004774 -0.000204 -0.918223 0.565793 -0.000224
1292.850000 0.006158 -0.004775 -0.000204 -0.919569 0.563691 -0.000224
1293.000000 0.006159 -0.004775 -0.000204 -0.920910 0.561586 -0.000224
1293.150000 0.006160 -0.004775 -0.000204 -0.922247 0.559479 -0.000224
1293.300000 0.006161 -0.004775 -0.000204 -0.923579 0.557368 -0.000224
1293.450000 0.006162 -0.004776 -0.000204 -0.924905 0.555254 -0.000224
1293.600000 0.006163 -0.004776 -0.000204 -0.926228 0.553138 -0.000224
1293.750000 0.006164 -0.004776 -0.000204 -0.927545 0.551019 -0.000224
1293.900000 0.006165 -0.004777 -0.000204 -0.928857 0.548896 -0.000224
1294.050000 0.006166 -0.004777 -0.000204 -0.930165 0.546771 -0.000224
1294.200000 0.006166 -0.004777 -0.000204 -0.931467 0.544643 -0.000224
1294.350000 0.006167 -0.004777 -0.000204 -0.932765 0.542512 -0.000224
1294.500000 0.006168 -0.004778 -0.000204 -0.934058 0.540379 -0.000224
1294.650000 0.006169 -0.004778 -0.000204 -0.935346 0.538242 -0.000223
1294.800000 0.006170 -0.004778 -0.000204 -0.936630 0.536103 -0.000223
1294.950000 0.006171 -0.004778 -0.000204 -0.937908 0.533961 -0.000223
1295.100000 0.006172 -0.004779 -0.000204 -0.939182 0.531816 -0.000223
1295.250000 0.006173 -0.004779 -0.000204 -0.940450 0.529668 -0.000223
1295.400000 0.006174 -0.004779 -0.000204 -0.941714 0.527517 -0.000223
1295.550000 0.006175 -0.004780 -0.000204 -0.942973 0.525364 -0.000223
1295.700000 0.006176 -0.004780 -0.000204 -0.944226 0.523208 -0.000223
1295.850000 0.006176 -0.004780 -0.000204 -0.945475 0.521049 -0.000223
1296.000000 0.006177 -0.004780 -0.000204 -0.946719 0.518887 -0.000223
1296.150000 0.006178 -0.004781 -0.000204 -0.947958 0.516723 -0.000223
1296.300000 0.006179 -0.004781 -0.000204 -0.949193 0.514556 -0.000223
1296.450000 0.006180 -0.004781 -0.000204 -0.950422 0.512386 -0.000223
1296.600000 0.006181 -0.004781 -0.000204 -0.951646 0.510214 -0.000223
1296.750000 0.006182 -0.004782 -0.000204 -0.952865 0.508039 -0.000223
1296.900000 0.006183 -0.004782 -0.000204 -0.954080 0.505861 -0.000223
1297.050000 0.006184 -0.004782 -0.000204 -0.955289 0.503681 -0.000223
1297.200000 0.006185 -0.004783 -0.000204 -0.956494 0.501497 -0.000223
1297.350000 0.006185 -0.004783 -0.000204 -0.957693 0.499312 -0.000223
1297.500000 0.006186 -0.004783 -0.000204 -0.958887 0.497123 -0.000223
1297.650000 0.006187 -0.004783 -0.000204 -0.960077 0.494933 -0.000223
1297.800000 0.006188 -0.004784 -0.000205 -0.961261 0.492739 -0.000223
1297.950000 0.006189 -0.004784 -0.000205 -0.962441 0.490543 -0.000223
1298.100000 0.006190 -0.004784 -0.000205 -0.963615 0.488344 -0.000222
1298.250000 0.006191 -0.004784 -0.000205 -0.964785 0.486143 -0.000222
1298.400000 0.006192 -0.004785 -0.000205 -0.965949 0.483939 -0.000222
1298.550000 0.006193 -0.004785 -0.000205 -0.967109 0.481733 -0.000222
1298.700000 0.006194 -0.004785 -0.000205 -0.968263 0.479524 -0.000222
1298.850000 0.006195 -0.004786 -0.000205 -0.969413 0.477313 -0.000222
1299.000000 0.006195 -0.004786 -0.000205 -0.970557 0.475099 -0.000222
1299.150000 0.006196 -0.004786 -0.000205 -0.971696 0.472882 -0.000222
1299.300000 0.006197 -0.004786 -0.000205 -0.972831 0.470664 -0.000222
1299.450000 0.006198 -0.004787 -0.000205 -0.973960 0.468442 -0.000222
1299.600000 0.006199 -0.004787 -0.000205 -0.975084 0.466219 -0.000222
1299.750000 0.006200 -0.004787 -0.000205 -0.976203 0.463992 -0.000222
1299.900000 0.006201 -0.004787 -0.000205 -0.977317 0.461764 -0.000222
1300.050000 0.006202 -0.004788 -0.000205 -0.978426 0.459533 -0.000222
1300.200000 0.006203 -0.004788 -0.000205 -0.979530 0.457299 -0.000222
1300.350000 0.006204 -0.004788 -0.000205 -0.980629 0.455063 -0.000222
1300.500000 0.006204 -0.004789 -0.000205 -0.981722 0.452825 -0.000222
1300.650000 0.006205 -0.004789 -0.000205 -0.982811 0.450585 -0.000222
1300.800000 0.006206 -0.004789 -0.000205 -0.983895 0.448342 -0.000222
1300.950000 0.006207 -0.004789 -0.000205 -0.984973 0.446096 -0.000222
1301.100000 0.006208 -0.004790 -0.000205 -0.986046 0.443849 -0.000222
1301.250000 0.006209 -0.004790 -0.000205 -0.987115 0.441599 -0.000222
1301.400000 0.006210 -0.004790 -0.000205 -0.988178 0.439346 -0.000221
1301.550000 0.006211 -0.004790 -0.000205 -0.989236 0.437092 -0.000221
1301.700000 0.006212 -0.004791 -0.000205 -0.990289 0.434835 -0.000221
1301.850000 0.006213 -0.004791 -0.000205 -0.991336 0.432576 -0.000221
1302.000000 0.006214 -0.004791 -0.000205 -0.992379 0.430314 -0.000221
1302.150000 0.006214 -0.004792 -0.000205 -0.993416 0.428051 -0.000221
1302.300000 0.006215 -0.004792 -0.000205 -0.994449 0.425785 -0.000221
1302.450000 0.006216 -0.004792 -0.000205 -0.995476 0.423517 -0.000221
1302.600000 0.006217 -0.004792 -0.000205 -0.996498 0.421246 -0.000221
1302.750000 0.006218 -0.004793 -0.000205 -0.997515 0.418974 -0.000221
1302.900000 0.006219 -0.004793 -0.000205 -0.998526 0.416699 -0.000221
1303.050000 0.006220 -0.004793 -0.000205 -0.999533 0.414422 -0.000221
1303.200000 0.006221 -0.004793 -0.000205 -1.000534 0.412143 -0.000221
1303.350000 0.006222 -0.004794 -0.000205 -1.001530 0.409861 -0.000221
1303.500000 0.006223 -0.004794 -0.000205 -1.002521 0.407578 -0.000221
1303.650000 0.006223 -0.004794 -0.000205 -1.003507 0.405292 -0.000221
1303.800000 0.006224 -0.004795 -0.000205 -1.004488 0.403005 -0.000221
1303.950000 0.006225 -0.004795 -0.000205 -1.005463 0.400715 -0.000221
1304.100000 0.006226 -0.004795 -0.000205 -1.006433 0.398423 -0.000221
1304.250000 0.006227 -0.004795 -0.000205 -1.007398 0.396129 -0.000221
1304.400000 0.006228 -0.004796 -0.000205 -1.008358 0.393833 -0.000221
1304.550000 0.006229 -0.004796 -0.000205 -1.009313 0.391535 -0.000220
1304.700000 0.006230 -0.004796 -0.000205 -1.010262 0.389235 -0.000220
1304.850000 0.006231 -0.004796 -0.000205 -1.011206 0.386933 -0.000220
1305.000000 0.006232 -0.004797 -0.000205 -1.012145 0.384628 -0.000220
1305.150000 0.006233 -0.004797 -0.000205 -1.013079 0.382322 -0.000220
1305.300000 0.006233 -0.004797 -0.000205 -1.014007 0.380014 -0.000220
1305.450000 0.006234 -0.004798 -0.000206 -1.014931 0.377704 -0.000220
1305.600000 0.006235 -0.004798 -0.000206 -1.015849 0.375392 -0.000220
1305.750000 0.006236 -0.004798 -0.000206 -1.016761 0.373077 -0.000220
1305.900000 0.006237 -0.004798 -0.000206 -1.017669 0.370761 -0.000220
1306.050000 0.006238 -0.004799 -0.000206 -1.018571 0.368443 -0.000220
1306.200000 0.006239 -0.004799 -0.000206 -1.019468 0.366123 -0.000220
1306.350000 0.006240 -0.004799 -0.000206 -1.020360 0.363801 -0.000220
1306.500000 0.006241 -0.004799 -0.000206 -1.021246 0.361478 -0.000220
1306.650000 0.006242 -0.004800 -0.000206 -1.022128 0.359152 -0.000220
1306.800000 0.006242 -0.004800 -0.000206 -1.023004 0.356824 -0.000220
1306.950000 0.006243 -0.004800 -0.000206 -1.023874 0.354495 -0.000220
1307.100000 0.006244 -0.004801 -0.000206 -1.024740 0.352164 -0.000220
1307.250000 0.006245 -0.004801 -0.000206 -1.025600 0.349831 -0.000220
1307.400000 0.006246 -0.004801 -0.000206 -1.026455 0.347496 -0.000220
1307.550000 0.006247 -0.004801 -0.000206 -1.027304 0.345159 -0.000220
1307.700000 0.006248 -0.004802 -0.000206 -1.028148 0.342820 -0.000219
1307.850000 0.006249 -0.004802 -0.000206 -1.028987 0.340480 -0.000219
1308.000000 0.006250 -0.004802 -0.000206 -1.029821 0.338138 -0.000219
1308.150000 0.006251 -0.004802 -0.000206 -1.030649 0.335794 -0.000219
1308.300000 0.006251 -0.004803 -0.000206 -1.031472 0.333448 -0.000219
1308.450000 0.006252 -0.004803 -0.000206 -1.032290 0.331101 -0.000219
1308.600000 0.006253 -0.004803 -0.000206 -1.033103 0.328751 -0.000219
1308.750000 0.006254 -0.004804 -0.000206 -1.033910 0.326401 -0.000219
1308.900000 0.006255 -0.004804 -0.000206 -1.034711 0.324048 -0.000219
1309.050000 0.006256 -0.004804 -0.000206 -1.035508 0.321694 -0.000219
1309.200000 0.006257 -0.004804 -0.000206 -1.036299 0.319338 -0.000219
1309.350000 0.006258 -0.004805 -0.000206 -1.037085 0.316980 -0.000219
1309.500000 0.006259 -0.004805 -0.000206 -1.037865 0.314621 -0.000219
1309.650000 0.006260 -0.004805 -0.000206 -1.038640 0.312260 -0.000219
1309.800000 0.006261 -0.004805 -0.000206 -1.039410 0.309897 -0.000219
1309.950000 0.006261 -0.004806 -0.000206 -1.040175 0.307533 -0.000219
1310.100000 0.006262 -0.004806 -0.000206 -1.040934 0.305167 -0.000219
1310.250000 0.006263 -0.004806 -0.000206 -1.041687 0.302800 -0.000219
1310.400000 0.006264 -0.004807 -0.000206 -1.042436 0.300431 -0.000219
1310.550000 0.006265 -0.004807 -0.000206 -1.043179 0.298060 -0.000219
1310.700000 0.006266 -0.004807 -0.000206 -1.043917 0.295688 -0.000218
1310.850000 0.006267 -0.004807 -0.000206 -1.044649 0.293315 -0.000218
1311.000000 0.006268 -0.004808 -0.000206 -1.045376 0.290939 -0.000218
1311.150000 0.006269 -0.004808 -0.000206 -1.046097 0.288563 -0.000218
1311.300000 0.006270 -0.004808 -0.000206 -1.046814 0.286184 -0.000218
1311.450000 0.006270 -0.004808 -0.000206 -1.047524 0.283805 -0.000218
1311.600000 0.006271 -0.004809 -0.000206 -1.048230 0.281424 -0.000218
1311.750000 0.006272 -0.004809 -0.000206 -1.048930 0.279041 -0.000218
1311.900000 0.006273 -0.004809 -0.000206 -1.049625 0.276657 -0.000218
1312.050000 0.006274 -0.004810 -0.000206 -1.050314 0.274271 -0.000218
1312.200000 0.006275 -0.004810 -0.000206 -1.050998 0.271884 -0.000218
1312.350000 0.006276 -0.004810 -0.000206 -1.051676 0.269496 -0.000218
1312.500000 0.006277 -0.004810 -0.000206 -1.052350 0.267106 -0.000218
1312.650000 0.006278 -0.004811 -0.000206 -1.053017 0.264714 -0.000218
1312.800000 0.006279 -0.004811 -0.000206 -1.053680 0.262322 -0.000218
1312.950000 0.006279 -0.004811 -0.000206 -1.054337 0.259928 -0.000218
1313.100000 0.006280 -0.004811 -0.000207 -1.054988 0.257532 -0.000218
1313.250000 0.006281 -0.004812 -0.000207 -1.055634 0.255136 -0.000218
1313.400000 0.006282 -0.004812 -0.000207 -1.056275 0.252738 -0.000218
1313.550000 0.006283 -0.004812 -0.000207 -1.056910 0.250338 -0.000217
1313.700000 0.006284 -0.004813 -0.000207 -1.057540 0.247937 -0.000217
1313.850000 0.006285 -0.004813 -0.000207 -1.058165 0.245535 -0.000217
1314.000000 0.006286 -0.004813 -0.000207 -1.058784 0.243132 -0.000217
1314.150000 0.006287 -0.004813 -0.000207 -1.059398 0.240728 -0.000217
1314.300000 0.006288 -0.004814 -0.000207 -1.060006 0.238322 -0.000217
1314.450000 0.006289 -0.004814 -0.000207 -1.060609 0.235915 -0.000217
1314.600000 0.006289 -0.004814 -0.000207 -1.061206 0.233506 -0.000217
1314.750000 0.006290 -0.004814 -0.000207 -1.061798 0.231097 -0.000217
1314.900000 0.006291 -0.004815 -0.000207 -1.062385 0.228686 -0.000217
1315.050000 0.006292 -0.004815 -0.000207 -1.062966 0.226274 -0.000217
1315.200000 0.006293 -0.004815 -0.000207 -1.063541 0.223861 -0.000217
1315.350000 0.006294 -0.004816 -0.000207 -1.064111 0.221447 -0.000217
1315.500000 0.006295 -0.004816 -0.000207 -1.064676 0.219031 -0.000217
1315.650000 0.006296 -0.004816 -0.000207 -1.065236 0.216614 -0.000217
1315.800000 0.006297 -0.004816 -0.000207 -1.065789 0.214197 -0.000217
1315.950000 0.006298 -0.004817 -0.000207 -1.066338 0.211778 -0.000217
1316.100000 0.006298 -0.004817 -0.000207 -1.066881 0.209358 -0.000217
1316.250000 0.006299 -0.004817 -0.000207 -1.067418 0.206937 -0.000217
1316.400000 0.006300 -0.004817 -0.000207 -1.067951 0.204514 -0.000216
1316.550000 0.006301 -0.004818 -0.000207 -1.068477 0.202091 -0.000216
1316.700000 0.006302 -0.004818 -0.000207 -1.068998 0.199667 -0.000216
1316.850000 0.006303 -0.004818 -0.000207 -1.069514 0.197241 -0.000216
1317.000000 0.006304 -0.004819 -0.000207 -1.070024 0.194815 -0.000216
1317.150000 0.006305 -0.004819 -0.000207 -1.070529 0.192388 -0.000216
1317.300000 0.006306 -0.004819 -0.000207 -1.071028 0.189959 -0.000216
1317.450000 0.006307 -0.004819 -0.000207 -1.071522 0.187530 -0.000216
1317.600000 0.006307 -0.004820 -0.000207 -1.072011 0.185099 -0.000216
1317.750000 0.006308 -0.004820 -0.000207 -1.072494 0.182668 -0.000216
1317.900000 0.006309 -0.004820 -0.000207 -1.072971 0.180235 -0.000216
1318.050000 0.006310 -0.004820 -0.000207 -1.073443 0.177802 -0.000216
1318.200000 0.006311 -0.004821 -0.000207 -1.073910 0.175368 -0.000216
1318.350000 0.006312 -0.004821 -0.000207 -1.074371 0.172932 -0.000216
1318.500000 0.006313 -0.004821 -0.000207 -1.074826 0.170496 -0.000216
1318.650000 0.006314 -0.004821 -0.000207 -1.075276 0.168059 -0.000216
1318.800000 0.006315 -0.004822 -0.000207 -1.075721 0.165621 -0.000216
1318.950000 0.006316 -0.004822 -0.000207 -1.076160 0.163183 -0.000216
1319.100000 0.006317 -0.004822 -0.000207 -1.076594 0.160743 -0.000216
1319.250000 0.006317 -0.004823 -0.000207 -1.077022 0.158302 -0.000215
1319.400000 0.006318 -0.004823 -0.000207 -1.077445 0.155861 -0.000215
1319.550000 0.006319 -0.004823 -0.000207 -1.077862 0.153419 -0.000215
1319.700000 0.006320 -0.004823 -0.000207 -1.078274 0.150976 -0.000215
1319.850000 0.006321 -0.004824 -0.000207 -1.078680 0.148532 -0.000215
1320.000000 0.006322 -0.004824 -0.000207 -1.079081 0.146088 -0.000215
1320.150000 0.006323 -0.004824 -0.000207 -1.079476 0.143642 -0.000215
1320.300000 0.006324 -0.004824 -0.000207 -1.079866 0.141196 -0.000215
1320.450000 0.006325 -0.004825 -0.000207 -1.080250 0.138749 -0.000215
1320.600000 0.006326 -0.004825 -0.000207 -1.080629 0.136302 -0.000215
1320.750000 0.006326 -0.004825 -0.000207 -1.081002 0.133853 -0.000215
1320.900000 0.006327 -0.004826 -0.000208 -1.081370 0.131404 -0.000215
1321.050000 0.006328 -0.004826 -0.000208 -1.081732 0.128955 -0.000215
1321.200000 0.006329 -0.004826 -0.000208 -1.082089 0.126504 -0.000215
1321.350000 0.006330 -0.004826 -0.000208 -1.082440 0.124053 -0.000215
1321.500000 0.006331 -0.004827 -0.000208 -1.082786 0.121601 -0.000215
1321.650000 0.006332 -0.004827 -0.000208 -1.083126 0.119149 -0.000215
1321.800000 0.006333 -0.004827 -0.000208 -1.083461 0.116696 -0.000215
1321.950000 0.006334 -0.004827 -0.000208 -1.083790 0.114242 -0.000214
1322.100000 0.006335 -0.004828 -0.000208 -1.084114 0.111788 -0.000214
1322.250000 0.006335 -0.004828 -0.000208 -1.084432 0.109333 -0.000214
1322.400000 0.006336 -0.004828 -0.000208 -1.084745 0.106877 -0.000214
1322.550000 0.006337 -0.004829 -0.000208 -1.085052 0.104421 -0.000214
1322.700000 0.006338 -0.004829 -0.000208 -1.085354 0.101965 -0.000214
1322.850000 0.006339 -0.004829 -0.000208 -1.085651 0.099508 -0.000214
1323.000000 0.006340 -0.004829 -0.000208 -1.085941 0.097050 -0.000214
1323.150000 0.006341 -0.004830 -0.000208 -1.086227 0.094592 -0.000214
1323.300000 0.006342 -0.004830 -0.000208 -1.086506 0.092133 -0.000214
1323.450000 0.006343 -0.004830 -0.000208 -1.086780 0.089674 -0.000214
1323.600000 0.006344 -0.004830 -0.000208 -1.087049 0.087214 -0.000214
1323.750000 0.006344 -0.004831 -0.000208 -1.087312 0.084754 -0.000214
1323.900000 0.006345 -0.004831 -0.000208 -1.087570 0.082293 -0.000214
1324.050000 0.006346 -0.004831 -0.000208 -1.087822 0.079832 -0.000214
1324.200000 0.006347 -0.004832 -0.000208 -1.088069 0.077370 -0.000214
1324.350000 0.006348 -0.004832 -0.000208 -1.088310 0.074908 -0.000214
1324.500000 0.006349 -0.004832 -0.000208 -1.088546 0.072446 -0.000214
1324.650000 0.006350 -0.004832 -0.000208 -1.088776 0.069983 -0.000213
1324.800000 0.006351 -0.004833 -0.000208 -1.089001 0.067520 -0.000213
1324.950000 0.006352 -0.004833 -0.000208 -1.089220 0.065056 -0.000213
1325.100000 0.006353 -0.004833 -0.000208 -1.089433 0.062592 -0.000213
1325.250000 0.006353 -0.004833 -0.000208 -1.089641 0.060128 -0.000213
1325.400000 0.006354 -0.004834 -0.000208 -1.089844 0.057663 -0.000213
1325.550000 0.006355 -0.004834 -0.000208 -1.090041 0.055198 -0.000213
1325.700000 0.006356 -0.004834 -0.000208 -1.090233 0.052733 -0.000213
1325.850000 0.006357 -0.004835 -0.000208 -1.090419 0.050267 -0.000213
1326.000000 0.006358 -0.004835 -0.000208 -1.090599 0.047801 -0.000213
1326.150000 0.006359 -0.004835 -0.000208 -1.090774 0.045335 -0.000213
1326.300000 0.006360 -0.004835 -0.000208 -1.090944 0.042869 -0.000213
1326.450000 0.006361 -0.004836 -0.000208 -1.091108 0.040402 -0.000213
1326.600000 0.006362 -0.004836 -0.000208 -1.091266 0.037935 -0.000213
1326.750000 0.006363 -0.004836 -0.000208 -1.091419 0.035468 -0.000213
1326.900000 0.006363 -0.004836 -0.000208 -1.091566 0.033001 -0.000213
1327.050000 0.006364 -0.004837 -0.000208 -1.091708 0.030533 -0.000213
1327.200000 0.006365 -0.004837 -0.000208 -1.091845 0.028066 -0.000213
1327.350000 0.006366 -0.004837 -0.000208 -1.091976 0.025598 -0.000212
1327.500000 0.006367 -0.004838 -0.000208 -1.092101 0.023130 -0.000212
1327.650000 0.006368 -0.004838 -0.000208 -1.092221 0.020661 -0.000212
1327.800000 0.006369 -0.004838 -0.000208 -1.092335 0.018193 -0.000212
1327.950000 0.006370 -0.004838 -0.000208 -1.092444 0.015724 -0.000212
1328.100000 0.006371 -0.004839 -0.000208 -1.092547 0.013256 -0.000212
1328.250000 0.006372 -0.004839 -0.000208 -1.092645 0.010787 -0.000212
1328.400000 0.006372 -0.004839 -0.000208 -1.092737 0.008318 -0.000212
1328.550000 0.006373 -0.004839 -0.000209 -1.092824 0.005849 -0.000212
1328.700000 0.006374 -0.004840 -0.000209 -1.092906 0.003380 -0.000212
1328.850000 0.006375 -0.004840 -0.000209 -1.092981 0.000911 -0.000212
1329.000000 0.006376 -0.004840 -0.000209 -1.093052 -0.001558 -0.000212
1329.150000 0.006377 -0.004841 -0.000209 -1.093116 -0.004027 -0.000212
1329.300000 0.006378 -0.004841 -0.000209 -1.093176 -0.006496 -0.000212
1329.450000 0.006379 -0.004841 -0.000209 -1.093229 -0.008965 -0.000212
1329.600000 0.006380 -0.004841 -0.000209 -1.093278 -0.011434 -0.000212
1329.750000 0.006381 -0.004842 -0.000209 -1.093320 -0.013903 -0.000212
1329.900000 0.006381 -0.004842 -0.000209 -1.093358 -0.016372 -0.000212
1330.050000 0.006382 -0.004842 -0.000209 -1.093389 -0.018841 -0.000211
1330.200000 0.006383 -0.004842 -0.000209 -1.093416 -0.021310 -0.000211
1330.350000 0.006384 -0.004843 -0.000209 -1.093436 -0.023779 -0.000211
1330.500000 0.006385 -0.004843 -0.000209 -1.093451 -0.026248 -0.000211
1330.650000 0.006386 -0.004843 -0.000209 -1.093461 -0.028717 -0.000211
1330.800000 0.006387 -0.004844 -0.000209 -1.093465 -0.031185 -0.000211
1330.950000 0.006388 -0.004844 -0.000209 -1.093464 -0.033654 -0.000211
1331.100000 0.006389 -0.004844 -0.000209 -1.093457 -0.036122 -0.000211
1331.250000 0.006390 -0.004844 -0.000209 -1.093445 -0.038590 -0.000211
1331.400000 0.006390 -0.004845 -0.000209 -1.093427 -0.041058 -0.000211
1331.550000 0.006391 -0.004845 -0.000209 -1.093404 -0.043526 -0.000211
1331.700000 0.006392 -0.004845 -0.000209 -1.093375 -0.045994 -0.000211
1331.850000 0.006393 -0.004845 -0.000209 -1.093341 -0.048461 -0.000211
1332.000000 0.006394 -0.004846 -0.000209 -1.093301 -0.050928 -0.000211
1332.150000 0.006395 -0.004846 -0.000209 -1.093256 -0.053396 -0.000211
1332.300000 0.006396 -0.004846 -0.000209 -1.093205 -0.055862 -0.000211
1332.450000 0.006397 -0.004847 -0.000209 -1.093149 -0.058329 -0.000211
1332.600000 0.006398 -0.004847 -0.000209 -1.093087 -0.060795 -0.000211
1332.750000 0.006399 -0.004847 -0.000209 -1.093020 -0.063261 -0.000210
1332.900000 0.006399 -0.004847 -0.000209 -1.092947 -0.065727 -0.000210
1333.050000 0.006400 -0.004848 -0.000209 -1.092869 -0.068193 -0.000210
1333.200000 0.006401 -0.004848 -0.000209 -1.092785 -0.070658 -0.000210
1333.350000 0.006402 -0.004848 -0.000209 -1.092696 -0.073123 -0.000210
1333.500000 0.006403 -0.004848 -0.000209 -1.092602 -0.075587 -0.000210
1333.650000 0.006404 -0.004849 -0.000209 -1.092501 -0.078052 -0.000210
1333.800000 0.006405 -0.004849 -0.000209 -1.092396 -0.080515 -0.000210
1333.950000 0.006406 -0.004849 -0.000209 -1.092285 -0.082979 -0.000210
1334.100000 0.006407 -0.004850 -0.000209 -1.092168 -0.085442 -0.000210
1334.250000 0.006408 -0.004850 -0.000209 -1.092046 -0.087905 -0.000210
1334.400000 0.006408 -0.004850 -0.000209 -1.091919 -0.090367 -0.000210
1334.550000 0.006409 -0.004850 -0.000209 -1.091786 -0.092829 -0.000210
1334.700000 0.006410 -0.004851 -0.000209 -1.091647 -0.095291 -0.000210
1334.850000 0.006411 -0.004851 -0.000209 -1.091503 -0.097752 -0.000210
1335.000000 0.006412 -0.004851 -0.000209 -1.091354 -0.100212 -0.000210
1335.150000 0.006413 -0.004851 -0.000209 -1.091199 -0.102672 -0.000210
1335.300000 0.006414 -0.004852 -0.000209 -1.091039 -0.105132 -0.000210
1335.450000 0.006415 -0.004852 -0.000209 -1.090873 -0.107591 -0.000209
1335.600000 0.006416 -0.004852 -0.000209 -1.090702 -0.110050 -0.000209
1335.750000 0.006417 -0.004853 -0.000209 -1.090525 -0.112508 -0.000209
1335.900000 0.006417 -0.004853 -0.000209 -1.090343 -0.114966 -0.000209
1336.050000 0.006418 -0.004853 -0.000209 -1.090156 -0.117423 -0.000209
1336.200000 0.006419 -0.004853 -0.000210 -1.089963 -0.119879 -0.000209
1336.350000 0.006420 -0.004854 -0.000210 -1.089764 -0.122335 -0.000209
1336.500000 0.006421 -0.004854 -0.000210 -1.089560 -0.124791 -0.000209
1336.650000 0.006422 -0.004854 -0.000210 -1.089351 -0.127246 -0.000209
1336.800000 0.006423 -0.004854 -0.000210 -1.089136 -0.129700 -0.000209
1336.950000 0.006424 -0.004855 -0.000210 -1.088916 -0.132154 -0.000209
1337.100000 0.006425 -0.004855 -0.000210 -1.088690 -0.134607 -0.000209
1337.250000 0.006426 -0.004855 -0.000210 -1.088459 -0.137059 -0.000209
1337.400000 0.006426 -0.004855 -0.000210 -1.088222 -0.139511 -0.000209
1337.550000 0.006427 -0.004856 -0.000210 -1.087980 -0.141962 -0.000209
1337.700000 0.006428 -0.004856 -0.000210 -1.087733 -0.144412 -0.000209
1337.850000 0.006429 -0.004856 -0.000210 -1.087480 -0.146862 -0.000209
1338.000000 0.006430 -0.004857 -0.000210 -1.087221 -0.149311 -0.000209
1338.150000 0.006431 -0.004857 -0.000210 -1.086958 -0.151759 -0.000208
1338.300000 0.006432 -0.004857 -0.000210 -1.086689 -0.154207 -0.000208
1338.450000 0.006433 -0.004857 -0.000210 -1.086414 -0.156654 -0.000208
1338.600000 0.006434 -0.004858 -0.000210 -1.086134 -0.159100 -0.000208
1338.750000 0.006435 -0.004858 -0.000210 -1.085849 -0.161545 -0.000208
1338.900000 0.006435 -0.004858 -0.000210 -1.085558 -0.163990 -0.000208
1339.050000 0.006436 -0.004858 -0.000210 -1.085261 -0.166434 -0.000208
1339.200000 0.006437 -0.004859 -0.000210 -1.084960 -0.168877 -0.000208
1339.350000 0.006438 -0.004859 -0.000210 -1.084653 -0.171319 -0.000208
1339.500000 0.006439 -0.004859 -0.000210 -1.084340 -0.173761 -0.000208
1339.650000 0.006440 -0.004860 -0.000210 -1.084022 -0.176201 -0.000208
1339.800000 0.006441 -0.004860 -0.000210 -1.083699 -0.178641 -0.000208
1339.950000 0.006442 -0.004860 -0.000210 -1.083370 -0.181080 -0.000208
1340.100000 0.006443 -0.004860 -0.000210 -1.083036 -0.183518 -0.000208
1340.250000 0.006444 -0.004861 -0.000210 -1.082697 -0.185956 -0.000208
1340.400000 0.006444 -0.004861 -0.000210 -1.082352 -0.188392 -0.000208
1340.550000 0.006445 -0.004861 -0.000210 -1.082002 -0.190827 -0.000208
1340.700000 0.006446 -0.004861 -0.000210 -1.081646 -0.193262 -0.000208
1340.850000 0.006447 -0.004862 -0.000210 -1.081285 -0.195695 -0.000207
1341.000000 0.006448 -0.004862 -0.000210 -1.080919 -0.198128 -0.000207
1341.150000 0.006449 -0.004862 -0.000210 -1.080547 -0.200560 -0.000207
1341.300000 0.006450 -0.004863 -0.000210 -1.080170 -0.202991 -0.000207
1341.450000 0.006451 -0.004863 -0.000210 -1.079787 -0.205421 -0.000207
1341.600000 0.006452 -0.004863 -0.000210 -1.079400 -0.207849 -0.000207
1341.750000 0.006453 -0.004863 -0.000210 -1.079006 -0.210277 -0.000207
1341.900000 0.006453 -0.004864 -0.000210 -1.078608 -0.212704 -0.000207
1342.050000 0.006454 -0.004864 -0.000210 -1.078204 -0.215130 -0.000207
1342.200000 0.006455 -0.004864 -0.000210 -1.077794 -0.217555 -0.000207
1342.350000 0.006456 -0.004864 -0.000210 -1.077380 -0.219978 -0.000207
1342.500000 0.006457 -0.004865 -0.000210 -1.076960 -0.222401 -0.000207
1342.650000 0.006458 -0.004865 -0.000210 -1.076534 -0.224823 -0.000207
1342.800000 0.006459 -0.004865 -0.000210 -1.076104 -0.227243 -0.000207
1342.950000 0.006460 -0.004866 -0.000210 -1.075667 -0.229663 -0.000207
1343.100000 0.006461 -0.004866 -0.000210 -1.075226 -0.232081 -0.000207
1343.250000 0.006462 -0.004866 -0.000210 -1.074779 -0.234499 -0.000207
1343.400000 0.006462 -0.004866 -0.000210 -1.074327 -0.236915 -0.000206
1343.550000 0.006463 -0.004867 -0.000210 -1.073870 -0.239330 -0.000206
1343.700000 0.006464 -0.004867 -0.000210 -1.073407 -0.241744 -0.000206
1343.850000 0.006465 -0.004867 -0.000211 -1.072939 -0.244157 -0.000206
1344.000000 0.006466 -0.004867 -0.000211 -1.072466 -0.246568 -0.000206
1344.150000 0.006467 -0.004868 -0.000211 -1.071987 -0.248978 -0.000206
1344.300000 0.006468 -0.004868 -0.000211 -1.071503 -0.251388 -0.000206
1344.450000 0.006469 -0.004868 -0.000211 -1.071014 -0.253796 -0.000206
1344.600000 0.006470 -0.004869 -0.000211 -1.070519 -0.256203 -0.000206
1344.750000 0.006471 -0.004869 -0.000211 -1.070019 -0.258608 -0.000206
1344.900000 0.006471 -0.004869 -0.000211 -1.069514 -0.261012 -0.000206
1345.050000 0.006472 -0.004869 -0.000211 -1.069003 -0.263415 -0.000206
1345.200000 0.006473 -0.004870 -0.000211 -1.068487 -0.265817 -0.000206
1345.350000 0.006474 -0.004870 -0.000211 -1.067966 -0.268218 -0.000206
1345.500000 0.006475 -0.004870 -0.000211 -1.067440 -0.270617 -0.000206
1345.650000 0.006476 -0.004870 -0.000211 -1.066908 -0.273015 -0.000206
1345.800000 0.006477 -0.004871 -0.000211 -1.066371 -0.275412 -0.000206
1345.950000 0.006478 -0.004871 -0.000211 -1.065829 -0.277807 -0.000206
1346.100000 0.006479 -0.004871 -0.000211 -1.065281 -0.280201 -0.000205
1346.250000 0.006480 -0.004872 -0.000211 -1.064729 -0.282594 -0.000205
1346.400000 0.006480 -0.004872 -0.000211 -1.064171 -0.284985 -0.000205
1346.550000 0.006481 -0.004872 -0.000211 -1.063607 -0.287375 -0.000205
1346.700000 0.006482 -0.004872 -0.000211 -1.063039 -0.289764 -0.000205
1346.850000 0.006483 -0.004873 -0.000211 -1.062465 -0.292151 -0.000205
1347.000000 0.006484 -0.004873 -0.000211 -1.061886 -0.294537 -0.000205
1347.150000 0.006485 -0.004873 -0.000211 -1.061301 -0.296921 -0.000205
1347.300000 0.006486 -0.004873 -0.000211 -1.060712 -0.299304 -0.000205
1347.450000 0.006487 -0.004874 -0.000211 -1.060117 -0.301685 -0.000205
1347.600000 0.006488 -0.004874 -0.000211 -1.059517 -0.304066 -0.000205
1347.750000 0.006489 -0.004874 -0.000211 -1.058912 -0.306444 -0.000205
1347.900000 0.006489 -0.004875 -0.000211 -1.058301 -0.308821 -0.000205
1348.050000 0.006490 -0.004875 -0.000211 -1.057685 -0.311197 -0.000205
1348.200000 0.006491 -0.004875 -0.000211 -1.057064 -0.313571 -0.000205
1348.350000 0.006492 -0.004875 -0.000211 -1.056438 -0.315944 -0.000205
1348.500000 0.006493 -0.004876 -0.000211 -1.055807 -0.318315 -0.000205
1348.650000 0.006494 -0.004876 -0.000211 -1.055170 -0.320685 -0.000205
1348.800000 0.006495 -0.004876 -0.000211 -1.054528 -0.323053 -0.000205
1348.950000 0.006496 -0.004876 -0.000211 -1.053881 -0.325419 -0.000204
1349.100000 0.006497 -0.004877 -0.000211 -1.053229 -0.327784 -0.000204
1349.250000 0.006498 -0.004877 -0.000211 -1.052572 -0.330148 -0.000204
1349.400000 0.006498 -0.004877 -0.000211 -1.051909 -0.332510 -0.000204
1349.550000 0.006499 -0.004878 -0.000211 -1.051241 -0.334870 -0.000204
1349.700000 0.006500 -0.004878 -0.000211 -1.050568 -0.337229 -0.000204
1349.850000 0.006501 -0.004878 -0.000211 -1.049890 -0.339586 -0.000204
1350.000000 0.006502 -0.004878 -0.000211 -1.049207 -0.341941 -0.000204
1350.150000 0.006503 -0.004879 -0.000211 -1.048518 -0.344295 -0.000204
1350.300000 0.006504 -0.004879 -0.000211 -1.047825 -0.346647 -0.000204
1350.450000 0.006505 -0.004879 -0.000211 -1.047126 -0.348997 -0.000204
1350.600000 0.006506 -0.004879 -0.000211 -1.046422 -0.351346 -0.000204
1350.750000 0.006507 -0.004880 -0.000211 -1.045713 -0.353693 -0.000204
1350.900000 0.006507 -0.004880 -0.000211 -1.044999 -0.356039 -0.000204
1351.050000 0.006508 -0.004880 -0.000211 -1.044279 -0.358383 -0.000204
1351.200000 0.006509 -0.004881 -0.000211 -1.043555 -0.360725 -0.000204
1351.350000 0.006510 -0.004881 -0.000211 -1.042825 -0.363065 -0.000204
1351.500000 0.006511 -0.004881 -0.000212 -1.042090 -0.365403 -0.000204
1351.650000 0.006512 -0.004881 -0.000212 -1.041350 -0.367740 -0.000203
1351.800000 0.006513 -0.004882 -0.000212 -1.040605 -0.370075 -0.000203
1351.950000 0.006514 -0.004882 -0.000212 -1.039855 -0.372408 -0.000203
1352.100000 0.006515 -0.004882 -0.000212 -1.039100 -0.374740 -0.000203
1352.250000 0.006516 -0.004882 -0.000212 -1.038339 -0.377070 -0.000203
1352.400000 0.006516 -0.004883 -0.000212 -1.037574 -0.379397 -0.000203
1352.550000 0.006517 -0.004883 -0.000212 -1.036803 -0.381724 -0.000203
1352.700000 0.006518 -0.004883 -0.000212 -1.036027 -0.384048 -0.000203
1352.850000 0.006519 -0.004884 -0.000212 -1.035247 -0.386370 -0.000203
1353.000000 0.006520 -0.004884 -0.000212 -1.034461 -0.388691 -0.000203
1353.150000 0.006521 -0.004884 -0.000212 -1.033670 -0.391009 -0.000203
1353.300000 0.006522 -0.004884 -0.000212 -1.032874 -0.393326 -0.000203
1353.450000 0.006523 -0.004885 -0.000212 -1.032073 -0.395641 -0.000203
1353.600000 0.006524 -0.004885 -0.000212 -1.031267 -0.397954 -0.000203
1353.750000 0.006525 -0.004885 -0.000212 -1.030455 -0.400265 -0.000203
1353.900000 0.006525 -0.004885 -0.000212 -1.029639 -0.402575 -0.000203
1354.050000 0.006526 -0.004886 -0.000212 -1.028818 -0.404882 -0.000203
1354.200000 0.006527 -0.004886 -0.000212 -1.027992 -0.407187 -0.000203
1354.350000 0.006528 -0.004886 -0.000212 -1.027160 -0.409491 -0.000202
1354.500000 0.006529 -0.004887 -0.000212 -1.026324 -0.411792 -0.000202
1354.650000 0.006530 -0.004887 -0.000212 -1.025482 -0.414092 -0.000202
1354.800000 0.006531 -0.004887 -0.000212 -1.024636 -0.416389 -0.000202
1354.950000 0.006532 -0.004887 -0.000212 -1.023784 -0.418685 -0.000202
1355.100000 0.006533 -0.004888 -0.000212 -1.022928 -0.420978 -0.000202
1355.250000 0.006534 -0.004888 -0.000212 -1.022066 -0.423270 -0.000202
1355.400000 0.006534 -0.004888 -0.000212 -1.021200 -0.425559 -0.000202
1355.550000 0.006535 -0.004888 -0.000212 -1.020328 -0.427846 -0.000202
1355.700000 0.006536 -0.004889 -0.000212 -1.019451 -0.430132 -0.000202
1355.850000 0.006537 -0.004889 -0.000212 -1.018570 -0.432415 -0.000202
1356.000000 0.006538 -0.004889 -0.000212 -1.017683 -0.434696 -0.000202
1356.150000 0.006539 -0.004890 -0.000212 -1.016792 -0.436976 -0.000202
1356.300000 0.006540 -0.004890 -0.000212 -1.015895 -0.439253 -0.000202
1356.450000 0.006541 -0.004890 -0.000212 -1.014994 -0.441528 -0.000202
1356.600000 0.006542 -0.004890 -0.000212 -1.014087 -0.443801 -0.000202
1356.750000 0.006542 -0.004891 -0.000212 -1.013176 -0.446071 -0.000202
1356.900000 0.006543 -0.004891 -0.000212 -1.012260 -0.448340 -0.000202
1357.050000 0.006544 -0.004891 -0.000212 -1.011338 -0.450607 -0.000202
1357.200000 0.006545 -0.004891 -0.000212 -1.010412 -0.452871 -0.000201
1357.350000 0.006546 -0.004892 -0.000212 -1.009481 -0.455133 -0.000201
1357.500000 0.006547 -0.004892 -0.000212 -1.008545 -0.457393 -0.000201
1357.650000 0.006548 -0.004892 -0.000212 -1.007604 -0.459651 -0.000201
1357.800000 0.006549 -0.004893 -0.000212 -1.006658 -0.461907 -0.000201
1357.950000 0.006550 -0.004893 -0.000212 -1.005707 -0.464160 -0.000201
1358.100000 0.006551 -0.004893 -0.000212 -1.004751 -0.466411 -0.000201
1358.250000 0.006551 -0.004893 -0.000212 -1.003791 -0.468660 -0.000201
1358.400000 0.006552 -0.004894 -0.000212 -1.002825 -0.470907 -0.000201
1358.550000 0.006553 -0.004894 -0.000212 -1.001854 -0.473151 -0.000201
1358.700000 0.006554 -0.004894 -0.000212 -1.000879 -0.475394 -0.000201
1358.850000 0.006555 -0.004894 -0.000212 -0.999899 -0.477634 -0.000201
1359.000000 0.006556 -0.004895 -0.000212 -0.998914 -0.479871 -0.000201
1359.150000 0.006557 -0.004895 -0.000213 -0.997924 -0.482107 -0.000201
1359.300000 0.006558 -0.004895 -0.000213 -0.996929 -0.484340 -0.000201
1359.450000 0.006559 -0.004896 -0.000213 -0.995929 -0.486571 -0.000201
1359.600000 0.006560 -0.004896 -0.000213 -0.994924 -0.488799 -0.000201
1359.750000 0.006560 -0.004896 -0.000213 -0.993915 -0.491025 -0.000201
1359.900000 0.006561 -0.004896 -0.000213 -0.992901 -0.493249 -0.000201
1360.050000 0.006562 -0.004897 -0.000213 -0.991881 -0.495471 -0.000201
1360.200000 0.006563 -0.004897 -0.000213 -0.990857 -0.497690 -0.000200
1360.350000 0.006564 -0.004897 -0.000213 -0.989829 -0.499906 -0.000200
1360.500000 0.006565 -0.004897 -0.000213 -0.988795 -0.502121 -0.000200
1360.650000 0.006566 -0.004898 -0.000213 -0.987756 -0.504333 -0.000200
1360.800000 0.006567 -0.004898 -0.000213 -0.986713 -0.506542 -0.000200
1360.950000 0.006568 -0.004898 -0.000213 -0.985665 -0.508749 -0.000200
1361.100000 0.006569 -0.004899 -0.000213 -0.984612 -0.510954 -0.000200
1361.250000 0.006569 -0.004899 -0.000213 -0.983555 -0.513156 -0.000200
1361.400000 0.006570 -0.004899 -0.000213 -0.982492 -0.515356 -0.000200
1361.550000 0.006571 -0.004899 -0.000213 -0.981425 -0.517553 -0.000200
1361.700000 0.006572 -0.004900 -0.000213 -0.980353 -0.519748 -0.000200
1361.850000 0.006573 -0.004900 -0.000213 -0.979276 -0.521941 -0.000200
1362.000000 0.006574 -0.004900 -0.000213 -0.978195 -0.524131 -0.000200
1362.150000 0.006575 -0.004900 -0.000213 -0.977108 -0.526318 -0.000200
1362.300000 0.006576 -0.004901 -0.000213 -0.976017 -0.528503 -0.000200
1362.450000 0.006577 -0.004901 -0.000213 -0.974921 -0.530686 -0.000200
1362.600000 0.006578 -0.004901 -0.000213 -0.973821 -0.532865 -0.000200
1362.750000 0.006578 -0.004902 -0.000213 -0.972716 -0.535043 -0.000200
1362.900000 0.006579 -0.004902 -0.000213 -0.971606 -0.537218 -0.000200
1363.050000 0.006580 -0.004902 -0.000213 -0.970491 -0.539390 -0.000199
1363.200000 0.006581 -0.004902 -0.000213 -0.969371 -0.541560 -0.000199
1363.350000 0.006582 -0.004903 -0.000213 -0.968247 -0.543727 -0.000199
1363.500000 0.006583 -0.004903 -0.000213 -0.967118 -0.545891 -0.000199
1363.650000 0.006584 -0.004903 -0.000213 -0.965985 -0.548053 -0.000199
1363.800000 0.006585 -0.004903 -0.000213 -0.964847 -0.550212 -0.000199
1363.950000 0.006586 -0.004904 -0.000213 -0.963704 -0.552369 -0.000199
1364.100000 0.006586 -0.004904 -0.000213 -0.962556 -0.554523 -0.000199
1364.250000 0.006587 -0.004904 -0.000213 -0.961404 -0.556675 -0.000199
1364.400000 0.006588 -0.004905 -0.000213 -0.960247 -0.558824 -0.000199
1364.550000 0.006589 -0.004905 -0.000213 -0.959085 -0.560970 -0.000199
1364.700000 0.006590 -0.004905 -0.000213 -0.957919 -0.563113 -0.000199
1364.850000 0.006591 -0.004905 -0.000213 -0.956748 -0.565254 -0.000199
1365.000000 0.006592 -0.004906 -0.000213 -0.955573 -0.567392 -0.000199
1365.150000 0.006593 -0.004906 -0.000213 -0.954392 -0.569528 -0.000199
1365.300000 0.006594 -0.004906 -0.000213 -0.953208 -0.571660 -0.000199
1365.450000 0.006595 -0.004906 -0.000213 -0.952018 -0.573790 -0.000199
1365.600000 0.006595 -0.004907 -0.000213 -0.950824 -0.575918 -0.000199
1365.750000 0.006596 -0.004907 -0.000213 -0.949625 -0.578042 -0.000199
1365.900000 0.006597 -0.004907 -0.000213 -0.948422 -0.580164 -0.000199
1366.050000 0.006598 -0.004908 -0.000213 -0.947214 -0.582283 -0.000198
1366.200000 0.006599 -0.004908 -0.000213 -0.946002 -0.584399 -0.000198
1366.350000 0.006600 -0.004908 -0.000213 -0.944785 -0.586513 -0.000198
1366.500000 0.006601 -0.004908 -0.000213 -0.943563 -0.588623 -0.000198
1366.650000 0.006602 -0.004909 -0.000213 -0.942337 -0.590731 -0.000198
1366.800000 0.006603 -0.004909 -0.000214 -0.941106 -0.592837 -0.000198
1366.950000 0.006604 -0.004909 -0.000214 -0.939871 -0.594939 -0.000198
1367.100000 0.006604 -0.004909 -0.000214 -0.938631 -0.597038 -0.000198
1367.250000 0.006605 -0.004910 -0.000214 -0.937387 -0.599135 -0.000198
1367.400000 0.006606 -0.004910 -0.000214 -0.936138 -0.601229 -0.000198
1367.550000 0.006607 -0.004910 -0.000214 -0.934885 -0.603320 -0.000198
1367.700000 0.006608 -0.004911 -0.000214 -0.933627 -0.605408 -0.000198
1367.850000 0.006609 -0.004911 -0.000214 -0.932364 -0.607493 -0.000198
1368.000000 0.006610 -0.004911 -0.000214 -0.931097 -0.609576 -0.000198
1368.150000 0.006611 -0.004911 -0.000214 -0.929826 -0.611655 -0.000198
1368.300000 0.006612 -0.004912 -0.000214 -0.928550 -0.613732 -0.000198
1368.450000 0.006613 -0.004912 -0.000214 -0.927269 -0.615805 -0.000198
1368.600000 0.006613 -0.004912 -0.000214 -0.925984 -0.617876 -0.000198
1368.750000 0.006614 -0.004912 -0.000214 -0.924695 -0.619944 -0.000198
1368.900000 0.006615 -0.004913 -0.000214 -0.923401 -0.622009 -0.000198
1369.050000 0.006616 -0.004913 -0.000214 -0.922103 -0.624071 -0.000198
1369.200000 0.006617 -0.004913 -0.000214 -0.920800 -0.626130 -0.000197
1369.350000 0.006618 -0.004914 -0.000214 -0.919493 -0.628186 -0.000197
1369.500000 0.006619 -0.004914 -0.000214 -0.918181 -0.630239 -0.000197
1369.650000 0.006620 -0.004914 -0.000214 -0.916865 -0.632289 -0.000197
1369.800000 0.006621 -0.004914 -0.000214 -0.915545 -0.634336 -0.000197
1369.950000 0.006621 -0.004915 -0.000214 -0.914220 -0.636380 -0.000197
1370.100000 0.006622 -0.004915 -0.000214 -0.912890 -0.638421 -0.000197
1370.250000 0.006623 -0.004915 -0.000214 -0.911556 -0.640459 -0.000197
1370.400000 0.006624 -0.004915 -0.000214 -0.910218 -0.642494 -0.000197
1370.550000 0.006625 -0.004916 -0.000214 -0.908876 -0.644526 -0.000197
1370.700000 0.006626 -0.004916 -0.000214 -0.907529 -0.646555 -0.000197
1370.850000 0.006627 -0.004916 -0.000214 -0.906177 -0.648581 -0.000197
1371.000000 0.006628 -0.004917 -0.000214 -0.904822 -0.650604 -0.000197
1371.150000 0.006629 -0.004917 -0.000214 -0.903462 -0.652623 -0.000197
1371.300000 0.006630 -0.004917 -0.000214 -0.902097 -0.654640 -0.000197
1371.450000 0.006630 -0.004917 -0.000214 -0.900729 -0.656654 -0.000197
1371.600000 0.006631 -0.004918 -0.000214 -0.899355 -0.658664 -0.000197
1371.750000 0.006632 -0.004918 -0.000214 -0.897978 -0.660671 -0.000197
1371.900000 0.006633 -0.004918 -0.000214 -0.896596 -0.662676 -0.000197
1372.050000 0.006634 -0.004918 -0.000214 -0.895210 -0.664677 -0.000197
1372.200000 0.006635 -0.004919 -0.000214 -0.893820 -0.666675 -0.000197
1372.350000 0.006636 -0.004919 -0.000214 -0.892425 -0.668670 -0.000197
1372.500000 0.006637 -0.004919 -0.000214 -0.891026 -0.670661 -0.000196
1372.650000 0.006638 -0.004920 -0.000214 -0.889623 -0.672650 -0.000196
1372.800000 0.006639 -0.004920 -0.000214 -0.888215 -0.674635 -0.000196
1372.950000 0.006639 -0.004920 -0.000214 -0.886804 -0.676617 -0.000196
1373.100000 0.006640 -0.004920 -0.000214 -0.885387 -0.678596 -0.000196
1373.250000 0.006641 -0.004921 -0.000214 -0.883967 -0.680572 -0.000196
1373.400000 0.006642 -0.004921 -0.000214 -0.882542 -0.682544 -0.000196
1373.550000 0.006643 -0.004921 -0.000214 -0.881114 -0.684513 -0.000196
1373.700000 0.006644 -0.004921 -0.000214 -0.879681 -0.686480 -0.000196
1373.850000 0.006645 -0.004922 -0.000214 -0.878243 -0.688442 -0.000196
1374.000000 0.006646 -0.004922 -0.000214 -0.876802 -0.690402 -0.000196
1374.150000 0.006647 -0.004922 -0.000214 -0.875356 -0.692358 -0.000196
1374.300000 0.006648 -0.004923 -0.000214 -0.873906 -0.694311 -0.000196
1374.450000 0.006648 -0.004923 -0.000215 -0.872452 -0.696261 -0.000196
1374.600000 0.006649 -0.004923 -0.000215 -0.870994 -0.698208 -0.000196
1374.750000 0.006650 -0.004923 -0.000215 -0.869531 -0.700151 -0.000196
1374.900000 0.006651 -0.004924 -0.000215 -0.868064 -0.702091 -0.000196
1375.050000 0.006652 -0.004924 -0.000215 -0.866593 -0.704027 -0.000196
1375.200000 0.006653 -0.004924 -0.000215 -0.865118 -0.705961 -0.000196
1375.350000 0.006654 -0.004924 -0.000215 -0.863639 -0.707891 -0.000196
1375.500000 0.006655 -0.004925 -0.000215 -0.862156 -0.709817 -0.000196
1375.650000 0.006656 -0.004925 -0.000215 -0.860668 -0.711740 -0.000196
1375.800000 0.006656 -0.004925 -0.000215 -0.859177 -0.713660 -0.000195
1375.950000 0.006657 -0.004926 -0.000215 -0.857681 -0.715577 -0.000195
1376.100000 0.006658 -0.004926 -0.000215 -0.856181 -0.717490 -0.000195
1376.250000 0.006659 -0.004926 -0.000215 -0.854677 -0.719400 -0.000195
1376.400000 0.006660 -0.004926 -0.000215 -0.853169 -0.721306 -0.000195
1376.550000 0.006661 -0.004927 -0.000215 -0.851657 -0.723209 -0.000195
1376.700000 0.006662 -0.004927 -0.000215 -0.850141 -0.725109 -0.000195
1376.850000 0.006663 -0.004927 -0.000215 -0.848620 -0.727005 -0.000195
1377.000000 0.006664 -0.004927 -0.000215 -0.847096 -0.728898 -0.000195
1377.150000 0.006665 -0.004928 -0.000215 -0.845568 -0.730787 -0.000195
1377.300000 0.006665 -0.004928 -0.000215 -0.844035 -0.732673 -0.000195
1377.450000 0.006666 -0.004928 -0.000215 -0.842499 -0.734556 -0.000195
1377.600000 0.006667 -0.004929 -0.000215 -0.840958 -0.736435 -0.000195
1377.750000 0.006668 -0.004929 -0.000215 -0.839413 -0.738311 -0.000195
1377.900000 0.006669 -0.004929 -0.000215 -0.837865 -0.740183 -0.000195
1378.050000 0.006670 -0.004929 -0.000215 -0.836312 -0.742051 -0.000195
1378.200000 0.006671 -0.004930 -0.000215 -0.834756 -0.743916 -0.000195
1378.350000 0.006672 -0.004930 -0.000215 -0.833195 -0.745778 -0.000195
1378.500000 0.006673 -0.004930 -0.000215 -0.831630 -0.747636 -0.000195
1378.650000 0.006674 -0.004930 -0.000215 -0.830062 -0.749491 -0.000195
1378.800000 0.006674 -0.004931 -0.000215 -0.828489 -0.751342 -0.000195
1378.950000 0.006675 -0.004931 -0.000215 -0.826913 -0.753190 -0.000195
1379.100000 0.006676 -0.004931 -0.000215 -0.825332 -0.755034 -0.000195
1379.250000 0.006677 -0.004932 -0.000215 -0.823748 -0.756874 -0.000195
1379.400000 0.006678 -0.004932 -0.000215 -0.822159 -0.758711 -0.000194
1379.550000 0.006679 -0.004932 -0.000215 -0.820567 -0.760545 -0.000194
1379.700000 0.006680 -0.004932 -0.000215 -0.818971 -0.762374 -0.000194
1379.850000 0.006681 -0.004933 -0.000215 -0.817371 -0.764201 -0.000194
1380.000000 0.006682 -0.004933 -0.000215 -0.815767 -0.766023 -0.000194
1380.150000 0.006682 -0.004933 -0.000215 -0.814159 -0.767842 -0.000194
1380.300000 0.006683 -0.004933 -0.000215 -0.812547 -0.769658 -0.000194
1380.450000 0.006684 -0.004934 -0.000215 -0.810931 -0.771470 -0.000194
1380.600000 0.006685 -0.004934 -0.000215 -0.809311 -0.773278 -0.000194
1380.750000 0.006686 -0.004934 -0.000215 -0.807688 -0.775083 -0.000194
1380.900000 0.006687 -0.004935 -0.000215 -0.806060 -0.776884 -0.000194
1381.050000 0.006688 -0.004935 -0.000215 -0.804429 -0.778681 -0.000194
1381.200000 0.006689 -0.004935 -0.000215 -0.802794 -0.780475 -0.000194
1381.350000 0.006690 -0.004935 -0.000215 -0.801155 -0.782265 -0.000194
1381.500000 0.006691 -0.004936 -0.000215 -0.799513 -0.784051 -0.000194
1381.650000 0.006691 -0.004936 -0.000215 -0.797866 -0.785834 -0.000194
1381.800000 0.006692 -0.004936 -0.000215 -0.796216 -0.787613 -0.000194
1381.950000 0.006693 -0.004937 -0.000215 -0.794562 -0.789388 -0.000194
1382.100000 0.006694 -0.004937 -0.000216 -0.792904 -0.791160 -0.000194
1382.250000 0.006695 -0.004937 -0.000216 -0.791242 -0.792928 -0.000194
1382.400000 0.006696 -0.004937 -0.000216 -0.789577 -0.794692 -0.000194
1382.550000 0.006697 -0.004938 -0.000216 -0.787907 -0.796452 -0.000194
1382.700000 0.006698 -0.004938 -0.000216 -0.786234 -0.798209 -0.000194
1382.850000 0.006699 -0.004938 -0.000216 -0.784558 -0.799962 -0.000194
1383.000000 0.006699 -0.004938 -0.000216 -0.782877 -0.801711 -0.000194
1383.150000 0.006700 -0.004939 -0.000216 -0.781193 -0.803457 -0.000193
1383.300000 0.006701 -0.004939 -0.000216 -0.779505 -0.805199 -0.000193
1383.450000 0.006702 -0.004939 -0.000216 -0.777813 -0.806937 -0.000193
1383.600000 0.006703 -0.004940 -0.000216 -0.776118 -0.808671 -0.000193
1383.750000 0.006704 -0.004940 -0.000216 -0.774419 -0.810401 -0.000193
1383.900000 0.006705 -0.004940 -0.000216 -0.772716 -0.812128 -0.000193
1384.050000 0.006706 -0.004940 -0.000216 -0.771010 -0.813851 -0.000193
1384.200000 0.006707 -0.004941 -0.000216 -0.769300 -0.815570 -0.000193
1384.350000 0.006708 -0.004941 -0.000216 -0.767586 -0.817285 -0.000193
1384.500000 0.006708 -0.004941 -0.000216 -0.765868 -0.818997 -0.000193
1384.650000 0.006709 -0.004941 -0.000216 -0.764147 -0.820704 -0.000193
1384.800000 0.006710 -0.004942 -0.000216 -0.762423 -0.822408 -0.000193
1384.950000 0.006711 -0.004942 -0.000216 -0.760694 -0.824108 -0.000193
1385.100000 0.006712 -0.004942 -0.000216 -0.758962 -0.825804 -0.000193
1385.250000 0.006713 -0.004943 -0.000216 -0.757227 -0.827496 -0.000193
1385.400000 0.006714 -0.004943 -0.000216 -0.755487 -0.829185 -0.000193
1385.550000 0.006715 -0.004943 -0.000216 -0.753745 -0.830869 -0.000193
1385.700000 0.006716 -0.004943 -0.000216 -0.751998 -0.832550 -0.000193
1385.850000 0.006717 -0.004944 -0.000216 -0.750248 -0.834227 -0.000193
1386.000000 0.006717 -0.004944 -0.000216 -0.748495 -0.835900 -0.000193
1386.150000 0.006718 -0.004944 -0.000216 -0.746738 -0.837568 -0.000193
1386.300000 0.006719 -0.004944 -0.000216 -0.744977 -0.839233 -0.000193
1386.450000 0.006720 -0.004945 -0.000216 -0.743213 -0.840895 -0.000193
1386.600000 0.006721 -0.004945 -0.000216 -0.741445 -0.842552 -0.000193
1386.750000 0.006722 -0.004945 -0.000216 -0.739674 -0.844205 -0.000193
1386.900000 0.006723 -0.004946 -0.000216 -0.737899 -0.845854 -0.000193
1387.050000 0.006724 -0.004946 -0.000216 -0.736121 -0.847500 -0.000192
1387.200000 0.006725 -0.004946 -0.000216 -0.734339 -0.849141 -0.000192
1387.350000 0.006725 -0.004946 -0.000216 -0.732554 -0.850779 -0.000192
1387.500000 0.006726 -0.004947 -0.000216 -0.730765 -0.852412 -0.000192
1387.650000 0.006727 -0.004947 -0.000216 -0.728973 -0.854042 -0.000192
1387.800000 0.006728 -0.004947 -0.000216 -0.727177 -0.855667 -0.000192
1387.950000 0.006729 -0.004947 -0.000216 -0.725378 -0.857289 -0.000192
1388.100000 0.006730 -0.004948 -0.000216 -0.723576 -0.858906 -0.000192
1388.250000 0.006731 -0.004948 -0.000216 -0.721770 -0.860520 -0.000192
1388.400000 0.006732 -0.004948 -0.000216 -0.719960 -0.862130 -0.000192
1388.550000 0.006733 -0.004949 -0.000216 -0.718147 -0.863735 -0.000192
1388.700000 0.006734 -0.004949 -0.000216 -0.716331 -0.865337 -0.000192
1388.850000 0.006734 -0.004949 -0.000216 -0.714512 -0.866934 -0.000192
1389.000000 0.006735 -0.004949 -0.000216 -0.712688 -0.868528 -0.000192
1389.150000 0.006736 -0.004950 -0.000216 -0.710862 -0.870117 -0.000192
1389.300000 0.006737 -0.004950 -0.000216 -0.709032 -0.871702 -0.000192
1389.450000 0.006738 -0.004950 -0.000216 -0.707199 -0.873284 -0.000192
1389.600000 0.006739 -0.004950 -0.000216 -0.705363 -0.874861 -0.000192
1389.750000 0.006740 -0.004951 -0.000217 -0.703523 -0.876434 -0.000192
1389.900000 0.006741 -0.004951 -0.000217 -0.701680 -0.878003 -0.000192
1390.050000 0.006742 -0.004951 -0.000217 -0.699833 -0.879568 -0.000192
1390.200000 0.006742 -0.004952 -0.000217 -0.697983 -0.881129 -0.000192
1390.350000 0.006743 -0.004952 -0.000217 -0.696130 -0.882686 -0.000192
1390.500000 0.006744 -0.004952 -0.000217 -0.694274 -0.884239 -0.000192
1390.650000 0.006745 -0.004952 -0.000217 -0.692414 -0.885788 -0.000192
1390.800000 0.006746 -0.004953 -0.000217 -0.690551 -0.887332 -0.000192
1390.950000 0.006747 -0.004953 -0.000217 -0.688684 -0.888872 -0.000192
1391.100000 0.006748 -0.004953 -0.000217 -0.686815 -0.890409 -0.000192
1391.250000 0.006749 -0.004954 -0.000217 -0.684942 -0.891941 -0.000192
1391.400000 0.006750 -0.004954 -0.000217 -0.683066 -0.893469 -0.000192
1391.550000 0.006751 -0.004954 -0.000217 -0.681187 -0.894993 -0.000191
1391.700000 0.006751 -0.004954 -0.000217 -0.679304 -0.896512 -0.000191
1391.850000 0.006752 -0.004955 -0.000217 -0.677418 -0.898028 -0.000191
1392.000000 0.006753 -0.004955 -0.000217 -0.675529 -0.899539 -0.000191
1392.150000 0.006754 -0.004955 -0.000217 -0.673637 -0.901046 -0.000191
1392.300000 0.006755 -0.004955 -0.000217 -0.671742 -0.902549 -0.000191
1392.450000 0.006756 -0.004956 -0.000217 -0.669843 -0.904048 -0.000191
1392.600000 0.006757 -0.004956 -0.000217 -0.667942 -0.905543 -0.000191
1392.750000 0.006758 -0.004956 -0.000217 -0.666037 -0.907033 -0.000191
1392.900000 0.006759 -0.004957 -0.000217 -0.664129 -0.908519 -0.000191
1393.050000 0.006760 -0.004957 -0.000217 -0.662218 -0.910001 -0.000191
1393.200000 0.006760 -0.004957 -0.000217 -0.660303 -0.911479 -0.000191
1393.350000 0.006761 -0.004957 -0.000217 -0.658386 -0.912952 -0.000191
1393.500000 0.006762 -0.004958 -0.000217 -0.656465 -0.914422 -0.000191
1393.650000 0.006763 -0.004958 -0.000217 -0.654542 -0.915887 -0.000191
1393.800000 0.006764 -0.004958 -0.000217 -0.652615 -0.917348 -0.000191
1393.950000 0.006765 -0.004958 -0.000217 -0.650685 -0.918804 -0.000191
1394.100000 0.006766 -0.004959 -0.000217 -0.648752 -0.920256 -0.000191
1394.250000 0.006767 -0.004959 -0.000217 -0.646816 -0.921705 -0.000191
1394.400000 0.006768 -0.004959 -0.000217 -0.644877 -0.923148 -0.000191
1394.550000 0.006768 -0.004960 -0.000217 -0.642935 -0.924588 -0.000191
1394.700000 0.006769 -0.004960 -0.000217 -0.640990 -0.926023 -0.000191
1394.850000 0.006770 -0.004960 -0.000217 -0.639042 -0.927454 -0.000191
1395.000000 0.006771 -0.004960 -0.000217 -0.637091 -0.928880 -0.000191
1395.150000 0.006772 -0.004961 -0.000217 -0.635137 -0.930303 -0.000191
1395.300000 0.006773 -0.004961 -0.000217 -0.633179 -0.931721 -0.000191
1395.450000 0.006774 -0.004961 -0.000217 -0.631219 -0.933135 -0.000191
1395.600000 0.006775 -0.004961 -0.000217 -0.629256 -0.934544 -0.000191
1395.750000 0.006776 -0.004962 -0.000217 -0.627290 -0.935949 -0.000191
1395.900000 0.006777 -0.004962 -0.000217 -0.625321 -0.937350 -0.000191
1396.050000 0.006777 -0.004962 -0.000217 -0.623349 -0.938746 -0.000191
1396.200000 0.006778 -0.004963 -0.000217 -0.621374 -0.940138 -0.000191
1396.350000 0.006779 -0.004963 -0.000217 -0.619396 -0.941526 -0.000190
1396.500000 0.006780 -0.004963 -0.000217 -0.617415 -0.942909 -0.000190
1396.650000 0.006781 -0.004963 -0.000217 -0.615431 -0.944288 -0.000190
1396.800000 0.006782 -0.004964 -0.000217 -0.613445 -0.945663 -0.000190
1396.950000 0.006783 -0.004964 -0.000217 -0.611455 -0.947033 -0.000190
1397.100000 0.006784 -0.004964 -0.000217 -0.609463 -0.948399 -0.000190
1397.250000 0.006785 -0.004965 -0.000217 -0.607467 -0.949760 -0.000190
1397.400000 0.006785 -0.004965 -0.000218 -0.605469 -0.951117 -0.000190
1397.550000 0.006786 -0.004965 -0.000218 -0.603468 -0.952470 -0.000190
1397.700000 0.006787 -0.004965 -0.000218 -0.601464 -0.953818 -0.000190
1397.850000 0.006788 -0.004966 -0.000218 -0.599457 -0.955162 -0.000190
1398.000000 0.006789 -0.004966 -0.000218 -0.597448 -0.956502 -0.000190
1398.150000 0.006790 -0.004966 -0.000218 -0.595436 -0.957837 -0.000190
1398.300000 0.006791 -0.004966 -0.000218 -0.593420 -0.959167 -0.000190
1398.450000 0.006792 -0.004967 -0.000218 -0.591402 -0.960494 -0.000190
1398.600000 0.006793 -0.004967 -0.000218 -0.589382 -0.961815 -0.000190
1398.750000 0.006794 -0.004967 -0.000218 -0.587358 -0.963133 -0.000190
1398.900000 0.006794 -0.004968 -0.000218 -0.585332 -0.964445 -0.000190
1399.050000 0.006795 -0.004968 -0.000218 -0.583303 -0.965754 -0.000190
1399.200000 0.006796 -0.004968 -0.000218 -0.581271 -0.967058 -0.000190
1399.350000 0.006797 -0.004968 -0.000218 -0.579236 -0.968357 -0.000190
1399.500000 0.006798 -0.004969 -0.000218 -0.577199 -0.969652 -0.000190
1399.650000 0.006799 -0.004969 -0.000218 -0.575159 -0.970943 -0.000190
1399.800000 0.006800 -0.004969 -0.000218 -0.573116 -0.972229 -0.000190
1399.950000 0.006801 -0.004969 -0.000218 -0.571071 -0.973511 -0.000190
1400.100000 0.006802 -0.004970 -0.000218 -0.569022 -0.974788 -0.000190
1400.250000 0.006802 -0.004970 -0.000218 -0.566972 -0.976060 -0.000190
1400.400000 0.006803 -0.004970 -0.000218 -0.564918 -0.977328 -0.000190
1400.550000 0.006804 -0.004971 -0.000218 -0.562862 -0.978592 -0.000190
1400.700000 0.006805 -0.004971 -0.000218 -0.560803 -0.979851 -0.000190
1400.850000 0.006806 -0.004971 -0.000218 -0.558742 -0.981106 -0.000190
1401.000000 0.006807 -0.004971 -0.000218 -0.556678 -0.982356 -0.000190
1401.150000 0.006808 -0.004972 -0.000218 -0.554611 -0.983601 -0.000190
1401.300000 0.006809 -0.004972 -0.000218 -0.552542 -0.984842 -0.000190
1401.450000 0.006810 -0.004972 -0.000218 -0.550470 -0.986079 -0.000190
1401.600000 0.006811 -0.004973 -0.000218 -0.548395 -0.987311 -0.000190
1401.750000 0.006811 -0.004973 -0.000218 -0.546318 -0.988538 -0.000190
1401.900000 0.006812 -0.004973 -0.000218 -0.544238 -0.989761 -0.000190
1402.050000 0.006813 -0.004973 -0.000218 -0.542156 -0.990979 -0.000189
1402.200000 0.006814 -0.004974 -0.000218 -0.540071 -0.992193 -0.000189
1402.350000 0.006815 -0.004974 -0.000218 -0.537984 -0.993402 -0.000189
1402.500000 0.006816 -0.004974 -0.000218 -0.535894 -0.994607 -0.000189
1402.650000 0.006817 -0.004974 -0.000218 -0.533802 -0.995807 -0.000189
1402.800000 0.006818 -0.004975 -0.000218 -0.531707 -0.997002 -0.000189
1402.950000 0.006819 -0.004975 -0.000218 -0.529609 -0.998193 -0.000189
1403.100000 0.006819 -0.004975 -0.000218 -0.527510 -0.999379 -0.000189
1403.250000 0.006820 -0.004976 -0.000218 -0.525407 -1.000561 -0.000189
1403.400000 0.006821 -0.004976 -0.000218 -0.523302 -1.001738 -0.000189
1403.550000 0.006822 -0.004976 -0.000218 -0.521195 -1.002910 -0.000189
1403.700000 0.006823 -0.004976 -0.000218 -0.519085 -1.004078 -0.000189
1403.850000 0.006824 -0.004977 -0.000218 -0.516973 -1.005241 -0.000189
1404.000000 0.006825 -0.004977 -0.000218 -0.514858 -1.006400 -0.000189
1404.150000 0.006826 -0.004977 -0.000218 -0.512741 -1.007554 -0.000189
1404.300000 0.006827 -0.004977 -0.000218 -0.510622 -1.008703 -0.000189
1404.450000 0.006828 -0.004978 -0.000218 -0.508500 -1.009847 -0.000189
1404.600000 0.006828 -0.004978 -0.000218 -0.506376 -1.010988 -0.000189
1404.750000 0.006829 -0.004978 -0.000218 -0.504249 -1.012123 -0.000189
1404.900000 0.006830 -0.004979 -0.000218 -0.502120 -1.013254 -0.000189
1405.050000 0.006831 -0.004979 -0.000219 -0.499989 -1.014380 -0.000189
1405.200000 0.006832 -0.004979 -0.000219 -0.497855 -1.015501 -0.000189
1405.350000 0.006833 -0.004979 -0.000219 -0.495719 -1.016618 -0.000189
1405.500000 0.006834 -0.004980 -0.000219 -0.493580 -1.017730 -0.000189
1405.650000 0.006835 -0.004980 -0.000219 -0.491440 -1.018837 -0.000189
1405.800000 0.006836 -0.004980 -0.000219 -0.489296 -1.019940 -0.000189
1405.950000 0.006836 -0.004980 -0.000219 -0.487151 -1.021038 -0.000189
1406.100000 0.006837 -0.004981 -0.000219 -0.485003 -1.022132 -0.000189
1406.250000 0.006838 -0.004981 -0.000219 -0.482854 -1.023220 -0.000189
1406.400000 0.006839 -0.004981 -0.000219 -0.480701 -1.024304 -0.000189
1406.550000 0.006840 -0.004982 -0.000219 -0.478547 -1.025383 -0.000189
1406.700000 0.006841 -0.004982 -0.000219 -0.476390 -1.026458 -0.000189
1406.850000 0.006842 -0.004982 -0.000219 -0.474231 -1.027528 -0.000189
1407.000000 0.006843 -0.004982 -0.000219 -0.472070 -1.028593 -0.000189
1407.150000 0.006844 -0.004983 -0.000219 -0.469907 -1.029654 -0.000189
1407.300000 0.006845 -0.004983 -0.000219 -0.467741 -1.030709 -0.000189
1407.450000 0.006845 -0.004983 -0.000219 -0.465573 -1.031760 -0.000189
1407.600000 0.006846 -0.004984 -0.000219 -0.463403 -1.032806 -0.000189
1407.750000 0.006847 -0.004984 -0.000219 -0.461231 -1.033848 -0.000189
1407.900000 0.006848 -0.004984 -0.000219 -0.459057 -1.034885 -0.000189
1408.050000 0.006849 -0.004984 -0.000219 -0.456880 -1.035917 -0.000189
1408.200000 0.006850 -0.004985 -0.000219 -0.454702 -1.036944 -0.000189
1408.350000 0.006851 -0.004985 -0.000219 -0.452521 -1.037967 -0.000189
1408.500000 0.006852 -0.004985 -0.000219 -0.450338 -1.038984 -0.000189
1408.650000 0.006853 -0.004985 -0.000219 -0.448153 -1.039997 -0.000189
1408.800000 0.006853 -0.004986 -0.000219 -0.445966 -1.041006 -0.000189
1408.950000 0.006854 -0.004986 -0.000219 -0.443777 -1.042009 -0.000189
1409.100000 0.006855 -0.004986 -0.000219 -0.441585 -1.043008 -0.000189
1409.250000 0.006856 -0.004987 -0.000219 -0.439392 -1.044002 -0.000189
1409.400000 0.006857 -0.004987 -0.000219 -0.437196 -1.044991 -0.000188
1409.550000 0.006858 -0.004987 -0.000219 -0.434999 -1.045975 -0.000188
1409.700000 0.006859 -0.004987 -0.000219 -0.432799 -1.046955 -0.000188
1409.850000 0.006860 -0.004988 -0.000219 -0.430598 -1.047930 -0.000188
1410.000000 0.006861 -0.004988 -0.000219 -0.428394 -1.048900 -0.000188
1410.150000 0.006862 -0.004988 -0.000219 -0.426189 -1.049865 -0.000188
1410.300000 0.006862 -0.004989 -0.000219 -0.423981 -1.050825 -0.000188
1410.450000 0.006863 -0.004989 -0.000219 -0.421771 -1.051781 -0.000188
1410.600000 0.006864 -0.004989 -0.000219 -0.419560 -1.052732 -0.000188
1410.750000 0.006865 -0.004989 -0.000219 -0.417346 -1.053678 -0.000188
1410.900000 0.006866 -0.004990 -0.000219 -0.415131 -1.054619 -0.000188
1411.050000 0.006867 -0.004990 -0.000219 -0.412913 -1.055555 -0.000188
1411.200000 0.006868 -0.004990 -0.000219 -0.410694 -1.056487 -0.000188
1411.350000 0.006869 -0.004990 -0.000219 -0.408472 -1.057413 -0.000188
1411.500000 0.006870 -0.004991 -0.000219 -0.406249 -1.058335 -0.000188
1411.650000 0.006870 -0.004991 -0.000219 -0.404024 -1.059252 -0.000188
1411.800000 0.006871 -0.004991 -0.000219 -0.401797 -1.060164 -0.000188
1411.950000 0.006872 -0.004992 -0.000219 -0.399568 -1.061072 -0.000188
1412.100000 0.006873 -0.004992 -0.000219 -0.397337 -1.061974 -0.000188
1412.250000 0.006874 -0.004992 -0.000219 -0.395104 -1.062872 -0.000188
1412.400000 0.006875 -0.004992 -0.000219 -0.392870 -1.063764 -0.000188
1412.550000 0.006876 -0.004993 -0.000219 -0.390633 -1.064652 -0.000188
1412.700000 0.006877 -0.004993 -0.000220 -0.388395 -1.065535 -0.000188
1412.850000 0.006878 -0.004993 -0.000220 -0.386155 -1.066413 -0.000188
1413.000000 0.006879 -0.004993 -0.000220 -0.383913 -1.067287 -0.000188
1413.150000 0.006879 -0.004994 -0.000220 -0.381669 -1.068155 -0.000188
1413.300000 0.006880 -0.004994 -0.000220 -0.379424 -1.069019 -0.000188
1413.450000 0.006881 -0.004994 -0.000220 -0.377176 -1.069877 -0.000188
1413.600000 0.006882 -0.004995 -0.000220 -0.374927 -1.070731 -0.000188
1413.750000 0.006883 -0.004995 -0.000220 -0.372677 -1.071580 -0.000188
1413.900000 0.006884 -0.004995 -0.000220 -0.370424 -1.072424 -0.000188
1414.050000 0.006885 -0.004995 -0.000220 -0.368170 -1.073263 -0.000188
1414.200000 0.006886 -0.004996 -0.000220 -0.365914 -1.074097 -0.000188
1414.350000 0.006887 -0.004996 -0.000220 -0.363656 -1.074927 -0.000188
1414.500000 0.006887 -0.004996 -0.000220 -0.361396 -1.075751 -0.000188
1414.650000 0.006888 -0.004997 -0.000220 -0.359135 -1.076570 -0.000188
1414.800000 0.006889 -0.004997 -0.000220 -0.356872 -1.077385 -0.000188
1414.950000 0.006890 -0.004997 -0.000220 -0.354608 -1.078195 -0.000188
1415.100000 0.006891 -0.004997 -0.000220 -0.352342 -1.078999 -0.000188
1415.250000 0.006892 -0.004998 -0.000220 -0.350074 -1.079799 -0.000188
1415.400000 0.006893 -0.004998 -0.000220 -0.347804 -1.080594 -0.000188
1415.550000 0.006894 -0.004998 -0.000220 -0.345533 -1.081384 -0.000188
1415.700000 0.006895 -0.004998 -0.000220 -0.343260 -1.082169 -0.000188
1415.850000 0.006896 -0.004999 -0.000220 -0.340986 -1.082949 -0.000188
1416.000000 0.006896 -0.004999 -0.000220 -0.338710 -1.083725 -0.000188
1416.150000 0.006897 -0.004999 -0.000220 -0.336432 -1.084495 -0.000188
1416.300000 0.006898 -0.005000 -0.000220 -0.334153 -1.085260 -0.000188
1416.450000 0.006899 -0.005000 -0.000220 -0.331872 -1.086020 -0.000188
1416.600000 0.006900 -0.005000 -0.000220 -0.329590 -1.086776 -0.000188
1416.750000 0.006901 -0.005000 -0.000220 -0.327306 -1.087526 -0.000188
1416.900000 0.006902 -0.005001 -0.000220 -0.325021 -1.088272 -0.000188
1417.050000 0.006903 -0.005001 -0.000220 -0.322734 -1.089012 -0.000188
1417.200000 0.006904 -0.005001 -0.000220 -0.320446 -1.089748 -0.000188
1417.350000 0.006904 -0.005002 -0.000220 -0.318156 -1.090479 -0.000188
1417.500000 0.006905 -0.005002 -0.000220 -0.315864 -1.091204 -0.000188
1417.650000 0.006906 -0.005002 -0.000220 -0.313571 -1.091925 -0.000188
1417.800000 0.006907 -0.005002 -0.000220 -0.311277 -1.092641 -0.000188
1417.950000 0.006908 -0.005003 -0.000220 -0.308981 -1.093351 -0.000188
1418.100000 0.006909 -0.005003 -0.000220 -0.306684 -1.094057 -0.000188
1418.250000 0.006910 -0.005003 -0.000220 -0.304385 -1.094758 -0.000188
1418.400000 0.006911 -0.005003 -0.000220 -0.302085 -1.095454 -0.000188
1418.550000 0.006912 -0.005004 -0.000220 -0.299783 -1.096145 -0.000188
1418.700000 0.006913 -0.005004 -0.000220 -0.297480 -1.096830 -0.000188
1418.850000 0.006913 -0.005004 -0.000220 -0.295175 -1.097511 -0.000188
1419.000000 0.006914 -0.005005 -0.000220 -0.292870 -1.098187 -0.000188
1419.150000 0.006915 -0.005005 -0.000220 -0.290562 -1.098858 -0.000188
1419.300000 0.006916 -0.005005 -0.000220 -0.288254 -1.099524 -0.000188
1419.450000 0.006917 -0.005005 -0.000220 -0.285944 -1.100185 -0.000188
1419.600000 0.006918 -0.005006 -0.000220 -0.283632 -1.100841 -0.000188
1419.750000 0.006919 -0.005006 -0.000220 -0.281320 -1.101491 -0.000188
1419.900000 0.006920 -0.005006 -0.000220 -0.279006 -1.102137 -0.000188
1420.050000 0.006921 -0.005007 -0.000220 -0.276690 -1.102778 -0.000188
1420.200000 0.006921 -0.005007 -0.000220 -0.274374 -1.103414 -0.000188
1420.350000 0.006922 -0.005007 -0.000221 -0.272056 -1.104045 -0.000188
1420.500000 0.006923 -0.005007 -0.000221 -0.269737 -1.104671 -0.000188
1420.650000 0.006924 -0.005008 -0.000221 -0.267416 -1.105291 -0.000188
1420.800000 0.006925 -0.005008 -0.000221 -0.265095 -1.105907 -0.000188
1420.950000 0.006926 -0.005008 -0.000221 -0.262772 -1.106518 -0.000188
1421.100000 0.006927 -0.005008 -0.000221 -0.260447 -1.107124 -0.000188
1421.250000 0.006928 -0.005009 -0.000221 -0.258122 -1.107724 -0.000188
1421.400000 0.006929 -0.005009 -0.000221 -0.255795 -1.108320 -0.000188
1421.550000 0.006929 -0.005009 -0.000221 -0.253467 -1.108911 -0.000188
1421.700000 0.006930 -0.005010 -0.000221 -0.251138 -1.109496 -0.000188
1421.850000 0.006931 -0.005010 -0.000221 -0.248808 -1.110077 -0.000188
1422.000000 0.006932 -0.005010 -0.000221 -0.246477 -1.110652 -0.000188
1422.150000 0.006933 -0.005010 -0.000221 -0.244144 -1.111223 -0.000188
1422.300000 0.006934 -0.005011 -0.000221 -0.241810 -1.111788 -0.000188
1422.450000 0.006935 -0.005011 -0.000221 -0.239475 -1.112348 -0.000188
1422.600000 0.006936 -0.005011 -0.000221 -0.237139 -1.112904 -0.000188
1422.750000 0.006937 -0.005012 -0.000221 -0.234802 -1.113454 -0.000188
1422.900000 0.006938 -0.005012 -0.000221 -0.232464 -1.113999 -0.000188
1423.050000 0.006938 -0.005012 -0.000221 -0.230125 -1.114539 -0.000188
1423.200000 0.006939 -0.005012 -0.000221 -0.227784 -1.115075 -0.000188
1423.350000 0.006940 -0.005013 -0.000221 -0.225442 -1.115605 -0.000188
1423.500000 0.006941 -0.005013 -0.000221 -0.223100 -1.116130 -0.000188
1423.650000 0.006942 -0.005013 -0.000221 -0.220756 -1.116650 -0.000188
1423.800000 0.006943 -0.005013 -0.000221 -0.218411 -1.117164 -0.000188
1423.950000 0.006944 -0.005014 -0.000221 -0.216066 -1.117674 -0.000188
1424.100000 0.006945 -0.005014 -0.000221 -0.213719 -1.118179 -0.000188
1424.250000 0.006946 -0.005014 -0.000221 -0.211371 -1.118679 -0.000188
1424.400000 0.006946 -0.005015 -0.000221 -0.209022 -1.119173 -0.000188
1424.550000 0.006947 -0.005015 -0.000221 -0.206672 -1.119663 -0.000188
1424.700000 0.006948 -0.005015 -0.000221 -0.204322 -1.120147 -0.000188
1424.850000 0.006949 -0.005015 -0.000221 -0.201970 -1.120627 -0.000188
1425.000000 0.006950 -0.005016 -0.000221 -0.199617 -1.121101 -0.000188
1425.150000 0.006951 -0.005016 -0.000221 -0.197263 -1.121570 -0.000188
1425.300000 0.006952 -0.005016 -0.000221 -0.194909 -1.122034 -0.000187
1425.450000 0.006953 -0.005017 -0.000221 -0.192553 -1.122493 -0.000187
1425.600000 0.006954 -0.005017 -0.000221 -0.190197 -1.122947 -0.000187
1425.750000 0.006955 -0.005017 -0.000221 -0.187839 -1.123396 -0.000187
1425.900000 0.006955 -0.005017 -0.000221 -0.185481 -1.123840 -0.000187
1426.050000 0.006956 -0.005018 -0.000221 -0.183122 -1.124279 -0.000187
1426.200000 0.006957 -0.005018 -0.000221 -0.180762 -1.124712 -0.000187
1426.350000 0.006958 -0.005018 -0.000221 -0.178401 -1.125141 -0.000187
1426.500000 0.006959 -0.005018 -0.000221 -0.176039 -1.125564 -0.000187
1426.650000 0.006960 -0.005019 -0.000221 -0.173677 -1.125982 -0.000187
1426.800000 0.006961 -0.005019 -0.000221 -0.171313 -1.126396 -0.000187
1426.950000 0.006962 -0.005019 -0.000221 -0.168949 -1.126804 -0.000187
1427.100000 0.006963 -0.005020 -0.000221 -0.166584 -1.127207 -0.000187
1427.250000 0.006963 -0.005020 -0.000221 -0.164218 -1.127605 -0.000187
1427.400000 0.006964 -0.005020 -0.000221 -0.161851 -1.127998 -0.000187
1427.550000 0.006965 -0.005020 -0.000221 -0.159484 -1.128385 -0.000187
1427.700000 0.006966 -0.005021 -0.000221 -0.157116 -1.128768 -0.000187
1427.850000 0.006967 -0.005021 -0.000221 -0.154747 -1.129145 -0.000187
1428.000000 0.006968 -0.005021 -0.000222 -0.152377 -1.129518 -0.000187
1428.150000 0.006969 -0.005022 -0.000222 -0.150007 -1.129885 -0.000188
1428.300000 0.006970 -0.005022 -0.000222 -0.147636 -1.130247 -0.000188
1428.450000 0.006971 -0.005022 -0.000222 -0.145264 -1.130604 -0.000188
1428.600000 0.006972 -0.005022 -0.000222 -0.142891 -1.130956 -0.000188
1428.750000 0.006972 -0.005023 -0.000222 -0.140518 -1.131303 -0.000188
1428.900000 0.006973 -0.005023 -0.000222 -0.138144 -1.131645 -0.000188
1429.050000 0.006974 -0.005023 -0.000222 -0.135769 -1.131981 -0.000188
1429.200000 0.006975 -0.005023 -0.000222 -0.133394 -1.132313 -0.000188
1429.350000 0.006976 -0.005024 -0.000222 -0.131018 -1.132639 -0.000188
1429.500000 0.006977 -0.005024 -0.000222 -0.128641 -1.132961 -0.000188
1429.650000 0.006978 -0.005024 -0.000222 -0.126264 -1.133277 -0.000188
1429.800000 0.006979 -0.005025 -0.000222 -0.123886 -1.133588 -0.000188
1429.950000 0.006980 -0.005025 -0.000222 -0.121508 -1.133894 -0.000188
1430.100000 0.006980 -0.005025 -0.000222 -0.119129 -1.134194 -0.000188
1430.250000 0.006981 -0.005025 -0.000222 -0.116749 -1.134490 -0.000188
1430.400000 0.006982 -0.005026 -0.000222 -0.114369 -1.134780 -0.000188
1430.550000 0.006983 -0.005026 -0.000222 -0.111989 -1.135066 -0.000188
1430.700000 0.006984 -0.005026 -0.000222 -0.109607 -1.135346 -0.000188
1430.850000 0.006985 -0.005027 -0.000222 -0.107225 -1.135621 -0.000188
1431.000000 0.006986 -0.005027 -0.000222 -0.104843 -1.135891 -0.000188
1431.150000 0.006987 -0.005027 -0.000222 -0.102460 -1.136156 -0.000188
1431.300000 0.006988 -0.005027 -0.000222 -0.100077 -1.136416 -0.000188
1431.450000 0.006989 -0.005028 -0.000222 -0.097693 -1.136670 -0.000188
1431.600000 0.006989 -0.005028 -0.000222 -0.095309 -1.136920 -0.000188
1431.750000 0.006990 -0.005028 -0.000222 -0.092924 -1.137164 -0.000188
1431.900000 0.006991 -0.005028 -0.000222 -0.090539 -1.137404 -0.000188
1432.050000 0.006992 -0.005029 -0.000222 -0.088153 -1.137638 -0.000188
1432.200000 0.006993 -0.005029 -0.000222 -0.085767 -1.137867 -0.000188
1432.350000 0.006994 -0.005029 -0.000222 -0.083380 -1.138090 -0.000188
1432.500000 0.006995 -0.005030 -0.000222 -0.080993 -1.138309 -0.000188
1432.650000 0.006996 -0.005030 -0.000222 -0.078606 -1.138523 -0.000188
1432.800000 0.006997 -0.005030 -0.000222 -0.076218 -1.138731 -0.000188
1432.950000 0.006997 -0.005030 -0.000222 -0.073829 -1.138934 -0.000188
1433.100000 0.006998 -0.005031 -0.000222 -0.071441 -1.139132 -0.000188
1433.250000 0.006999 -0.005031 -0.000222 -0.069052 -1.139325 -0.000188
1433.400000 0.007000 -0.005031 -0.000222 -0.066663 -1.139513 -0.000188
1433.550000 0.007001 -0.005032 -0.000222 -0.064273 -1.139696 -0.000188
1433.700000 0.007002 -0.005032 -0.000222 -0.061883 -1.139873 -0.000188
1433.850000 0.007003 -0.005032 -0.000222 -0.059492 -1.140046 -0.000188
1434.000000 0.007004 -0.005032 -0.000222 -0.057102 -1.140213 -0.000188
1434.150000 0.007005 -0.005033 -0.000222 -0.054711 -1.140375 -0.000188
1434.300000 0.007005 -0.005033 -0.000222 -0.052320 -1.140532 -0.000188
1434.450000 0.007006 -0.005033 -0.000222 -0.049928 -1.140684 -0.000188
1434.600000 0.007007 -0.005033 -0.000222 -0.047536 -1.140831 -0.000188
1434.750000 0.007008 -0.005034 -0.000222 -0.045144 -1.140972 -0.000188
1434.900000 0.007009 -0.005034 -0.000222 -0.042752 -1.141109 -0.000188
1435.050000 0.007010 -0.005034 -0.000222 -0.040359 -1.141240 -0.000188
1435.200000 0.007011 -0.005035 -0.000222 -0.037967 -1.141366 -0.000188
1435.350000 0.007012 -0.005035 -0.000222 -0.035574 -1.141487 -0.000188
1435.500000 0.007013 -0.005035 -0.000222 -0.033181 -1.141603 -0.000188
1435.650000 0.007014 -0.005035 -0.000223 -0.030787 -1.141714 -0.000188
1435.800000 0.007014 -0.005036 -0.000223 -0.028394 -1.141819 -0.000188
1435.950000 0.007015 -0.005036 -0.000223 -0.026000 -1.141920 -0.000188
1436.100000 0.007016 -0.005036 -0.000223 -0.023606 -1.142015 -0.000188
1436.250000 0.007017 -0.005037 -0.000223 -0.021212 -1.142105 -0.000188
1436.400000 0.007018 -0.005037 -0.000223 -0.018818 -1.142190 -0.000188
1436.550000 0.007019 -0.005037 -0.000223 -0.016424 -1.142270 -0.000188
1436.700000 0.007020 -0.005037 -0.000223 -0.014029 -1.142344 -0.000188
1436.850000 0.007021 -0.005038 -0.000223 -0.011635 -1.142414 -0.000188
1437.000000 0.007022 -0.005038 -0.000223 -0.009240 -1.142478 -0.000188
1437.150000 0.007022 -0.005038 -0.000223 -0.006845 -1.142538 -0.000188
1437.300000 0.007023 -0.005039 -0.000223 -0.004451 -1.142592 -0.000188
1437.450000 0.007024 -0.005039 -0.000223 -0.002056 -1.142641 -0.000188
1437.600000 0.007025 -0.005039 -0.000223 0.000339 -1.142685 -0.000188
1437.750000 0.007026 -0.005039 -0.000223 0.002734 -1.142723 -0.000188
1437.900000 0.007027 -0.005040 -0.000223 0.005129 -1.142757 -0.000188
1438.050000 0.007028 -0.005040 -0.000223 0.007524 -1.142785 -0.000188
1438.200000 0.007029 -0.005040 -0.000223 0.009919 -1.142808 -0.000188
1438.350000 0.007030 -0.005040 -0.000223 0.012314 -1.142826 -0.000188
1438.500000 0.007031 -0.005041 -0.000223 0.014709 -1.142839 -0.000188
1438.650000 0.007031 -0.005041 -0.000223 0.017104 -1.142847 -0.000188
1438.800000 0.007032 -0.005041 -0.000223 0.019499 -1.142850 -0.000188
1438.950000 0.007033 -0.005042 -0.000223 0.021894 -1.142847 -0.000188
1439.100000 0.007034 -0.005042 -0.000223 0.024288 -1.142840 -0.000188
1439.250000 0.007035 -0.005042 -0.000223 0.026683 -1.142827 -0.000188
1439.400000 0.007036 -0.005042 -0.000223 0.029078 -1.142809 -0.000188
1439.550000 0.007037 -0.005043 -0.000223 0.031472 -1.142786 -0.000188
1439.700000 0.007038 -0.005043 -0.000223 0.033867 -1.142758 -0.000188
1439.850000 0.007039 -0.005043 -0.000223 0.036261 -1.142725 -0.000188
1440.000000 0.007039 -0.005044 -0.000223 0.038656 -1.142686 -0.000188
1440.150000 0.007040 -0.005044 -0.000223 0.041050 -1.142643 -0.000188
1440.300000 0.007041 -0.005044 -0.000223 0.043444 -1.142594 -0.000188
1440.450000 0.007042 -0.005044 -0.000223 0.045837 -1.142540 -0.000188
1440.600000 0.007043 -0.005045 -0.000223 0.048231 -1.142481 -0.000188
1440.750000 0.007044 -0.005045 -0.000223 0.050625 -1.142417 -0.000188
1440.900000 0.007045 -0.005045 -0.000223 0.053018 -1.142347 -0.000188
1441.050000 0.007046 -0.005046 -0.000223 0.055411 -1.142273 -0.000188
1441.200000 0.007047 -0.005046 -0.000223 0.057804 -1.142194 -0.000188
1441.350000 0.007048 -0.005046 -0.000223 0.060196 -1.142109 -0.000188
1441.500000 0.007048 -0.005046 -0.000223 0.062589 -1.142019 -0.000188
1441.650000 0.007049 -0.005047 -0.000223 0.064981 -1.141924 -0.000188
1441.800000 0.007050 -0.005047 -0.000223 0.067373 -1.141824 -0.000188
1441.950000 0.007051 -0.005047 -0.000223 0.069765 -1.141719 -0.000188
1442.100000 0.007052 -0.005047 -0.000223 0.072156 -1.141608 -0.000188
1442.250000 0.007053 -0.005048 -0.000223 0.074547 -1.141493 -0.000188
1442.400000 0.007054 -0.005048 -0.000223 0.076938 -1.141372 -0.000188
1442.550000 0.007055 -0.005048 -0.000223 0.079329 -1.141247 -0.000188
1442.700000 0.007056 -0.005049 -0.000223 0.081719 -1.141116 -0.000188
1442.850000 0.007056 -0.005049 -0.000223 0.084109 -1.140980 -0.000188
1443.000000 0.007057 -0.005049 -0.000223 0.086498 -1.140839 -0.000188
1443.150000 0.007058 -0.005049 -0.000223 0.088888 -1.140692 -0.000188
1443.300000 0.007059 -0.005050 -0.000224 0.091276 -1.140541 -0.000188
1443.450000 0.007060 -0.005050 -0.000224 0.093665 -1.140384 -0.000188
1443.600000 0.007061 -0.005050 -0.000224 0.096053 -1.140223 -0.000188
1443.750000 0.007062 -0.005051 -0.000224 0.098441 -1.140056 -0.000189
1443.900000 0.007063 -0.005051 -0.000224 0.100828 -1.139884 -0.000189
1444.050000 0.007064 -0.005051 -0.000224 0.103215 -1.139707 -0.000189
1444.200000 0.007064 -0.005051 -0.000224 0.105601 -1.139525 -0.000189
1444.350000 0.007065 -0.005052 -0.000224 0.107987 -1.139338 -0.000189
1444.500000 0.007066 -0.005052 -0.000224 0.110373 -1.139146 -0.000189
1444.650000 0.007067 -0.005052 -0.000224 0.112758 -1.138948 -0.000189
1444.800000 0.007068 -0.005052 -0.000224 0.115143 -1.138746 -0.000189
1444.950000 0.007069 -0.005053 -0.000224 0.117527 -1.138538 -0.000189
1445.100000 0.007070 -0.005053 -0.000224 0.119911 -1.138325 -0.000189
1445.250000 0.007071 -0.005053 -0.000224 0.122294 -1.138107 -0.000189
1445.400000 0.007072 -0.005054 -0.000224 0.124677 -1.137885 -0.000189
1445.550000 0.007073 -0.005054 -0.000224 0.127059 -1.137656 -0.000189
1445.700000 0.007073 -0.005054 -0.000224 0.129440 -1.137423 -0.000189
1445.850000 0.007074 -0.005054 -0.000224 0.131822 -1.137185 -0.000189
1446.000000 0.007075 -0.005055 -0.000224 0.134202 -1.136942 -0.000189
1446.150000 0.007076 -0.005055 -0.000224 0.136582 -1.136693 -0.000189
1446.300000 0.007077 -0.005055 -0.000224 0.138962 -1.136439 -0.000189
1446.450000 0.007078 -0.005056 -0.000224 0.141340 -1.136181 -0.000189
1446.600000 0.007079 -0.005056 -0.000224 0.143719 -1.135917 -0.000189
1446.750000 0.007080 -0.005056 -0.000224 0.146096 -1.135648 -0.000189
1446.900000 0.007081 -0.005056 -0.000224 0.148473 -1.135374 -0.000189
1447.050000 0.007081 -0.005057 -0.000224 0.150850 -1.135095 -0.000189
1447.200000 0.007082 -0.005057 -0.000224 0.153225 -1.134811 -0.000189
1447.350000 0.007083 -0.005057 -0.000224 0.155601 -1.134522 -0.000189
1447.500000 0.007084 -0.005058 -0.000224 0.157975 -1.134227 -0.000189
1447.650000 0.007085 -0.005058 -0.000224 0.160349 -1.133928 -0.000189
1447.800000 0.007086 -0.005058 -0.000224 0.162722 -1.133623 -0.000189
1447.950000 0.007087 -0.005058 -0.000224 0.165094 -1.133314 -0.000189
1448.100000 0.007088 -0.005059 -0.000224 0.167466 -1.132999 -0.000189
1448.250000 0.007089 -0.005059 -0.000224 0.169837 -1.132679 -0.000189
1448.400000 0.007090 -0.005059 -0.000224 0.172207 -1.132354 -0.000189
1448.550000 0.007090 -0.005059 -0.000224 0.174577 -1.132024 -0.000189
1448.700000 0.007091 -0.005060 -0.000224 0.176946 -1.131689 -0.000189
1448.850000 0.007092 -0.005060 -0.000224 0.179314 -1.131349 -0.000189
1449.000000 0.007093 -0.005060 -0.000224 0.181681 -1.131004 -0.000189
1449.150000 0.007094 -0.005061 -0.000224 0.184048 -1.130654 -0.000189
1449.300000 0.007095 -0.005061 -0.000224 0.186413 -1.130299 -0.000189
1449.450000 0.007096 -0.005061 -0.000224 0.188778 -1.129938 -0.000189
1449.600000 0.007097 -0.005061 -0.000224 0.191142 -1.129573 -0.000189
1449.750000 0.007098 -0.005062 -0.000224 0.193506 -1.129202 -0.000189
1449.900000 0.007098 -0.005062 -0.000224 0.195868 -1.128827 -0.000189
1450.050000 0.007099 -0.005062 -0.000224 0.198230 -1.128446 -0.000189
1450.200000 0.007100 -0.005063 -0.000224 0.200591 -1.128061 -0.000189
1450.350000 0.007101 -0.005063 -0.000224 0.202951 -1.127670 -0.000189
1450.500000 0.007102 -0.005063 -0.000224 0.205310 -1.127274 -0.000189
1450.650000 0.007103 -0.005063 -0.000224 0.207668 -1.126873 -0.000189
1450.800000 0.007104 -0.005064 -0.000224 0.210025 -1.126468 -0.000190
1450.950000 0.007105 -0.005064 -0.000225 0.212381 -1.126057 -0.000190
1451.100000 0.007106 -0.005064 -0.000225 0.214737 -1.125641 -0.000190
1451.250000 0.007107 -0.005065 -0.000225 0.217091 -1.125220 -0.000190
1451.400000 0.007107 -0.005065 -0.000225 0.219445 -1.124794 -0.000190
1451.550000 0.007108 -0.005065 -0.000225 0.221798 -1.124363 -0.000190
1451.700000 0.007109 -0.005065 -0.000225 0.224149 -1.123927 -0.000190
1451.850000 0.007110 -0.005066 -0.000225 0.226500 -1.123485 -0.000190
1452.000000 0.007111 -0.005066 -0.000225 0.228850 -1.123039 -0.000190
1452.150000 0.007112 -0.005066 -0.000225 0.231199 -1.122588 -0.000190
1452.300000 0.007113 -0.005067 -0.000225 0.233547 -1.122132 -0.000190
1452.450000 0.007114 -0.005067 -0.000225 0.235893 -1.121671 -0.000190
1452.600000 0.007115 -0.005067 -0.000225 0.238239 -1.121204 -0.000190
1452.750000 0.007115 -0.005067 -0.000225 0.240584 -1.120733 -0.000190
1452.900000 0.007116 -0.005068 -0.000225 0.242928 -1.120257 -0.000190
1453.050000 0.007117 -0.005068 -0.000225 0.245270 -1.119775 -0.000190
1453.200000 0.007118 -0.005068 -0.000225 0.247612 -1.119289 -0.000190
1453.350000 0.007119 -0.005068 -0.000225 0.249952 -1.118798 -0.000190
1453.500000 0.007120 -0.005069 -0.000225 0.252292 -1.118301 -0.000190
1453.650000 0.007121 -0.005069 -0.000225 0.254630 -1.117800 -0.000190
1453.800000 0.007122 -0.005069 -0.000225 0.256967 -1.117294 -0.000190
1453.950000 0.007123 -0.005070 -0.000225 0.259304 -1.116782 -0.000190
1454.100000 0.007123 -0.005070 -0.000225 0.261639 -1.116266 -0.000190
1454.250000 0.007124 -0.005070 -0.000225 0.263972 -1.115744 -0.000190
1454.400000 0.007125 -0.005070 -0.000225 0.266305 -1.115218 -0.000190
1454.550000 0.007126 -0.005071 -0.000225 0.268637 -1.114687 -0.000190
1454.700000 0.007127 -0.005071 -0.000225 0.270967 -1.114150 -0.000190
1454.850000 0.007128 -0.005071 -0.000225 0.273296 -1.113609 -0.000190
1455.000000 0.007129 -0.005072 -0.000225 0.275624 -1.113063 -0.000190
1455.150000 0.007130 -0.005072 -0.000225 0.277951 -1.112511 -0.000190
1455.300000 0.007131 -0.005072 -0.000225 0.280277 -1.111955 -0.000190
1455.450000 0.007132 -0.005072 -0.000225 0.282601 -1.111394 -0.000190
1455.600000 0.007132 -0.005073 -0.000225 0.284925 -1.110828 -0.000190
1455.750000 0.007133 -0.005073 -0.000225 0.287246 -1.110256 -0.000190
1455.900000 0.007134 -0.005073 -0.000225 0.289567 -1.109680 -0.000190
1456.050000 0.007135 -0.005074 -0.000225 0.291887 -1.109099 -0.000190
1456.200000 0.007136 -0.005074 -0.000225 0.294205 -1.108513 -0.000191
1456.350000 0.007137 -0.005074 -0.000225 0.296522 -1.107922 -0.000191
1456.500000 0.007138 -0.005074 -0.000225 0.298837 -1.107326 -0.000191
1456.650000 0.007139 -0.005075 -0.000225 0.301152 -1.106725 -0.000191
1456.800000 0.007140 -0.005075 -0.000225 0.303465 -1.106119 -0.000191
1456.950000 0.007140 -0.005075 -0.000225 0.305776 -1.105508 -0.000191
1457.100000 0.007141 -0.005076 -0.000225 0.308087 -1.104892 -0.000191
1457.250000 0.007142 -0.005076 -0.000225 0.310396 -1.104272 -0.000191
1457.400000 0.007143 -0.005076 -0.000225 0.312703 -1.103646 -0.000191
1457.550000 0.007144 -0.005076 -0.000225 0.315010 -1.103015 -0.000191
1457.700000 0.007145 -0.005077 -0.000225 0.317315 -1.102380 -0.000191
1457.850000 0.007146 -0.005077 -0.000225 0.319618 -1.101739 -0.000191
1458.000000 0.007147 -0.005077 -0.000225 0.321920 -1.101094 -0.000191
1458.150000 0.007148 -0.005077 -0.000225 0.324221 -1.100444 -0.000191
1458.300000 0.007149 -0.005078 -0.000225 0.326521 -1.099788 -0.000191
1458.450000 0.007149 -0.005078 -0.000225 0.328818 -1.099128 -0.000191
1458.600000 0.007150 -0.005078 -0.000226 0.331115 -1.098463 -0.000191
1458.750000 0.007151 -0.005079 -0.000226 0.333410 -1.097793 -0.000191
1458.900000 0.007152 -0.005079 -0.000226 0.335704 -1.097118 -0.000191
1459.050000 0.007153 -0.005079 -0.000226 0.337996 -1.096438 -0.000191
1459.200000 0.007154 -0.005079 -0.000226 0.340286 -1.095754 -0.000191
1459.350000 0.007155 -0.005080 -0.000226 0.342575 -1.095064 -0.000191
1459.500000 0.007156 -0.005080 -0.000226 0.344863 -1.094369 -0.000191
1459.650000 0.007157 -0.005080 -0.000226 0.347149 -1.093670 -0.000191
1459.800000 0.007157 -0.005081 -0.000226 0.349434 -1.092966 -0.000191
1459.950000 0.007158 -0.005081 -0.000226 0.351717 -1.092257 -0.000191
1460.100000 0.007159 -0.005081 -0.000226 0.353999 -1.091543 -0.000191
1460.250000 0.007160 -0.005081 -0.000226 0.356279 -1.090824 -0.000191
1460.400000 0.007161 -0.005082 -0.000226 0.358557 -1.090100 -0.000191
1460.550000 0.007162 -0.005082 -0.000226 0.360834 -1.089371 -0.000191
1460.700000 0.007163 -0.005082 -0.000226 0.363109 -1.088637 -0.000192
1460.850000 0.007164 -0.005083 -0.000226 0.365383 -1.087899 -0.000192
1461.000000 0.007165 -0.005083 -0.000226 0.367655 -1.087156 -0.000192
1461.150000 0.007166 -0.005083 -0.000226 0.369926 -1.086408 -0.000192
1461.300000 0.007166 -0.005083 -0.000226 0.372195 -1.085655 -0.000192
1461.450000 0.007167 -0.005084 -0.000226 0.374462 -1.084897 -0.000192
1461.600000 0.007168 -0.005084 -0.000226 0.376728 -1.084134 -0.000192
1461.750000 0.007169 -0.005084 -0.000226 0.378992 -1.083366 -0.000192
1461.900000 0.007170 -0.005085 -0.000226 0.381254 -1.082594 -0.000192
1462.050000 0.007171 -0.005085 -0.000226 0.383515 -1.081817 -0.000192
1462.200000 0.007172 -0.005085 -0.000226 0.385774 -1.081035 -0.000192
1462.350000 0.007173 -0.005085 -0.000226 0.388031 -1.080248 -0.000192
1462.500000 0.007174 -0.005086 -0.000226 0.390287 -1.079456 -0.000192
1462.650000 0.007174 -0.005086 -0.000226 0.392541 -1.078660 -0.000192
1462.800000 0.007175 -0.005086 -0.000226 0.394793 -1.077858 -0.000192
1462.950000 0.007176 -0.005086 -0.000226 0.397043 -1.077052 -0.000192
1463.100000 0.007177 -0.005087 -0.000226 0.399292 -1.076241 -0.000192
1463.250000 0.007178 -0.005087 -0.000226 0.401539 -1.075425 -0.000192
1463.400000 0.007179 -0.005087 -0.000226 0.403784 -1.074605 -0.000192
1463.550000 0.007180 -0.005088 -0.000226 0.406028 -1.073779 -0.000192
1463.700000 0.007181 -0.005088 -0.000226 0.408269 -1.072949 -0.000192
1463.850000 0.007182 -0.005088 -0.000226 0.410509 -1.072114 -0.000192
1464.000000 0.007183 -0.005088 -0.000226 0.412747 -1.071274 -0.000192
1464.150000 0.007183 -0.005089 -0.000226 0.414984 -1.070429 -0.000192
1464.300000 0.007184 -0.005089 -0.000226 0.417218 -1.069580 -0.000192
1464.450000 0.007185 -0.005089 -0.000226 0.419451 -1.068726 -0.000192
1464.600000 0.007186 -0.005090 -0.000226 0.421681 -1.067867 -0.000192
1464.750000 0.007187 -0.005090 -0.000226 0.423910 -1.067003 -0.000193
1464.900000 0.007188 -0.005090 -0.000226 0.426137 -1.066135 -0.000193
1465.050000 0.007189 -0.005090 -0.000226 0.428363 -1.065262 -0.000193
1465.200000 0.007190 -0.005091 -0.000226 0.430586 -1.064384 -0.000193
1465.350000 0.007191 -0.005091 -0.000226 0.432807 -1.063501 -0.000193
1465.500000 0.007191 -0.005091 -0.000226 0.435027 -1.062613 -0.000193
1465.650000 0.007192 -0.005092 -0.000226 0.437245 -1.061721 -0.000193
1465.800000 0.007193 -0.005092 -0.000226 0.439460 -1.060824 -0.000193
1465.950000 0.007194 -0.005092 -0.000226 0.441674 -1.059923 -0.000193
1466.100000 0.007195 -0.005092 -0.000226 0.443886 -1.059016 -0.000193
1466.250000 0.007196 -0.005093 -0.000227 0.446096 -1.058105 -0.000193
1466.400000 0.007197 -0.005093 -0.000227 0.448304 -1.057189 -0.000193
1466.550000 0.007198 -0.005093 -0.000227 0.450510 -1.056268 -0.000193
1466.700000 0.007199 -0.005094 -0.000227 0.452714 -1.055343 -0.000193
1466.850000 0.007200 -0.005094 -0.000227 0.454916 -1.054413 -0.000193
1467.000000 0.007200 -0.005094 -0.000227 0.457116 -1.053478 -0.000193
1467.150000 0.007201 -0.005094 -0.000227 0.459314 -1.052539 -0.000193
1467.300000 0.007202 -0.005095 -0.000227 0.461510 -1.051595 -0.000193
1467.450000 0.007203 -0.005095 -0.000227 0.463704 -1.050646 -0.000193
1467.600000 0.007204 -0.005095 -0.000227 0.465895 -1.049692 -0.000193
1467.750000 0.007205 -0.005096 -0.000227 0.468085 -1.048734 -0.000193
1467.900000 0.007206 -0.005096 -0.000227 0.470273 -1.047771 -0.000193
1468.050000 0.007207 -0.005096 -0.000227 0.472459 -1.046803 -0.000193
1468.200000 0.007208 -0.005096 -0.000227 0.474643 -1.045831 -0.000193
1468.350000 0.007208 -0.005097 -0.000227 0.476824 -1.044854 -0.000194
1468.500000 0.007209 -0.005097 -0.000227 0.479004 -1.043872 -0.000194
1468.650000 0.007210 -0.005097 -0.000227 0.481181 -1.042886 -0.000194
1468.800000 0.007211 -0.005097 -0.000227 0.483356 -1.041895 -0.000194
1468.950000 0.007212 -0.005098 -0.000227 0.485529 -1.040900 -0.000194
1469.100000 0.007213 -0.005098 -0.000227 0.487700 -1.039899 -0.000194
1469.250000 0.007214 -0.005098 -0.000227 0.489869 -1.038894 -0.000194
1469.400000 0.007215 -0.005099 -0.000227 0.492036 -1.037885 -0.000194
1469.550000 0.007216 -0.005099 -0.000227 0.494201 -1.036871 -0.000194
1469.700000 0.007217 -0.005099 -0.000227 0.496363 -1.035852 -0.000194
1469.850000 0.007217 -0.005099 -0.000227 0.498523 -1.034828 -0.000194
1470.000000 0.007218 -0.005100 -0.000227 0.500681 -1.033800 -0.000194
1470.150000 0.007219 -0.005100 -0.000227 0.502837 -1.032768 -0.000194
1470.300000 0.007220 -0.005100 -0.000227 0.504991 -1.031731 -0.000194
1470.450000 0.007221 -0.005101 -0.000227 0.507142 -1.030689 -0.000194
1470.600000 0.007222 -0.005101 -0.000227 0.509291 -1.029642 -0.000194
1470.750000 0.007223 -0.005101 -0.000227 0.511438 -1.028591 -0.000194
1470.900000 0.007224 -0.005101 -0.000227 0.513583 -1.027535 -0.000194
1471.050000 0.007225 -0.005102 -0.000227 0.515725 -1.026475 -0.000194
1471.200000 0.007225 -0.005102 -0.000227 0.517865 -1.025410 -0.000194
1471.350000 0.007226 -0.005102 -0.000227 0.520003 -1.024341 -0.000194
1471.500000 0.007227 -0.005103 -0.000227 0.522138 -1.023267 -0.000194
1471.650000 0.007228 -0.005103 -0.000227 0.524272 -1.022188 -0.000195
1471.800000 0.007229 -0.005103 -0.000227 0.526403 -1.021105 -0.000195
1471.950000 0.007230 -0.005103 -0.000227 0.528531 -1.020018 -0.000195
1472.100000 0.007231 -0.005104 -0.000227 0.530657 -1.018925 -0.000195
1472.250000 0.007232 -0.005104 -0.000227 0.532781 -1.017828 -0.000195
1472.400000 0.007233 -0.005104 -0.000227 0.534903 -1.016727 -0.000195
1472.550000 0.007234 -0.005105 -0.000227 0.537022 -1.015621 -0.000195
1472.700000 0.007234 -0.005105 -0.000227 0.539139 -1.014511 -0.000195
1472.850000 0.007235 -0.005105 -0.000227 0.541254 -1.013396 -0.000195
1473.000000 0.007236 -0.005105 -0.000227 0.543366 -1.012276 -0.000195
1473.150000 0.007237 -0.005106 -0.000227 0.545475 -1.011152 -0.000195
1473.300000 0.007238 -0.005106 -0.000227 0.547583 -1.010024 -0.000195
1473.450000 0.007239 -0.005106 -0.000227 0.549688 -1.008891 -0.000195
1473.600000 0.007240 -0.005107 -0.000227 0.551790 -1.007753 -0.000195
1473.750000 0.007241 -0.005107 -0.000227 0.553890 -1.006611 -0.000195
1473.900000 0.007242 -0.005107 -0.000228 0.555988 -1.005465 -0.000195
1474.050000 0.007242 -0.005107 -0.000228 0.558083 -1.004314 -0.000195
1474.200000 0.007243 -0.005108 -0.000228 0.560176 -1.003158 -0.000195
1474.350000 0.007244 -0.005108 -0.000228 0.562266 -1.001999 -0.000195
1474.500000 0.007245 -0.005108 -0.000228 0.564354 -1.000834 -0.000195
1474.650000 0.007246 -0.005108 -0.000228 0.566439 -0.999665 -0.000195
1474.800000 0.007247 -0.005109 -0.000228 0.568522 -0.998492 -0.000196
1474.950000 0.007248 -0.005109 -0.000228 0.570602 -0.997314 -0.000196
1475.100000 0.007249 -0.005109 -0.000228 0.572680 -0.996132 -0.000196
1475.250000 0.007250 -0.005110 -0.000228 0.574755 -0.994945 -0.000196
1475.400000 0.007251 -0.005110 -0.000228 0.576828 -0.993754 -0.000196
1475.550000 0.007251 -0.005110 -0.000228 0.578898 -0.992558 -0.000196
1475.700000 0.007252 -0.005110 -0.000228 0.580965 -0.991358 -0.000196
1475.850000 0.007253 -0.005111 -0.000228 0.583030 -0.990154 -0.000196
1476.000000 0.007254 -0.005111 -0.000228 0.585093 -0.988945 -0.000196
1476.150000 0.007255 -0.005111 -0.000228 0.587153 -0.987732 -0.000196
1476.300000 0.007256 -0.005112 -0.000228 0.589210 -0.986514 -0.000196
1476.450000 0.007257 -0.005112 -0.000228 0.591265 -0.985292 -0.000196
1476.600000 0.007258 -0.005112 -0.000228 0.593317 -0.984065 -0.000196
1476.750000 0.007259 -0.005112 -0.000228 0.595366 -0.982834 -0.000196
1476.900000 0.007259 -0.005113 -0.000228 0.597413 -0.981599 -0.000196
1477.050000 0.007260 -0.005113 -0.000228 0.599457 -0.980359 -0.000196
1477.200000 0.007261 -0.005113 -0.000228 0.601499 -0.979115 -0.000196
1477.350000 0.007262 -0.005114 -0.000228 0.603538 -0.977867 -0.000196
1477.500000 0.007263 -0.005114 -0.000228 0.605574 -0.976614 -0.000196
1477.650000 0.007264 -0.005114 -0.000228 0.607608 -0.975357 -0.000196
1477.800000 0.007265 -0.005114 -0.000228 0.609639 -0.974096 -0.000197
1477.950000 0.007266 -0.005115 -0.000228 0.611667 -0.972830 -0.000197
1478.100000 0.007267 -0.005115 -0.000228 0.613692 -0.971559 -0.000197
1478.250000 0.007268 -0.005115 -0.000228 0.615715 -0.970285 -0.000197
1478.400000 0.007268 -0.005116 -0.000228 0.617735 -0.969006 -0.000197
1478.550000 0.007269 -0.005116 -0.000228 0.619752 -0.967723 -0.000197
1478.700000 0.007270 -0.005116 -0.000228 0.621767 -0.966435 -0.000197
1478.850000 0.007271 -0.005116 -0.000228 0.623779 -0.965144 -0.000197
1479.000000 0.007272 -0.005117 -0.000228 0.625788 -0.963847 -0.000197
1479.150000 0.007273 -0.005117 -0.000228 0.627794 -0.962547 -0.000197
1479.300000 0.007274 -0.005117 -0.000228 0.629798 -0.961242 -0.000197
1479.450000 0.007275 -0.005118 -0.000228 0.631799 -0.959933 -0.000197
1479.600000 0.007276 -0.005118 -0.000228 0.633797 -0.958620 -0.000197
1479.750000 0.007276 -0.005118 -0.000228 0.635792 -0.957302 -0.000197
1479.900000 0.007277 -0.005118 -0.000228 0.637784 -0.955980 -0.000197
1480.050000 0.007278 -0.005119 -0.000228 0.639774 -0.954654 -0.000197
1480.200000 0.007279 -0.005119 -0.000228 0.641761 -0.953324 -0.000197
1480.350000 0.007280 -0.005119 -0.000228 0.643744 -0.951989 -0.000197
1480.500000 0.007281 -0.005120 -0.000228 0.645725 -0.950650 -0.000198
1480.650000 0.007282 -0.005120 -0.000228 0.647704 -0.949307 -0.000198
1480.800000 0.007283 -0.005120 -0.000228 0.649679 -0.947960 -0.000198
1480.950000 0.007284 -0.005120 -0.000228 0.651652 -0.946608 -0.000198
1481.100000 0.007285 -0.005121 -0.000228 0.653621 -0.945252 -0.000198
1481.250000 0.007285 -0.005121 -0.000228 0.655588 -0.943892 -0.000198
1481.400000 0.007286 -0.005121 -0.000228 0.657552 -0.942528 -0.000198
1481.550000 0.007287 -0.005122 -0.000229 0.659513 -0.941159 -0.000198
1481.700000 0.007288 -0.005122 -0.000229 0.661470 -0.939787 -0.000198
1481.850000 0.007289 -0.005122 -0.000229 0.663426 -0.938410 -0.000198
1482.000000 0.007290 -0.005122 -0.000229 0.665378 -0.937029 -0.000198
1482.150000 0.007291 -0.005123 -0.000229 0.667327 -0.935643 -0.000198
1482.300000 0.007292 -0.005123 -0.000229 0.669273 -0.934254 -0.000198
1482.450000 0.007293 -0.005123 -0.000229 0.671216 -0.932860 -0.000198
1482.600000 0.007293 -0.005124 -0.000229 0.673157 -0.931463 -0.000198
1482.750000 0.007294 -0.005124 -0.000229 0.675094 -0.930061 -0.000198
1482.900000 0.007295 -0.005124 -0.000229 0.677028 -0.928654 -0.000198
1483.050000 0.007296 -0.005124 -0.000229 0.678960 -0.927244 -0.000198
1483.200000 0.007297 -0.005125 -0.000229 0.680888 -0.925830 -0.000199
1483.350000 0.007298 -0.005125 -0.000229 0.682813 -0.924411 -0.000199
1483.500000 0.007299 -0.005125 -0.000229 0.684736 -0.922989 -0.000199
1483.650000 0.007300 -0.005125 -0.000229 0.686655 -0.921562 -0.000199
1483.800000 0.007301 -0.005126 -0.000229 0.688571 -0.920131 -0.000199
1483.950000 0.007302 -0.005126 -0.000229 0.690484 -0.918696 -0.000199
1484.100000 0.007302 -0.005126 -0.000229 0.692394 -0.917257 -0.000199
1484.250000 0.007303 -0.005127 -0.000229 0.694302 -0.915814 -0.000199
1484.400000 0.007304 -0.005127 -0.000229 0.696206 -0.914366 -0.000199
1484.550000 0.007305 -0.005127 -0.000229 0.698106 -0.912915 -0.000199
1484.700000 0.007306 -0.005127 -0.000229 0.700004 -0.911459 -0.000199
1484.850000 0.007307 -0.005128 -0.000229 0.701899 -0.910000 -0.000199
1485.000000 0.007308 -0.005128 -0.000229 0.703791 -0.908536 -0.000199
1485.150000 0.007309 -0.005128 -0.000229 0.705679 -0.907069 -0.000199
1485.300000 0.007310 -0.005129 -0.000229 0.707565 -0.905597 -0.000199
1485.450000 0.007310 -0.005129 -0.000229 0.709447 -0.904121 -0.000199
1485.600000 0.007311 -0.005129 -0.000229 0.711326 -0.902641 -0.000199
1485.750000 0.007312 -0.005129 -0.000229 0.713202 -0.901158 -0.000200
1485.900000 0.007313 -0.005130 -0.000229 0.715075 -0.899670 -0.000200
1486.050000 0.007314 -0.005130 -0.000229 0.716944 -0.898178 -0.000200
1486.200000 0.007315 -0.005130 -0.000229 0.718811 -0.896682 -0.000200
1486.350000 0.007316 -0.005131 -0.000229 0.720674 -0.895182 -0.000200
1486.500000 0.007317 -0.005131 -0.000229 0.722534 -0.893678 -0.000200
1486.650000 0.007318 -0.005131 -0.000229 0.724391 -0.892170 -0.000200
1486.800000 0.007319 -0.005131 -0.000229 0.726245 -0.890658 -0.000200
1486.950000 0.007319 -0.005132 -0.000229 0.728095 -0.889142 -0.000200
1487.100000 0.007320 -0.005132 -0.000229 0.729942 -0.887623 -0.000200
1487.250000 0.007321 -0.005132 -0.000229 0.731786 -0.886099 -0.000200
1487.400000 0.007322 -0.005133 -0.000229 0.733627 -0.884571 -0.000200
1487.550000 0.007323 -0.005133 -0.000229 0.735465 -0.883039 -0.000200
1487.700000 0.007324 -0.005133 -0.000229 0.737299 -0.881504 -0.000200
1487.850000 0.007325 -0.005133 -0.000229 0.739130 -0.879964 -0.000200
1488.000000 0.007326 -0.005134 -0.000229 0.740958 -0.878421 -0.000200
1488.150000 0.007327 -0.005134 -0.000229 0.742782 -0.876873 -0.000200
1488.300000 0.007327 -0.005134 -0.000229 0.744603 -0.875322 -0.000201
1488.450000 0.007328 -0.005135 -0.000229 0.746421 -0.873766 -0.000201
1488.600000 0.007329 -0.005135 -0.000229 0.748236 -0.872207 -0.000201
1488.750000 0.007330 -0.005135 -0.000229 0.750047 -0.870644 -0.000201
1488.900000 0.007331 -0.005135 -0.000229 0.751855 -0.869077 -0.000201
1489.050000 0.007332 -0.005136 -0.000229 0.753659 -0.867506 -0.000201
1489.200000 0.007333 -0.005136 -0.000230 0.755460 -0.865932 -0.000201
1489.350000 0.007334 -0.005136 -0.000230 0.757258 -0.864353 -0.000201
1489.500000 0.007335 -0.005137 -0.000230 0.759053 -0.862771 -0.000201
1489.650000 0.007336 -0.005137 -0.000230 0.760844 -0.861184 -0.000201
1489.800000 0.007336 -0.005137 -0.000230 0.762632 -0.859594 -0.000201
1489.950000 0.007337 -0.005137 -0.000230 0.764416 -0.858000 -0.000201
1490.100000 0.007338 -0.005138 -0.000230 0.766197 -0.856402 -0.000201
1490.250000 0.007339 -0.005138 -0.000230 0.767975 -0.854800 -0.000201
1490.400000 0.007340 -0.005138 -0.000230 0.769749 -0.853195 -0.000201
1490.550000 0.007341 -0.005139 -0.000230 0.771519 -0.851586 -0.000201
1490.700000 0.007342 -0.005139 -0.000230 0.773287 -0.849973 -0.000202
1490.850000 0.007343 -0.005139 -0.000230 0.775051 -0.848356 -0.000202
1491.000000 0.007344 -0.005139 -0.000230 0.776811 -0.846735 -0.000202
1491.150000 0.007345 -0.005140 -0.000230 0.778568 -0.845110 -0.000202
1491.300000 0.007345 -0.005140 -0.000230 0.780322 -0.843482 -0.000202
1491.450000 0.007346 -0.005140 -0.000230 0.782072 -0.841850 -0.000202
1491.600000 0.007347 -0.005141 -0.000230 0.783819 -0.840214 -0.000202
1491.750000 0.007348 -0.005141 -0.000230 0.785562 -0.838575 -0.000202
1491.900000 0.007349 -0.005141 -0.000230 0.787301 -0.836931 -0.000202
1492.050000 0.007350 -0.005141 -0.000230 0.789038 -0.835284 -0.000202
1492.200000 0.007351 -0.005142 -0.000230 0.790770 -0.833633 -0.000202
1492.350000 0.007352 -0.005142 -0.000230 0.792499 -0.831979 -0.000202
1492.500000 0.007353 -0.005142 -0.000230 0.794225 -0.830321 -0.000202
1492.650000 0.007353 -0.005143 -0.000230 0.795947 -0.828659 -0.000202
1492.800000 0.007354 -0.005143 -0.000230 0.797666 -0.826993 -0.000202
1492.950000 0.007355 -0.005143 -0.000230 0.799381 -0.825324 -0.000203
1493.100000 0.007356 -0.005143 -0.000230 0.801092 -0.823650 -0.000203
1493.250000 0.007357 -0.005144 -0.000230 0.802800 -0.821974 -0.000203
1493.400000 0.007358 -0.005144 -0.000230 0.804505 -0.820293 -0.000203
1493.550000 0.007359 -0.005144 -0.000230 0.806205 -0.818609 -0.000203
1493.700000 0.007360 -0.005145 -0.000230 0.807903 -0.816921 -0.000203
1493.850000 0.007361 -0.005145 -0.000230 0.809596 -0.815230 -0.000203
1494.000000 0.007362 -0.005145 -0.000230 0.811286 -0.813535 -0.000203
1494.150000 0.007362 -0.005145 -0.000230 0.812973 -0.811836 -0.000203
1494.300000 0.007363 -0.005146 -0.000230 0.814655 -0.810134 -0.000203
1494.450000 0.007364 -0.005146 -0.000230 0.816335 -0.808428 -0.000203
1494.600000 0.007365 -0.005146 -0.000230 0.818010 -0.806718 -0.000203
1494.750000 0.007366 -0.005147 -0.000230 0.819682 -0.805005 -0.000203
1494.900000 0.007367 -0.005147 -0.000230 0.821350 -0.803288 -0.000203
1495.050000 0.007368 -0.005147 -0.000230 0.823015 -0.801568 -0.000203
1495.200000 0.007369 -0.005147 -0.000230 0.824676 -0.799844 -0.000204
1495.350000 0.007370 -0.005148 -0.000230 0.826333 -0.798117 -0.000204
1495.500000 0.007371 -0.005148 -0.000230 0.827987 -0.796385 -0.000204
1495.650000 0.007371 -0.005148 -0.000230 0.829637 -0.794651 -0.000204
1495.800000 0.007372 -0.005149 -0.000230 0.831283 -0.792912 -0.000204
1495.950000 0.007373 -0.005149 -0.000230 0.832926 -0.791171 -0.000204
1496.100000 0.007374 -0.005149 -0.000230 0.834565 -0.789425 -0.000204
1496.250000 0.007375 -0.005149 -0.000230 0.836200 -0.787676 -0.000204
1496.400000 0.007376 -0.005150 -0.000230 0.837831 -0.785924 -0.000204
1496.550000 0.007377 -0.005150 -0.000230 0.839459 -0.784168 -0.000204
1496.700000 0.007378 -0.005150 -0.000230 0.841083 -0.782409 -0.000204
1496.850000 0.007379 -0.005150 -0.000230 0.842703 -0.780646 -0.000204
1497.000000 0.007379 -0.005151 -0.000231 0.844320 -0.778879 -0.000204
1497.150000 0.007380 -0.005151 -0.000231 0.845932 -0.777110 -0.000204
1497.300000 0.007381 -0.005151 -0.000231 0.847541 -0.775336 -0.000204
1497.450000 0.007382 -0.005152 -0.000231 0.849147 -0.773559 -0.000205
1497.600000 0.007383 -0.005152 -0.000231 0.850748 -0.771779 -0.000205
1497.750000 0.007384 -0.005152 -0.000231 0.852346 -0.769995 -0.000205
1497.900000 0.007385 -0.005152 -0.000231 0.853939 -0.768208 -0.000205
1498.050000 0.007386 -0.005153 -0.000231 0.855530 -0.766417 -0.000205
1498.200000 0.007387 -0.005153 -0.000231 0.857116 -0.764623 -0.000205
1498.350000 0.007388 -0.005153 -0.000231 0.858698 -0.762826 -0.000205
1498.500000 0.007388 -0.005154 -0.000231 0.860277 -0.761025 -0.000205
1498.650000 0.007389 -0.005154 -0.000231 0.861852 -0.759220 -0.000205
1498.800000 0.007390 -0.005154 -0.000231 0.863423 -0.757413 -0.000205
1498.950000 0.007391 -0.005154 -0.000231 0.864990 -0.755602 -0.000205
1499.100000 0.007392 -0.005155 -0.000231 0.866553 -0.753787 -0.000205
1499.250000 0.007393 -0.005155 -0.000231 0.868112 -0.751969 -0.000205
1499.400000 0.007394 -0.005155 -0.000231 0.869668 -0.750148 -0.000205
1499.550000 0.007395 -0.005156 -0.000231 0.871219 -0.748323 -0.000206
1499.700000 0.007396 -0.005156 -0.000231 0.872767 -0.746495 -0.000206
1499.850000 0.007396 -0.005156 -0.000231 0.874311 -0.744664 -0.000206
1500.000000 0.007397 -0.005156 -0.000231 0.875851 -0.742829 -0.000206
1500.150000 0.007398 -0.005157 -0.000231 0.877387 -0.740991 -0.000206
1500.300000 0.007399 -0.005157 -0.000231 0.878919 -0.739150 -0.000206
1500.450000 0.007400 -0.005157 -0.000231 0.880448 -0.737306 -0.000206
1500.600000 0.007401 -0.005158 -0.000231 0.881972 -0.735458 -0.000206
1500.750000 0.007402 -0.005158 -0.000231 0.883492 -0.733606 -0.000206
1500.900000 0.007403 -0.005158 -0.000231 0.885009 -0.731752 -0.000206
1501.050000 0.007404 -0.005158 -0.000231 0.886521 -0.729894 -0.000206
1501.200000 0.007405 -0.005159 -0.000231 0.888030 -0.728033 -0.000206
1501.350000 0.007405 -0.005159 -0.000231 0.889534 -0.726169 -0.000206
1501.500000 0.007406 -0.005159 -0.000231 0.891035 -0.724301 -0.000206
1501.650000 0.007407 -0.005160 -0.000231 0.892532 -0.722430 -0.000207
1501.800000 0.007408 -0.005160 -0.000231 0.894024 -0.720556 -0.000207
1501.950000 0.007409 -0.005160 -0.000231 0.895513 -0.718679 -0.000207
1502.100000 0.007410 -0.005160 -0.000231 0.896998 -0.716799 -0.000207
1502.250000 0.007411 -0.005161 -0.000231 0.898479 -0.714915 -0.000207
1502.400000 0.007412 -0.005161 -0.000231 0.899955 -0.713028 -0.000207
1502.550000 0.007413 -0.005161 -0.000231 0.901428 -0.711138 -0.000207
1502.700000 0.007414 -0.005162 -0.000231 0.902897 -0.709245 -0.000207
1502.850000 0.007414 -0.005162 -0.000231 0.904361 -0.707348 -0.000207
1503.000000 0.007415 -0.005162 -0.000231 0.905822 -0.705448 -0.000207
1503.150000 0.007416 -0.005162 -0.000231 0.907279 -0.703546 -0.000207
1503.300000 0.007417 -0.005163 -0.000231 0.908731 -0.701640 -0.000207
1503.450000 0.007418 -0.005163 -0.000231 0.910180 -0.699731 -0.000207
1503.600000 0.007419 -0.005163 -0.000231 0.911624 -0.697818 -0.000208
1503.750000 0.007420 -0.005164 -0.000231 0.913064 -0.695903 -0.000208
1503.900000 0.007421 -0.005164 -0.000231 0.914501 -0.693984 -0.000208
1504.050000 0.007422 -0.005164 -0.000231 0.915933 -0.692063 -0.000208
1504.200000 0.007422 -0.005164 -0.000231 0.917361 -0.690138 -0.000208
1504.350000 0.007423 -0.005165 -0.000231 0.918785 -0.688210 -0.000208
1504.500000 0.007424 -0.005165 -0.000231 0.920205 -0.686279 -0.000208
1504.650000 0.007425 -0.005165 -0.000232 0.921621 -0.684345 -0.000208
1504.800000 0.007426 -0.005166 -0.000232 0.923033 -0.682408 -0.000208
1504.950000 0.007427 -0.005166 -0.000232 0.924440 -0.680468 -0.000208
1505.100000 0.007428 -0.005166 -0.000232 0.925844 -0.678525 -0.000208
1505.250000 0.007429 -0.005166 -0.000232 0.927243 -0.676579 -0.000208
1505.400000 0.007430 -0.005167 -0.000232 0.928638 -0.674630 -0.000208
1505.550000 0.007431 -0.005167 -0.000232 0.930029 -0.672677 -0.000208
1505.700000 0.007431 -0.005167 -0.000232 0.931416 -0.670722 -0.000209
1505.850000 0.007432 -0.005168 -0.000232 0.932799 -0.668764 -0.000209
1506.000000 0.007433 -0.005168 -0.000232 0.934177 -0.666802 -0.000209
1506.150000 0.007434 -0.005168 -0.000232 0.935552 -0.664838 -0.000209
1506.300000 0.007435 -0.005168 -0.000232 0.936922 -0.662871 -0.000209
1506.450000 0.007436 -0.005169 -0.000232 0.938288 -0.660901 -0.000209
1506.600000 0.007437 -0.005169 -0.000232 0.939650 -0.658927 -0.000209
1506.750000 0.007438 -0.005169 -0.000232 0.941007 -0.656951 -0.000209
1506.900000 0.007439 -0.005170 -0.000232 0.942361 -0.654972 -0.000209
1507.050000 0.007440 -0.005170 -0.000232 0.943710 -0.652990 -0.000209
1507.200000 0.007440 -0.005170 -0.000232 0.945055 -0.651005 -0.000209
1507.350000 0.007441 -0.005170 -0.000232 0.946396 -0.649017 -0.000209
1507.500000 0.007442 -0.005171 -0.000232 0.947732 -0.647026 -0.000209
1507.650000 0.007443 -0.005171 -0.000232 0.949064 -0.645033 -0.000210
1507.800000 0.007444 -0.005171 -0.000232 0.950393 -0.643036 -0.000210
1507.950000 0.007445 -0.005172 -0.000232 0.951716 -0.641036 -0.000210
1508.100000 0.007446 -0.005172 -0.000232 0.953036 -0.639034 -0.000210
1508.250000 0.007447 -0.005172 -0.000232 0.954351 -0.637029 -0.000210
1508.400000 0.007448 -0.005172 -0.000232 0.955662 -0.635021 -0.000210
1508.550000 0.007449 -0.005173 -0.000232 0.956969 -0.633010 -0.000210
1508.700000 0.007449 -0.005173 -0.000232 0.958271 -0.630996 -0.000210
1508.850000 0.007450 -0.005173 -0.000232 0.959570 -0.628979 -0.000210
1509.000000 0.007451 -0.005174 -0.000232 0.960864 -0.626960 -0.000210
1509.150000 0.007452 -0.005174 -0.000232 0.962153 -0.624937 -0.000210
1509.300000 0.007453 -0.005174 -0.000232 0.963438 -0.622912 -0.000210
1509.450000 0.007454 -0.005174 -0.000232 0.964719 -0.620884 -0.000210
1509.600000 0.007455 -0.005175 -0.000232 0.965996 -0.618854 -0.000211
1509.750000 0.007456 -0.005175 -0.000232 0.967268 -0.616820 -0.000211
1509.900000 0.007457 -0.005175 -0.000232 0.968536 -0.614784 -0.000211
1510.050000 0.007457 -0.005176 -0.000232 0.969800 -0.612745 -0.000211
1510.200000 0.007458 -0.005176 -0.000232 0.971059 -0.610703 -0.000211
1510.350000 0.007459 -0.005176 -0.000232 0.972314 -0.608659 -0.000211
1510.500000 0.007460 -0.005176 -0.000232 0.973565 -0.606611 -0.000211
1510.650000 0.007461 -0.005177 -0.000232 0.974811 -0.604561 -0.000211
1510.800000 0.007462 -0.005177 -0.000232 0.976053 -0.602509 -0.000211
1510.950000 0.007463 -0.005177 -0.000232 0.977291 -0.600453 -0.000211
1511.100000 0.007464 -0.005178 -0.000232 0.978524 -0.598395 -0.000211
1511.250000 0.007465 -0.005178 -0.000232 0.979753 -0.596335 -0.000211
1511.400000 0.007466 -0.005178 -0.000232 0.980977 -0.594271 -0.000212
1511.550000 0.007466 -0.005178 -0.000232 0.982197 -0.592205 -0.000212
1511.700000 0.007467 -0.005179 -0.000232 0.983413 -0.590136 -0.000212
1511.850000 0.007468 -0.005179 -0.000232 0.984624 -0.588065 -0.000212
1512.000000 0.007469 -0.005179 -0.000232 0.985831 -0.585991 -0.000212
1512.150000 0.007470 -0.005180 -0.000232 0.987033 -0.583914 -0.000212
1512.300000 0.007471 -0.005180 -0.000233 0.988231 -0.581835 -0.000212
1512.450000 0.007472 -0.005180 -0.000233 0.989425 -0.579753 -0.000212
1512.600000 0.007473 -0.005180 -0.000233 0.990614 -0.577668 -0.000212
1512.750000 0.007474 -0.005181 -0.000233 0.991798 -0.575581 -0.000212
1512.900000 0.007475 -0.005181 -0.000233 0.992979 -0.573491 -0.000212
1513.050000 0.007475 -0.005181 -0.000233 0.994154 -0.571399 -0.000212
1513.200000 0.007476 -0.005182 -0.000233 0.995326 -0.569304 -0.000212
1513.350000 0.007477 -0.005182 -0.000233 0.996492 -0.567206 -0.000213
1513.500000 0.007478 -0.005182 -0.000233 0.997655 -0.565106 -0.000213
1513.650000 0.007479 -0.005182 -0.000233 0.998813 -0.563004 -0.000213
1513.800000 0.007480 -0.005183 -0.000233 0.999966 -0.560899 -0.000213
1513.950000 0.007481 -0.005183 -0.000233 1.001115 -0.558791 -0.000213
1514.100000 0.007482 -0.005183 -0.000233 1.002259 -0.556681 -0.000213
1514.250000 0.007483 -0.005184 -0.000233 1.003399 -0.554568 -0.000213
1514.400000 0.007484 -0.005184 -0.000233 1.004535 -0.552453 -0.000213
1514.550000 0.007484 -0.005184 -0.000233 1.005666 -0.550336 -0.000213
1514.700000 0.007485 -0.005184 -0.000233 1.006792 -0.548215 -0.000213
1514.850000 0.007486 -0.005185 -0.000233 1.007914 -0.546093 -0.000213
1515.000000 0.007487 -0.005185 -0.000233 1.009031 -0.543968 -0.000213
1515.150000 0.007488 -0.005185 -0.000233 1.010144 -0.541840 -0.000214
1515.300000 0.007489 -0.005186 -0.000233 1.011253 -0.539710 -0.000214
1515.450000 0.007490 -0.005186 -0.000233 1.012356 -0.537578 -0.000214
1515.600000 0.007491 -0.005186 -0.000233 1.013456 -0.535443 -0.000214
1515.750000 0.007492 -0.005186 -0.000233 1.014550 -0.533306 -0.000214
1515.900000 0.007492 -0.005187 -0.000233 1.015640 -0.531167 -0.000214
1516.050000 0.007493 -0.005187 -0.000233 1.016726 -0.529025 -0.000214
1516.200000 0.007494 -0.005187 -0.000233 1.017807 -0.526880 -0.000214
1516.350000 0.007495 -0.005188 -0.000233 1.018884 -0.524734 -0.000214
1516.500000 0.007496 -0.005188 -0.000233 1.019955 -0.522585 -0.000214
1516.650000 0.007497 -0.005188 -0.000233 1.021023 -0.520433 -0.000214
1516.800000 0.007498 -0.005188 -0.000233 1.022085 -0.518279 -0.000214
1516.950000 0.007499 -0.005189 -0.000233 1.023143 -0.516123 -0.000214
1517.100000 0.007500 -0.005189 -0.000233 1.024197 -0.513965 -0.000215
1517.250000 0.007501 -0.005189 -0.000233 1.025246 -0.511804 -0.000215
1517.400000 0.007501 -0.005190 -0.000233 1.026290 -0.509641 -0.000215
1517.550000 0.007502 -0.005190 -0.000233 1.027330 -0.507476 -0.000215
1517.700000 0.007503 -0.005190 -0.000233 1.028365 -0.505308 -0.000215
1517.850000 0.007504 -0.005190 -0.000233 1.029395 -0.503138 -0.000215
1518.000000 0.007505 -0.005191 -0.000233 1.030421 -0.500966 -0.000215
1518.150000 0.007506 -0.005191 -0.000233 1.031442 -0.498792 -0.000215
1518.300000 0.007507 -0.005191 -0.000233 1.032459 -0.496615 -0.000215
1518.450000 0.007508 -0.005192 -0.000233 1.033471 -0.494436 -0.000215
1518.600000 0.007509 -0.005192 -0.000233 1.034478 -0.492255 -0.000215
1518.750000 0.007510 -0.005192 -0.000233 1.035481 -0.490071 -0.000215
1518.900000 0.007510 -0.005192 -0.000233 1.036479 -0.487886 -0.000216
1519.050000 0.007511 -0.005193 -0.000233 1.037472 -0.485698 -0.000216
1519.200000 0.007512 -0.005193 -0.000233 1.038461 -0.483508 -0.000216
1519.350000 0.007513 -0.005193 -0.000233 1.039445 -0.481316 -0.000216
1519.500000 0.007514 -0.005194 -0.000233 1.040424 -0.479122 -0.000216
1519.650000 0.007515 -0.005194 -0.000233 1.041398 -0.476925 -0.000216
1519.800000 0.007516 -0.005194 -0.000233 1.042368 -0.474727 -0.000216
1519.950000 0.007517 -0.005194 -0.000234 1.043334 -0.472526 -0.000216
1520.100000 0.007518 -0.005195 -0.000234 1.044294 -0.470323 -0.000216
1520.250000 0.007519 -0.005195 -0.000234 1.045250 -0.468118 -0.000216
1520.400000 0.007519 -0.005195 -0.000234 1.046201 -0.465911 -0.000216
1520.550000 0.007520 -0.005196 -0.000234 1.047148 -0.463702 -0.000217
1520.700000 0.007521 -0.005196 -0.000234 1.048089 -0.461490 -0.000217
1520.850000 0.007522 -0.005196 -0.000234 1.049026 -0.459277 -0.000217
1521.000000 0.007523 -0.005196 -0.000234 1.049958 -0.457061 -0.000217
1521.150000 0.007524 -0.005197 -0.000234 1.050886 -0.454844 -0.000217
1521.300000 0.007525 -0.005197 -0.000234 1.051809 -0.452624 -0.000217
1521.450000 0.007526 -0.005197 -0.000234 1.052727 -0.450403 -0.000217
1521.600000 0.007527 -0.005198 -0.000234 1.053640 -0.448179 -0.000217
1521.750000 0.007528 -0.005198 -0.000234 1.054549 -0.445953 -0.000217
1521.900000 0.007528 -0.005198 -0.000234 1.055453 -0.443726 -0.000217
1522.050000 0.007529 -0.005198 -0.000234 1.056352 -0.441496 -0.000217
1522.200000 0.007530 -0.005199 -0.000234 1.057246 -0.439264 -0.000217
1522.350000 0.007531 -0.005199 -0.000234 1.058136 -0.437031 -0.000218
1522.500000 0.007532 -0.005199 -0.000234 1.059020 -0.434795 -0.000218
1522.650000 0.007533 -0.005200 -0.000234 1.059900 -0.432558 -0.000218
1522.800000 0.007534 -0.005200 -0.000234 1.060776 -0.430318 -0.000218
1522.950000 0.007535 -0.005200 -0.000234 1.061646 -0.428077 -0.000218
1523.100000 0.007536 -0.005200 -0.000234 1.062512 -0.425833 -0.000218
1523.250000 0.007537 -0.005201 -0.000234 1.063373 -0.423588 -0.000218
1523.400000 0.007537 -0.005201 -0.000234 1.064229 -0.421341 -0.000218
1523.550000 0.007538 -0.005201 -0.000234 1.065080 -0.419091 -0.000218
1523.700000 0.007539 -0.005202 -0.000234 1.065926 -0.416840 -0.000218
1523.850000 0.007540 -0.005202 -0.000234 1.066768 -0.414587 -0.000218
1524.000000 0.007541 -0.005202 -0.000234 1.067605 -0.412333 -0.000218
1524.150000 0.007542 -0.005202 -0.000234 1.068437 -0.410076 -0.000219
1524.300000 0.007543 -0.005203 -0.000234 1.069264 -0.407817 -0.000219
1524.450000 0.007544 -0.005203 -0.000234 1.070087 -0.405557 -0.000219
1524.600000 0.007545 -0.005203 -0.000234 1.070904 -0.403295 -0.000219
1524.750000 0.007545 -0.005204 -0.000234 1.071717 -0.401031 -0.000219
1524.900000 0.007546 -0.005204 -0.000234 1.072525 -0.398765 -0.000219
1525.050000 0.007547 -0.005204 -0.000234 1.073328 -0.396497 -0.000219
1525.200000 0.007548 -0.005204 -0.000234 1.074126 -0.394228 -0.000219
1525.350000 0.007549 -0.005205 -0.000234 1.074919 -0.391957 -0.000219
1525.500000 0.007550 -0.005205 -0.000234 1.075708 -0.389684 -0.000219
1525.650000 0.007551 -0.005205 -0.000234 1.076492 -0.387409 -0.000219
1525.800000 0.007552 -0.005206 -0.000234 1.077270 -0.385133 -0.000220
1525.950000 0.007553 -0.005206 -0.000234 1.078044 -0.382855 -0.000220
1526.100000 0.007554 -0.005206 -0.000234 1.078813 -0.380575 -0.000220
1526.250000 0.007554 -0.005206 -0.000234 1.079578 -0.378293 -0.000220
1526.400000 0.007555 -0.005207 -0.000234 1.080337 -0.376010 -0.000220
1526.550000 0.007556 -0.005207 -0.000234 1.081091 -0.373725 -0.000220
1526.700000 0.007557 -0.005207 -0.000234 1.081841 -0.371438 -0.000220
1526.850000 0.007558 -0.005208 -0.000234 1.082586 -0.369149 -0.000220
1527.000000 0.007559 -0.005208 -0.000234 1.083325 -0.366859 -0.000220
1527.150000 0.007560 -0.005208 -0.000234 1.084060 -0.364568 -0.000220
1527.300000 0.007561 -0.005208 -0.000234 1.084790 -0.362274 -0.000220
1527.450000 0.007562 -0.005209 -0.000234 1.085515 -0.359979 -0.000220
1527.600000 0.007563 -0.005209 -0.000235 1.086235 -0.357683 -0.000221
1527.750000 0.007563 -0.005209 -0.000235 1.086951 -0.355384 -0.000221
1527.900000 0.007564 -0.005210 -0.000235 1.087661 -0.353084 -0.000221
1528.050000 0.007565 -0.005210 -0.000235 1.088366 -0.350783 -0.000221
1528.200000 0.007566 -0.005210 -0.000235 1.089067 -0.348480 -0.000221
1528.350000 0.007567 -0.005210 -0.000235 1.089762 -0.346175 -0.000221
1528.500000 0.007568 -0.005211 -0.000235 1.090453 -0.343869 -0.000221
1528.650000 0.007569 -0.005211 -0.000235 1.091139 -0.341561 -0.000221
1528.800000 0.007570 -0.005211 -0.000235 1.091820 -0.339252 -0.000221
1528.950000 0.007571 -0.005212 -0.000235 1.092495 -0.336941 -0.000221
1529.100000 0.007572 -0.005212 -0.000235 1.093166 -0.334629 -0.000221
1529.250000 0.007572 -0.005212 -0.000235 1.093832 -0.332315 -0.000222
1529.400000 0.007573 -0.005212 -0.000235 1.094493 -0.330000 -0.000222
1529.550000 0.007574 -0.005213 -0.000235 1.095149 -0.327683 -0.000222
1529.700000 0.007575 -0.005213 -0.000235 1.095800 -0.325364 -0.000222
1529.850000 0.007576 -0.005213 -0.000235 1.096446 -0.323044 -0.000222
1530.000000 0.007577 -0.005214 -0.000235 1.097088 -0.320723 -0.000222
1530.150000 0.007578 -0.005214 -0.000235 1.097724 -0.318401 -0.000222
1530.300000 0.007579 -0.005214 -0.000235 1.098355 -0.316076 -0.000222
1530.450000 0.007580 -0.005214 -0.000235 1.098981 -0.313751 -0.000222
1530.600000 0.007581 -0.005215 -0.000235 1.099603 -0.311424 -0.000222
1530.750000 0.007581 -0.005215 -0.000235 1.100219 -0.309095 -0.000222
1530.900000 0.007582 -0.005215 -0.000235 1.100830 -0.306766 -0.000223
1531.050000 0.007583 -0.005216 -0.000235 1.101436 -0.304434 -0.000223
1531.200000 0.007584 -0.005216 -0.000235 1.102038 -0.302102 -0.000223
1531.350000 0.007585 -0.005216 -0.000235 1.102634 -0.299768 -0.000223
1531.500000 0.007586 -0.005216 -0.000235 1.103225 -0.297432 -0.000223
1531.650000 0.007587 -0.005217 -0.000235 1.103812 -0.295096 -0.000223
1531.800000 0.007588 -0.005217 -0.000235 1.104393 -0.292758 -0.000223
1531.950000 0.007589 -0.005217 -0.000235 1.104969 -0.290419 -0.000223
1532.100000 0.007590 -0.005218 -0.000235 1.105541 -0.288078 -0.000223
1532.250000 0.007590 -0.005218 -0.000235 1.106107 -0.285736 -0.000223
1532.400000 0.007591 -0.005218 -0.000235 1.106668 -0.283393 -0.000223
1532.550000 0.007592 -0.005218 -0.000235 1.107225 -0.281048 -0.000223
1532.700000 0.007593 -0.005219 -0.000235 1.107776 -0.278703 -0.000224
1532.850000 0.007594 -0.005219 -0.000235 1.108322 -0.276356 -0.000224
1533.000000 0.007595 -0.005219 -0.000235 1.108863 -0.274007 -0.000224
1533.150000 0.007596 -0.005220 -0.000235 1.109399 -0.271658 -0.000224
1533.300000 0.007597 -0.005220 -0.000235 1.109931 -0.269307 -0.000224
1533.450000 0.007598 -0.005220 -0.000235 1.110457 -0.266955 -0.000224
1533.600000 0.007599 -0.005220 -0.000235 1.110978 -0.264602 -0.000224
1533.750000 0.007599 -0.005221 -0.000235 1.111494 -0.262248 -0.000224
1533.900000 0.007600 -0.005221 -0.000235 1.112005 -0.259892 -0.000224
1534.050000 0.007601 -0.005221 -0.000235 1.112511 -0.257535 -0.000224
1534.200000 0.007602 -0.005222 -0.000235 1.113012 -0.255177 -0.000224
1534.350000 0.007603 -0.005222 -0.000235 1.113507 -0.252818 -0.000225
1534.500000 0.007604 -0.005222 -0.000235 1.113998 -0.250458 -0.000225
1534.650000 0.007605 -0.005222 -0.000235 1.114484 -0.248097 -0.000225
1534.800000 0.007606 -0.005223 -0.000235 1.114964 -0.245734 -0.000225
1534.950000 0.007607 -0.005223 -0.000235 1.115440 -0.243371 -0.000225
1535.100000 0.007608 -0.005223 -0.000235 1.115911 -0.241006 -0.000225
1535.250000 0.007608 -0.005224 -0.000236 1.116376 -0.238640 -0.000225
1535.400000 0.007609 -0.005224 -0.000236 1.116836 -0.236274 -0.000225
1535.550000 0.007610 -0.005224 -0.000236 1.117292 -0.233906 -0.000225
1535.700000 0.007611 -0.005224 -0.000236 1.117742 -0.231537 -0.000225
1535.850000 0.007612 -0.005225 -0.000236 1.118187 -0.229167 -0.000225
1536.000000 0.007613 -0.005225 -0.000236 1.118627 -0.226796 -0.000226
1536.150000 0.007614 -0.005225 -0.000236 1.119062 -0.224424 -0.000226
1536.300000 0.007615 -0.005226 -0.000236 1.119492 -0.222051 -0.000226
1536.450000 0.007616 -0.005226 -0.000236 1.119917 -0.219677 -0.000226
1536.600000 0.007617 -0.005226 -0.000236 1.120336 -0.217301 -0.000226
1536.750000 0.007617 -0.005227 -0.000236 1.120751 -0.214925 -0.000226
1536.900000 0.007618 -0.005227 -0.000236 1.121161 -0.212548 -0.000226
1537.050000 0.007619 -0.005227 -0.000236 1.121565 -0.210170 -0.000226
1537.200000 0.007620 -0.005227 -0.000236 1.121964 -0.207791 -0.000226
1537.350000 0.007621 -0.005228 -0.000236 1.122358 -0.205412 -0.000226
1537.500000 0.007622 -0.005228 -0.000236 1.122748 -0.203031 -0.000226
1537.650000 0.007623 -0.005228 -0.000236 1.123132 -0.200649 -0.000227
1537.800000 0.007624 -0.005229 -0.000236 1.123510 -0.198266 -0.000227
1537.950000 0.007625 -0.005229 -0.000236 1.123884 -0.195883 -0.000227
1538.100000 0.007626 -0.005229 -0.000236 1.124253 -0.193499 -0.000227
1538.250000 0.007626 -0.005229 -0.000236 1.124616 -0.191113 -0.000227
1538.400000 0.007627 -0.005230 -0.000236 1.124975 -0.188727 -0.000227
1538.550000 0.007628 -0.005230 -0.000236 1.125328 -0.186340 -0.000227
1538.700000 0.007629 -0.005230 -0.000236 1.125676 -0.183952 -0.000227
1538.850000 0.007630 -0.005231 -0.000236 1.126019 -0.181564 -0.000227
1539.000000 0.007631 -0.005231 -0.000236 1.126357 -0.179174 -0.000227
1539.150000 0.007632 -0.005231 -0.000236 1.126690 -0.176784 -0.000228
1539.300000 0.007633 -0.005231 -0.000236 1.127018 -0.174393 -0.000228
1539.450000 0.007634 -0.005232 -0.000236 1.127340 -0.172001 -0.000228
1539.600000 0.007635 -0.005232 -0.000236 1.127657 -0.169608 -0.000228
1539.750000 0.007635 -0.005232 -0.000236 1.127970 -0.167215 -0.000228
1539.900000 0.007636 -0.005233 -0.000236 1.128277 -0.164821 -0.000228
1540.050000 0.007637 -0.005233 -0.000236 1.128579 -0.162426 -0.000228
1540.200000 0.007638 -0.005233 -0.000236 1.128876 -0.160030 -0.000228
1540.350000 0.007639 -0.005233 -0.000236 1.129167 -0.157634 -0.000228
1540.500000 0.007640 -0.005234 -0.000236 1.129454 -0.155237 -0.000228
1540.650000 0.007641 -0.005234 -0.000236 1.129735 -0.152839 -0.000228
1540.800000 0.007642 -0.005234 -0.000236 1.130011 -0.150440 -0.000229
1540.950000 0.007643 -0.005235 -0.000236 1.130282 -0.148041 -0.000229
1541.100000 0.007644 -0.005235 -0.000236 1.130548 -0.145641 -0.000229
1541.250000 0.007644 -0.005235 -0.000236 1.130809 -0.143241 -0.000229
1541.400000 0.007645 -0.005235 -0.000236 1.131065 -0.140840 -0.000229
1541.550000 0.007646 -0.005236 -0.000236 1.131315 -0.138438 -0.000229
1541.700000 0.007647 -0.005236 -0.000236 1.131560 -0.136036 -0.000229
1541.850000 0.007648 -0.005236 -0.000236 1.131800 -0.133633 -0.000229
1542.000000 0.007649 -0.005237 -0.000236 1.132035 -0.131229 -0.000229
1542.150000 0.007650 -0.005237 -0.000236 1.132265 -0.128825 -0.000229
1542.300000 0.007651 -0.005237 -0.000236 1.132490 -0.126420 -0.000229
1542.450000 0.007652 -0.005237 -0.000236 1.132709 -0.124015 -0.000230
1542.600000 0.007653 -0.005238 -0.000236 1.132923 -0.121609 -0.000230
1542.750000 0.007653 -0.005238 -0.000236 1.133132 -0.119202 -0.000230
1542.900000 0.007654 -0.005238 -0.000237 1.133336 -0.116796 -0.000230
1543.050000 0.007655 -0.005239 -0.000237 1.133535 -0.114388 -0.000230
1543.200000 0.007656 -0.005239 -0.000237 1.133729 -0.111980 -0.000230
1543.350000 0.007657 -0.005239 -0.000237 1.133917 -0.109572 -0.000230
1543.500000 0.007658 -0.005239 -0.000237 1.134100 -0.107163 -0.000230
1543.650000 0.007659 -0.005240 -0.000237 1.134278 -0.104753 -0.000230
1543.800000 0.007660 -0.005240 -0.000237 1.134451 -0.102343 -0.000230
1543.950000 0.007661 -0.005240 -0.000237 1.134619 -0.099933 -0.000230
1544.100000 0.007662 -0.005241 -0.000237 1.134781 -0.097522 -0.000231
1544.250000 0.007662 -0.005241 -0.000237 1.134938 -0.095111 -0.000231
1544.400000 0.007663 -0.005241 -0.000237 1.135090 -0.092699 -0.000231
1544.550000 0.007664 -0.005241 -0.000237 1.135237 -0.090287 -0.000231
1544.700000 0.007665 -0.005242 -0.000237 1.135379 -0.087874 -0.000231
1544.850000 0.007666 -0.005242 -0.000237 1.135516 -0.085461 -0.000231
1545.000000 0.007667 -0.005242 -0.000237 1.135647 -0.083048 -0.000231
1545.150000 0.007668 -0.005243 -0.000237 1.135773 -0.080634 -0.000231
1545.300000 0.007669 -0.005243 -0.000237 1.135894 -0.078220 -0.000231
1545.450000 0.007670 -0.005243 -0.000237 1.136010 -0.075806 -0.000231
1545.600000 0.007671 -0.005243 -0.000237 1.136120 -0.073391 -0.000231
1545.750000 0.007671 -0.005244 -0.000237 1.136225 -0.070976 -0.000232
1545.900000 0.007672 -0.005244 -0.000237 1.136326 -0.068561 -0.000232
1546.050000 0.007673 -0.005244 -0.000237 1.136421 -0.066145 -0.000232
1546.200000 0.007674 -0.005245 -0.000237 1.136510 -0.063729 -0.000232
1546.350000 0.007675 -0.005245 -0.000237 1.136595 -0.061313 -0.000232
1546.500000 0.007676 -0.005245 -0.000237 1.136674 -0.058896 -0.000232
1546.650000 0.007677 -0.005245 -0.000237 1.136748 -0.056480 -0.000232
1546.800000 0.007678 -0.005246 -0.000237 1.136817 -0.054063 -0.000232
1546.950000 0.007679 -0.005246 -0.000237 1.136881 -0.051645 -0.000232
1547.100000 0.007680 -0.005246 -0.000237 1.136939 -0.049228 -0.000232
1547.250000 0.007680 -0.005247 -0.000237 1.136993 -0.046810 -0.000233
1547.400000 0.007681 -0.005247 -0.000237 1.137041 -0.044392 -0.000233
1547.550000 0.007682 -0.005247 -0.000237 1.137084 -0.041974 -0.000233
1547.700000 0.007683 -0.005247 -0.000237 1.137121 -0.039556 -0.000233
1547.850000 0.007684 -0.005248 -0.000237 1.137154 -0.037138 -0.000233
1548.000000 0.007685 -0.005248 -0.000237 1.137181 -0.034719 -0.000233
1548.150000 0.007686 -0.005248 -0.000237 1.137203 -0.032300 -0.000233
1548.300000 0.007687 -0.005249 -0.000237 1.137220 -0.029882 -0.000233
1548.450000 0.007688 -0.005249 -0.000237 1.137231 -0.027463 -0.000233
1548.600000 0.007689 -0.005249 -0.000237 1.137238 -0.025043 -0.000233
1548.750000 0.007689 -0.005249 -0.000237 1.137239 -0.022624 -0.000233
1548.900000 0.007690 -0.005250 -0.000237 1.137235 -0.020205 -0.000234
1549.050000 0.007691 -0.005250 -0.000237 1.137226 -0.017786 -0.000234
1549.200000 0.007692 -0.005250 -0.000237 1.137211 -0.015366 -0.000234
1549.350000 0.007693 -0.005251 -0.000237 1.137191 -0.012947 -0.000234
1549.500000 0.007694 -0.005251 -0.000237 1.137166 -0.010527 -0.000234
1549.650000 0.007695 -0.005251 -0.000237 1.137136 -0.008108 -0.000234
1549.800000 0.007696 -0.005251 -0.000237 1.137101 -0.005688 -0.000234
1549.950000 0.007697 -0.005252 -0.000237 1.137060 -0.003268 -0.000234
1550.100000 0.007698 -0.005252 -0.000237 1.137015 -0.000849 -0.000234
1550.250000 0.007698 -0.005252 -0.000237 1.136964 0.001571 -0.000234
1550.400000 0.007699 -0.005253 -0.000237 1.136907 0.003991 -0.000234
1550.550000 0.007700 -0.005253 -0.000238 1.136846 0.006410 -0.000235
1550.700000 0.007701 -0.005253 -0.000238 1.136779 0.008830 -0.000235
1550.850000 0.007702 -0.005253 -0.000238 1.136707 0.011249 -0.000235
1551.000000 0.007703 -0.005254 -0.000238 1.136630 0.013668 -0.000235
1551.150000 0.007704 -0.005254 -0.000238 1.136548 0.016088 -0.000235
1551.300000 0.007705 -0.005254 -0.000238 1.136460 0.018507 -0.000235
1551.450000 0.007706 -0.005255 -0.000238 1.136367 0.020926 -0.000235
1551.600000 0.007707 -0.005255 -0.000238 1.136269 0.023345 -0.000235
1551.750000 0.007707 -0.005255 -0.000238 1.136166 0.025764 -0.000235
1551.900000 0.007708 -0.005255 -0.000238 1.136058 0.028183 -0.000235
1552.050000 0.007709 -0.005256 -0.000238 1.135944 0.030602 -0.000236
1552.200000 0.007710 -0.005256 -0.000238 1.135825 0.033020 -0.000236
1552.350000 0.007711 -0.005256 -0.000238 1.135701 0.035438 -0.000236
1552.500000 0.007712 -0.005257 -0.000238 1.135572 0.037856 -0.000236
1552.650000 0.007713 -0.005257 -0.000238 1.135437 0.040274 -0.000236
1552.800000 0.007714 -0.005257 -0.000238 1.135297 0.042692 -0.000236
1552.950000 0.007715 -0.005257 -0.000238 1.135152 0.045110 -0.000236
1553.100000 0.007716 -0.005258 -0.000238 1.135002 0.047527 -0.000236
1553.250000 0.007717 -0.005258 -0.000238 1.134847 0.049944 -0.000236
1553.400000 0.007717 -0.005258 -0.000238 1.134686 0.052361 -0.000236
1553.550000 0.007718 -0.005259 -0.000238 1.134520 0.054777 -0.000236
1553.700000 0.007719 -0.005259 -0.000238 1.134349 0.057194 -0.000237
1553.850000 0.007720 -0.005259 -0.000238 1.134172 0.059610 -0.000237
1554.000000 0.007721 -0.005259 -0.000238 1.133991 0.062026 -0.000237
1554.150000 0.007722 -0.005260 -0.000238 1.133804 0.064441 -0.000237
1554.300000 0.007723 -0.005260 -0.000238 1.133612 0.066856 -0.000237
1554.450000 0.007724 -0.005260 -0.000238 1.133415 0.069271 -0.000237
1554.600000 0.007725 -0.005261 -0.000238 1.133212 0.071685 -0.000237
1554.750000 0.007726 -0.005261 -0.000238 1.133005 0.074100 -0.000237
1554.900000 0.007726 -0.005261 -0.000238 1.132792 0.076513 -0.000237
1555.050000 0.007727 -0.005261 -0.000238 1.132574 0.078927 -0.000237
1555.200000 0.007728 -0.005262 -0.000238 1.132350 0.081340 -0.000237
1555.350000 0.007729 -0.005262 -0.000238 1.132122 0.083752 -0.000238
1555.500000 0.007730 -0.005262 -0.000238 1.131888 0.086165 -0.000238
1555.650000 0.007731 -0.005263 -0.000238 1.131649 0.088576 -0.000238
1555.800000 0.007732 -0.005263 -0.000238 1.131405 0.090988 -0.000238
1555.950000 0.007733 -0.005263 -0.000238 1.131156 0.093399 -0.000238
1556.100000 0.007734 -0.005263 -0.000238 1.130901 0.095809 -0.000238
1556.250000 0.007735 -0.005264 -0.000238 1.130641 0.098219 -0.000238
1556.400000 0.007735 -0.005264 -0.000238 1.130376 0.100629 -0.000238
1556.550000 0.007736 -0.005264 -0.000238 1.130106 0.103038 -0.000238
1556.700000 0.007737 -0.005265 -0.000238 1.129830 0.105447 -0.000238
1556.850000 0.007738 -0.005265 -0.000238 1.129550 0.107855 -0.000239
1557.000000 0.007739 -0.005265 -0.000238 1.129264 0.110262 -0.000239
1557.150000 0.007740 -0.005265 -0.000238 1.128973 0.112669 -0.000239
1557.300000 0.007741 -0.005266 -0.000238 1.128676 0.115076 -0.000239
1557.450000 0.007742 -0.005266 -0.000238 1.128375 0.117482 -0.000239
1557.600000 0.007743 -0.005266 -0.000238 1.128068 0.119887 -0.000239
1557.750000 0.007744 -0.005267 -0.000238 1.127756 0.122292 -0.000239
1557.900000 0.007744 -0.005267 -0.000238 1.127439 0.124697 -0.000239
1558.050000 0.007745 -0.005267 -0.000238 1.127116 0.127100 -0.000239
1558.200000 0.007746 -0.005267 -0.000239 1.126789 0.129503 -0.000239
1558.350000 0.007747 -0.005268 -0.000239 1.126456 0.131906 -0.000239
1558.500000 0.007748 -0.005268 -0.000239 1.126118 0.134308 -0.000240
1558.650000 0.007749 -0.005268 -0.000239 1.125775 0.136709 -0.000240
1558.800000 0.007750 -0.005269 -0.000239 1.125426 0.139109 -0.000240
1558.950000 0.007751 -0.005269 -0.000239 1.125073 0.141509 -0.000240
1559.100000 0.007752 -0.005269 -0.000239 1.124714 0.143908 -0.000240
1559.250000 0.007753 -0.005269 -0.000239 1.124350 0.146307 -0.000240
1559.400000 0.007753 -0.005270 -0.000239 1.123981 0.148705 -0.000240
1559.550000 0.007754 -0.005270 -0.000239 1.123607 0.151102 -0.000240
1559.700000 0.007755 -0.005270 -0.000239 1.123227 0.153498 -0.000240
1559.850000 0.007756 -0.005271 -0.000239 1.122842 0.155894 -0.000240
1560.000000 0.007757 -0.005271 -0.000239 1.122452 0.158289 -0.000241
1560.150000 0.007758 -0.005271 -0.000239 1.122057 0.160683 -0.000241
1560.300000 0.007759 -0.005271 -0.000239 1.121657 0.163077 -0.000241
1560.450000 0.007760 -0.005272 -0.000239 1.121251 0.165469 -0.000241
1560.600000 0.007761 -0.005272 -0.000239 1.120841 0.167861 -0.000241
1560.750000 0.007762 -0.005272 -0.000239 1.120425 0.170252 -0.000241
1560.900000 0.007763 -0.005273 -0.000239 1.120004 0.172643 -0.000241
1561.050000 0.007763 -0.005273 -0.000239 1.119577 0.175032 -0.000241
1561.200000 0.007764 -0.005273 -0.000239 1.119146 0.177421 -0.000241
1561.350000 0.007765 -0.005273 -0.000239 1.118709 0.179808 -0.000241
1561.500000 0.007766 -0.005274 -0.000239 1.118267 0.182195 -0.000241
1561.650000 0.007767 -0.005274 -0.000239 1.117820 0.184581 -0.000242
1561.800000 0.007768 -0.005274 -0.000239 1.117368 0.186967 -0.000242
1561.950000 0.007769 -0.005275 -0.000239 1.116911 0.189351 -0.000242
1562.100000 0.007770 -0.005275 -0.000239 1.116448 0.191734 -0.000242
1562.250000 0.007771 -0.005275 -0.000239 1.115981 0.194117 -0.000242
1562.400000 0.007772 -0.005276 -0.000239 1.115508 0.196499 -0.000242
1562.550000 0.007772 -0.005276 -0.000239 1.115030 0.198879 -0.000242
1562.700000 0.007773 -0.005276 -0.000239 1.114547 0.201259 -0.000242
1562.850000 0.007774 -0.005276 -0.000239 1.114058 0.203638 -0.000242
1563.000000 0.007775 -0.005277 -0.000239 1.113565 0.206016 -0.000242
1563.150000 0.007776 -0.005277 -0.000239 1.113066 0.208392 -0.000242
1563.300000 0.007777 -0.005277 -0.000239 1.112562 0.210768 -0.000243
1563.450000 0.007778 -0.005278 -0.000239 1.112053 0.213143 -0.000243
1563.600000 0.007779 -0.005278 -0.000239 1.111539 0.215517 -0.000243
1563.750000 0.007780 -0.005278 -0.000239 1.111020 0.217890 -0.000243
1563.900000 0.007781 -0.005278 -0.000239 1.110495 0.220262 -0.000243
1564.050000 0.007781 -0.005279 -0.000239 1.109966 0.222632 -0.000243
1564.200000 0.007782 -0.005279 -0.000239 1.109431 0.225002 -0.000243
1564.350000 0.007783 -0.005279 -0.000239 1.108891 0.227371 -0.000243
1564.500000 0.007784 -0.005280 -0.000239 1.108346 0.229738 -0.000243
1564.650000 0.007785 -0.005280 -0.000239 1.107796 0.232105 -0.000243
1564.800000 0.007786 -0.005280 -0.000239 1.107241 0.234470 -0.000244
1564.950000 0.007787 -0.005280 -0.000239 1.106680 0.236834 -0.000244
1565.100000 0.007788 -0.005281 -0.000239 1.106114 0.239197 -0.000244
1565.250000 0.007789 -0.005281 -0.000239 1.105544 0.241559 -0.000244
1565.400000 0.007790 -0.005281 -0.000239 1.104968 0.243920 -0.000244
1565.550000 0.007790 -0.005282 -0.000239 1.104387 0.246280 -0.000244
1565.700000 0.007791 -0.005282 -0.000239 1.103801 0.248639 -0.000244
1565.850000 0.007792 -0.005282 -0.000240 1.103209 0.250996 -0.000244
1566.000000 0.007793 -0.005282 -0.000240 1.102613 0.253352 -0.000244
1566.150000 0.007794 -0.005283 -0.000240 1.102011 0.255707 -0.000244
1566.300000 0.007795 -0.005283 -0.000240 1.101405 0.258061 -0.000244
1566.450000 0.007796 -0.005283 -0.000240 1.100793 0.260414 -0.000245
1566.600000 0.007797 -0.005284 -0.000240 1.100176 0.262765 -0.000245
1566.750000 0.007798 -0.005284 -0.000240 1.099554 0.265115 -0.000245
1566.900000 0.007799 -0.005284 -0.000240 1.098927 0.267464 -0.000245
1567.050000 0.007800 -0.005284 -0.000240 1.098295 0.269811 -0.000245
1567.200000 0.007800 -0.005285 -0.000240 1.097658 0.272158 -0.000245
1567.350000 0.007801 -0.005285 -0.000240 1.097015 0.274503 -0.000245
1567.500000 0.007802 -0.005285 -0.000240 1.096368 0.276846 -0.000245
1567.650000 0.007803 -0.005286 -0.000240 1.095715 0.279189 -0.000245
1567.800000 0.007804 -0.005286 -0.000240 1.095057 0.281530 -0.000245
1567.950000 0.007805 -0.005286 -0.000240 1.094395 0.283870 -0.000245
1568.100000 0.007806 -0.005286 -0.000240 1.093727 0.286208 -0.000246
1568.250000 0.007807 -0.005287 -0.000240 1.093054 0.288545 -0.000246
1568.400000 0.007808 -0.005287 -0.000240 1.092376 0.290881 -0.000246
1568.550000 0.007809 -0.005287 -0.000240 1.091693 0.293215 -0.000246
1568.700000 0.007809 -0.005288 -0.000240 1.091004 0.295548 -0.000246
1568.850000 0.007810 -0.005288 -0.000240 1.090311 0.297879 -0.000246
1569.000000 0.007811 -0.005288 -0.000240 1.089613 0.300210 -0.000246
1569.150000 0.007812 -0.005288 -0.000240 1.088909 0.302538 -0.000246
1569.300000 0.007813 -0.005289 -0.000240 1.088201 0.304865 -0.000246
1569.450000 0.007814 -0.005289 -0.000240 1.087487 0.307191 -0.000246
1569.600000 0.007815 -0.005289 -0.000240 1.086768 0.309516 -0.000247
1569.750000 0.007816 -0.005290 -0.000240 1.086045 0.311839 -0.000247
1569.900000 0.007817 -0.005290 -0.000240 1.085316 0.314160 -0.000247
1570.050000 0.007818 -0.005290 -0.000240 1.084582 0.316480 -0.000247
1570.200000 0.007818 -0.005290 -0.000240 1.083843 0.318798 -0.000247
1570.350000 0.007819 -0.005291 -0.000240 1.083099 0.321115 -0.000247
1570.500000 0.007820 -0.005291 -0.000240 1.082350 0.323431 -0.000247
1570.650000 0.007821 -0.005291 -0.000240 1.081596 0.325745 -0.000247
1570.800000 0.007822 -0.005292 -0.000240 1.080837 0.328057 -0.000247
1570.950000 0.007823 -0.005292 -0.000240 1.080073 0.330368 -0.000247
1571.100000 0.007824 -0.005292 -0.000240 1.079304 0.332677 -0.000247
1571.250000 0.007825 -0.005292 -0.000240 1.078529 0.334984 -0.000248
1571.400000 0.007826 -0.005293 -0.000240 1.077750 0.337291 -0.000248
1571.550000 0.007827 -0.005293 -0.000240 1.076966 0.339595 -0.000248
1571.700000 0.007828 -0.005293 -0.000240 1.076177 0.341898 -0.000248
1571.850000 0.007828 -0.005294 -0.000240 1.075382 0.344199 -0.000248
1572.000000 0.007829 -0.005294 -0.000240 1.074583 0.346499 -0.000248
1572.150000 0.007830 -0.005294 -0.000240 1.073779 0.348797 -0.000248
1572.300000 0.007831 -0.005294 -0.000240 1.072969 0.351093 -0.000248
1572.450000 0.007832 -0.005295 -0.000240 1.072155 0.353387 -0.000248
1572.600000 0.007833 -0.005295 -0.000240 1.071336 0.355680 -0.000248
1572.750000 0.007834 -0.005295 -0.000240 1.070511 0.357972 -0.000248
1572.900000 0.007835 -0.005296 -0.000240 1.069682 0.360261 -0.000249
1573.050000 0.007836 -0.005296 -0.000240 1.068848 0.362549 -0.000249
1573.200000 0.007837 -0.005296 -0.000240 1.068008 0.364835 -0.000249
1573.350000 0.007837 -0.005296 -0.000240 1.067164 0.367120 -0.000249
1573.500000 0.007838 -0.005297 -0.000241 1.066315 0.369402 -0.000249
1573.650000 0.007839 -0.005297 -0.000241 1.065460 0.371683 -0.000249
1573.800000 0.007840 -0.005297 -0.000241 1.064601 0.373962 -0.000249
1573.950000 0.007841 -0.005298 -0.000241 1.063737 0.376240 -0.000249
1574.100000 0.007842 -0.005298 -0.000241 1.062868 0.378515 -0.000249
1574.250000 0.007843 -0.005298 -0.000241 1.061993 0.380789 -0.000249
1574.400000 0.007844 -0.005298 -0.000241 1.061114 0.383061 -0.000249
1574.550000 0.007845 -0.005299 -0.000241 1.060230 0.385331 -0.000250
1574.700000 0.007846 -0.005299 -0.000241 1.059341 0.387600 -0.000250
1574.850000 0.007847 -0.005299 -0.000241 1.058447 0.389866 -0.000250
1575.000000 0.007847 -0.005300 -0.000241 1.057548 0.392131 -0.000250
1575.150000 0.007848 -0.005300 -0.000241 1.056644 0.394394 -0.000250
1575.300000 0.007849 -0.005300 -0.000241 1.055735 0.396655 -0.000250
1575.450000 0.007850 -0.005300 -0.000241 1.054822 0.398914 -0.000250
1575.600000 0.007851 -0.005301 -0.000241 1.053903 0.401171 -0.000250
1575.750000 0.007852 -0.005301 -0.000241 1.052979 0.403426 -0.000250
1575.900000 0.007853 -0.005301 -0.000241 1.052051 0.405680 -0.000250
1576.050000 0.007854 -0.005302 -0.000241 1.051117 0.407931 -0.000250
1576.200000 0.007855 -0.005302 -0.000241 1.050179 0.410181 -0.000251
1576.350000 0.007856 -0.005302 -0.000241 1.049235 0.412428 -0.000251
1576.500000 0.007856 -0.005302 -0.000241 1.048287 0.414674 -0.000251
1576.650000 0.007857 -0.005303 -0.000241 1.047334 0.416917 -0.000251
1576.800000 0.007858 -0.005303 -0.000241 1.046376 0.419159 -0.000251
1576.950000 0.007859 -0.005303 -0.000241 1.045413 0.421399 -0.000251
1577.100000 0.007860 -0.005304 -0.000241 1.044445 0.423636 -0.000251
1577.250000 0.007861 -0.005304 -0.000241 1.043472 0.425872 -0.000251
1577.400000 0.007862 -0.005304 -0.000241 1.042494 0.428105 -0.000251
1577.550000 0.007863 -0.005304 -0.000241 1.041512 0.430337 -0.000251
1577.700000 0.007864 -0.005305 -0.000241 1.040524 0.432567 -0.000251
1577.850000 0.007865 -0.005305 -0.000241 1.039532 0.434794 -0.000252
1578.000000 0.007865 -0.005305 -0.000241 1.038535 0.437019 -0.000252
1578.150000 0.007866 -0.005306 -0.000241 1.037533 0.439243 -0.000252
1578.300000 0.007867 -0.005306 -0.000241 1.036526 0.441464 -0.000252
1578.450000 0.007868 -0.005306 -0.000241 1.035514 0.443683 -0.000252
1578.600000 0.007869 -0.005306 -0.000241 1.034498 0.445900 -0.000252
1578.750000 0.007870 -0.005307 -0.000241 1.033476 0.448115 -0.000252
1578.900000 0.007871 -0.005307 -0.000241 1.032450 0.450328 -0.000252
1579.050000 0.007872 -0.005307 -0.000241 1.031419 0.452539 -0.000252
1579.200000 0.007873 -0.005308 -0.000241 1.030383 0.454747 -0.000252
1579.350000 0.007874 -0.005308 -0.000241 1.029342 0.456953 -0.000252
1579.500000 0.007875 -0.005308 -0.000241 1.028296 0.459157 -0.000253
1579.650000 0.007875 -0.005308 -0.000241 1.027246 0.461359 -0.000253
1579.800000 0.007876 -0.005309 -0.000241 1.026190 0.463559 -0.000253
1579.950000 0.007877 -0.005309 -0.000241 1.025130 0.465757 -0.000253
1580.100000 0.007878 -0.005309 -0.000241 1.024065 0.467952 -0.000253
1580.250000 0.007879 -0.005310 -0.000241 1.022996 0.470145 -0.000253
1580.400000 0.007880 -0.005310 -0.000241 1.021921 0.472336 -0.000253
1580.550000 0.007881 -0.005310 -0.000241 1.020842 0.474525 -0.000253
1580.700000 0.007882 -0.005310 -0.000241 1.019758 0.476711 -0.000253
1580.850000 0.007883 -0.005311 -0.000241 1.018669 0.478895 -0.000253
1581.000000 0.007884 -0.005311 -0.000241 1.017575 0.481077 -0.000253
1581.150000 0.007884 -0.005311 -0.000242 1.016476 0.483257 -0.000254
1581.300000 0.007885 -0.005312 -0.000242 1.015373 0.485434 -0.000254
1581.450000 0.007886 -0.005312 -0.000242 1.014265 0.487609 -0.000254
1581.600000 0.007887 -0.005312 -0.000242 1.013152 0.489782 -0.000254
1581.750000 0.007888 -0.005312 -0.000242 1.012035 0.491952 -0.000254
1581.900000 0.007889 -0.005313 -0.000242 1.010912 0.494120 -0.000254
1582.050000 0.007890 -0.005313 -0.000242 1.009785 0.496285 -0.000254
1582.200000 0.007891 -0.005313 -0.000242 1.008654 0.498449 -0.000254
1582.350000 0.007892 -0.005314 -0.000242 1.007517 0.500609 -0.000254
1582.500000 0.007893 -0.005314 -0.000242 1.006376 0.502768 -0.000254
1582.650000 0.007894 -0.005314 -0.000242 1.005230 0.504924 -0.000254
1582.800000 0.007894 -0.005314 -0.000242 1.004079 0.507078 -0.000255
1582.950000 0.007895 -0.005315 -0.000242 1.002923 0.509229 -0.000255
1583.100000 0.007896 -0.005315 -0.000242 1.001763 0.511378 -0.000255
1583.250000 0.007897 -0.005315 -0.000242 1.000598 0.513524 -0.000255
1583.400000 0.007898 -0.005316 -0.000242 0.999429 0.515668 -0.000255
1583.550000 0.007899 -0.005316 -0.000242 0.998254 0.517810 -0.000255
1583.700000 0.007900 -0.005316 -0.000242 0.997075 0.519949 -0.000255
1583.850000 0.007901 -0.005316 -0.000242 0.995892 0.522085 -0.000255
1584.000000 0.007902 -0.005317 -0.000242 0.994703 0.524219 -0.000255
1584.150000 0.007903 -0.005317 -0.000242 0.993510 0.526351 -0.000255
1584.300000 0.007903 -0.005317 -0.000242 0.992312 0.528480 -0.000255
1584.450000 0.007904 -0.005318 -0.000242 0.991110 0.530606 -0.000256
1584.600000 0.007905 -0.005318 -0.000242 0.989903 0.532730 -0.000256
1584.750000 0.007906 -0.005318 -0.000242 0.988691 0.534852 -0.000256
1584.900000 0.007907 -0.005318 -0.000242 0.987475 0.536971 -0.000256
1585.050000 0.007908 -0.005319 -0.000242 0.986254 0.539087 -0.000256
1585.200000 0.007909 -0.005319 -0.000242 0.985028 0.541201 -0.000256
1585.350000 0.007910 -0.005319 -0.000242 0.983797 0.543312 -0.000256
1585.500000 0.007911 -0.005320 -0.000242 0.982562 0.545420 -0.000256
1585.650000 0.007912 -0.005320 -0.000242 0.981323 0.547526 -0.000256
1585.800000 0.007913 -0.005320 -0.000242 0.980079 0.549630 -0.000256
1585.950000 0.007913 -0.005320 -0.000242 0.978830 0.551730 -0.000256
1586.100000 0.007914 -0.005321 -0.000242 0.977576 0.553829 -0.000256
1586.250000 0.007915 -0.005321 -0.000242 0.976318 0.555924 -0.000257
1586.400000 0.007916 -0.005321 -0.000242 0.975055 0.558017 -0.000257
1586.550000 0.007917 -0.005322 -0.000242 0.973788 0.560107 -0.000257
1586.700000 0.007918 -0.005322 -0.000242 0.972516 0.562194 -0.000257
1586.850000 0.007919 -0.005322 -0.000242 0.971240 0.564279 -0.000257
1587.000000 0.007920 -0.005322 -0.000242 0.969959 0.566361 -0.000257
1587.150000 0.007921 -0.005323 -0.000242 0.968673 0.568441 -0.000257
1587.300000 0.007922 -0.005323 -0.000242 0.967383 0.570517 -0.000257
1587.450000 0.007922 -0.005323 -0.000242 0.966088 0.572591 -0.000257
1587.600000 0.007923 -0.005324 -0.000242 0.964789 0.574663 -0.000257
1587.750000 0.007924 -0.005324 -0.000242 0.963485 0.576731 -0.000257
1587.900000 0.007925 -0.005324 -0.000242 0.962176 0.578797 -0.000258
1588.050000 0.007926 -0.005324 -0.000242 0.960863 0.580860 -0.000258
1588.200000 0.007927 -0.005325 -0.000242 0.959546 0.582920 -0.000258
1588.350000 0.007928 -0.005325 -0.000242 0.958224 0.584977 -0.000258
1588.500000 0.007929 -0.005325 -0.000242 0.956897 0.587032 -0.000258
1588.650000 0.007930 -0.005326 -0.000242 0.955566 0.589083 -0.000258
1588.800000 0.007931 -0.005326 -0.000243 0.954231 0.591132 -0.000258
1588.950000 0.007932 -0.005326 -0.000243 0.952890 0.593179 -0.000258
1589.100000 0.007932 -0.005326 -0.000243 0.951546 0.595222 -0.000258
1589.250000 0.007933 -0.005327 -0.000243 0.950197 0.597262 -0.000258
1589.400000 0.007934 -0.005327 -0.000243 0.948843 0.599300 -0.000258
1589.550000 0.007935 -0.005327 -0.000243 0.947485 0.601335 -0.000258
1589.700000 0.007936 -0.005328 -0.000243 0.946122 0.603366 -0.000259
1589.850000 0.007937 -0.005328 -0.000243 0.944755 0.605395 -0.000259
1590.000000 0.007938 -0.005328 -0.000243 0.943384 0.607421 -0.000259
1590.150000 0.007939 -0.005328 -0.000243 0.942008 0.609445 -0.000259
1590.300000 0.007940 -0.005329 -0.000243 0.940628 0.611465 -0.000259
1590.450000 0.007941 -0.005329 -0.000243 0.939243 0.613482 -0.000259
1590.600000 0.007941 -0.005329 -0.000243 0.937853 0.615496 -0.000259
1590.750000 0.007942 -0.005330 -0.000243 0.936460 0.617508 -0.000259
1590.900000 0.007943 -0.005330 -0.000243 0.935061 0.619516 -0.000259
1591.050000 0.007944 -0.005330 -0.000243 0.933659 0.621522 -0.000259
1591.200000 0.007945 -0.005330 -0.000243 0.932252 0.623524 -0.000259
1591.350000 0.007946 -0.005331 -0.000243 0.930840 0.625524 -0.000259
1591.500000 0.007947 -0.005331 -0.000243 0.929425 0.627520 -0.000260
1591.650000 0.007948 -0.005331 -0.000243 0.928004 0.629514 -0.000260
1591.800000 0.007949 -0.005332 -0.000243 0.926580 0.631504 -0.000260
1591.950000 0.007950 -0.005332 -0.000243 0.925151 0.633492 -0.000260
1592.100000 0.007951 -0.005332 -0.000243 0.923717 0.635476 -0.000260
1592.250000 0.007951 -0.005332 -0.000243 0.922280 0.637458 -0.000260
1592.400000 0.007952 -0.005333 -0.000243 0.920838 0.639436 -0.000260
1592.550000 0.007953 -0.005333 -0.000243 0.919391 0.641411 -0.000260
1592.700000 0.007954 -0.005333 -0.000243 0.917940 0.643383 -0.000260
1592.850000 0.007955 -0.005334 -0.000243 0.916485 0.645353 -0.000260
1593.000000 0.007956 -0.005334 -0.000243 0.915026 0.647319 -0.000260
1593.150000 0.007957 -0.005334 -0.000243 0.913562 0.649282 -0.000261
1593.300000 0.007958 -0.005334 -0.000243 0.912094 0.651241 -0.000261
1593.450000 0.007959 -0.005335 -0.000243 0.910621 0.653198 -0.000261
1593.600000 0.007960 -0.005335 -0.000243 0.909144 0.655152 -0.000261
1593.750000 0.007960 -0.005335 -0.000243 0.907663 0.657102 -0.000261
1593.900000 0.007961 -0.005336 -0.000243 0.906178 0.659049 -0.000261
1594.050000 0.007962 -0.005336 -0.000243 0.904688 0.660993 -0.000261
1594.200000 0.007963 -0.005336 -0.000243 0.903194 0.662934 -0.000261
1594.350000 0.007964 -0.005336 -0.000243 0.901696 0.664872 -0.000261
1594.500000 0.007965 -0.005337 -0.000243 0.900193 0.666806 -0.000261
1594.650000 0.007966 -0.005337 -0.000243 0.898686 0.668738 -0.000261
1594.800000 0.007967 -0.005337 -0.000243 0.897175 0.670666 -0.000261
1594.950000 0.007968 -0.005338 -0.000243 0.895660 0.672591 -0.000262
1595.100000 0.007969 -0.005338 -0.000243 0.894140 0.674513 -0.000262
1595.250000 0.007970 -0.005338 -0.000243 0.892616 0.676431 -0.000262
1595.400000 0.007970 -0.005338 -0.000243 0.891088 0.678346 -0.000262
1595.550000 0.007971 -0.005339 -0.000243 0.889556 0.680258 -0.000262
1595.700000 0.007972 -0.005339 -0.000243 0.888020 0.682167 -0.000262
1595.850000 0.007973 -0.005339 -0.000243 0.886479 0.684072 -0.000262
1596.000000 0.007974 -0.005340 -0.000243 0.884934 0.685974 -0.000262
1596.150000 0.007975 -0.005340 -0.000243 0.883385 0.687873 -0.000262
1596.300000 0.007976 -0.005340 -0.000243 0.881831 0.689769 -0.000262
1596.450000 0.007977 -0.005340 -0.000244 0.880274 0.691661 -0.000262
1596.600000 0.007978 -0.005341 -0.000244 0.878712 0.693550 -0.000262
1596.750000 0.007979 -0.005341 -0.000244 0.877146 0.695435 -0.000262
1596.900000 0.007980 -0.005341 -0.000244 0.875576 0.697317 -0.000263
1597.050000 0.007980 -0.005342 -0.000244 0.874002 0.699196 -0.000263
1597.200000 0.007981 -0.005342 -0.000244 0.872424 0.701072 -0.000263
1597.350000 0.007982 -0.005342 -0.000244 0.870841 0.702944 -0.000263
1597.500000 0.007983 -0.005342 -0.000244 0.869255 0.704812 -0.000263
1597.650000 0.007984 -0.005343 -0.000244 0.867664 0.706678 -0.000263
1597.800000 0.007985 -0.005343 -0.000244 0.866069 0.708540 -0.000263
1597.950000 0.007986 -0.005343 -0.000244 0.864470 0.710398 -0.000263
1598.100000 0.007987 -0.005344 -0.000244 0.862867 0.712253 -0.000263
1598.250000 0.007988 -0.005344 -0.000244 0.861260 0.714105 -0.000263
1598.400000 0.007989 -0.005344 -0.000244 0.859648 0.715953 -0.000263
1598.550000 0.007989 -0.005344 -0.000244 0.858033 0.717798 -0.000263
1598.700000 0.007990 -0.005345 -0.000244 0.856413 0.719639 -0.000264
1598.850000 0.007991 -0.005345 -0.000244 0.854790 0.721477 -0.000264
1599.000000 0.007992 -0.005345 -0.000244 0.853162 0.723312 -0.000264
1599.150000 0.007993 -0.005346 -0.000244 0.851531 0.725143 -0.000264
1599.300000 0.007994 -0.005346 -0.000244 0.849895 0.726970 -0.000264
1599.450000 0.007995 -0.005346 -0.000244 0.848255 0.728794 -0.000264
1599.600000 0.007996 -0.005346 -0.000244 0.846611 0.730614 -0.000264
1599.750000 0.007997 -0.005347 -0.000244 0.844964 0.732431 -0.000264
1599.900000 0.007998 -0.005347 -0.000244 0.843312 0.734245 -0.000264
1600.050000 0.007999 -0.005347 -0.000244 0.841656 0.736055 -0.000264
1600.200000 0.007999 -0.005348 -0.000244 0.839996 0.737861 -0.000264
1600.350000 0.008000 -0.005348 -0.000244 0.838332 0.739664 -0.000264
1600.500000 0.008001 -0.005348 -0.000244 0.836664 0.741463 -0.000265
1600.650000 0.008002 -0.005348 -0.000244 0.834993 0.743258 -0.000265
1600.800000 0.008003 -0.005349 -0.000244 0.833317 0.745050 -0.000265
1600.950000 0.008004 -0.005349 -0.000244 0.831637 0.746839 -0.000265
1601.100000 0.008005 -0.005349 -0.000244 0.829953 0.748624 -0.000265
1601.250000 0.008006 -0.005350 -0.000244 0.828266 0.750405 -0.000265
1601.400000 0.008007 -0.005350 -0.000244 0.826574 0.752182 -0.000265
1601.550000 0.008008 -0.005350 -0.000244 0.824878 0.753956 -0.000265
1601.700000 0.008009 -0.005350 -0.000244 0.823179 0.755727 -0.000265
1601.850000 0.008009 -0.005351 -0.000244 0.821476 0.757493 -0.000265
1602.000000 0.008010 -0.005351 -0.000244 0.819768 0.759257 -0.000265
1602.150000 0.008011 -0.005351 -0.000244 0.818057 0.761016 -0.000265
1602.300000 0.008012 -0.005352 -0.000244 0.816342 0.762772 -0.000265
1602.450000 0.008013 -0.005352 -0.000244 0.814623 0.764524 -0.000266
1602.600000 0.008014 -0.005352 -0.000244 0.812900 0.766272 -0.000266
1602.750000 0.008015 -0.005352 -0.000244 0.811173 0.768017 -0.000266
1602.900000 0.008016 -0.005353 -0.000244 0.809443 0.769758 -0.000266
1603.050000 0.008017 -0.005353 -0.000244 0.807708 0.771495 -0.000266
1603.200000 0.008018 -0.005353 -0.000244 0.805970 0.773228 -0.000266
1603.350000 0.008018 -0.005353 -0.000244 0.804228 0.774958 -0.000266
1603.500000 0.008019 -0.005354 -0.000244 0.802482 0.776684 -0.000266
1603.650000 0.008020 -0.005354 -0.000244 0.800732 0.778406 -0.000266
1603.800000 0.008021 -0.005354 -0.000244 0.798978 0.780125 -0.000266
1603.950000 0.008022 -0.005355 -0.000244 0.797221 0.781840 -0.000266
1604.100000 0.008023 -0.005355 -0.000245 0.795459 0.783551 -0.000266
1604.250000 0.008024 -0.005355 -0.000245 0.793694 0.785258 -0.000266
1604.400000 0.008025 -0.005355 -0.000245 0.791926 0.786961 -0.000267
1604.550000 0.008026 -0.005356 -0.000245 0.790153 0.788661 -0.000267
1604.700000 0.008027 -0.005356 -0.000245 0.788377 0.790357 -0.000267
1604.850000 0.008028 -0.005356 -0.000245 0.786596 0.792049 -0.000267
1605.000000 0.008028 -0.005357 -0.000245 0.784813 0.793737 -0.000267
1605.150000 0.008029 -0.005357 -0.000245 0.783025 0.795421 -0.000267
1605.300000 0.008030 -0.005357 -0.000245 0.781233 0.797101 -0.000267
1605.450000 0.008031 -0.005357 -0.000245 0.779438 0.798778 -0.000267
1605.600000 0.008032 -0.005358 -0.000245 0.777640 0.800451 -0.000267
1605.750000 0.008033 -0.005358 -0.000245 0.775837 0.802120 -0.000267
1605.900000 0.008034 -0.005358 -0.000245 0.774031 0.803785 -0.000267
1606.050000 0.008035 -0.005359 -0.000245 0.772221 0.805446 -0.000267
1606.200000 0.008036 -0.005359 -0.000245 0.770407 0.807103 -0.000267
1606.350000 0.008037 -0.005359 -0.000245 0.768590 0.808756 -0.000268
1606.500000 0.008038 -0.005359 -0.000245 0.766769 0.810406 -0.000268
1606.650000 0.008038 -0.005360 -0.000245 0.764944 0.812051 -0.000268
1606.800000 0.008039 -0.005360 -0.000245 0.763116 0.813693 -0.000268
1606.950000 0.008040 -0.005360 -0.000245 0.761284 0.815330 -0.000268
1607.100000 0.008041 -0.005361 -0.000245 0.759448 0.816964 -0.000268
1607.250000 0.008042 -0.005361 -0.000245 0.757609 0.818594 -0.000268
1607.400000 0.008043 -0.005361 -0.000245 0.755766 0.820220 -0.000268
1607.550000 0.008044 -0.005361 -0.000245 0.753920 0.821841 -0.000268
1607.700000 0.008045 -0.005362 -0.000245 0.752070 0.823459 -0.000268
1607.850000 0.008046 -0.005362 -0.000245 0.750216 0.825073 -0.000268
1608.000000 0.008047 -0.005362 -0.000245 0.748359 0.826683 -0.000268
1608.150000 0.008047 -0.005363 -0.000245 0.746498 0.828289 -0.000268
1608.300000 0.008048 -0.005363 -0.000245 0.744634 0.829891 -0.000269
1608.450000 0.008049 -0.005363 -0.000245 0.742766 0.831488 -0.000269
1608.600000 0.008050 -0.005363 -0.000245 0.740894 0.833082 -0.000269
1608.750000 0.008051 -0.005364 -0.000245 0.739019 0.834672 -0.000269
1608.900000 0.008052 -0.005364 -0.000245 0.737141 0.836258 -0.000269
1609.050000 0.008053 -0.005364 -0.000245 0.735259 0.837839 -0.000269
1609.200000 0.008054 -0.005365 -0.000245 0.733373 0.839417 -0.000269
1609.350000 0.008055 -0.005365 -0.000245 0.731484 0.840990 -0.000269
1609.500000 0.008056 -0.005365 -0.000245 0.729592 0.842560 -0.000269
1609.650000 0.008057 -0.005365 -0.000245 0.727695 0.844125 -0.000269
1609.800000 0.008057 -0.005366 -0.000245 0.725796 0.845686 -0.000269
1609.950000 0.008058 -0.005366 -0.000245 0.723893 0.847244 -0.000269
1610.100000 0.008059 -0.005366 -0.000245 0.721986 0.848797 -0.000269
1610.250000 0.008060 -0.005367 -0.000245 0.720076 0.850346 -0.000269
1610.400000 0.008061 -0.005367 -0.000245 0.718163 0.851891 -0.000270
1610.550000 0.008062 -0.005367 -0.000245 0.716246 0.853431 -0.000270
1610.700000 0.008063 -0.005367 -0.000245 0.714326 0.854968 -0.000270
1610.850000 0.008064 -0.005368 -0.000245 0.712402 0.856500 -0.000270
1611.000000 0.008065 -0.005368 -0.000245 0.710475 0.858028 -0.000270
1611.150000 0.008066 -0.005368 -0.000245 0.708545 0.859553 -0.000270
1611.300000 0.008067 -0.005369 -0.000245 0.706611 0.861073 -0.000270
1611.450000 0.008067 -0.005369 -0.000245 0.704673 0.862588 -0.000270
1611.600000 0.008068 -0.005369 -0.000245 0.702733 0.864100 -0.000270
1611.750000 0.008069 -0.005369 -0.000246 0.700789 0.865607 -0.000270
1611.900000 0.008070 -0.005370 -0.000246 0.698841 0.867110 -0.000270
1612.050000 0.008071 -0.005370 -0.000246 0.696891 0.868609 -0.000270
1612.200000 0.008072 -0.005370 -0.000246 0.694937 0.870104 -0.000270
1612.350000 0.008073 -0.005371 -0.000246 0.692979 0.871595 -0.000270
1612.500000 0.008074 -0.005371 -0.000246 0.691019 0.873081 -0.000271
1612.650000 0.008075 -0.005371 -0.000246 0.689055 0.874563 -0.000271
1612.800000 0.008076 -0.005371 -0.000246 0.687087 0.876041 -0.000271
1612.950000 0.008077 -0.005372 -0.000246 0.685117 0.877515 -0.000271
1613.100000 0.008077 -0.005372 -0.000246 0.683143 0.878984 -0.000271
1613.250000 0.008078 -0.005372 -0.000246 0.681166 0.880449 -0.000271
1613.400000 0.008079 -0.005373 -0.000246 0.679185 0.881910 -0.000271
1613.550000 0.008080 -0.005373 -0.000246 0.677202 0.883366 -0.000271
1613.700000 0.008081 -0.005373 -0.000246 0.675215 0.884818 -0.000271
1613.850000 0.008082 -0.005373 -0.000246 0.673225 0.886266 -0.000271
1614.000000 0.008083 -0.005374 -0.000246 0.671231 0.887710 -0.000271
1614.150000 0.008084 -0.005374 -0.000246 0.669235 0.889149 -0.000271
1614.300000 0.008085 -0.005374 -0.000246 0.667235 0.890584 -0.000271
1614.450000 0.008086 -0.005375 -0.000246 0.665232 0.892015 -0.000271
1614.600000 0.008086 -0.005375 -0.000246 0.663226 0.893441 -0.000272
1614.750000 0.008087 -0.005375 -0.000246 0.661216 0.894863 -0.000272
1614.900000 0.008088 -0.005375 -0.000246 0.659204 0.896281 -0.000272
1615.050000 0.008089 -0.005376 -0.000246 0.657188 0.897694 -0.000272
1615.200000 0.008090 -0.005376 -0.000246 0.655169 0.899103 -0.000272
1615.350000 0.008091 -0.005376 -0.000246 0.653147 0.900507 -0.000272
1615.500000 0.008092 -0.005377 -0.000246 0.651122 0.901907 -0.000272
1615.650000 0.008093 -0.005377 -0.000246 0.649094 0.903303 -0.000272
1615.800000 0.008094 -0.005377 -0.000246 0.647062 0.904694 -0.000272
1615.950000 0.008095 -0.005377 -0.000246 0.645028 0.906081 -0.000272
1616.100000 0.008096 -0.005378 -0.000246 0.642990 0.907464 -0.000272
1616.250000 0.008096 -0.005378 -0.000246 0.640950 0.908842 -0.000272
1616.400000 0.008097 -0.005378 -0.000246 0.638906 0.910216 -0.000272
1616.550000 0.008098 -0.005378 -0.000246 0.636859 0.911585 -0.000272
1616.700000 0.008099 -0.005379 -0.000246 0.634809 0.912950 -0.000272
1616.850000 0.008100 -0.005379 -0.000246 0.632756 0.914310 -0.000273
1617.000000 0.008101 -0.005379 -0.000246 0.630701 0.915666 -0.000273
1617.150000 0.008102 -0.005380 -0.000246 0.628642 0.917018 -0.000273
1617.300000 0.008103 -0.005380 -0.000246 0.626580 0.918365 -0.000273
1617.450000 0.008104 -0.005380 -0.000246 0.624515 0.919707 -0.000273
1617.600000 0.008105 -0.005380 -0.000246 0.622447 0.921046 -0.000273
1617.750000 0.008106 -0.005381 -0.000246 0.620376 0.922379 -0.000273
1617.900000 0.008106 -0.005381 -0.000246 0.618302 0.923708 -0.000273
1618.050000 0.008107 -0.005381 -0.000246 0.616225 0.925033 -0.000273
1618.200000 0.008108 -0.005382 -0.000246 0.614145 0.926353 -0.000273
1618.350000 0.008109 -0.005382 -0.000246 0.612062 0.927669 -0.000273
1618.500000 0.008110 -0.005382 -0.000246 0.609977 0.928980 -0.000273
1618.650000 0.008111 -0.005382 -0.000246 0.607888 0.930286 -0.000273
1618.800000 0.008112 -0.005383 -0.000246 0.605796 0.931588 -0.000273
1618.950000 0.008113 -0.005383 -0.000246 0.603702 0.932886 -0.000273
1619.100000 0.008114 -0.005383 -0.000246 0.601604 0.934179 -0.000274
1619.250000 0.008115 -0.005384 -0.000246 0.599504 0.935467 -0.000274
1619.400000 0.008116 -0.005384 -0.000247 0.597401 0.936751 -0.000274
1619.550000 0.008116 -0.005384 -0.000247 0.595295 0.938030 -0.000274
1619.700000 0.008117 -0.005384 -0.000247 0.593186 0.939305 -0.000274
1619.850000 0.008118 -0.005385 -0.000247 0.591074 0.940575 -0.000274
1620.000000 0.008119 -0.005385 -0.000247 0.588960 0.941841 -0.000274
1620.150000 0.008120 -0.005385 -0.000247 0.586842 0.943102 -0.000274
1620.300000 0.008121 -0.005386 -0.000247 0.584722 0.944358 -0.000274
1620.450000 0.008122 -0.005386 -0.000247 0.582599 0.945610 -0.000274
1620.600000 0.008123 -0.005386 -0.000247 0.580473 0.946857 -0.000274
1620.750000 0.008124 -0.005386 -0.000247 0.578344 0.948099 -0.000274
1620.900000 0.008125 -0.005387 -0.000247 0.576213 0.949337 -0.000274
1621.050000 0.008126 -0.005387 -0.000247 0.574079 0.950571 -0.000274
1621.200000 0.008126 -0.005387 -0.000247 0.571942 0.951799 -0.000274
1621.350000 0.008127 -0.005388 -0.000247 0.569802 0.953023 -0.000275
1621.500000 0.008128 -0.005388 -0.000247 0.567660 0.954243 -0.000275
1621.650000 0.008129 -0.005388 -0.000247 0.565515 0.955457 -0.000275
1621.800000 0.008130 -0.005388 -0.000247 0.563367 0.956667 -0.000275
1621.950000 0.008131 -0.005389 -0.000247 0.561216 0.957873 -0.000275
1622.100000 0.008132 -0.005389 -0.000247 0.559063 0.959073 -0.000275
1622.250000 0.008133 -0.005389 -0.000247 0.556907 0.960269 -0.000275
1622.400000 0.008134 -0.005390 -0.000247 0.554748 0.961461 -0.000275
1622.550000 0.008135 -0.005390 -0.000247 0.552587 0.962647 -0.000275
1622.700000 0.008135 -0.005390 -0.000247 0.550423 0.963829 -0.000275
1622.850000 0.008136 -0.005390 -0.000247 0.548256 0.965007 -0.000275
1623.000000 0.008137 -0.005391 -0.000247 0.546087 0.966179 -0.000275
1623.150000 0.008138 -0.005391 -0.000247 0.543915 0.967347 -0.000275
1623.300000 0.008139 -0.005391 -0.000247 0.541741 0.968510 -0.000275
1623.450000 0.008140 -0.005392 -0.000247 0.539564 0.969668 -0.000275
1623.600000 0.008141 -0.005392 -0.000247 0.537384 0.970822 -0.000275
1623.750000 0.008142 -0.005392 -0.000247 0.535202 0.971971 -0.000275
1623.900000 0.008143 -0.005392 -0.000247 0.533017 0.973115 -0.000276
1624.050000 0.008144 -0.005393 -0.000247 0.530830 0.974254 -0.000276
1624.200000 0.008145 -0.005393 -0.000247 0.528640 0.975389 -0.000276
1624.350000 0.008145 -0.005393 -0.000247 0.526447 0.976519 -0.000276
1624.500000 0.008146 -0.005393 -0.000247 0.524252 0.977644 -0.000276
1624.650000 0.008147 -0.005394 -0.000247 0.522055 0.978764 -0.000276
1624.800000 0.008148 -0.005394 -0.000247 0.519854 0.979880 -0.000276
1624.950000 0.008149 -0.005394 -0.000247 0.517652 0.980990 -0.000276
1625.100000 0.008150 -0.005395 -0.000247 0.515447 0.982096 -0.000276
1625.250000 0.008151 -0.005395 -0.000247 0.513239 0.983198 -0.000276
1625.400000 0.008152 -0.005395 -0.000247 0.511029 0.984294 -0.000276
1625.550000 0.008153 -0.005395 -0.000247 0.508817 0.985385 -0.000276
1625.700000 0.008154 -0.005396 -0.000247 0.506602 0.986472 -0.000276
1625.850000 0.008155 -0.005396 -0.000247 0.504385 0.987554 -0.000276
1626.000000 0.008155 -0.005396 -0.000247 0.502165 0.988631 -0.000276
1626.150000 0.008156 -0.005397 -0.000247 0.499943 0.989703 -0.000276
1626.300000 0.008157 -0.005397 -0.000247 0.497718 0.990771 -0.000277
1626.450000 0.008158 -0.005397 -0.000247 0.495491 0.991833 -0.000277
1626.600000 0.008159 -0.005397 -0.000247 0.493262 0.992891 -0.000277
1626.750000 0.008160 -0.005398 -0.000247 0.491030 0.993944 -0.000277
1626.900000 0.008161 -0.005398 -0.000247 0.488796 0.994992 -0.000277
1627.050000 0.008162 -0.005398 -0.000248 0.486559 0.996035 -0.000277
1627.200000 0.008163 -0.005399 -0.000248 0.484321 0.997073 -0.000277
1627.350000 0.008164 -0.005399 -0.000248 0.482080 0.998107 -0.000277
1627.500000 0.008165 -0.005399 -0.000248 0.479836 0.999135 -0.000277
1627.650000 0.008165 -0.005399 -0.000248 0.477590 1.000159 -0.000277
1627.800000 0.008166 -0.005400 -0.000248 0.475342 1.001177 -0.000277
1627.950000 0.008167 -0.005400 -0.000248 0.473092 1.002191 -0.000277
1628.100000 0.008168 -0.005400 -0.000248 0.470839 1.003200 -0.000277
1628.250000 0.008169 -0.005401 -0.000248 0.468584 1.004204 -0.000277
1628.400000 0.008170 -0.005401 -0.000248 0.466327 1.005203 -0.000277
1628.550000 0.008171 -0.005401 -0.000248 0.464068 1.006197 -0.000277
1628.700000 0.008172 -0.005401 -0.000248 0.461806 1.007186 -0.000277
1628.850000 0.008173 -0.005402 -0.000248 0.459543 1.008171 -0.000277
1629.000000 0.008174 -0.005402 -0.000248 0.457277 1.009150 -0.000278
1629.150000 0.008175 -0.005402 -0.000248 0.455008 1.010124 -0.000278
1629.300000 0.008175 -0.005403 -0.000248 0.452738 1.011094 -0.000278
1629.450000 0.008176 -0.005403 -0.000248 0.450465 1.012058 -0.000278
1629.600000 0.008177 -0.005403 -0.000248 0.448190 1.013018 -0.000278
1629.750000 0.008178 -0.005403 -0.000248 0.445914 1.013973 -0.000278
1629.900000 0.008179 -0.005404 -0.000248 0.443634 1.014922 -0.000278
1630.050000 0.008180 -0.005404 -0.000248 0.441353 1.015867 -0.000278
1630.200000 0.008181 -0.005404 -0.000248 0.439070 1.016807 -0.000278
1630.350000 0.008182 -0.005405 -0.000248 0.436784 1.017741 -0.000278
1630.500000 0.008183 -0.005405 -0.000248 0.434497 1.018671 -0.000278
1630.650000 0.008184 -0.005405 -0.000248 0.432207 1.019596 -0.000278
1630.800000 0.008185 -0.005405 -0.000248 0.429916 1.020516 -0.000278
1630.950000 0.008185 -0.005406 -0.000248 0.427622 1.021430 -0.000278
1631.100000 0.008186 -0.005406 -0.000248 0.425326 1.022340 -0.000278
1631.250000 0.008187 -0.005406 -0.000248 0.423028 1.023245 -0.000278
1631.400000 0.008188 -0.005406 -0.000248 0.420728 1.024144 -0.000278
1631.550000 0.008189 -0.005407 -0.000248 0.418426 1.025039 -0.000278
1631.700000 0.008190 -0.005407 -0.000248 0.416122 1.025929 -0.000279
1631.850000 0.008191 -0.005407 -0.000248 0.413816 1.026813 -0.000279
1632.000000 0.008192 -0.005408 -0.000248 0.411508 1.027693 -0.000279
1632.150000 0.008193 -0.005408 -0.000248 0.409198 1.028568 -0.000279
1632.300000 0.008194 -0.005408 -0.000248 0.406886 1.029437 -0.000279
1632.450000 0.008194 -0.005408 -0.000248 0.404573 1.030302 -0.000279
1632.600000 0.008195 -0.005409 -0.000248 0.402257 1.031161 -0.000279
1632.750000 0.008196 -0.005409 -0.000248 0.399939 1.032015 -0.000279
1632.900000 0.008197 -0.005409 -0.000248 0.397619 1.032865 -0.000279
1633.050000 0.008198 -0.005410 -0.000248 0.395298 1.033709 -0.000279
1633.200000 0.008199 -0.005410 -0.000248 0.392974 1.034548 -0.000279
1633.350000 0.008200 -0.005410 -0.000248 0.390649 1.035382 -0.000279
1633.500000 0.008201 -0.005410 -0.000248 0.388322 1.036211 -0.000279
1633.650000 0.008202 -0.005411 -0.000248 0.385993 1.037035 -0.000279
1633.800000 0.008203 -0.005411 -0.000248 0.383662 1.037854 -0.000279
1633.950000 0.008204 -0.005411 -0.000248 0.381329 1.038668 -0.000279
1634.100000 0.008204 -0.005412 -0.000248 0.378994 1.039477 -0.000279
1634.250000 0.008205 -0.005412 -0.000248 0.376658 1.040280 -0.000279
1634.400000 0.008206 -0.005412 -0.000248 0.374319 1.041079 -0.000279
1634.550000 0.008207 -0.005412 -0.000248 0.371979 1.041872 -0.000280
1634.700000 0.008208 -0.005413 -0.000249 0.369637 1.042660 -0.000280
1634.850000 0.008209 -0.005413 -0.000249 0.367294 1.043443 -0.000280
1635.000000 0.008210 -0.005413 -0.000249 0.364948 1.044221 -0.000280
1635.150000 0.008211 -0.005414 -0.000249 0.362601 1.044994 -0.000280
1635.300000 0.008212 -0.005414 -0.000249 0.360252 1.045762 -0.000280
1635.450000 0.008213 -0.005414 -0.000249 0.357902 1.046525 -0.000280
1635.600000 0.008214 -0.005414 -0.000249 0.355549 1.047282 -0.000280
1635.750000 0.008214 -0.005415 -0.000249 0.353195 1.048034 -0.000280
1635.900000 0.008215 -0.005415 -0.000249 0.350839 1.048782 -0.000280
1636.050000 0.008216 -0.005415 -0.000249 0.348482 1.049524 -0.000280
1636.200000 0.008217 -0.005415 -0.000249 0.346123 1.050260 -0.000280
1636.350000 0.008218 -0.005416 -0.000249 0.343762 1.050992 -0.000280
1636.500000 0.008219 -0.005416 -0.000249 0.341399 1.051719 -0.000280
1636.650000 0.008220 -0.005416 -0.000249 0.339035 1.052440 -0.000280
1636.800000 0.008221 -0.005417 -0.000249 0.336670 1.053156 -0.000280
1636.950000 0.008222 -0.005417 -0.000249 0.334302 1.053867 -0.000280
1637.100000 0.008223 -0.005417 -0.000249 0.331933 1.054573 -0.000280
1637.250000 0.008224 -0.005417 -0.000249 0.329563 1.055274 -0.000280
1637.400000 0.008224 -0.005418 -0.000249 0.327191 1.055970 -0.000280
1637.550000 0.008225 -0.005418 -0.000249 0.324817 1.056660 -0.000281
1637.700000 0.008226 -0.005418 -0.000249 0.322442 1.057345 -0.000281
1637.850000 0.008227 -0.005419 -0.000249 0.320065 1.058025 -0.000281
1638.000000 0.008228 -0.005419 -0.000249 0.317687 1.058700 -0.000281
1638.150000 0.008229 -0.005419 -0.000249 0.315307 1.059369 -0.000281
1638.300000 0.008230 -0.005419 -0.000249 0.312925 1.060034 -0.000281
1638.450000 0.008231 -0.005420 -0.000249 0.310542 1.060693 -0.000281
1638.600000 0.008232 -0.005420 -0.000249 0.308158 1.061347 -0.000281
1638.750000 0.008233 -0.005420 -0.000249 0.305772 1.061995 -0.000281
1638.900000 0.008234 -0.005421 -0.000249 0.303385 1.062639 -0.000281
1639.050000 0.008234 -0.005421 -0.000249 0.300996 1.063277 -0.000281
1639.200000 0.008235 -0.005421 -0.000249 0.298606 1.063910 -0.000281
1639.350000 0.008236 -0.005421 -0.000249 0.296214 1.064538 -0.000281
1639.500000 0.008237 -0.005422 -0.000249 0.293821 1.065161 -0.000281
1639.650000 0.008238 -0.005422 -0.000249 0.291427 1.065778 -0.000281
1639.800000 0.008239 -0.005422 -0.000249 0.289031 1.066390 -0.000281
1639.950000 0.008240 -0.005423 -0.000249 0.286633 1.066997 -0.000281
1640.100000 0.008241 -0.005423 -0.000249 0.284235 1.067598 -0.000281
1640.250000 0.008242 -0.005423 -0.000249 0.281835 1.068195 -0.000281
1640.400000 0.008243 -0.005423 -0.000249 0.279433 1.068786 -0.000281
1640.550000 0.008244 -0.005424 -0.000249 0.277031 1.069372 -0.000281
1640.700000 0.008244 -0.005424 -0.000249 0.274627 1.069952 -0.000281
1640.850000 0.008245 -0.005424 -0.000249 0.272221 1.070528 -0.000282
1641.000000 0.008246 -0.005424 -0.000249 0.269815 1.071098 -0.000282
1641.150000 0.008247 -0.005425 -0.000249 0.267407 1.071662 -0.000282
1641.300000 0.008248 -0.005425 -0.000249 0.264998 1.072222 -0.000282
1641.450000 0.008249 -0.005425 -0.000249 0.262587 1.072776 -0.000282
1641.600000 0.008250 -0.005426 -0.000249 0.260175 1.073325 -0.000282
1641.750000 0.008251 -0.005426 -0.000249 0.257762 1.073869 -0.000282
1641.900000 0.008252 -0.005426 -0.000249 0.255348 1.074407 -0.000282
1642.050000 0.008253 -0.005426 -0.000249 0.252933 1.074940 -0.000282
1642.200000 0.008254 -0.005427 -0.000249 0.250516 1.075468 -0.000282
1642.350000 0.008254 -0.005427 -0.000250 0.248098 1.075991 -0.000282
1642.500000 0.008255 -0.005427 -0.000250 0.245679 1.076508 -0.000282
1642.650000 0.008256 -0.005428 -0.000250 0.243259 1.077020 -0.000282
1642.800000 0.008257 -0.005428 -0.000250 0.240838 1.077527 -0.000282
1642.950000 0.008258 -0.005428 -0.000250 0.238415 1.078028 -0.000282
1643.100000 0.008259 -0.005428 -0.000250 0.235991 1.078524 -0.000282
1643.250000 0.008260 -0.005429 -0.000250 0.233567 1.079015 -0.000282
1643.400000 0.008261 -0.005429 -0.000250 0.231141 1.079500 -0.000282
1643.550000 0.008262 -0.005429 -0.000250 0.228714 1.079980 -0.000282
1643.700000 0.008263 -0.005430 -0.000250 0.226286 1.080455 -0.000282
1643.850000 0.008264 -0.005430 -0.000250 0.223856 1.080924 -0.000282
1644.000000 0.008264 -0.005430 -0.000250 0.221426 1.081389 -0.000282
1644.150000 0.008265 -0.005430 -0.000250 0.218995 1.081847 -0.000282
1644.300000 0.008266 -0.005431 -0.000250 0.216562 1.082301 -0.000282
1644.450000 0.008267 -0.005431 -0.000250 0.214129 1.082749 -0.000283
1644.600000 0.008268 -0.005431 -0.000250 0.211695 1.083192 -0.000283
1644.750000 0.008269 -0.005432 -0.000250 0.209259 1.083629 -0.000283
1644.900000 0.008270 -0.005432 -0.000250 0.206823 1.084062 -0.000283
1645.050000 0.008271 -0.005432 -0.000250 0.204385 1.084488 -0.000283
1645.200000 0.008272 -0.005432 -0.000250 0.201947 1.084910 -0.000283
1645.350000 0.008273 -0.005433 -0.000250 0.199508 1.085326 -0.000283
1645.500000 0.008274 -0.005433 -0.000250 0.197067 1.085737 -0.000283
1645.650000 0.008274 -0.005433 -0.000250 0.194626 1.086142 -0.000283
1645.800000 0.008275 -0.005433 -0.000250 0.192184 1.086542 -0.000283
1645.950000 0.008276 -0.005434 -0.000250 0.189741 1.086937 -0.000283
1646.100000 0.008277 -0.005434 -0.000250 0.187297 1.087327 -0.000283
1646.250000 0.008278 -0.005434 -0.000250 0.184852 1.087711 -0.000283
1646.400000 0.008279 -0.005435 -0.000250 0.182406 1.088089 -0.000283
1646.550000 0.008280 -0.005435 -0.000250 0.179960 1.088463 -0.000283
1646.700000 0.008281 -0.005435 -0.000250 0.177512 1.088831 -0.000283
1646.850000 0.008282 -0.005435 -0.000250 0.175064 1.089193 -0.000283
1647.000000 0.008283 -0.005436 -0.000250 0.172615 1.089550 -0.000283
1647.150000 0.008284 -0.005436 -0.000250 0.170165 1.089902 -0.000283
1647.300000 0.008284 -0.005436 -0.000250 0.167714 1.090249 -0.000283
1647.450000 0.008285 -0.005437 -0.000250 0.165263 1.090590 -0.000283
1647.600000 0.008286 -0.005437 -0.000250 0.162810 1.090926 -0.000283
1647.750000 0.008287 -0.005437 -0.000250 0.160357 1.091256 -0.000283
1647.900000 0.008288 -0.005437 -0.000250 0.157903 1.091581 -0.000283
1648.050000 0.008289 -0.005438 -0.000250 0.155449 1.091900 -0.000283
1648.200000 0.008290 -0.005438 -0.000250 0.152993 1.092215 -0.000283
1648.350000 0.008291 -0.005438 -0.000250 0.150537 1.092524 -0.000284
1648.500000 0.008292 -0.005439 -0.000250 0.148081 1.092827 -0.000284
1648.650000 0.008293 -0.005439 -0.000250 0.145623 1.093125 -0.000284
1648.800000 0.008294 -0.005439 -0.000250 0.143165 1.093418 -0.000284
1648.950000 0.008294 -0.005439 -0.000250 0.140706 1.093705 -0.000284
1649.100000 0.008295 -0.005440 -0.000250 0.138247 1.093987 -0.000284
1649.250000 0.008296 -0.005440 -0.000250 0.135786 1.094263 -0.000284
1649.400000 0.008297 -0.005440 -0.000250 0.133326 1.094535 -0.000284
1649.550000 0.008298 -0.005440 -0.000250 0.130864 1.094800 -0.000284
1649.700000 0.008299 -0.005441 -0.000250 0.128402 1.095061 -0.000284
1649.850000 0.008300 -0.005441 -0.000250 0.125940 1.095315 -0.000284
1650.000000 0.008301 -0.005441 -0.000251 0.123476 1.095565 -0.000284
1650.150000 0.008302 -0.005442 -0.000251 0.121013 1.095809 -0.000284
1650.300000 0.008303 -0.005442 -0.000251 0.118548 1.096048 -0.000284
1650.450000 0.008303 -0.005442 -0.000251 0.116083 1.096281 -0.000284
1650.600000 0.008304 -0.005442 -0.000251 0.113618 1.096509 -0.000284
1650.750000 0.008305 -0.005443 -0.000251 0.111152 1.096731 -0.000284
1650.900000 0.008306 -0.005443 -0.000251 0.108686 1.096949 -0.000284
1651.050000 0.008307 -0.005443 -0.000251 0.106219 1.097160 -0.000284
1651.200000 0.008308 -0.005444 -0.000251 0.103751 1.097366 -0.000284
1651.350000 0.008309 -0.005444 -0.000251 0.101283 1.097567 -0.000284
1651.500000 0.008310 -0.005444 -0.000251 0.098815 1.097763 -0.000284
1651.650000 0.008311 -0.005444 -0.000251 0.096346 1.097953 -0.000284
1651.800000 0.008312 -0.005445 -0.000251 0.093876 1.098137 -0.000284
1651.950000 0.008313 -0.005445 -0.000251 0.091407 1.098317 -0.000284
1652.100000 0.008313 -0.005445 -0.000251 0.088936 1.098490 -0.000284
1652.250000 0.008314 -0.005446 -0.000251 0.086466 1.098659 -0.000284
1652.400000 0.008315 -0.005446 -0.000251 0.083995 1.098822 -0.000284
1652.550000 0.008316 -0.005446 -0.000251 0.081524 1.098979 -0.000284
1652.700000 0.008317 -0.005446 -0.000251 0.079052 1.099131 -0.000285
1652.850000 0.008318 -0.005447 -0.000251 0.076580 1.099278 -0.000285
1653.000000 0.008319 -0.005447 -0.000251 0.074107 1.099419 -0.000285
1653.150000 0.008320 -0.005447 -0.000251 0.071634 1.099555 -0.000285
1653.300000 0.008321 -0.005447 -0.000251 0.069161 1.099685 -0.000285
1653.450000 0.008322 -0.005448 -0.000251 0.066688 1.099810 -0.000285
1653.600000 0.008323 -0.005448 -0.000251 0.064214 1.099930 -0.000285
1653.750000 0.008323 -0.005448 -0.000251 0.061740 1.100044 -0.000285
1653.900000 0.008324 -0.005449 -0.000251 0.059266 1.100153 -0.000285
1654.050000 0.008325 -0.005449 -0.000251 0.056791 1.100256 -0.000285
1654.200000 0.008326 -0.005449 -0.000251 0.054317 1.100354 -0.000285
1654.350000 0.008327 -0.005449 -0.000251 0.051842 1.100446 -0.000285
1654.500000 0.008328 -0.005450 -0.000251 0.049366 1.100533 -0.000285
1654.650000 0.008329 -0.005450 -0.000251 0.046891 1.100615 -0.000285
1654.800000 0.008330 -0.005450 -0.000251 0.044415 1.100691 -0.000285
1654.950000 0.008331 -0.005451 -0.000251 0.041939 1.100761 -0.000285
1655.100000 0.008332 -0.005451 -0.000251 0.039463 1.100827 -0.000285
1655.250000 0.008333 -0.005451 -0.000251 0.036987 1.100886 -0.000285
1655.400000 0.008333 -0.005451 -0.000251 0.034511 1.100941 -0.000285
1655.550000 0.008334 -0.005452 -0.000251 0.032034 1.100990 -0.000285
1655.700000 0.008335 -0.005452 -0.000251 0.029558 1.101033 -0.000285
1655.850000 0.008336 -0.005452 -0.000251 0.027081 1.101071 -0.000285
1656.000000 0.008337 -0.005453 -0.000251 0.024604 1.101104 -0.000285
1656.150000 0.008338 -0.005453 -0.000251 0.022127 1.101131 -0.000285
1656.300000 0.008339 -0.005453 -0.000251 0.019650 1.101153 -0.000285
1656.450000 0.008340 -0.005453 -0.000251 0.017173 1.101169 -0.000285
1656.600000 0.008341 -0.005454 -0.000251 0.014696 1.101180 -0.000285
1656.750000 0.008342 -0.005454 -0.000251 0.012219 1.101185 -0.000285
1656.900000 0.008343 -0.005454 -0.000251 0.009741 1.101185 -0.000285
1657.050000 0.008343 -0.005454 -0.000251 0.007264 1.101180 -0.000285
1657.200000 0.008344 -0.005455 -0.000251 0.004787 1.101169 -0.000285
1657.350000 0.008345 -0.005455 -0.000251 0.002310 1.101153 -0.000285
1657.500000 0.008346 -0.005455 -0.000251 -0.000168 1.101131 -0.000285
1657.650000 0.008347 -0.005456 -0.000252 -0.002645 1.101104 -0.000285
1657.800000 0.008348 -0.005456 -0.000252 -0.005122 1.101071 -0.000285
1657.950000 0.008349 -0.005456 -0.000252 -0.007599 1.101033 -0.000286
1658.100000 0.008350 -0.005456 -0.000252 -0.010076 1.100990 -0.000286
1658.250000 0.008351 -0.005457 -0.000252 -0.012553 1.100941 -0.000286
1658.400000 0.008352 -0.005457 -0.000252 -0.015030 1.100887 -0.000286
1658.550000 0.008353 -0.005457 -0.000252 -0.017507 1.100827 -0.000286
1658.700000 0.008353 -0.005458 -0.000252 -0.019983 1.100762 -0.000286
1658.850000 0.008354 -0.005458 -0.000252 -0.022460 1.100691 -0.000286
1659.000000 0.008355 -0.005458 -0.000252 -0.024936 1.100615 -0.000286
1659.150000 0.008356 -0.005458 -0.000252 -0.027412 1.100533 -0.000286
1659.300000 0.008357 -0.005459 -0.000252 -0.029888 1.100446 -0.000286
1659.450000 0.008358 -0.005459 -0.000252 -0.032364 1.100354 -0.000286
1659.600000 0.008359 -0.005459 -0.000252 -0.034840 1.100256 -0.000286
1659.750000 0.008360 -0.005460 -0.000252 -0.037316 1.100153 -0.000286
1659.900000 0.008361 -0.005460 -0.000252 -0.039791 1.100044 -0.000286
1660.050000 0.008362 -0.005460 -0.000252 -0.042266 1.099930 -0.000286
1660.200000 0.008363 -0.005460 -0.000252 -0.044741 1.099810 -0.000286
1660.350000 0.008363 -0.005461 -0.000252 -0.047215 1.099685 -0.000286
1660.500000 0.008364 -0.005461 -0.000252 -0.049690 1.099555 -0.000286
1660.650000 0.008365 -0.005461 -0.000252 -0.052164 1.099419 -0.000286
1660.800000 0.008366 -0.005461 -0.000252 -0.054637 1.099278 -0.000286
1660.950000 0.008367 -0.005462 -0.000252 -0.057111 1.099131 -0.000286
1661.100000 0.008368 -0.005462 -0.000252 -0.059584 1.098979 -0.000286
1661.250000 0.008369 -0.005462 -0.000252 -0.062057 1.098821 -0.000286
1661.400000 0.008370 -0.005463 -0.000252 -0.064529 1.098658 -0.000286
1661.550000 0.008371 -0.005463 -0.000252 -0.067001 1.098490 -0.000286
1661.700000 0.008372 -0.005463 -0.000252 -0.069473 1.098316 -0.000286
1661.850000 0.008373 -0.005463 -0.000252 -0.071945 1.098137 -0.000286
1662.000000 0.008373 -0.005464 -0.000252 -0.074416 1.097952 -0.000286
1662.150000 0.008374 -0.005464 -0.000252 -0.076886 1.097762 -0.000286
1662.300000 0.008375 -0.005464 -0.000252 -0.079357 1.097566 -0.000286
1662.450000 0.008376 -0.005465 -0.000252 -0.081826 1.097365 -0.000286
1662.600000 0.008377 -0.005465 -0.000252 -0.084296 1.097159 -0.000286
1662.750000 0.008378 -0.005465 -0.000252 -0.086765 1.096947 -0.000286
1662.900000 0.008379 -0.005465 -0.000252 -0.089233 1.096730 -0.000286
1663.050000 0.008380 -0.005466 -0.000252 -0.091701 1.096507 -0.000286
1663.200000 0.008381 -0.005466 -0.000252 -0.094169 1.096279 -0.000286
1663.350000 0.008382 -0.005466 -0.000252 -0.096636 1.096046 -0.000286
1663.500000 0.008383 -0.005466 -0.000252 -0.099102 1.095807 -0.000286
1663.650000 0.008383 -0.005467 -0.000252 -0.101568 1.095563 -0.000286
1663.800000 0.008384 -0.005467 -0.000252 -0.104034 1.095313 -0.000286
1663.950000 0.008385 -0.005467 -0.000252 -0.106499 1.095058 -0.000286
1664.100000 0.008386 -0.005468 -0.000252 -0.108963 1.094797 -0.000286
1664.250000 0.008387 -0.005468 -0.000252 -0.111427 1.094531 -0.000286
1664.400000 0.008388 -0.005468 -0.000252 -0.113890 1.094260 -0.000286
1664.550000 0.008389 -0.005468 -0.000252 -0.116353 1.093983 -0.000286
1664.700000 0.008390 -0.005469 -0.000252 -0.118815 1.093701 -0.000286
1664.850000 0.008391 -0.005469 -0.000252 -0.121277 1.093413 -0.000287
1665.000000 0.008392 -0.005469 -0.000252 -0.123737 1.093120 -0.000287
1665.150000 0.008393 -0.005470 -0.000252 -0.126198 1.092822 -0.000287
1665.300000 0.008393 -0.005470 -0.000253 -0.128657 1.092518 -0.000287
1665.450000 0.008394 -0.005470 -0.000253 -0.131116 1.092209 -0.000287
1665.600000 0.008395 -0.005470 -0.000253 -0.133574 1.091894 -0.000287
1665.750000 0.008396 -0.005471 -0.000253 -0.136032 1.091574 -0.000287
1665.900000 0.008397 -0.005471 -0.000253 -0.138489 1.091249 -0.000287
1666.050000 0.008398 -0.005471 -0.000253 -0.140945 1.090918 -0.000287
1666.200000 0.008399 -0.005471 -0.000253 -0.143400 1.090582 -0.000287
1666.350000 0.008400 -0.005472 -0.000253 -0.145855 1.090241 -0.000287
1666.500000 0.008401 -0.005472 -0.000253 -0.148309 1.089894 -0.000287
1666.650000 0.008402 -0.005472 -0.000253 -0.150762 1.089541 -0.000287
1666.800000 0.008403 -0.005473 -0.000253 -0.153214 1.089184 -0.000287
1666.950000 0.008403 -0.005473 -0.000253 -0.155666 1.088821 -0.000287
1667.100000 0.008404 -0.005473 -0.000253 -0.158117 1.088452 -0.000287
1667.250000 0.008405 -0.005473 -0.000253 -0.160567 1.088078 -0.000287
1667.400000 0.008406 -0.005474 -0.000253 -0.163016 1.087699 -0.000287
1667.550000 0.008407 -0.005474 -0.000253 -0.165464 1.087315 -0.000287
1667.700000 0.008408 -0.005474 -0.000253 -0.167912 1.086925 -0.000287
1667.850000 0.008409 -0.005475 -0.000253 -0.170358 1.086529 -0.000287
1668.000000 0.008410 -0.005475 -0.000253 -0.172804 1.086129 -0.000287
1668.150000 0.008411 -0.005475 -0.000253 -0.175249 1.085723 -0.000287
1668.300000 0.008412 -0.005475 -0.000253 -0.177693 1.085311 -0.000287
1668.450000 0.008413 -0.005476 -0.000253 -0.180136 1.084894 -0.000287
1668.600000 0.008413 -0.005476 -0.000253 -0.182579 1.084472 -0.000287
1668.750000 0.008414 -0.005476 -0.000253 -0.185020 1.084045 -0.000287
1668.900000 0.008415 -0.005476 -0.000253 -0.187460 1.083612 -0.000287
1669.050000 0.008416 -0.005477 -0.000253 -0.189900 1.083174 -0.000287
1669.200000 0.008417 -0.005477 -0.000253 -0.192338 1.082730 -0.000287
1669.350000 0.008418 -0.005477 -0.000253 -0.194775 1.082281 -0.000287
1669.500000 0.008419 -0.005478 -0.000253 -0.197212 1.081827 -0.000287
1669.650000 0.008420 -0.005478 -0.000253 -0.199647 1.081367 -0.000287
1669.800000 0.008421 -0.005478 -0.000253 -0.202082 1.080903 -0.000287
1669.950000 0.008422 -0.005478 -0.000253 -0.204515 1.080432 -0.000287
1670.100000 0.008423 -0.005479 -0.000253 -0.206948 1.079957 -0.000287
1670.250000 0.008423 -0.005479 -0.000253 -0.209379 1.079476 -0.000287
1670.400000 0.008424 -0.005479 -0.000253 -0.211809 1.078989 -0.000287
1670.550000 0.008425 -0.005480 -0.000253 -0.214239 1.078498 -0.000287
1670.700000 0.008426 -0.005480 -0.000253 -0.216667 1.078001 -0.000287
1670.850000 0.008427 -0.005480 -0.000253 -0.219094 1.077499 -0.000287
1671.000000 0.008428 -0.005480 -0.000253 -0.221520 1.076991 -0.000287
1671.150000 0.008429 -0.005481 -0.000253 -0.223945 1.076478 -0.000287
1671.300000 0.008430 -0.005481 -0.000253 -0.226368 1.075960 -0.000287
1671.450000 0.008431 -0.005481 -0.000253 -0.228791 1.075436 -0.000287
1671.600000 0.008432 -0.005481 -0.000253 -0.231212 1.074907 -0.000287
1671.750000 0.008433 -0.005482 -0.000253 -0.233632 1.074373 -0.000287
1671.900000 0.008433 -0.005482 -0.000253 -0.236052 1.073834 -0.000287
1672.050000 0.008434 -0.005482 -0.000253 -0.238469 1.073289 -0.000287
1672.200000 0.008435 -0.005483 -0.000253 -0.240886 1.072739 -0.000287
1672.350000 0.008436 -0.005483 -0.000253 -0.243302 1.072184 -0.000287
1672.500000 0.008437 -0.005483 -0.000253 -0.245716 1.071623 -0.000287
1672.650000 0.008438 -0.005483 -0.000253 -0.248129 1.071057 -0.000287
1672.800000 0.008439 -0.005484 -0.000253 -0.250541 1.070486 -0.000287
1672.950000 0.008440 -0.005484 -0.000253 -0.252951 1.069909 -0.000287
1673.100000 0.008441 -0.005484 -0.000254 -0.255360 1.069327 -0.000287
1673.250000 0.008442 -0.005485 -0.000254 -0.257768 1.068740 -0.000287
1673.400000 0.008442 -0.005485 -0.000254 -0.260175 1.068148 -0.000287
1673.550000 0.008443 -0.005485 -0.000254 -0.262580 1.067550 -0.000287
1673.700000 0.008444 -0.005485 -0.000254 -0.264984 1.066947 -0.000287
1673.850000 0.008445 -0.005486 -0.000254 -0.267387 1.066339 -0.000287
1674.000000 0.008446 -0.005486 -0.000254 -0.269788 1.065725 -0.000287
1674.150000 0.008447 -0.005486 -0.000254 -0.272188 1.065107 -0.000287
1674.300000 0.008448 -0.005486 -0.000254 -0.274587 1.064483 -0.000287
1674.450000 0.008449 -0.005487 -0.000254 -0.276984 1.063853 -0.000287
1674.600000 0.008450 -0.005487 -0.000254 -0.279380 1.063219 -0.000287
1674.750000 0.008451 -0.005487 -0.000254 -0.281774 1.062579 -0.000287
1674.900000 0.008452 -0.005488 -0.000254 -0.284167 1.061934 -0.000287
1675.050000 0.008452 -0.005488 -0.000254 -0.286559 1.061284 -0.000287
1675.200000 0.008453 -0.005488 -0.000254 -0.288949 1.060628 -0.000287
1675.350000 0.008454 -0.005488 -0.000254 -0.291338 1.059967 -0.000287
1675.500000 0.008455 -0.005489 -0.000254 -0.293725 1.059301 -0.000287
1675.650000 0.008456 -0.005489 -0.000254 -0.296111 1.058630 -0.000287
1675.800000 0.008457 -0.005489 -0.000254 -0.298495 1.057954 -0.000287
1675.950000 0.008458 -0.005490 -0.000254 -0.300878 1.057272 -0.000287
1676.100000 0.008459 -0.005490 -0.000254 -0.303259 1.056585 -0.000287
1676.250000 0.008460 -0.005490 -0.000254 -0.305639 1.055893 -0.000287
1676.400000 0.008461 -0.005490 -0.000254 -0.308017 1.055196 -0.000287
1676.550000 0.008462 -0.005491 -0.000254 -0.310394 1.054493 -0.000287
1676.700000 0.008462 -0.005491 -0.000254 -0.312769 1.053786 -0.000287
1676.850000 0.008463 -0.005491 -0.000254 -0.315143 1.053073 -0.000287
1677.000000 0.008464 -0.005491 -0.000254 -0.317515 1.052354 -0.000287
1677.150000 0.008465 -0.005492 -0.000254 -0.319885 1.051631 -0.000287
1677.300000 0.008466 -0.005492 -0.000254 -0.322254 1.050903 -0.000287
1677.450000 0.008467 -0.005492 -0.000254 -0.324621 1.050169 -0.000287
1677.600000 0.008468 -0.005493 -0.000254 -0.326987 1.049430 -0.000287
1677.750000 0.008469 -0.005493 -0.000254 -0.329351 1.048686 -0.000287
1677.900000 0.008470 -0.005493 -0.000254 -0.331713 1.047937 -0.000287
1678.050000 0.008471 -0.005493 -0.000254 -0.334074 1.047182 -0.000287
1678.200000 0.008472 -0.005494 -0.000254 -0.336433 1.046422 -0.000287
1678.350000 0.008472 -0.005494 -0.000254 -0.338790 1.045658 -0.000287
1678.500000 0.008473 -0.005494 -0.000254 -0.341146 1.044888 -0.000287
1678.650000 0.008474 -0.005495 -0.000254 -0.343500 1.044113 -0.000287
1678.800000 0.008475 -0.005495 -0.000254 -0.345852 1.043332 -0.000287
1678.950000 0.008476 -0.005495 -0.000254 -0.348202 1.042547 -0.000287
1679.100000 0.008477 -0.005495 -0.000254 -0.350551 1.041756 -0.000287
1679.250000 0.008478 -0.005496 -0.000254 -0.352898 1.040961 -0.000287
1679.400000 0.008479 -0.005496 -0.000254 -0.355243 1.040160 -0.000287
1679.550000 0.008480 -0.005496 -0.000254 -0.357587 1.039354 -0.000287
1679.700000 0.008481 -0.005496 -0.000254 -0.359928 1.038543 -0.000287
1679.850000 0.008482 -0.005497 -0.000254 -0.362268 1.037727 -0.000287
1680.000000 0.008482 -0.005497 -0.000254 -0.364606 1.036905 -0.000287
1680.150000 0.008483 -0.005497 -0.000254 -0.366942 1.036079 -0.000287
1680.300000 0.008484 -0.005498 -0.000254 -0.369277 1.035247 -0.000287
1680.450000 0.008485 -0.005498 -0.000254 -0.371609 1.034411 -0.000287
1680.600000 0.008486 -0.005498 -0.000254 -0.373940 1.033569 -0.000287
1680.750000 0.008487 -0.005498 -0.000255 -0.376269 1.032722 -0.000287
1680.900000 0.008488 -0.005499 -0.000255 -0.378596 1.031870 -0.000287
1681.050000 0.008489 -0.005499 -0.000255 -0.380921 1.031013 -0.000287
1681.200000 0.008490 -0.005499 -0.000255 -0.383244 1.030151 -0.000287
1681.350000 0.008491 -0.005500 -0.000255 -0.385565 1.029283 -0.000287
1681.500000 0.008492 -0.005500 -0.000255 -0.387885 1.028411 -0.000287
1681.650000 0.008492 -0.005500 -0.000255 -0.390202 1.027534 -0.000287
1681.800000 0.008493 -0.005500 -0.000255 -0.392518 1.026651 -0.000287
1681.950000 0.008494 -0.005501 -0.000255 -0.394831 1.025764 -0.000287
1682.100000 0.008495 -0.005501 -0.000255 -0.397143 1.024871 -0.000287
1682.250000 0.008496 -0.005501 -0.000255 -0.399452 1.023973 -0.000287
1682.400000 0.008497 -0.005501 -0.000255 -0.401760 1.023071 -0.000287
1682.550000 0.008498 -0.005502 -0.000255 -0.404066 1.022163 -0.000287
1682.700000 0.008499 -0.005502 -0.000255 -0.406369 1.021250 -0.000287
1682.850000 0.008500 -0.005502 -0.000255 -0.408671 1.020332 -0.000287
1683.000000 0.008501 -0.005503 -0.000255 -0.410970 1.019409 -0.000287
1683.150000 0.008502 -0.005503 -0.000255 -0.413268 1.018481 -0.000287
1683.300000 0.008502 -0.005503 -0.000255 -0.415563 1.017548 -0.000287
1683.450000 0.008503 -0.005503 -0.000255 -0.417856 1.016610 -0.000287
1683.600000 0.008504 -0.005504 -0.000255 -0.420148 1.015667 -0.000287
1683.750000 0.008505 -0.005504 -0.000255 -0.422437 1.014719 -0.000287
1683.900000 0.008506 -0.005504 -0.000255 -0.424724 1.013767 -0.000287
1684.050000 0.008507 -0.005504 -0.000255 -0.427009 1.012809 -0.000287
1684.200000 0.008508 -0.005505 -0.000255 -0.429292 1.011846 -0.000287
1684.350000 0.008509 -0.005505 -0.000255 -0.431572 1.010878 -0.000287
1684.500000 0.008510 -0.005505 -0.000255 -0.433851 1.009905 -0.000287
1684.650000 0.008511 -0.005506 -0.000255 -0.436127 1.008927 -0.000287
1684.800000 0.008512 -0.005506 -0.000255 -0.438402 1.007944 -0.000287
1684.950000 0.008512 -0.005506 -0.000255 -0.440674 1.006956 -0.000287
1685.100000 0.008513 -0.005506 -0.000255 -0.442944 1.005963 -0.000287
1685.250000 0.008514 -0.005507 -0.000255 -0.445211 1.004965 -0.000287
1685.400000 0.008515 -0.005507 -0.000255 -0.447477 1.003962 -0.000287
1685.550000 0.008516 -0.005507 -0.000255 -0.449740 1.002955 -0.000287
1685.700000 0.008517 -0.005508 -0.000255 -0.452001 1.001942 -0.000287
1685.850000 0.008518 -0.005508 -0.000255 -0.454260 1.000924 -0.000287
1686.000000 0.008519 -0.005508 -0.000255 -0.456516 0.999902 -0.000287
1686.150000 0.008520 -0.005508 -0.000255 -0.458770 0.998874 -0.000287
1686.300000 0.008521 -0.005509 -0.000255 -0.461022 0.997842 -0.000287
1686.450000 0.008522 -0.005509 -0.000255 -0.463272 0.996805 -0.000287
1686.600000 0.008522 -0.005509 -0.000255 -0.465519 0.995763 -0.000287
1686.750000 0.008523 -0.005509 -0.000255 -0.467764 0.994715 -0.000287
1686.900000 0.008524 -0.005510 -0.000255 -0.470007 0.993663 -0.000287
1687.050000 0.008525 -0.005510 -0.000255 -0.472248 0.992606 -0.000287
1687.200000 0.008526 -0.005510 -0.000255 -0.474486 0.991545 -0.000287
1687.350000 0.008527 -0.005511 -0.000255 -0.476721 0.990478 -0.000287
1687.500000 0.008528 -0.005511 -0.000255 -0.478955 0.989406 -0.000287
1687.650000 0.008529 -0.005511 -0.000255 -0.481186 0.988330 -0.000287
1687.800000 0.008530 -0.005511 -0.000255 -0.483414 0.987248 -0.000287
1687.950000 0.008531 -0.005512 -0.000255 -0.485640 0.986162 -0.000287
1688.100000 0.008531 -0.005512 -0.000255 -0.487864 0.985071 -0.000287
1688.250000 0.008532 -0.005512 -0.000255 -0.490086 0.983975 -0.000287
1688.400000 0.008533 -0.005513 -0.000256 -0.492304 0.982874 -0.000287
1688.550000 0.008534 -0.005513 -0.000256 -0.494521 0.981769 -0.000287
1688.700000 0.008535 -0.005513 -0.000256 -0.496735 0.980658 -0.000287
1688.850000 0.008536 -0.005513 -0.000256 -0.498947 0.979543 -0.000287
1689.000000 0.008537 -0.005514 -0.000256 -0.501156 0.978423 -0.000287
1689.150000 0.008538 -0.005514 -0.000256 -0.503362 0.977298 -0.000287
1689.300000 0.008539 -0.005514 -0.000256 -0.505566 0.976168 -0.000287
1689.450000 0.008540 -0.005514 -0.000256 -0.507768 0.975034 -0.000287
1689.600000 0.008541 -0.005515 -0.000256 -0.509967 0.973894 -0.000287
1689.750000 0.008541 -0.005515 -0.000256 -0.512164 0.972750 -0.000287
1689.900000 0.008542 -0.005515 -0.000256 -0.514358 0.971601 -0.000287
1690.050000 0.008543 -0.005516 -0.000256 -0.516549 0.970448 -0.000287
1690.200000 0.008544 -0.005516 -0.000256 -0.518738 0.969289 -0.000287
1690.350000 0.008545 -0.005516 -0.000256 -0.520924 0.968126 -0.000287
1690.500000 0.008546 -0.005516 -0.000256 -0.523108 0.966958 -0.000287
1690.650000 0.008547 -0.005517 -0.000256 -0.525289 0.965785 -0.000287
1690.800000 0.008548 -0.005517 -0.000256 -0.527468 0.964607 -0.000287
1690.950000 0.008549 -0.005517 -0.000256 -0.529644 0.963425 -0.000287
1691.100000 0.008550 -0.005517 -0.000256 -0.531817 0.962238 -0.000287
1691.250000 0.008551 -0.005518 -0.000256 -0.533988 0.961046 -0.000287
1691.400000 0.008551 -0.005518 -0.000256 -0.536156 0.959850 -0.000287
1691.550000 0.008552 -0.005518 -0.000256 -0.538322 0.958648 -0.000287
1691.700000 0.008553 -0.005519 -0.000256 -0.540484 0.957442 -0.000287
1691.850000 0.008554 -0.005519 -0.000256 -0.542645 0.956232 -0.000287
1692.000000 0.008555 -0.005519 -0.000256 -0.544802 0.955016 -0.000287
1692.150000 0.008556 -0.005519 -0.000256 -0.546957 0.953796 -0.000287
1692.300000 0.008557 -0.005520 -0.000256 -0.549109 0.952571 -0.000287
1692.450000 0.008558 -0.005520 -0.000256 -0.551258 0.951342 -0.000287
1692.600000 0.008559 -0.005520 -0.000256 -0.553405 0.950108 -0.000287
1692.750000 0.008560 -0.005521 -0.000256 -0.555548 0.948869 -0.000287
1692.900000 0.008561 -0.005521 -0.000256 -0.557690 0.947625 -0.000287
1693.050000 0.008561 -0.005521 -0.000256 -0.559828 0.946377 -0.000287
1693.200000 0.008562 -0.005521 -0.000256 -0.561963 0.945124 -0.000287
1693.350000 0.008563 -0.005522 -0.000256 -0.564096 0.943867 -0.000287
1693.500000 0.008564 -0.005522 -0.000256 -0.566226 0.942605 -0.000287
1693.650000 0.008565 -0.005522 -0.000256 -0.568353 0.941338 -0.000287
1693.800000 0.008566 -0.005522 -0.000256 -0.570478 0.940067 -0.000287
1693.950000 0.008567 -0.005523 -0.000256 -0.572599 0.938791 -0.000287
1694.100000 0.008568 -0.005523 -0.000256 -0.574718 0.937510 -0.000287
1694.250000 0.008569 -0.005523 -0.000256 -0.576834 0.936225 -0.000287
1694.400000 0.008570 -0.005524 -0.000256 -0.578947 0.934935 -0.000287
1694.550000 0.008571 -0.005524 -0.000256 -0.581057 0.933640 -0.000287
1694.700000 0.008571 -0.005524 -0.000256 -0.583165 0.932341 -0.000287
1694.850000 0.008572 -0.005524 -0.000256 -0.585269 0.931038 -0.000287
1695.000000 0.008573 -0.005525 -0.000256 -0.587371 0.929730 -0.000287
1695.150000 0.008574 -0.005525 -0.000256 -0.589469 0.928417 -0.000287
1695.300000 0.008575 -0.005525 -0.000256 -0.591565 0.927099 -0.000287
1695.450000 0.008576 -0.005525 -0.000256 -0.593658 0.925777 -0.000287
1695.600000 0.008577 -0.005526 -0.000256 -0.595748 0.924451 -0.000287
1695.750000 0.008578 -0.005526 -0.000256 -0.597835 0.923120 -0.000287
1695.900000 0.008579 -0.005526 -0.000256 -0.599919 0.921784 -0.000287
1696.050000 0.008580 -0.005527 -0.000257 -0.602000 0.920444 -0.000287
1696.200000 0.008580 -0.005527 -0.000257 -0.604078 0.919100 -0.000287
1696.350000 0.008581 -0.005527 -0.000257 -0.606153 0.917751 -0.000287
1696.500000 0.008582 -0.005527 -0.000257 -0.608225 0.916397 -0.000287
1696.650000 0.008583 -0.005528 -0.000257 -0.610295 0.915039 -0.000287
1696.800000 0.008584 -0.005528 -0.000257 -0.612361 0.913676 -0.000287
1696.950000 0.008585 -0.005528 -0.000257 -0.614424 0.912309 -0.000287
1697.100000 0.008586 -0.005528 -0.000257 -0.616484 0.910938 -0.000287
1697.250000 0.008587 -0.005529 -0.000257 -0.618541 0.909561 -0.000287
1697.400000 0.008588 -0.005529 -0.000257 -0.620595 0.908181 -0.000287
1697.550000 0.008589 -0.005529 -0.000257 -0.622646 0.906796 -0.000287
1697.700000 0.008590 -0.005530 -0.000257 -0.624694 0.905406 -0.000287
1697.850000 0.008590 -0.005530 -0.000257 -0.626738 0.904012 -0.000286
1698.000000 0.008591 -0.005530 -0.000257 -0.628780 0.902614 -0.000286
1698.150000 0.008592 -0.005530 -0.000257 -0.630819 0.901211 -0.000286
1698.300000 0.008593 -0.005531 -0.000257 -0.632854 0.899804 -0.000286
1698.450000 0.008594 -0.005531 -0.000257 -0.634887 0.898392 -0.000286
1698.600000 0.008595 -0.005531 -0.000257 -0.636916 0.896976 -0.000286
1698.750000 0.008596 -0.005532 -0.000257 -0.638942 0.895556 -0.000286
1698.900000 0.008597 -0.005532 -0.000257 -0.640965 0.894131 -0.000286
1699.050000 0.008598 -0.005532 -0.000257 -0.642985 0.892702 -0.000286
1699.200000 0.008599 -0.005532 -0.000257 -0.645001 0.891268 -0.000286
1699.350000 0.008600 -0.005533 -0.000257 -0.647015 0.889830 -0.000286
1699.500000 0.008600 -0.005533 -0.000257 -0.649025 0.888388 -0.000286
1699.650000 0.008601 -0.005533 -0.000257 -0.651032 0.886941 -0.000286
1699.800000 0.008602 -0.005533 -0.000257 -0.653036 0.885490 -0.000286
1699.950000 0.008603 -0.005534 -0.000257 -0.655037 0.884034 -0.000286
1700.100000 0.008604 -0.005534 -0.000257 -0.657034 0.882575 -0.000286
1700.250000 0.008605 -0.005534 -0.000257 -0.659029 0.881111 -0.000286
1700.400000 0.008606 -0.005535 -0.000257 -0.661019 0.879642 -0.000286
1700.550000 0.008607 -0.005535 -0.000257 -0.663007 0.878169 -0.000286
1700.700000 0.008608 -0.005535 -0.000257 -0.664992 0.876692 -0.000286
1700.850000 0.008609 -0.005535 -0.000257 -0.666973 0.875211 -0.000286
1701.000000 0.008610 -0.005536 -0.000257 -0.668951 0.873725 -0.000286
1701.150000 0.008610 -0.005536 -0.000257 -0.670925 0.872235 -0.000286
1701.300000 0.008611 -0.005536 -0.000257 -0.672897 0.870741 -0.000286
1701.450000 0.008612 -0.005536 -0.000257 -0.674865 0.869243 -0.000286
1701.600000 0.008613 -0.005537 -0.000257 -0.676829 0.867740 -0.000286
1701.750000 0.008614 -0.005537 -0.000257 -0.678791 0.866233 -0.000286
1701.900000 0.008615 -0.005537 -0.000257 -0.680749 0.864721 -0.000286
1702.050000 0.008616 -0.005538 -0.000257 -0.682704 0.863206 -0.000286
1702.200000 0.008617 -0.005538 -0.000257 -0.684655 0.861686 -0.000286
1702.350000 0.008618 -0.005538 -0.000257 -0.686603 0.860162 -0.000286
1702.500000 0.008619 -0.005538 -0.000257 -0.688548 0.858634 -0.000286
1702.650000 0.008620 -0.005539 -0.000257 -0.690489 0.857102 -0.000286
1702.800000 0.008620 -0.005539 -0.000257 -0.692427 0.855565 -0.000286
1702.950000 0.008621 -0.005539 -0.000257 -0.694361 0.854024 -0.000286
1703.100000 0.008622 -0.005539 -0.000257 -0.696292 0.852479 -0.000286
1703.250000 0.008623 -0.005540 -0.000257 -0.698220 0.850930 -0.000286
1703.400000 0.008624 -0.005540 -0.000257 -0.700144 0.849377 -0.000286
1703.550000 0.008625 -0.005540 -0.000257 -0.702065 0.847819 -0.000286
1703.700000 0.008626 -0.005541 -0.000258 -0.703982 0.846257 -0.000286
1703.850000 0.008627 -0.005541 -0.000258 -0.705896 0.844692 -0.000286
1704.000000 0.008628 -0.005541 -0.000258 -0.707806 0.843122 -0.000286
1704.150000 0.008629 -0.005541 -0.000258 -0.709713 0.841548 -0.000286
1704.300000 0.008629 -0.005542 -0.000258 -0.711616 0.839969 -0.000286
1704.450000 0.008630 -0.005542 -0.000258 -0.713516 0.838387 -0.000286
1704.600000 0.008631 -0.005542 -0.000258 -0.715413 0.836801 -0.000286
1704.750000 0.008632 -0.005543 -0.000258 -0.717306 0.835210 -0.000286
1704.900000 0.008633 -0.005543 -0.000258 -0.719195 0.833615 -0.000286
1705.050000 0.008634 -0.005543 -0.000258 -0.721081 0.832017 -0.000285
1705.200000 0.008635 -0.005543 -0.000258 -0.722963 0.830414 -0.000285
1705.350000 0.008636 -0.005544 -0.000258 -0.724842 0.828807 -0.000285
1705.500000 0.008637 -0.005544 -0.000258 -0.726717 0.827196 -0.000285
1705.650000 0.008638 -0.005544 -0.000258 -0.728589 0.825581 -0.000285
1705.800000 0.008639 -0.005544 -0.000258 -0.730457 0.823962 -0.000285
1705.950000 0.008639 -0.005545 -0.000258 -0.732322 0.822339 -0.000285
1706.100000 0.008640 -0.005545 -0.000258 -0.734183 0.820712 -0.000285
1706.250000 0.008641 -0.005545 -0.000258 -0.736040 0.819081 -0.000285
1706.400000 0.008642 -0.005546 -0.000258 -0.737894 0.817446 -0.000285
1706.550000 0.008643 -0.005546 -0.000258 -0.739744 0.815807 -0.000285
1706.700000 0.008644 -0.005546 -0.000258 -0.741591 0.814163 -0.000285
1706.850000 0.008645 -0.005546 -0.000258 -0.743433 0.812516 -0.000285
1707.000000 0.008646 -0.005547 -0.000258 -0.745273 0.810865 -0.000285
1707.150000 0.008647 -0.005547 -0.000258 -0.747108 0.809210 -0.000285
1707.300000 0.008648 -0.005547 -0.000258 -0.748940 0.807551 -0.000285
1707.450000 0.008649 -0.005547 -0.000258 -0.750768 0.805888 -0.000285
1707.600000 0.008649 -0.005548 -0.000258 -0.752593 0.804221 -0.000285
1707.750000 0.008650 -0.005548 -0.000258 -0.754414 0.802551 -0.000285
1707.900000 0.008651 -0.005548 -0.000258 -0.756231 0.800876 -0.000285
1708.050000 0.008652 -0.005549 -0.000258 -0.758045 0.799197 -0.000285
1708.200000 0.008653 -0.005549 -0.000258 -0.759854 0.797515 -0.000285
1708.350000 0.008654 -0.005549 -0.000258 -0.761661 0.795828 -0.000285
1708.500000 0.008655 -0.005549 -0.000258 -0.763463 0.794138 -0.000285
1708.650000 0.008656 -0.005550 -0.000258 -0.765261 0.792443 -0.000285
1708.800000 0.008657 -0.005550 -0.000258 -0.767056 0.790745 -0.000285
1708.950000 0.008658 -0.005550 -0.000258 -0.768848 0.789043 -0.000285
1709.100000 0.008658 -0.005550 -0.000258 -0.770635 0.787337 -0.000285
1709.250000 0.008659 -0.005551 -0.000258 -0.772418 0.785628 -0.000285
1709.400000 0.008660 -0.005551 -0.000258 -0.774198 0.783914 -0.000285
1709.550000 0.008661 -0.005551 -0.000258 -0.775974 0.782197 -0.000285
1709.700000 0.008662 -0.005552 -0.000258 -0.777747 0.780475 -0.000285
1709.850000 0.008663 -0.005552 -0.000258 -0.779515 0.778750 -0.000285
1710.000000 0.008664 -0.005552 -0.000258 -0.781280 0.777022 -0.000285
1710.150000 0.008665 -0.005552 -0.000258 -0.783041 0.775289 -0.000285
1710.300000 0.008666 -0.005553 -0.000258 -0.784798 0.773552 -0.000285
1710.450000 0.008667 -0.005553 -0.000258 -0.786551 0.771812 -0.000285
1710.600000 0.008668 -0.005553 -0.000258 -0.788300 0.770068 -0.000285
1710.750000 0.008668 -0.005553 -0.000258 -0.790045 0.768320 -0.000284
1710.900000 0.008669 -0.005554 -0.000258 -0.791787 0.766569 -0.000284
1711.050000 0.008670 -0.005554 -0.000258 -0.793525 0.764814 -0.000284
1711.200000 0.008671 -0.005554 -0.000258 -0.795259 0.763055 -0.000284
1711.350000 0.008672 -0.005555 -0.000259 -0.796989 0.761292 -0.000284
1711.500000 0.008673 -0.005555 -0.000259 -0.798715 0.759526 -0.000284
1711.650000 0.008674 -0.005555 -0.000259 -0.800437 0.757755 -0.000284
1711.800000 0.008675 -0.005555 -0.000259 -0.802155 0.755982 -0.000284
1711.950000 0.008676 -0.005556 -0.000259 -0.803870 0.754204 -0.000284
1712.100000 0.008677 -0.005556 -0.000259 -0.805580 0.752423 -0.000284
1712.250000 0.008678 -0.005556 -0.000259 -0.807287 0.750638 -0.000284
1712.400000 0.008678 -0.005556 -0.000259 -0.808989 0.748849 -0.000284
1712.550000 0.008679 -0.005557 -0.000259 -0.810688 0.747057 -0.000284
1712.700000 0.008680 -0.005557 -0.000259 -0.812383 0.745261 -0.000284
1712.850000 0.008681 -0.005557 -0.000259 -0.814073 0.743462 -0.000284
1713.000000 0.008682 -0.005558 -0.000259 -0.815760 0.741659 -0.000284
1713.150000 0.008683 -0.005558 -0.000259 -0.817443 0.739852 -0.000284
1713.300000 0.008684 -0.005558 -0.000259 -0.819122 0.738041 -0.000284
1713.450000 0.008685 -0.005558 -0.000259 -0.820797 0.736227 -0.000284
1713.600000 0.008686 -0.005559 -0.000259 -0.822467 0.734410 -0.000284
1713.750000 0.008687 -0.005559 -0.000259 -0.824134 0.732589 -0.000284
1713.900000 0.008687 -0.005559 -0.000259 -0.825797 0.730764 -0.000284
1714.050000 0.008688 -0.005560 -0.000259 -0.827456 0.728936 -0.000284
1714.200000 0.008689 -0.005560 -0.000259 -0.829110 0.727104 -0.000284
1714.350000 0.008690 -0.005560 -0.000259 -0.830761 0.725268 -0.000284
1714.500000 0.008691 -0.005560 -0.000259 -0.832408 0.723430 -0.000284
1714.650000 0.008692 -0.005561 -0.000259 -0.834050 0.721587 -0.000284
1714.800000 0.008693 -0.005561 -0.000259 -0.835689 0.719741 -0.000284
1714.950000 0.008694 -0.005561 -0.000259 -0.837323 0.717892 -0.000284
1715.100000 0.008695 -0.005561 -0.000259 -0.838954 0.716039 -0.000284
1715.250000 0.008696 -0.005562 -0.000259 -0.840580 0.714182 -0.000284
1715.400000 0.008697 -0.005562 -0.000259 -0.842202 0.712322 -0.000284
1715.550000 0.008697 -0.005562 -0.000259 -0.843820 0.710459 -0.000284
1715.700000 0.008698 -0.005563 -0.000259 -0.845434 0.708592 -0.000283
1715.850000 0.008699 -0.005563 -0.000259 -0.847044 0.706721 -0.000283
1716.000000 0.008700 -0.005563 -0.000259 -0.848650 0.704848 -0.000283
1716.150000 0.008701 -0.005563 -0.000259 -0.850252 0.702970 -0.000283
1716.300000 0.008702 -0.005564 -0.000259 -0.851849 0.701090 -0.000283
1716.450000 0.008703 -0.005564 -0.000259 -0.853443 0.699206 -0.000283
1716.600000 0.008704 -0.005564 -0.000259 -0.855032 0.697318 -0.000283
1716.750000 0.008705 -0.005564 -0.000259 -0.856617 0.695427 -0.000283
1716.900000 0.008706 -0.005565 -0.000259 -0.858198 0.693533 -0.000283
1717.050000 0.008707 -0.005565 -0.000259 -0.859775 0.691635 -0.000283
1717.200000 0.008707 -0.005565 -0.000259 -0.861347 0.689734 -0.000283
1717.350000 0.008708 -0.005566 -0.000259 -0.862915 0.687830 -0.000283
1717.500000 0.008709 -0.005566 -0.000259 -0.864480 0.685922 -0.000283
1717.650000 0.008710 -0.005566 -0.000259 -0.866040 0.684011 -0.000283
1717.800000 0.008711 -0.005566 -0.000259 -0.867595 0.682097 -0.000283
1717.950000 0.008712 -0.005567 -0.000259 -0.869147 0.680179 -0.000283
1718.100000 0.008713 -0.005567 -0.000259 -0.870694 0.678258 -0.000283
1718.250000 0.008714 -0.005567 -0.000259 -0.872237 0.676333 -0.000283
1718.400000 0.008715 -0.005567 -0.000259 -0.873776 0.674406 -0.000283
1718.550000 0.008716 -0.005568 -0.000259 -0.875311 0.672475 -0.000283
1718.700000 0.008716 -0.005568 -0.000259 -0.876841 0.670541 -0.000283
1718.850000 0.008717 -0.005568 -0.000259 -0.878367 0.668603 -0.000283
1719.000000 0.008718 -0.005569 -0.000260 -0.879889 0.666662 -0.000283
1719.150000 0.008719 -0.005569 -0.000260 -0.881407 0.664718 -0.000283
1719.300000 0.008720 -0.005569 -0.000260 -0.882920 0.662771 -0.000283
1719.450000 0.008721 -0.005569 -0.000260 -0.884429 0.660821 -0.000283
1719.600000 0.008722 -0.005570 -0.000260 -0.885934 0.658867 -0.000283
1719.750000 0.008723 -0.005570 -0.000260 -0.887434 0.656910 -0.000283
1719.900000 0.008724 -0.005570 -0.000260 -0.888930 0.654950 -0.000282
1720.050000 0.008725 -0.005570 -0.000260 -0.890422 0.652987 -0.000282
1720.200000 0.008726 -0.005571 -0.000260 -0.891910 0.651021 -0.000282
1720.350000 0.008726 -0.005571 -0.000260 -0.893393 0.649051 -0.000282
1720.500000 0.008727 -0.005571 -0.000260 -0.894872 0.647078 -0.000282
1720.650000 0.008728 -0.005572 -0.000260 -0.896346 0.645102 -0.000282
1720.800000 0.008729 -0.005572 -0.000260 -0.897816 0.643123 -0.000282
1720.950000 0.008730 -0.005572 -0.000260 -0.899282 0.641141 -0.000282
1721.100000 0.008731 -0.005572 -0.000260 -0.900744 0.639156 -0.000282
1721.250000 0.008732 -0.005573 -0.000260 -0.902201 0.637168 -0.000282
1721.400000 0.008733 -0.005573 -0.000260 -0.903653 0.635176 -0.000282
1721.550000 0.008734 -0.005573 -0.000260 -0.905102 0.633182 -0.000282
1721.700000 0.008735 -0.005573 -0.000260 -0.906546 0.631184 -0.000282
1721.850000 0.008736 -0.005574 -0.000260 -0.907985 0.629183 -0.000282
1722.000000 0.008736 -0.005574 -0.000260 -0.909420 0.627179 -0.000282
1722.150000 0.008737 -0.005574 -0.000260 -0.910851 0.625173 -0.000282
1722.300000 0.008738 -0.005575 -0.000260 -0.912278 0.623163 -0.000282
1722.450000 0.008739 -0.005575 -0.000260 -0.913700 0.621150 -0.000282
1722.600000 0.008740 -0.005575 -0.000260 -0.915117 0.619134 -0.000282
1722.750000 0.008741 -0.005575 -0.000260 -0.916530 0.617115 -0.000282
1722.900000 0.008742 -0.005576 -0.000260 -0.917939 0.615093 -0.000282
1723.050000 0.008743 -0.005576 -0.000260 -0.919343 0.613068 -0.000282
1723.200000 0.008744 -0.005576 -0.000260 -0.920743 0.611040 -0.000282
1723.350000 0.008745 -0.005576 -0.000260 -0.922138 0.609009 -0.000282
1723.500000 0.008745 -0.005577 -0.000260 -0.923529 0.606976 -0.000282
1723.650000 0.008746 -0.005577 -0.000260 -0.924915 0.604939 -0.000282
1723.800000 0.008747 -0.005577 -0.000260 -0.926297 0.602899 -0.000282
1723.950000 0.008748 -0.005578 -0.000260 -0.927675 0.600857 -0.000281
1724.100000 0.008749 -0.005578 -0.000260 -0.929048 0.598811 -0.000281
1724.250000 0.008750 -0.005578 -0.000260 -0.930416 0.596763 -0.000281
1724.400000 0.008751 -0.005578 -0.000260 -0.931780 0.594711 -0.000281
1724.550000 0.008752 -0.005579 -0.000260 -0.933140 0.592657 -0.000281
1724.700000 0.008753 -0.005579 -0.000260 -0.934495 0.590600 -0.000281
1724.850000 0.008754 -0.005579 -0.000260 -0.935845 0.588540 -0.000281
1725.000000 0.008755 -0.005579 -0.000260 -0.937191 0.586477 -0.000281
1725.150000 0.008755 -0.005580 -0.000260 -0.938532 0.584411 -0.000281
1725.300000 0.008756 -0.005580 -0.000260 -0.939869 0.582343 -0.000281
1725.450000 0.008757 -0.005580 -0.000260 -0.941202 0.580272 -0.000281
1725.600000 0.008758 -0.005581 -0.000260 -0.942529 0.578197 -0.000281
1725.750000 0.008759 -0.005581 -0.000260 -0.943853 0.576120 -0.000281
1725.900000 0.008760 -0.005581 -0.000260 -0.945171 0.574041 -0.000281
1726.050000 0.008761 -0.005581 -0.000260 -0.946485 0.571958 -0.000281
1726.200000 0.008762 -0.005582 -0.000260 -0.947795 0.569873 -0.000281
1726.350000 0.008763 -0.005582 -0.000260 -0.949100 0.567785 -0.000281
1726.500000 0.008764 -0.005582 -0.000260 -0.950400 0.565694 -0.000281
1726.650000 0.008764 -0.005582 -0.000261 -0.951696 0.563600 -0.000281
1726.800000 0.008765 -0.005583 -0.000261 -0.952987 0.561504 -0.000281
1726.950000 0.008766 -0.005583 -0.000261 -0.954274 0.559405 -0.000281
1727.100000 0.008767 -0.005583 -0.000261 -0.955556 0.557303 -0.000281
1727.250000 0.008768 -0.005584 -0.000261 -0.956834 0.555199 -0.000281
1727.400000 0.008769 -0.005584 -0.000261 -0.958106 0.553092 -0.000281
1727.550000 0.008770 -0.005584 -0.000261 -0.959375 0.550982 -0.000281
1727.700000 0.008771 -0.005584 -0.000261 -0.960638 0.548869 -0.000280
1727.850000 0.008772 -0.005585 -0.000261 -0.961897 0.546754 -0.000280
1728.000000 0.008773 -0.005585 -0.000261 -0.963151 0.544636 -0.000280
1728.150000 0.008774 -0.005585 -0.000261 -0.964401 0.542516 -0.000280
1728.300000 0.008774 -0.005585 -0.000261 -0.965646 0.540393 -0.000280
1728.450000 0.008775 -0.005586 -0.000261 -0.966887 0.538267 -0.000280
1728.600000 0.008776 -0.005586 -0.000261 -0.968122 0.536139 -0.000280
1728.750000 0.008777 -0.005586 -0.000261 -0.969353 0.534008 -0.000280
1728.900000 0.008778 -0.005587 -0.000261 -0.970580 0.531874 -0.000280
1729.050000 0.008779 -0.005587 -0.000261 -0.971801 0.529738 -0.000280
1729.200000 0.008780 -0.005587 -0.000261 -0.973019 0.527600 -0.000280
1729.350000 0.008781 -0.005587 -0.000261 -0.974231 0.525458 -0.000280
1729.500000 0.008782 -0.005588 -0.000261 -0.975439 0.523315 -0.000280
1729.650000 0.008783 -0.005588 -0.000261 -0.976642 0.521168 -0.000280
1729.800000 0.008783 -0.005588 -0.000261 -0.977840 0.519020 -0.000280
1729.950000 0.008784 -0.005588 -0.000261 -0.979033 0.516868 -0.000280
1730.100000 0.008785 -0.005589 -0.000261 -0.980222 0.514715 -0.000280
1730.250000 0.008786 -0.005589 -0.000261 -0.981407 0.512558 -0.000280
1730.400000 0.008787 -0.005589 -0.000261 -0.982586 0.510399 -0.000280
1730.550000 0.008788 -0.005590 -0.000261 -0.983761 0.508238 -0.000280
1730.700000 0.008789 -0.005590 -0.000261 -0.984931 0.506074 -0.000280
1730.850000 0.008790 -0.005590 -0.000261 -0.986096 0.503908 -0.000280
1731.000000 0.008791 -0.005590 -0.000261 -0.987256 0.501740 -0.000280
1731.150000 0.008792 -0.005591 -0.000261 -0.988412 0.499569 -0.000279
1731.300000 0.008793 -0.005591 -0.000261 -0.989563 0.497395 -0.000279
1731.450000 0.008793 -0.005591 -0.000261 -0.990710 0.495219 -0.000279
1731.600000 0.008794 -0.005591 -0.000261 -0.991851 0.493041 -0.000279
1731.750000 0.008795 -0.005592 -0.000261 -0.992988 0.490860 -0.000279
1731.900000 0.008796 -0.005592 -0.000261 -0.994120 0.488677 -0.000279
1732.050000 0.008797 -0.005592 -0.000261 -0.995247 0.486492 -0.000279
1732.200000 0.008798 -0.005593 -0.000261 -0.996370 0.484304 -0.000279
1732.350000 0.008799 -0.005593 -0.000261 -0.997487 0.482114 -0.000279
1732.500000 0.008800 -0.005593 -0.000261 -0.998600 0.479922 -0.000279
1732.650000 0.008801 -0.005593 -0.000261 -0.999708 0.477727 -0.000279
1732.800000 0.008802 -0.005594 -0.000261 -1.000811 0.475530 -0.000279
1732.950000 0.008802 -0.005594 -0.000261 -1.001910 0.473331 -0.000279
1733.100000 0.008803 -0.005594 -0.000261 -1.003004 0.471129 -0.000279
1733.250000 0.008804 -0.005594 -0.000261 -1.004092 0.468925 -0.000279
1733.400000 0.008805 -0.005595 -0.000261 -1.005177 0.466719 -0.000279
1733.550000 0.008806 -0.005595 -0.000261 -1.006256 0.464510 -0.000279
1733.700000 0.008807 -0.005595 -0.000261 -1.007330 0.462300 -0.000279
1733.850000 0.008808 -0.005596 -0.000261 -1.008400 0.460087 -0.000279
1734.000000 0.008809 -0.005596 -0.000261 -1.009465 0.457872 -0.000279
1734.150000 0.008810 -0.005596 -0.000261 -1.010524 0.455654 -0.000279
1734.300000 0.008811 -0.005596 -0.000262 -1.011580 0.453435 -0.000279
1734.450000 0.008812 -0.005597 -0.000262 -1.012630 0.451213 -0.000279
1734.600000 0.008812 -0.005597 -0.000262 -1.013675 0.448989 -0.000278
1734.750000 0.008813 -0.005597 -0.000262 -1.014716 0.446763 -0.000278
1734.900000 0.008814 -0.005597 -0.000262 -1.015751 0.444534 -0.000278
1735.050000 0.008815 -0.005598 -0.000262 -1.016782 0.442304 -0.000278
1735.200000 0.008816 -0.005598 -0.000262 -1.017808 0.440071 -0.000278
1735.350000 0.008817 -0.005598 -0.000262 -1.018829 0.437837 -0.000278
1735.500000 0.008818 -0.005599 -0.000262 -1.019845 0.435600 -0.000278
1735.650000 0.008819 -0.005599 -0.000262 -1.020857 0.433361 -0.000278
1735.800000 0.008820 -0.005599 -0.000262 -1.021863 0.431120 -0.000278
1735.950000 0.008821 -0.005599 -0.000262 -1.022865 0.428877 -0.000278
1736.100000 0.008821 -0.005600 -0.000262 -1.023861 0.426632 -0.000278
1736.250000 0.008822 -0.005600 -0.000262 -1.024853 0.424384 -0.000278
1736.400000 0.008823 -0.005600 -0.000262 -1.025840 0.422135 -0.000278
1736.550000 0.008824 -0.005600 -0.000262 -1.026822 0.419884 -0.000278
1736.700000 0.008825 -0.005601 -0.000262 -1.027799 0.417630 -0.000278
1736.850000 0.008826 -0.005601 -0.000262 -1.028771 0.415375 -0.000278
1737.000000 0.008827 -0.005601 -0.000262 -1.029738 0.413118 -0.000278
1737.150000 0.008828 -0.005602 -0.000262 -1.030700 0.410858 -0.000278
1737.300000 0.008829 -0.005602 -0.000262 -1.031658 0.408597 -0.000278
1737.450000 0.008830 -0.005602 -0.000262 -1.032610 0.406334 -0.000278
1737.600000 0.008830 -0.005602 -0.000262 -1.033558 0.404068 -0.000278
1737.750000 0.008831 -0.005603 -0.000262 -1.034500 0.401801 -0.000277
1737.900000 0.008832 -0.005603 -0.000262 -1.035438 0.399532 -0.000277
1738.050000 0.008833 -0.005603 -0.000262 -1.036371 0.397261 -0.000277
1738.200000 0.008834 -0.005603 -0.000262 -1.037298 0.394988 -0.000277
1738.350000 0.008835 -0.005604 -0.000262 -1.038221 0.392713 -0.000277
1738.500000 0.008836 -0.005604 -0.000262 -1.039139 0.390436 -0.000277
1738.650000 0.008837 -0.005604 -0.000262 -1.040052 0.388157 -0.000277
1738.800000 0.008838 -0.005605 -0.000262 -1.040960 0.385877 -0.000277
1738.950000 0.008839 -0.005605 -0.000262 -1.041863 0.383594 -0.000277
1739.100000 0.008840 -0.005605 -0.000262 -1.042761 0.381310 -0.000277
1739.250000 0.008840 -0.005605 -0.000262 -1.043654 0.379024 -0.000277
1739.400000 0.008841 -0.005606 -0.000262 -1.044542 0.376736 -0.000277
1739.550000 0.008842 -0.005606 -0.000262 -1.045425 0.374446 -0.000277
1739.700000 0.008843 -0.005606 -0.000262 -1.046303 0.372154 -0.000277
1739.850000 0.008844 -0.005606 -0.000262 -1.047176 0.369861 -0.000277
1740.000000 0.008845 -0.005607 -0.000262 -1.048044 0.367565 -0.000277
1740.150000 0.008846 -0.005607 -0.000262 -1.048907 0.365268 -0.000277
1740.300000 0.008847 -0.005607 -0.000262 -1.049765 0.362970 -0.000277
1740.450000 0.008848 -0.005608 -0.000262 -1.050618 0.360669 -0.000277
1740.600000 0.008849 -0.005608 -0.000262 -1.051466 0.358367 -0.000277
1740.750000 0.008849 -0.005608 -0.000262 -1.052309 0.356063 -0.000277
1740.900000 0.008850 -0.005608 -0.000262 -1.053147 0.353757 -0.000276
1741.050000 0.008851 -0.005609 -0.000262 -1.053980 0.351450 -0.000276
1741.200000 0.008852 -0.005609 -0.000262 -1.054808 0.349141 -0.000276
1741.350000 0.008853 -0.005609 -0.000262 -1.055631 0.346830 -0.000276
1741.500000 0.008854 -0.005609 -0.000262 -1.056449 0.344517 -0.000276
1741.650000 0.008855 -0.005610 -0.000262 -1.057262 0.342203 -0.000276
1741.800000 0.008856 -0.005610 -0.000262 -1.058070 0.339888 -0.000276
1741.950000 0.008857 -0.005610 -0.000263 -1.058873 0.337570 -0.000276
1742.100000 0.008858 -0.005611 -0.000263 -1.059671 0.335251 -0.000276
1742.250000 0.008859 -0.005611 -0.000263 -1.060464 0.332930 -0.000276
1742.400000 0.008859 -0.005611 -0.000263 -1.061252 0.330608 -0.000276
1742.550000 0.008860 -0.005611 -0.000263 -1.062034 0.328284 -0.000276
1742.700000 0.008861 -0.005612 -0.000263 -1.062812 0.325959 -0.000276
1742.850000 0.008862 -0.005612 -0.000263 -1.063585 0.323632 -0.000276
1743.000000 0.008863 -0.005612 -0.000263 -1.064352 0.321303 -0.000276
1743.150000 0.008864 -0.005612 -0.000263 -1.065115 0.318973 -0.000276
1743.300000 0.008865 -0.005613 -0.000263 -1.065872 0.316641 -0.000276
1743.450000 0.008866 -0.005613 -0.000263 -1.066625 0.314308 -0.000276
1743.600000 0.008867 -0.005613 -0.000263 -1.067372 0.311973 -0.000276
1743.750000 0.008868 -0.005614 -0.000263 -1.068114 0.309637 -0.000276
1743.900000 0.008868 -0.005614 -0.000263 -1.068851 0.307299 -0.000276
1744.050000 0.008869 -0.005614 -0.000263 -1.069584 0.304960 -0.000275
1744.200000 0.008870 -0.005614 -0.000263 -1.070311 0.302619 -0.000275
1744.350000 0.008871 -0.005615 -0.000263 -1.071033 0.300277 -0.000275
1744.500000 0.008872 -0.005615 -0.000263 -1.071749 0.297933 -0.000275
1744.650000 0.008873 -0.005615 -0.000263 -1.072461 0.295588 -0.000275
1744.800000 0.008874 -0.005615 -0.000263 -1.073168 0.293242 -0.000275
1744.950000 0.008875 -0.005616 -0.000263 -1.073870 0.290894 -0.000275
1745.100000 0.008876 -0.005616 -0.000263 -1.074566 0.288544 -0.000275
1745.250000 0.008877 -0.005616 -0.000263 -1.075257 0.286194 -0.000275
1745.400000 0.008877 -0.005617 -0.000263 -1.075944 0.283842 -0.000275
1745.550000 0.008878 -0.005617 -0.000263 -1.076625 0.281488 -0.000275
1745.700000 0.008879 -0.005617 -0.000263 -1.077301 0.279133 -0.000275
1745.850000 0.008880 -0.005617 -0.000263 -1.077972 0.276777 -0.000275
1746.000000 0.008881 -0.005618 -0.000263 -1.078638 0.274420 -0.000275
1746.150000 0.008882 -0.005618 -0.000263 -1.079299 0.272061 -0.000275
1746.300000 0.008883 -0.005618 -0.000263 -1.079955 0.269701 -0.000275
1746.450000 0.008884 -0.005618 -0.000263 -1.080605 0.267339 -0.000275
1746.600000 0.008885 -0.005619 -0.000263 -1.081251 0.264976 -0.000275
1746.750000 0.008886 -0.005619 -0.000263 -1.081891 0.262612 -0.000275
1746.900000 0.008887 -0.005619 -0.000263 -1.082526 0.260247 -0.000274
1747.050000 0.008887 -0.005620 -0.000263 -1.083156 0.257880 -0.000274
1747.200000 0.008888 -0.005620 -0.000263 -1.083781 0.255512 -0.000274
1747.350000 0.008889 -0.005620 -0.000263 -1.084401 0.253143 -0.000274
1747.500000 0.008890 -0.005620 -0.000263 -1.085016 0.250773 -0.000274
1747.650000 0.008891 -0.005621 -0.000263 -1.085625 0.248402 -0.000274
1747.800000 0.008892 -0.005621 -0.000263 -1.086230 0.246029 -0.000274
1747.950000 0.008893 -0.005621 -0.000263 -1.086829 0.243655 -0.000274
1748.100000 0.008894 -0.005621 -0.000263 -1.087423 0.241280 -0.000274
1748.250000 0.008895 -0.005622 -0.000263 -1.088012 0.238904 -0.000274
1748.400000 0.008896 -0.005622 -0.000263 -1.088596 0.236526 -0.000274
1748.550000 0.008896 -0.005622 -0.000263 -1.089175 0.234148 -0.000274
1748.700000 0.008897 -0.005623 -0.000263 -1.089748 0.231768 -0.000274
1748.850000 0.008898 -0.005623 -0.000263 -1.090317 0.229387 -0.000274
1749.000000 0.008899 -0.005623 -0.000263 -1.090880 0.227005 -0.000274
1749.150000 0.008900 -0.005623 -0.000263 -1.091438 0.224622 -0.000274
1749.300000 0.008901 -0.005624 -0.000263 -1.091991 0.222238 -0.000274
1749.450000 0.008902 -0.005624 -0.000263 -1.092539 0.219853 -0.000274
1749.600000 0.008903 -0.005624 -0.000264 -1.093082 0.217466 -0.000274
1749.750000 0.008904 -0.005624 -0.000264 -1.093619 0.215079 -0.000274
1749.900000 0.008905 -0.005625 -0.000264 -1.094152 0.212691 -0.000273
1750.050000 0.008905 -0.005625 -0.000264 -1.094679 0.210301 -0.000273
1750.200000 0.008906 -0.005625 -0.000264 -1.095201 0.207911 -0.000273
1750.350000 0.008907 -0.005626 -0.000264 -1.095718 0.205519 -0.000273
1750.500000 0.008908 -0.005626 -0.000264 -1.096229 0.203127 -0.000273
1750.650000 0.008909 -0.005626 -0.000264 -1.096736 0.200734 -0.000273
1750.800000 0.008910 -0.005626 -0.000264 -1.097237 0.198339 -0.000273
1750.950000 0.008911 -0.005627 -0.000264 -1.097733 0.195944 -0.000273
1751.100000 0.008912 -0.005627 -0.000264 -1.098224 0.193547 -0.000273
1751.250000 0.008913 -0.005627 -0.000264 -1.098710 0.191150 -0.000273
1751.400000 0.008914 -0.005627 -0.000264 -1.099191 0.188752 -0.000273
1751.550000 0.008915 -0.005628 -0.000264 -1.099666 0.186353 -0.000273
1751.700000 0.008915 -0.005628 -0.000264 -1.100136 0.183953 -0.000273
1751.850000 0.008916 -0.005628 -0.000264 -1.100601 0.181552 -0.000273
1752.000000 0.008917 -0.005629 -0.000264 -1.101061 0.179150 -0.000273
1752.150000 0.008918 -0.005629 -0.000264 -1.101516 0.176747 -0.000273
1752.300000 0.008919 -0.005629 -0.000264 -1.101966 0.174344 -0.000273
1752.450000 0.008920 -0.005629 -0.000264 -1.102410 0.171939 -0.000273
1752.600000 0.008921 -0.005630 -0.000264 -1.102849 0.169534 -0.000273
1752.750000 0.008922 -0.005630 -0.000264 -1.103283 0.167128 -0.000272
1752.900000 0.008923 -0.005630 -0.000264 -1.103712 0.164721 -0.000272
1753.050000 0.008924 -0.005630 -0.000264 -1.104135 0.162313 -0.000272
1753.200000 0.008924 -0.005631 -0.000264 -1.104554 0.159905 -0.000272
1753.350000 0.008925 -0.005631 -0.000264 -1.104967 0.157496 -0.000272
1753.500000 0.008926 -0.005631 -0.000264 -1.105375 0.155085 -0.000272
1753.650000 0.008927 -0.005632 -0.000264 -1.105778 0.152675 -0.000272
1753.800000 0.008928 -0.005632 -0.000264 -1.106175 0.150263 -0.000272
1753.950000 0.008929 -0.005632 -0.000264 -1.106568 0.147851 -0.000272
1754.100000 0.008930 -0.005632 -0.000264 -1.106955 0.145438 -0.000272
1754.250000 0.008931 -0.005633 -0.000264 -1.107337 0.143024 -0.000272
1754.400000 0.008932 -0.005633 -0.000264 -1.107714 0.140610 -0.000272
1754.550000 0.008933 -0.005633 -0.000264 -1.108085 0.138194 -0.000272
1754.700000 0.008933 -0.005633 -0.000264 -1.108452 0.135779 -0.000272
1754.850000 0.008934 -0.005634 -0.000264 -1.108813 0.133362 -0.000272
1755.000000 0.008935 -0.005634 -0.000264 -1.109169 0.130945 -0.000272
1755.150000 0.008936 -0.005634 -0.000264 -1.109519 0.128527 -0.000272
1755.300000 0.008937 -0.005635 -0.000264 -1.109865 0.126109 -0.000272
1755.450000 0.008938 -0.005635 -0.000264 -1.110205 0.123690 -0.000272
1755.600000 0.008939 -0.005635 -0.000264 -1.110540 0.121270 -0.000271
1755.750000 0.008940 -0.005635 -0.000264 -1.110870 0.118850 -0.000271
1755.900000 0.008941 -0.005636 -0.000264 -1.111195 0.116429 -0.000271
1756.050000 0.008942 -0.005636 -0.000264 -1.111514 0.114007 -0.000271
1756.200000 0.008942 -0.005636 -0.000264 -1.111829 0.111585 -0.000271
1756.350000 0.008943 -0.005636 -0.000264 -1.112138 0.109163 -0.000271
1756.500000 0.008944 -0.005637 -0.000264 -1.112442 0.106740 -0.000271
1756.650000 0.008945 -0.005637 -0.000264 -1.112740 0.104316 -0.000271
1756.800000 0.008946 -0.005637 -0.000264 -1.113034 0.101892 -0.000271
1756.950000 0.008947 -0.005638 -0.000264 -1.113322 0.099467 -0.000271
1757.100000 0.008948 -0.005638 -0.000264 -1.113605 0.097042 -0.000271
1757.250000 0.008949 -0.005638 -0.000265 -1.113883 0.094616 -0.000271
1757.400000 0.008950 -0.005638 -0.000265 -1.114155 0.092190 -0.000271
1757.550000 0.008951 -0.005639 -0.000265 -1.114423 0.089763 -0.000271
1757.700000 0.008951 -0.005639 -0.000265 -1.114685 0.087336 -0.000271
1757.850000 0.008952 -0.005639 -0.000265 -1.114941 0.084909 -0.000271
1758.000000 0.008953 -0.005639 -0.000265 -1.115193 0.082481 -0.000271
1758.150000 0.008954 -0.005640 -0.000265 -1.115440 0.080052 -0.000271
1758.300000 0.008955 -0.005640 -0.000265 -1.115681 0.077624 -0.000270
1758.450000 0.008956 -0.005640 -0.000265 -1.115917 0.075194 -0.000270
1758.600000 0.008957 -0.005640 -0.000265 -1.116148 0.072765 -0.000270
1758.750000 0.008958 -0.005641 -0.000265 -1.116373 0.070335 -0.000270
1758.900000 0.008959 -0.005641 -0.000265 -1.116594 0.067905 -0.000270
1759.050000 0.008960 -0.005641 -0.000265 -1.116809 0.065474 -0.000270
1759.200000 0.008961 -0.005642 -0.000265 -1.117019 0.063043 -0.000270
1759.350000 0.008961 -0.005642 -0.000265 -1.117223 0.060612 -0.000270
1759.500000 0.008962 -0.005642 -0.000265 -1.117423 0.058180 -0.000270
1759.650000 0.008963 -0.005642 -0.000265 -1.117617 0.055748 -0.000270
1759.800000 0.008964 -0.005643 -0.000265 -1.117806 0.053316 -0.000270
1759.950000 0.008965 -0.005643 -0.000265 -1.117990 0.050883 -0.000270
1760.100000 0.008966 -0.005643 -0.000265 -1.118168 0.048450 -0.000270
1760.250000 0.008967 -0.005643 -0.000265 -1.118342 0.046017 -0.000270
1760.400000 0.008968 -0.005644 -0.000265 -1.118510 0.043584 -0.000270
1760.550000 0.008969 -0.005644 -0.000265 -1.118673 0.041150 -0.000270
1760.700000 0.008970 -0.005644 -0.000265 -1.118830 0.038717 -0.000270
1760.850000 0.008970 -0.005645 -0.000265 -1.118983 0.036283 -0.000270
1761.000000 0.008971 -0.005645 -0.000265 -1.119130 0.033848 -0.000270
1761.150000 0.008972 -0.005645 -0.000265 -1.119272 0.031414 -0.000269
1761.300000 0.008973 -0.005645 -0.000265 -1.119409 0.028979 -0.000269
1761.450000 0.008974 -0.005646 -0.000265 -1.119540 0.026545 -0.000269
1761.600000 0.008975 -0.005646 -0.000265 -1.119667 0.024110 -0.000269
1761.750000 0.008976 -0.005646 -0.000265 -1.119788 0.021675 -0.000269
1761.900000 0.008977 -0.005646 -0.000265 -1.119904 0.019239 -0.000269
1762.050000 0.008978 -0.005647 -0.000265 -1.120014 0.016804 -0.000269
1762.200000 0.008979 -0.005647 -0.000265 -1.120120 0.014369 -0.000269
1762.350000 0.008979 -0.005647 -0.000265 -1.120220 0.011933 -0.000269
1762.500000 0.008980 -0.005648 -0.000265 -1.120315 0.009497 -0.000269
1762.650000 0.008981 -0.005648 -0.000265 -1.120405 0.007062 -0.000269
1762.800000 0.008982 -0.005648 -0.000265 -1.120489 0.004626 -0.000269
1762.950000 0.008983 -0.005648 -0.000265 -1.120569 0.002190 -0.000269
1763.100000 0.008984 -0.005649 -0.000265 -1.120643 -0.000246 -0.000269
1763.250000 0.008985 -0.005649 -0.000265 -1.120712 -0.002682 -0.000269
1763.400000 0.008986 -0.005649 -0.000265 -1.120775 -0.005118 -0.000269
1763.550000 0.008987 -0.005649 -0.000265 -1.120834 -0.007554 -0.000269
1763.700000 0.008988 -0.005650 -0.000265 -1.120887 -0.009990 -0.000269
1763.850000 0.008988 -0.005650 -0.000265 -1.120935 -0.012426 -0.000268
1764.000000 0.008989 -0.005650 -0.000265 -1.120978 -0.014862 -0.000268
1764.150000 0.008990 -0.005651 -0.000265 -1.121016 -0.017298 -0.000268
1764.300000 0.008991 -0.005651 -0.000265 -1.121048 -0.019733 -0.000268
1764.450000 0.008992 -0.005651 -0.000265 -1.121075 -0.022169 -0.000268
1764.600000 0.008993 -0.005651 -0.000265 -1.121097 -0.024605 -0.000268
1764.750000 0.008994 -0.005652 -0.000265 -1.121114 -0.027041 -0.000268
1764.900000 0.008995 -0.005652 -0.000266 -1.121126 -0.029476 -0.000268
1765.050000 0.008996 -0.005652 -0.000266 -1.121132 -0.031912 -0.000268
1765.200000 0.008997 -0.005652 -0.000266 -1.121133 -0.034347 -0.000268
1765.350000 0.008997 -0.005653 -0.000266 -1.121129 -0.036783 -0.000268
1765.500000 0.008998 -0.005653 -0.000266 -1.121120 -0.039218 -0.000268
1765.650000 0.008999 -0.005653 -0.000266 -1.121105 -0.041653 -0.000268
1765.800000 0.009000 -0.005654 -0.000266 -1.121086 -0.044087 -0.000268
1765.950000 0.009001 -0.005654 -0.000266 -1.121061 -0.046522 -0.000268
1766.100000 0.009002 -0.005654 -0.000266 -1.121031 -0.048957 -0.000268
1766.250000 0.009003 -0.005654 -0.000266 -1.120995 -0.051391 -0.000268
1766.400000 0.009004 -0.005655 -0.000266 -1.120955 -0.053825 -0.000268
1766.550000 0.009005 -0.005655 -0.000266 -1.120909 -0.056259 -0.000267
1766.700000 0.009006 -0.005655 -0.000266 -1.120858 -0.058693 -0.000267
1766.850000 0.009006 -0.005655 -0.000266 -1.120802 -0.061126 -0.000267
1767.000000 0.009007 -0.005656 -0.000266 -1.120741 -0.063559 -0.000267
1767.150000 0.009008 -0.005656 -0.000266 -1.120674 -0.065992 -0.000267
1767.300000 0.009009 -0.005656 -0.000266 -1.120603 -0.068425 -0.000267
1767.450000 0.009010 -0.005657 -0.000266 -1.120526 -0.070857 -0.000267
1767.600000 0.009011 -0.005657 -0.000266 -1.120444 -0.073289 -0.000267
1767.750000 0.009012 -0.005657 -0.000266 -1.120356 -0.075721 -0.000267
1767.900000 0.009013 -0.005657 -0.000266 -1.120264 -0.078153 -0.000267
1768.050000 0.009014 -0.005658 -0.000266 -1.120166 -0.080584 -0.000267
1768.200000 0.009015 -0.005658 -0.000266 -1.120063 -0.083015 -0.000267
1768.350000 0.009015 -0.005658 -0.000266 -1.119955 -0.085445 -0.000267
1768.500000 0.009016 -0.005658 -0.000266 -1.119842 -0.087875 -0.000267
1768.650000 0.009017 -0.005659 -0.000266 -1.119724 -0.090305 -0.000267
1768.800000 0.009018 -0.005659 -0.000266 -1.119600 -0.092735 -0.000267
1768.950000 0.009019 -0.005659 -0.000266 -1.119471 -0.095164 -0.000267
1769.100000 0.009020 -0.005660 -0.000266 -1.119337 -0.097592 -0.000267
1769.250000 0.009021 -0.005660 -0.000266 -1.119198 -0.100020 -0.000266
1769.400000 0.009022 -0.005660 -0.000266 -1.119054 -0.102448 -0.000266
1769.550000 0.009023 -0.005660 -0.000266 -1.118904 -0.104876 -0.000266
1769.700000 0.009024 -0.005661 -0.000266 -1.118750 -0.107302 -0.000266
1769.850000 0.009024 -0.005661 -0.000266 -1.118590 -0.109729 -0.000266
1770.000000 0.009025 -0.005661 -0.000266 -1.118425 -0.112155 -0.000266
1770.150000 0.009026 -0.005661 -0.000266 -1.118255 -0.114580 -0.000266
1770.300000 0.009027 -0.005662 -0.000266 -1.118079 -0.117005 -0.000266
1770.450000 0.009028 -0.005662 -0.000266 -1.117899 -0.119430 -0.000266
1770.600000 0.009029 -0.005662 -0.000266 -1.117713 -0.121854 -0.000266
1770.750000 0.009030 -0.005663 -0.000266 -1.117522 -0.124277 -0.000266
1770.900000 0.009031 -0.005663 -0.000266 -1.117326 -0.126700 -0.000266
1771.050000 0.009032 -0.005663 -0.000266 -1.117125 -0.129123 -0.000266
1771.200000 0.009033 -0.005663 -0.000266 -1.116919 -0.131545 -0.000266
1771.350000 0.009033 -0.005664 -0.000266 -1.116707 -0.133966 -0.000266
1771.500000 0.009034 -0.005664 -0.000266 -1.116491 -0.136387 -0.000266
1771.650000 0.009035 -0.005664 -0.000266 -1.116269 -0.138807 -0.000266
1771.800000 0.009036 -0.005664 -0.000266 -1.116042 -0.141226 -0.000266
1771.950000 0.009037 -0.005665 -0.000266 -1.115810 -0.143645 -0.000265
1772.100000 0.009038 -0.005665 -0.000266 -1.115573 -0.146064 -0.000265
1772.250000 0.009039 -0.005665 -0.000266 -1.115330 -0.148481 -0.000265
1772.400000 0.009040 -0.005666 -0.000266 -1.115083 -0.150898 -0.000265
1772.550000 0.009041 -0.005666 -0.000267 -1.114830 -0.153315 -0.000265
1772.700000 0.009042 -0.005666 -0.000267 -1.114572 -0.155730 -0.000265
1772.850000 0.009043 -0.005666 -0.000267 -1.114309 -0.158145 -0.000265
1773.000000 0.009043 -0.005667 -0.000267 -1.114041 -0.160560 -0.000265
1773.150000 0.009044 -0.005667 -0.000267 -1.113768 -0.162973 -0.000265
1773.300000 0.009045 -0.005667 -0.000267 -1.113490 -0.165386 -0.000265
1773.450000 0.009046 -0.005667 -0.000267 -1.113206 -0.167799 -0.000265
1773.600000 0.009047 -0.005668 -0.000267 -1.112918 -0.170210 -0.000265
1773.750000 0.009048 -0.005668 -0.000267 -1.112624 -0.172621 -0.000265
1773.900000 0.009049 -0.005668 -0.000267 -1.112325 -0.175031 -0.000265
1774.050000 0.009050 -0.005669 -0.000267 -1.112021 -0.177440 -0.000265
1774.200000 0.009051 -0.005669 -0.000267 -1.111712 -0.179848 -0.000265
1774.350000 0.009052 -0.005669 -0.000267 -1.111398 -0.182256 -0.000265
1774.500000 0.009052 -0.005669 -0.000267 -1.111078 -0.184663 -0.000265
1774.650000 0.009053 -0.005670 -0.000267 -1.110754 -0.187069 -0.000264
1774.800000 0.009054 -0.005670 -0.000267 -1.110424 -0.189474 -0.000264
1774.950000 0.009055 -0.005670 -0.000267 -1.110090 -0.191879 -0.000264
1775.100000 0.009056 -0.005670 -0.000267 -1.109750 -0.194282 -0.000264
1775.250000 0.009057 -0.005671 -0.000267 -1.109405 -0.196685 -0.000264
1775.400000 0.009058 -0.005671 -0.000267 -1.109055 -0.199087 -0.000264
1775.550000 0.009059 -0.005671 -0.000267 -1.108700 -0.201488 -0.000264
1775.700000 0.009060 -0.005672 -0.000267 -1.108340 -0.203888 -0.000264
1775.850000 0.009061 -0.005672 -0.000267 -1.107975 -0.206288 -0.000264
1776.000000 0.009061 -0.005672 -0.000267 -1.107604 -0.208686 -0.000264
1776.150000 0.009062 -0.005672 -0.000267 -1.107229 -0.211083 -0.000264
1776.300000 0.009063 -0.005673 -0.000267 -1.106849 -0.213480 -0.000264
1776.450000 0.009064 -0.005673 -0.000267 -1.106463 -0.215875 -0.000264
1776.600000 0.009065 -0.005673 -0.000267 -1.106072 -0.218270 -0.000264
1776.750000 0.009066 -0.005673 -0.000267 -1.105677 -0.220664 -0.000264
1776.900000 0.009067 -0.005674 -0.000267 -1.105276 -0.223056 -0.000264
1777.050000 0.009068 -0.005674 -0.000267 -1.104870 -0.225448 -0.000264
1777.200000 0.009069 -0.005674 -0.000267 -1.104459 -0.227839 -0.000264
1777.350000 0.009070 -0.005675 -0.000267 -1.104043 -0.230229 -0.000263
1777.500000 0.009070 -0.005675 -0.000267 -1.103622 -0.232617 -0.000263
1777.650000 0.009071 -0.005675 -0.000267 -1.103196 -0.235005 -0.000263
1777.800000 0.009072 -0.005675 -0.000267 -1.102764 -0.237392 -0.000263
1777.950000 0.009073 -0.005676 -0.000267 -1.102328 -0.239777 -0.000263
1778.100000 0.009074 -0.005676 -0.000267 -1.101887 -0.242162 -0.000263
1778.250000 0.009075 -0.005676 -0.000267 -1.101440 -0.244545 -0.000263
1778.400000 0.009076 -0.005676 -0.000267 -1.100989 -0.246928 -0.000263
1778.550000 0.009077 -0.005677 -0.000267 -1.100533 -0.249309 -0.000263
1778.700000 0.009078 -0.005677 -0.000267 -1.100071 -0.251689 -0.000263
1778.850000 0.009079 -0.005677 -0.000267 -1.099604 -0.254069 -0.000263
1779.000000 0.009079 -0.005678 -0.000267 -1.099133 -0.256447 -0.000263
1779.150000 0.009080 -0.005678 -0.000267 -1.098656 -0.258824 -0.000263
1779.300000 0.009081 -0.005678 -0.000267 -1.098175 -0.261199 -0.000263
1779.450000 0.009082 -0.005678 -0.000267 -1.097688 -0.263574 -0.000263
1779.600000 0.009083 -0.005679 -0.000267 -1.097196 -0.265947 -0.000263
1779.750000 0.009084 -0.005679 -0.000267 -1.096700 -0.268320 -0.000263
1779.900000 0.009085 -0.005679 -0.000267 -1.096198 -0.270691 -0.000263
1780.050000 0.009086 -0.005679 -0.000267 -1.095691 -0.273061 -0.000263
1780.200000 0.009087 -0.005680 -0.000268 -1.095179 -0.275429 -0.000262
1780.350000 0.009088 -0.005680 -0.000268 -1.094663 -0.277797 -0.000262
1780.500000 0.009088 -0.005680 -0.000268 -1.094141 -0.280163 -0.000262
1780.650000 0.009089 -0.005680 -0.000268 -1.093614 -0.282528 -0.000262
1780.800000 0.009090 -0.005681 -0.000268 -1.093082 -0.284892 -0.000262
1780.950000 0.009091 -0.005681 -0.000268 -1.092545 -0.287255 -0.000262
1781.100000 0.009092 -0.005681 -0.000268 -1.092004 -0.289616 -0.000262
1781.250000 0.009093 -0.005682 -0.000268 -1.091457 -0.291976 -0.000262
1781.400000 0.009094 -0.005682 -0.000268 -1.090905 -0.294335 -0.000262
1781.550000 0.009095 -0.005682 -0.000268 -1.090348 -0.296692 -0.000262
1781.700000 0.009096 -0.005682 -0.000268 -1.089787 -0.299048 -0.000262
1781.850000 0.009096 -0.005683 -0.000268 -1.089220 -0.301403 -0.000262
1782.000000 0.009097 -0.005683 -0.000268 -1.088648 -0.303757 -0.000262
1782.150000 0.009098 -0.005683 -0.000268 -1.088072 -0.306109 -0.000262
1782.300000 0.009099 -0.005683 -0.000268 -1.087490 -0.308459 -0.000262
1782.450000 0.009100 -0.005684 -0.000268 -1.086904 -0.310809 -0.000262
1782.600000 0.009101 -0.005684 -0.000268 -1.086312 -0.313157 -0.000262
1782.750000 0.009102 -0.005684 -0.000268 -1.085716 -0.315504 -0.000262
1782.900000 0.009103 -0.005685 -0.000268 -1.085114 -0.317849 -0.000261
1783.050000 0.009104 -0.005685 -0.000268 -1.084508 -0.320193 -0.000261
1783.200000 0.009105 -0.005685 -0.000268 -1.083897 -0.322535 -0.000261
1783.350000 0.009105 -0.005685 -0.000268 -1.083280 -0.324876 -0.000261
1783.500000 0.009106 -0.005686 -0.000268 -1.082659 -0.327216 -0.000261
1783.650000 0.009107 -0.005686 -0.000268 -1.082033 -0.329554 -0.000261
1783.800000 0.009108 -0.005686 -0.000268 -1.081402 -0.331891 -0.000261
1783.950000 0.009109 -0.005686 -0.000268 -1.080766 -0.334226 -0.000261
1784.100000 0.009110 -0.005687 -0.000268 -1.080125 -0.336560 -0.000261
1784.250000 0.009111 -0.005687 -0.000268 -1.079479 -0.338892 -0.000261
1784.400000 0.009112 -0.005687 -0.000268 -1.078829 -0.341223 -0.000261
1784.550000 0.009113 -0.005688 -0.000268 -1.078173 -0.343552 -0.000261
1784.700000 0.009114 -0.005688 -0.000268 -1.077512 -0.345880 -0.000261
1784.850000 0.009114 -0.005688 -0.000268 -1.076847 -0.348207 -0.000261
1785.000000 0.009115 -0.005688 -0.000268 -1.076177 -0.350531 -0.000261
1785.150000 0.009116 -0.005689 -0.000268 -1.075501 -0.352854 -0.000261
1785.300000 0.009117 -0.005689 -0.000268 -1.074821 -0.355176 -0.000261
1785.450000 0.009118 -0.005689 -0.000268 -1.074136 -0.357496 -0.000261
1785.600000 0.009119 -0.005689 -0.000268 -1.073446 -0.359815 -0.000261
1785.750000 0.009120 -0.005690 -0.000268 -1.072751 -0.362132 -0.000260
1785.900000 0.009121 -0.005690 -0.000268 -1.072052 -0.364447 -0.000260
1786.050000 0.009122 -0.005690 -0.000268 -1.071347 -0.366761 -0.000260
1786.200000 0.009123 -0.005691 -0.000268 -1.070638 -0.369073 -0.000260
1786.350000 0.009123 -0.005691 -0.000268 -1.069923 -0.371383 -0.000260
1786.500000 0.009124 -0.005691 -0.000268 -1.069204 -0.373692 -0.000260
1786.650000 0.009125 -0.005691 -0.000268 -1.068480 -0.375999 -0.000260
1786.800000 0.009126 -0.005692 -0.000268 -1.067751 -0.378305 -0.000260
1786.950000 0.009127 -0.005692 -0.000268 -1.067018 -0.380609 -0.000260
1787.100000 0.009128 -0.005692 -0.000268 -1.066279 -0.382911 -0.000260
1787.250000 0.009129 -0.005692 -0.000268 -1.065536 -0.385211 -0.000260
1787.400000 0.009130 -0.005693 -0.000268 -1.064787 -0.387510 -0.000260
1787.550000 0.009131 -0.005693 -0.000268 -1.064034 -0.389807 -0.000260
1787.700000 0.009132 -0.005693 -0.000268 -1.063276 -0.392103 -0.000260
1787.850000 0.009132 -0.005694 -0.000269 -1.062514 -0.394396 -0.000260
1788.000000 0.009133 -0.005694 -0.000269 -1.061746 -0.396688 -0.000260
1788.150000 0.009134 -0.005694 -0.000269 -1.060974 -0.398979 -0.000260
1788.300000 0.009135 -0.005694 -0.000269 -1.060196 -0.401267 -0.000260
1788.450000 0.009136 -0.005695 -0.000269 -1.059415 -0.403554 -0.000260
1788.600000 0.009137 -0.005695 -0.000269 -1.058628 -0.405839 -0.000259
1788.750000 0.009138 -0.005695 -0.000269 -1.057836 -0.408122 -0.000259
1788.900000 0.009139 -0.005695 -0.000269 -1.057040 -0.410403 -0.000259
1789.050000 0.009140 -0.005696 -0.000269 -1.056239 -0.412682 -0.000259
1789.200000 0.009141 -0.005696 -0.000269 -1.055433 -0.414960 -0.000259
1789.350000 0.009141 -0.005696 -0.000269 -1.054622 -0.417236 -0.000259
1789.500000 0.009142 -0.005697 -0.000269 -1.053806 -0.419510 -0.000259
1789.650000 0.009143 -0.005697 -0.000269 -1.052986 -0.421782 -0.000259
1789.800000 0.009144 -0.005697 -0.000269 -1.052161 -0.424052 -0.000259
1789.950000 0.009145 -0.005697 -0.000269 -1.051331 -0.426321 -0.000259
1790.100000 0.009146 -0.005698 -0.000269 -1.050497 -0.428587 -0.000259
1790.250000 0.009147 -0.005698 -0.000269 -1.049657 -0.430852 -0.000259
1790.400000 0.009148 -0.005698 -0.000269 -1.048813 -0.433115 -0.000259
1790.550000 0.009149 -0.005698 -0.000269 -1.047964 -0.435376 -0.000259
1790.700000 0.009150 -0.005699 -0.000269 -1.047111 -0.437635 -0.000259
1790.850000 0.009150 -0.005699 -0.000269 -1.046252 -0.439892 -0.000259
1791.000000 0.009151 -0.005699 -0.000269 -1.045389 -0.442147 -0.000259
1791.150000 0.009152 -0.005700 -0.000269 -1.044522 -0.444400 -0.000259
1791.300000 0.009153 -0.005700 -0.000269 -1.043649 -0.446651 -0.000259
1791.450000 0.009154 -0.005700 -0.000269 -1.042772 -0.448900 -0.000258
1791.600000 0.009155 -0.005700 -0.000269 -1.041890 -0.451148 -0.000258
1791.750000 0.009156 -0.005701 -0.000269 -1.041003 -0.453393 -0.000258
1791.900000 0.009157 -0.005701 -0.000269 -1.040112 -0.455636 -0.000258
1792.050000 0.009158 -0.005701 -0.000269 -1.039216 -0.457878 -0.000258
1792.200000 0.009159 -0.005701 -0.000269 -1.038315 -0.460117 -0.000258
1792.350000 0.009159 -0.005702 -0.000269 -1.037410 -0.462354 -0.000258
1792.500000 0.009160 -0.005702 -0.000269 -1.036500 -0.464589 -0.000258
1792.650000 0.009161 -0.005702 -0.000269 -1.035585 -0.466822 -0.000258
1792.800000 0.009162 -0.005703 -0.000269 -1.034665 -0.469054 -0.000258
1792.950000 0.009163 -0.005703 -0.000269 -1.033741 -0.471283 -0.000258
1793.100000 0.009164 -0.005703 -0.000269 -1.032812 -0.473510 -0.000258
1793.250000 0.009165 -0.005703 -0.000269 -1.031879 -0.475734 -0.000258
1793.400000 0.009166 -0.005704 -0.000269 -1.030941 -0.477957 -0.000258
1793.550000 0.009167 -0.005704 -0.000269 -1.029998 -0.480178 -0.000258
1793.700000 0.009168 -0.005704 -0.000269 -1.029050 -0.482397 -0.000258
1793.850000 0.009168 -0.005704 -0.000269 -1.028098 -0.484613 -0.000258
1794.000000 0.009169 -0.005705 -0.000269 -1.027142 -0.486827 -0.000258
1794.150000 0.009170 -0.005705 -0.000269 -1.026180 -0.489040 -0.000258
1794.300000 0.009171 -0.005705 -0.000269 -1.025214 -0.491250 -0.000257
1794.450000 0.009172 -0.005706 -0.000269 -1.024244 -0.493458 -0.000257
1794.600000 0.009173 -0.005706 -0.000269 -1.023269 -0.495663 -0.000257
1794.750000 0.009174 -0.005706 -0.000269 -1.022289 -0.497867 -0.000257
1794.900000 0.009175 -0.005706 -0.000269 -1.021304 -0.500068 -0.000257
1795.050000 0.009176 -0.005707 -0.000269 -1.020315 -0.502268 -0.000257
1795.200000 0.009176 -0.005707 -0.000269 -1.019322 -0.504465 -0.000257
1795.350000 0.009177 -0.005707 -0.000269 -1.018324 -0.506659 -0.000257
1795.500000 0.009178 -0.005707 -0.000270 -1.017321 -0.508852 -0.000257
1795.650000 0.009179 -0.005708 -0.000270 -1.016313 -0.511042 -0.000257
1795.800000 0.009180 -0.005708 -0.000270 -1.015302 -0.513230 -0.000257
1795.950000 0.009181 -0.005708 -0.000270 -1.014285 -0.515416 -0.000257
1796.100000 0.009182 -0.005709 -0.000270 -1.013264 -0.517600 -0.000257
1796.250000 0.009183 -0.005709 -0.000270 -1.012238 -0.519781 -0.000257
1796.400000 0.009184 -0.005709 -0.000270 -1.011208 -0.521960 -0.000257
1796.550000 0.009185 -0.005709 -0.000270 -1.010173 -0.524137 -0.000257
1796.700000 0.009185 -0.005710 -0.000270 -1.009134 -0.526311 -0.000257
1796.850000 0.009186 -0.005710 -0.000270 -1.008090 -0.528483 -0.000257
1797.000000 0.009187 -0.005710 -0.000270 -1.007042 -0.530653 -0.000257
1797.150000 0.009188 -0.005710 -0.000270 -1.005989 -0.532820 -0.000257
1797.300000 0.009189 -0.005711 -0.000270 -1.004932 -0.534986 -0.000256
1797.450000 0.009190 -0.005711 -0.000270 -1.003870 -0.537148 -0.000256
1797.600000 0.009191 -0.005711 -0.000270 -1.002803 -0.539309 -0.000256
1797.750000 0.009192 -0.005712 -0.000270 -1.001732 -0.541467 -0.000256
1797.900000 0.009193 -0.005712 -0.000270 -1.000657 -0.543623 -0.000256
1798.050000 0.009194 -0.005712 -0.000270 -0.999577 -0.545776 -0.000256
1798.200000 0.009194 -0.005712 -0.000270 -0.998493 -0.547927 -0.000256
1798.350000 0.009195 -0.005713 -0.000270 -0.997404 -0.550075 -0.000256
1798.500000 0.009196 -0.005713 -0.000270 -0.996310 -0.552221 -0.000256
1798.650000 0.009197 -0.005713 -0.000270 -0.995213 -0.554365 -0.000256
1798.800000 0.009198 -0.005713 -0.000270 -0.994110 -0.556506 -0.000256
1798.950000 0.009199 -0.005714 -0.000270 -0.993003 -0.558645 -0.000256
1799.100000 0.009200 -0.005714 -0.000270 -0.991892 -0.560782 -0.000256
1799.250000 0.009201 -0.005714 -0.000270 -0.990777 -0.562916 -0.000256
1799.400000 0.009202 -0.005715 -0.000270 -0.989656 -0.565047 -0.000256
1799.550000 0.009203 -0.005715 -0.000270 -0.988532 -0.567176 -0.000256
1799.700000 0.009203 -0.005715 -0.000270 -0.987403 -0.569303 -0.000256
1799.850000 0.009204 -0.005715 -0.000270 -0.986270 -0.571427 -0.000256
1800.000000 0.009205 -0.005716 -0.000270 -0.985132 -0.573548 -0.000256
1800.150000 0.009206 -0.005716 -0.000270 -0.983989 -0.575667 -0.000256
1800.300000 0.009207 -0.005716 -0.000270 -0.982843 -0.577784 -0.000255
1800.450000 0.009208 -0.005716 -0.000270 -0.981692 -0.579898 -0.000255
1800.600000 0.009209 -0.005717 -0.000270 -0.980536 -0.582009 -0.000255
1800.750000 0.009210 -0.005717 -0.000270 -0.979376 -0.584118 -0.000255
1800.900000 0.009211 -0.005717 -0.000270 -0.978212 -0.586224 -0.000255
1801.050000 0.009212 -0.005718 -0.000270 -0.977044 -0.588328 -0.000255
1801.200000 0.009212 -0.005718 -0.000270 -0.975871 -0.590429 -0.000255
1801.350000 0.009213 -0.005718 -0.000270 -0.974693 -0.592528 -0.000255
1801.500000 0.009214 -0.005718 -0.000270 -0.973511 -0.594624 -0.000255
1801.650000 0.009215 -0.005719 -0.000270 -0.972325 -0.596717 -0.000255
1801.800000 0.009216 -0.005719 -0.000270 -0.971135 -0.598808 -0.000255
1801.950000 0.009217 -0.005719 -0.000270 -0.969940 -0.600896 -0.000255
1802.100000 0.009218 -0.005719 -0.000270 -0.968741 -0.602982 -0.000255
1802.250000 0.009219 -0.005720 -0.000270 -0.967538 -0.605065 -0.000255
1802.400000 0.009220 -0.005720 -0.000270 -0.966330 -0.607145 -0.000255
1802.550000 0.009220 -0.005720 -0.000270 -0.965118 -0.609223 -0.000255
1802.700000 0.009221 -0.005721 -0.000270 -0.963901 -0.611298 -0.000255
1802.850000 0.009222 -0.005721 -0.000270 -0.962680 -0.613370 -0.000255
1803.000000 0.009223 -0.005721 -0.000270 -0.961455 -0.615440 -0.000255
1803.150000 0.009224 -0.005721 -0.000271 -0.960226 -0.617507 -0.000255
1803.300000 0.009225 -0.005722 -0.000271 -0.958993 -0.619571 -0.000255
1803.450000 0.009226 -0.005722 -0.000271 -0.957755 -0.621633 -0.000254
1803.600000 0.009227 -0.005722 -0.000271 -0.956512 -0.623691 -0.000254
1803.750000 0.009228 -0.005722 -0.000271 -0.955266 -0.625748 -0.000254
1803.900000 0.009229 -0.005723 -0.000271 -0.954015 -0.627801 -0.000254
1804.050000 0.009229 -0.005723 -0.000271 -0.952760 -0.629852 -0.000254
1804.200000 0.009230 -0.005723 -0.000271 -0.951501 -0.631900 -0.000254
1804.350000 0.009231 -0.005724 -0.000271 -0.950238 -0.633945 -0.000254
1804.500000 0.009232 -0.005724 -0.000271 -0.948970 -0.635987 -0.000254
1804.650000 0.009233 -0.005724 -0.000271 -0.947698 -0.638027 -0.000254
1804.800000 0.009234 -0.005724 -0.000271 -0.946422 -0.640064 -0.000254
1804.950000 0.009235 -0.005725 -0.000271 -0.945141 -0.642098 -0.000254
1805.100000 0.009236 -0.005725 -0.000271 -0.943857 -0.644129 -0.000254
1805.250000 0.009237 -0.005725 -0.000271 -0.942568 -0.646157 -0.000254
1805.400000 0.009238 -0.005725 -0.000271 -0.941275 -0.648183 -0.000254
1805.550000 0.009238 -0.005726 -0.000271 -0.939978 -0.650206 -0.000254
1805.700000 0.009239 -0.005726 -0.000271 -0.938676 -0.652226 -0.000254
1805.850000 0.009240 -0.005726 -0.000271 -0.937370 -0.654243 -0.000254
1806.000000 0.009241 -0.005727 -0.000271 -0.936061 -0.656257 -0.000254
1806.150000 0.009242 -0.005727 -0.000271 -0.934747 -0.658268 -0.000254
1806.300000 0.009243 -0.005727 -0.000271 -0.933429 -0.660277 -0.000254
1806.450000 0.009244 -0.005727 -0.000271 -0.932106 -0.662283 -0.000254
1806.600000 0.009245 -0.005728 -0.000271 -0.930780 -0.664285 -0.000254
1806.750000 0.009246 -0.005728 -0.000271 -0.929449 -0.666285 -0.000253
1806.900000 0.009246 -0.005728 -0.000271 -0.928115 -0.668282 -0.000253
1807.050000 0.009247 -0.005728 -0.000271 -0.926776 -0.670276 -0.000253
1807.200000 0.009248 -0.005729 -0.000271 -0.925433 -0.672268 -0.000253
1807.350000 0.009249 -0.005729 -0.000271 -0.924086 -0.674256 -0.000253
1807.500000 0.009250 -0.005729 -0.000271 -0.922734 -0.676241 -0.000253
1807.650000 0.009251 -0.005730 -0.000271 -0.921379 -0.678224 -0.000253
1807.800000 0.009252 -0.005730 -0.000271 -0.920020 -0.680203 -0.000253
1807.950000 0.009253 -0.005730 -0.000271 -0.918656 -0.682180 -0.000253
1808.100000 0.009254 -0.005730 -0.000271 -0.917289 -0.684153 -0.000253
1808.250000 0.009255 -0.005731 -0.000271 -0.915917 -0.686124 -0.000253
1808.400000 0.009255 -0.005731 -0.000271 -0.914541 -0.688091 -0.000253
1808.550000 0.009256 -0.005731 -0.000271 -0.913161 -0.690056 -0.000253
1808.700000 0.009257 -0.005732 -0.000271 -0.911777 -0.692017 -0.000253
1808.850000 0.009258 -0.005732 -0.000271 -0.910389 -0.693976 -0.000253
1809.000000 0.009259 -0.005732 -0.000271 -0.908997 -0.695931 -0.000253
1809.150000 0.009260 -0.005732 -0.000271 -0.907601 -0.697884 -0.000253
1809.300000 0.009261 -0.005733 -0.000271 -0.906201 -0.699833 -0.000253
1809.450000 0.009262 -0.005733 -0.000271 -0.904797 -0.701780 -0.000253
1809.600000 0.009263 -0.005733 -0.000271 -0.903389 -0.703723 -0.000253
1809.750000 0.009264 -0.005733 -0.000271 -0.901977 -0.705663 -0.000253
1809.900000 0.009264 -0.005734 -0.000271 -0.900561 -0.707601 -0.000253
1810.050000 0.009265 -0.005734 -0.000271 -0.899141 -0.709535 -0.000252
1810.200000 0.009266 -0.005734 -0.000271 -0.897717 -0.711466 -0.000252
1810.350000 0.009267 -0.005735 -0.000271 -0.896289 -0.713394 -0.000252
1810.500000 0.009268 -0.005735 -0.000271 -0.894857 -0.715319 -0.000252
1810.650000 0.009269 -0.005735 -0.000271 -0.893420 -0.717241 -0.000252
1810.800000 0.009270 -0.005735 -0.000272 -0.891980 -0.719160 -0.000252
1810.950000 0.009271 -0.005736 -0.000272 -0.890536 -0.721075 -0.000252
1811.100000 0.009272 -0.005736 -0.000272 -0.889089 -0.722988 -0.000252
1811.250000 0.009273 -0.005736 -0.000272 -0.887637 -0.724897 -0.000252
1811.400000 0.009273 -0.005736 -0.000272 -0.886181 -0.726803 -0.000252
1811.550000 0.009274 -0.005737 -0.000272 -0.884721 -0.728706 -0.000252
1811.700000 0.009275 -0.005737 -0.000272 -0.883257 -0.730606 -0.000252
1811.850000 0.009276 -0.005737 -0.000272 -0.881790 -0.732503 -0.000252
1812.000000 0.009277 -0.005738 -0.000272 -0.880318 -0.734396 -0.000252
1812.150000 0.009278 -0.005738 -0.000272 -0.878843 -0.736287 -0.000252
1812.300000 0.009279 -0.005738 -0.000272 -0.877364 -0.738174 -0.000252
1812.450000 0.009280 -0.005738 -0.000272 -0.875881 -0.740058 -0.000252
1812.600000 0.009281 -0.005739 -0.000272 -0.874394 -0.741939 -0.000252
1812.750000 0.009281 -0.005739 -0.000272 -0.872903 -0.743816 -0.000252
1812.900000 0.009282 -0.005739 -0.000272 -0.871408 -0.745690 -0.000252
1813.050000 0.009283 -0.005739 -0.000272 -0.869909 -0.747562 -0.000252
1813.200000 0.009284 -0.005740 -0.000272 -0.868407 -0.749429 -0.000252
1813.350000 0.009285 -0.005740 -0.000272 -0.866900 -0.751294 -0.000252
1813.500000 0.009286 -0.005740 -0.000272 -0.865390 -0.753155 -0.000251
1813.650000 0.009287 -0.005741 -0.000272 -0.863876 -0.755014 -0.000251
1813.800000 0.009288 -0.005741 -0.000272 -0.862358 -0.756868 -0.000251
1813.950000 0.009289 -0.005741 -0.000272 -0.860837 -0.758720 -0.000251
1814.100000 0.009290 -0.005741 -0.000272 -0.859311 -0.760568 -0.000251
1814.250000 0.009290 -0.005742 -0.000272 -0.857782 -0.762413 -0.000251
1814.400000 0.009291 -0.005742 -0.000272 -0.856249 -0.764255 -0.000251
1814.550000 0.009292 -0.005742 -0.000272 -0.854712 -0.766093 -0.000251
1814.700000 0.009293 -0.005742 -0.000272 -0.853171 -0.767928 -0.000251
1814.850000 0.009294 -0.005743 -0.000272 -0.851627 -0.769760 -0.000251
1815.000000 0.009295 -0.005743 -0.000272 -0.850079 -0.771589 -0.000251
1815.150000 0.009296 -0.005743 -0.000272 -0.848527 -0.773414 -0.000251
1815.300000 0.009297 -0.005744 -0.000272 -0.846971 -0.775235 -0.000251
1815.450000 0.009298 -0.005744 -0.000272 -0.845412 -0.777054 -0.000251
1815.600000 0.009299 -0.005744 -0.000272 -0.843848 -0.778869 -0.000251
1815.750000 0.009299 -0.005744 -0.000272 -0.842282 -0.780680 -0.000251
1815.900000 0.009300 -0.005745 -0.000272 -0.840711 -0.782489 -0.000251
1816.050000 0.009301 -0.005745 -0.000272 -0.839137 -0.784294 -0.000251
1816.200000 0.009302 -0.005745 -0.000272 -0.837559 -0.786095 -0.000251
1816.350000 0.009303 -0.005745 -0.000272 -0.835977 -0.787893 -0.000251
1816.500000 0.009304 -0.005746 -0.000272 -0.834391 -0.789688 -0.000251
1816.650000 0.009305 -0.005746 -0.000272 -0.832802 -0.791479 -0.000251
1816.800000 0.009306 -0.005746 -0.000272 -0.831209 -0.793267 -0.000251
1816.950000 0.009307 -0.005747 -0.000272 -0.829613 -0.795052 -0.000251
1817.100000 0.009307 -0.005747 -0.000272 -0.828013 -0.796833 -0.000251
1817.250000 0.009308 -0.005747 -0.000272 -0.826409 -0.798610 -0.000250
1817.400000 0.009309 -0.005747 -0.000272 -0.824802 -0.800385 -0.000250
1817.550000 0.009310 -0.005748 -0.000272 -0.823191 -0.802155 -0.000250
1817.700000 0.009311 -0.005748 -0.000272 -0.821576 -0.803923 -0.000250
1817.850000 0.009312 -0.005748 -0.000272 -0.819958 -0.805686 -0.000250
1818.000000 0.009313 -0.005748 -0.000272 -0.818336 -0.807447 -0.000250
1818.150000 0.009314 -0.005749 -0.000272 -0.816710 -0.809204 -0.000250
1818.300000 0.009315 -0.005749 -0.000272 -0.815081 -0.810957 -0.000250
1818.450000 0.009316 -0.005749 -0.000273 -0.813448 -0.812707 -0.000250
1818.600000 0.009316 -0.005750 -0.000273 -0.811812 -0.814453 -0.000250
1818.750000 0.009317 -0.005750 -0.000273 -0.810172 -0.816196 -0.000250
1818.900000 0.009318 -0.005750 -0.000273 -0.808528 -0.817935 -0.000250
1819.050000 0.009319 -0.005750 -0.000273 -0.806881 -0.819671 -0.000250
1819.200000 0.009320 -0.005751 -0.000273 -0.805231 -0.821403 -0.000250
1819.350000 0.009321 -0.005751 -0.000273 -0.803577 -0.823132 -0.000250
1819.500000 0.009322 -0.005751 -0.000273 -0.801919 -0.824857 -0.000250
1819.650000 0.009323 -0.005751 -0.000273 -0.800258 -0.826579 -0.000250
1819.800000 0.009324 -0.005752 -0.000273 -0.798593 -0.828297 -0.000250
1819.950000 0.009325 -0.005752 -0.000273 -0.796925 -0.830011 -0.000250
1820.100000 0.009325 -0.005752 -0.000273 -0.795253 -0.831722 -0.000250
1820.250000 0.009326 -0.005753 -0.000273 -0.793578 -0.833430 -0.000250
1820.400000 0.009327 -0.005753 -0.000273 -0.791899 -0.835133 -0.000250
1820.550000 0.009328 -0.005753 -0.000273 -0.790217 -0.836833 -0.000250
1820.700000 0.009329 -0.005753 -0.000273 -0.788531 -0.838530 -0.000250
1820.850000 0.009330 -0.005754 -0.000273 -0.786842 -0.840223 -0.000250
1821.000000 0.009331 -0.005754 -0.000273 -0.785149 -0.841912 -0.000250
1821.150000 0.009332 -0.005754 -0.000273 -0.783453 -0.843598 -0.000249
1821.300000 0.009333 -0.005755 -0.000273 -0.781753 -0.845280 -0.000249
1821.450000 0.009333 -0.005755 -0.000273 -0.780050 -0.846959 -0.000249
1821.600000 0.009334 -0.005755 -0.000273 -0.778344 -0.848633 -0.000249
1821.750000 0.009335 -0.005755 -0.000273 -0.776634 -0.850305 -0.000249
1821.900000 0.009336 -0.005756 -0.000273 -0.774921 -0.851972 -0.000249
1822.050000 0.009337 -0.005756 -0.000273 -0.773204 -0.853636 -0.000249
1822.200000 0.009338 -0.005756 -0.000273 -0.771484 -0.855296 -0.000249
1822.350000 0.009339 -0.005756 -0.000273 -0.769760 -0.856953 -0.000249
1822.500000 0.009340 -0.005757 -0.000273 -0.768034 -0.858605 -0.000249
1822.650000 0.009341 -0.005757 -0.000273 -0.766303 -0.860255 -0.000249
1822.800000 0.009342 -0.005757 -0.000273 -0.764570 -0.861900 -0.000249
1822.950000 0.009342 -0.005758 -0.000273 -0.762833 -0.863542 -0.000249
1823.100000 0.009343 -0.005758 -0.000273 -0.761092 -0.865180 -0.000249
1823.250000 0.009344 -0.005758 -0.000273 -0.759349 -0.866814 -0.000249
1823.400000 0.009345 -0.005758 -0.000273 -0.757602 -0.868445 -0.000249
1823.550000 0.009346 -0.005759 -0.000273 -0.755851 -0.870072 -0.000249
1823.700000 0.009347 -0.005759 -0.000273 -0.754098 -0.871695 -0.000249
1823.850000 0.009348 -0.005759 -0.000273 -0.752341 -0.873314 -0.000249
1824.000000 0.009349 -0.005759 -0.000273 -0.750580 -0.874930 -0.000249
1824.150000 0.009350 -0.005760 -0.000273 -0.748817 -0.876542 -0.000249
1824.300000 0.009350 -0.005760 -0.000273 -0.747050 -0.878150 -0.000249
1824.450000 0.009351 -0.005760 -0.000273 -0.745280 -0.879754 -0.000249
1824.600000 0.009352 -0.005761 -0.000273 -0.743507 -0.881355 -0.000249
1824.750000 0.009353 -0.005761 -0.000273 -0.741730 -0.882951 -0.000249
1824.900000 0.009354 -0.005761 -0.000273 -0.739950 -0.884544 -0.000249
1825.050000 0.009355 -0.005761 -0.000273 -0.738167 -0.886134 -0.000249
1825.200000 0.009356 -0.005762 -0.000273 -0.736380 -0.887719 -0.000249
1825.350000 0.009357 -0.005762 -0.000273 -0.734591 -0.889301 -0.000248
1825.500000 0.009358 -0.005762 -0.000273 -0.732798 -0.890879 -0.000248
1825.650000 0.009359 -0.005762 -0.000273 -0.731002 -0.892453 -0.000248
1825.800000 0.009359 -0.005763 -0.000273 -0.729202 -0.894023 -0.000248
1825.950000 0.009360 -0.005763 -0.000273 -0.727400 -0.895589 -0.000248
1826.100000 0.009361 -0.005763 -0.000274 -0.725594 -0.897152 -0.000248
1826.250000 0.009362 -0.005764 -0.000274 -0.723785 -0.898710 -0.000248
1826.400000 0.009363 -0.005764 -0.000274 -0.721973 -0.900265 -0.000248
1826.550000 0.009364 -0.005764 -0.000274 -0.720158 -0.901816 -0.000248
1826.700000 0.009365 -0.005764 -0.000274 -0.718340 -0.903363 -0.000248
1826.850000 0.009366 -0.005765 -0.000274 -0.716518 -0.904906 -0.000248
1827.000000 0.009367 -0.005765 -0.000274 -0.714694 -0.906446 -0.000248
1827.150000 0.009368 -0.005765 -0.000274 -0.712866 -0.907981 -0.000248
1827.300000 0.009368 -0.005765 -0.000274 -0.711035 -0.909513 -0.000248
1827.450000 0.009369 -0.005766 -0.000274 -0.709201 -0.911041 -0.000248
1827.600000 0.009370 -0.005766 -0.000274 -0.707364 -0.912564 -0.000248
1827.750000 0.009371 -0.005766 -0.000274 -0.705524 -0.914084 -0.000248
1827.900000 0.009372 -0.005767 -0.000274 -0.703680 -0.915600 -0.000248
1828.050000 0.009373 -0.005767 -0.000274 -0.701834 -0.917112 -0.000248
1828.200000 0.009374 -0.005767 -0.000274 -0.699985 -0.918620 -0.000248
1828.350000 0.009375 -0.005767 -0.000274 -0.698132 -0.920125 -0.000248
1828.500000 0.009376 -0.005768 -0.000274 -0.696277 -0.921625 -0.000248
1828.650000 0.009376 -0.005768 -0.000274 -0.694418 -0.923121 -0.000248
1828.800000 0.009377 -0.005768 -0.000274 -0.692556 -0.924614 -0.000248
1828.950000 0.009378 -0.005769 -0.000274 -0.690692 -0.926102 -0.000248
1829.100000 0.009379 -0.005769 -0.000274 -0.688824 -0.927587 -0.000248
1829.250000 0.009380 -0.005769 -0.000274 -0.686953 -0.929067 -0.000248
1829.400000 0.009381 -0.005769 -0.000274 -0.685079 -0.930544 -0.000248
1829.550000 0.009382 -0.005770 -0.000274 -0.683203 -0.932016 -0.000248
1829.700000 0.009383 -0.005770 -0.000274 -0.681323 -0.933485 -0.000248
1829.850000 0.009384 -0.005770 -0.000274 -0.679440 -0.934950 -0.000248
1830.000000 0.009385 -0.005770 -0.000274 -0.677554 -0.936410 -0.000247
1830.150000 0.009385 -0.005771 -0.000274 -0.675666 -0.937867 -0.000247
1830.300000 0.009386 -0.005771 -0.000274 -0.673774 -0.939319 -0.000247
1830.450000 0.009387 -0.005771 -0.000274 -0.671880 -0.940768 -0.000247
1830.600000 0.009388 -0.005772 -0.000274 -0.669982 -0.942213 -0.000247
1830.750000 0.009389 -0.005772 -0.000274 -0.668082 -0.943653 -0.000247
1830.900000 0.009390 -0.005772 -0.000274 -0.666178 -0.945090 -0.000247
1831.050000 0.009391 -0.005772 -0.000274 -0.664272 -0.946522 -0.000247
1831.200000 0.009392 -0.005773 -0.000274 -0.662363 -0.947951 -0.000247
1831.350000 0.009393 -0.005773 -0.000274 -0.660451 -0.949375 -0.000247
1831.500000 0.009393 -0.005773 -0.000274 -0.658536 -0.950796 -0.000247
1831.650000 0.009394 -0.005773 -0.000274 -0.656618 -0.952212 -0.000247
1831.800000 0.009395 -0.005774 -0.000274 -0.654697 -0.953624 -0.000247
1831.950000 0.009396 -0.005774 -0.000274 -0.652774 -0.955033 -0.000247
1832.100000 0.009397 -0.005774 -0.000274 -0.650848 -0.956437 -0.000247
1832.250000 0.009398 -0.005775 -0.000274 -0.648918 -0.957837 -0.000247
1832.400000 0.009399 -0.005775 -0.000274 -0.646986 -0.959233 -0.000247
1832.550000 0.009400 -0.005775 -0.000274 -0.645051 -0.960625 -0.000247
1832.700000 0.009401 -0.005775 -0.000274 -0.643114 -0.962012 -0.000247
1832.850000 0.009402 -0.005776 -0.000274 -0.641173 -0.963396 -0.000247
1833.000000 0.009402 -0.005776 -0.000274 -0.639230 -0.964776 -0.000247
1833.150000 0.009403 -0.005776 -0.000274 -0.637284 -0.966151 -0.000247
1833.300000 0.009404 -0.005776 -0.000274 -0.635335 -0.967523 -0.000247
1833.450000 0.009405 -0.005777 -0.000274 -0.633383 -0.968890 -0.000247
1833.600000 0.009406 -0.005777 -0.000274 -0.631429 -0.970253 -0.000247
1833.750000 0.009407 -0.005777 -0.000275 -0.629471 -0.971612 -0.000247
1833.900000 0.009408 -0.005778 -0.000275 -0.627511 -0.972967 -0.000247
1834.050000 0.009409 -0.005778 -0.000275 -0.625549 -0.974318 -0.000247
1834.200000 0.009410 -0.005778 -0.000275 -0.623583 -0.975664 -0.000247
1834.350000 0.009410 -0.005778 -0.000275 -0.621615 -0.977007 -0.000247
1834.500000 0.009411 -0.005779 -0.000275 -0.619644 -0.978345 -0.000247
1834.650000 0.009412 -0.005779 -0.000275 -0.617671 -0.979679 -0.000247
1834.800000 0.009413 -0.005779 -0.000275 -0.615695 -0.981009 -0.000247
1834.950000 0.009414 -0.005780 -0.000275 -0.613716 -0.982335 -0.000247
1835.100000 0.009415 -0.005780 -0.000275 -0.611734 -0.983656 -0.000247
1835.250000 0.009416 -0.005780 -0.000275 -0.609750 -0.984974 -0.000246
1835.400000 0.009417 -0.005780 -0.000275 -0.607763 -0.986287 -0.000246
1835.550000 0.009418 -0.005781 -0.000275 -0.605773 -0.987596 -0.000246
1835.700000 0.009419 -0.005781 -0.000275 -0.603781 -0.988901 -0.000246
1835.850000 0.009419 -0.005781 -0.000275 -0.601786 -0.990202 -0.000246
1836.000000 0.009420 -0.005781 -0.000275 -0.599789 -0.991498 -0.000246
1836.150000 0.009421 -0.005782 -0.000275 -0.597788 -0.992790 -0.000246
1836.300000 0.009422 -0.005782 -0.000275 -0.595786 -0.994078 -0.000246
1836.450000 0.009423 -0.005782 -0.000275 -0.593780 -0.995362 -0.000246
1836.600000 0.009424 -0.005783 -0.000275 -0.591772 -0.996641 -0.000246
1836.750000 0.009425 -0.005783 -0.000275 -0.589762 -0.997917 -0.000246
1836.900000 0.009426 -0.005783 -0.000275 -0.587749 -0.999188 -0.000246
1837.050000 0.009427 -0.005783 -0.000275 -0.585733 -1.000455 -0.000246
1837.200000 0.009427 -0.005784 -0.000275 -0.583715 -1.001717 -0.000246
1837.350000 0.009428 -0.005784 -0.000275 -0.581694 -1.002976 -0.000246
1837.500000 0.009429 -0.005784 -0.000275 -0.579671 -1.004230 -0.000246
1837.650000 0.009430 -0.005784 -0.000275 -0.577645 -1.005479 -0.000246
1837.800000 0.009431 -0.005785 -0.000275 -0.575617 -1.006725 -0.000246
1837.950000 0.009432 -0.005785 -0.000275 -0.573586 -1.007966 -0.000246
1838.100000 0.009433 -0.005785 -0.000275 -0.571553 -1.009203 -0.000246
1838.250000 0.009434 -0.005786 -0.000275 -0.569517 -1.010436 -0.000246
1838.400000 0.009435 -0.005786 -0.000275 -0.567479 -1.011664 -0.000246
1838.550000 0.009436 -0.005786 -0.000275 -0.565438 -1.012889 -0.000246
1838.700000 0.009436 -0.005786 -0.000275 -0.563395 -1.014108 -0.000246
1838.850000 0.009437 -0.005787 -0.000275 -0.561349 -1.015324 -0.000246
1839.000000 0.009438 -0.005787 -0.000275 -0.559301 -1.016535 -0.000246
1839.150000 0.009439 -0.005787 -0.000275 -0.557251 -1.017742 -0.000246
1839.300000 0.009440 -0.005788 -0.000275 -0.555198 -1.018945 -0.000246
1839.450000 0.009441 -0.005788 -0.000275 -0.553142 -1.020143 -0.000246
1839.600000 0.009442 -0.005788 -0.000275 -0.551084 -1.021337 -0.000246
1839.750000 0.009443 -0.005788 -0.000275 -0.549024 -1.022527 -0.000246
1839.900000 0.009444 -0.005789 -0.000275 -0.546962 -1.023712 -0.000246
1840.050000 0.009444 -0.005789 -0.000275 -0.544897 -1.024893 -0.000246
1840.200000 0.009445 -0.005789 -0.000275 -0.542829 -1.026070 -0.000246
1840.350000 0.009446 -0.005789 -0.000275 -0.540760 -1.027242 -0.000246
1840.500000 0.009447 -0.005790 -0.000275 -0.538687 -1.028410 -0.000246
1840.650000 0.009448 -0.005790 -0.000275 -0.536613 -1.029573 -0.000246
1840.800000 0.009449 -0.005790 -0.000275 -0.534536 -1.030733 -0.000246
1840.950000 0.009450 -0.005791 -0.000275 -0.532457 -1.031887 -0.000246
1841.100000 0.009451 -0.005791 -0.000275 -0.530376 -1.033038 -0.000246
1841.250000 0.009452 -0.005791 -0.000275 -0.528292 -1.034184 -0.000246
1841.400000 0.009453 -0.005791 -0.000276 -0.526206 -1.035326 -0.000246
1841.550000 0.009453 -0.005792 -0.000276 -0.524118 -1.036463 -0.000245
1841.700000 0.009454 -0.005792 -0.000276 -0.522027 -1.037596 -0.000245
1841.850000 0.009455 -0.005792 -0.000276 -0.519934 -1.038725 -0.000245
1842.000000 0.009456 -0.005792 -0.000276 -0.517839 -1.039849 -0.000245
1842.150000 0.009457 -0.005793 -0.000276 -0.515742 -1.040969 -0.000245
1842.300000 0.009458 -0.005793 -0.000276 -0.513642 -1.042084 -0.000245
1842.450000 0.009459 -0.005793 -0.000276 -0.511540 -1.043195 -0.000245
1842.600000 0.009460 -0.005794 -0.000276 -0.509436 -1.044302 -0.000245
1842.750000 0.009461 -0.005794 -0.000276 -0.507330 -1.045404 -0.000245
1842.900000 0.009461 -0.005794 -0.000276 -0.505222 -1.046502 -0.000245
1843.050000 0.009462 -0.005794 -0.000276 -0.503111 -1.047595 -0.000245
1843.200000 0.009463 -0.005795 -0.000276 -0.500998 -1.048684 -0.000245
1843.350000 0.009464 -0.005795 -0.000276 -0.498883 -1.049768 -0.000245
1843.500000 0.009465 -0.005795 -0.000276 -0.496766 -1.050848 -0.000245
1843.650000 0.009466 -0.005796 -0.000276 -0.494646 -1.051924 -0.000245
1843.800000 0.009467 -0.005796 -0.000276 -0.492525 -1.052995 -0.000245
1843.950000 0.009468 -0.005796 -0.000276 -0.490401 -1.054062 -0.000245
1844.100000 0.009469 -0.005796 -0.000276 -0.488275 -1.055124 -0.000245
1844.250000 0.009470 -0.005797 -0.000276 -0.486147 -1.056182 -0.000245
1844.400000 0.009470 -0.005797 -0.000276 -0.484017 -1.057235 -0.000245
1844.550000 0.009471 -0.005797 -0.000276 -0.481885 -1.058284 -0.000245
1844.700000 0.009472 -0.005797 -0.000276 -0.479751 -1.059328 -0.000245
1844.850000 0.009473 -0.005798 -0.000276 -0.477614 -1.060368 -0.000245
1845.000000 0.009474 -0.005798 -0.000276 -0.475476 -1.061404 -0.000245
1845.150000 0.009475 -0.005798 -0.000276 -0.473335 -1.062435 -0.000245
1845.300000 0.009476 -0.005799 -0.000276 -0.471193 -1.063461 -0.000245
1845.450000 0.009477 -0.005799 -0.000276 -0.469048 -1.064483 -0.000245
1845.600000 0.009478 -0.005799 -0.000276 -0.466902 -1.065501 -0.000245
1845.750000 0.009478 -0.005799 -0.000276 -0.464753 -1.066514 -0.000245
1845.900000 0.009479 -0.005800 -0.000276 -0.462602 -1.067522 -0.000245
1846.050000 0.009480 -0.005800 -0.000276 -0.460449 -1.068526 -0.000245
1846.200000 0.009481 -0.005800 -0.000276 -0.458295 -1.069526 -0.000245
1846.350000 0.009482 -0.005800 -0.000276 -0.456138 -1.070521 -0.000245
1846.500000 0.009483 -0.005801 -0.000276 -0.453979 -1.071511 -0.000245
1846.650000 0.009484 -0.005801 -0.000276 -0.451819 -1.072497 -0.000245
1846.800000 0.009485 -0.005801 -0.000276 -0.449656 -1.073479 -0.000245
1846.950000 0.009486 -0.005802 -0.000276 -0.447491 -1.074456 -0.000245
1847.100000 0.009487 -0.005802 -0.000276 -0.445325 -1.075428 -0.000245
1847.250000 0.009487 -0.005802 -0.000276 -0.443156 -1.076396 -0.000245
1847.400000 0.009488 -0.005802 -0.000276 -0.440986 -1.077359 -0.000245
1847.550000 0.009489 -0.005803 -0.000276 -0.438813 -1.078318 -0.000245
1847.700000 0.009490 -0.005803 -0.000276 -0.436639 -1.079272 -0.000245
1847.850000 0.009491 -0.005803 -0.000276 -0.434463 -1.080222 -0.000245
1848.000000 0.009492 -0.005804 -0.000276 -0.432285 -1.081167 -0.000245
1848.150000 0.009493 -0.005804 -0.000276 -0.430105 -1.082108 -0.000245
1848.300000 0.009494 -0.005804 -0.000276 -0.427923 -1.083044 -0.000245
1848.450000 0.009495 -0.005804 -0.000276 -0.425740 -1.083975 -0.000245
1848.600000 0.009495 -0.005805 -0.000276 -0.423554 -1.084902 -0.000245
1848.750000 0.009496 -0.005805 -0.000276 -0.421367 -1.085824 -0.000245
1848.900000 0.009497 -0.005805 -0.000276 -0.419178 -1.086742 -0.000245
1849.050000 0.009498 -0.005805 -0.000276 -0.416987 -1.087655 -0.000245
1849.200000 0.009499 -0.005806 -0.000277 -0.414794 -1.088564 -0.000245
1849.350000 0.009500 -0.005806 -0.000277 -0.412599 -1.089468 -0.000245
1849.500000 0.009501 -0.005806 -0.000277 -0.410403 -1.090368 -0.000245
1849.650000 0.009502 -0.005807 -0.000277 -0.408204 -1.091262 -0.000245
1849.800000 0.009503 -0.005807 -0.000277 -0.406004 -1.092153 -0.000245
1849.950000 0.009504 -0.005807 -0.000277 -0.403803 -1.093038 -0.000244
1850.100000 0.009504 -0.005807 -0.000277 -0.401599 -1.093920 -0.000244
1850.250000 0.009505 -0.005808 -0.000277 -0.399394 -1.094796 -0.000244
1850.400000 0.009506 -0.005808 -0.000277 -0.397187 -1.095668 -0.000244
1850.550000 0.009507 -0.005808 -0.000277 -0.394978 -1.096535 -0.000244
1850.700000 0.009508 -0.005808 -0.000277 -0.392768 -1.097398 -0.000244
1850.850000 0.009509 -0.005809 -0.000277 -0.390556 -1.098256 -0.000244
1851.000000 0.009510 -0.005809 -0.000277 -0.388342 -1.099109 -0.000244
1851.150000 0.009511 -0.005809 -0.000277 -0.386126 -1.099958 -0.000244
1851.300000 0.009512 -0.005810 -0.000277 -0.383909 -1.100802 -0.000244
1851.450000 0.009512 -0.005810 -0.000277 -0.381690 -1.101642 -0.000244
1851.600000 0.009513 -0.005810 -0.000277 -0.379469 -1.102477 -0.000244
1851.750000 0.009514 -0.005810 -0.000277 -0.377247 -1.103307 -0.000244
1851.900000 0.009515 -0.005811 -0.000277 -0.375023 -1.104133 -0.000244
1852.050000 0.009516 -0.005811 -0.000277 -0.372798 -1.104954 -0.000244
1852.200000 0.009517 -0.005811 -0.000277 -0.370571 -1.105770 -0.000244
1852.350000 0.009518 -0.005812 -0.000277 -0.368342 -1.106582 -0.000244
1852.500000 0.009519 -0.005812 -0.000277 -0.366111 -1.107389 -0.000244
1852.650000 0.009520 -0.005812 -0.000277 -0.363880 -1.108192 -0.000244
1852.800000 0.009521 -0.005812 -0.000277 -0.361646 -1.108990 -0.000244
1852.950000 0.009521 -0.005813 -0.000277 -0.359411 -1.109783 -0.000244
1853.100000 0.009522 -0.005813 -0.000277 -0.357174 -1.110571 -0.000244
1853.250000 0.009523 -0.005813 -0.000277 -0.354936 -1.111355 -0.000244
1853.400000 0.009524 -0.005813 -0.000277 -0.352696 -1.112134 -0.000244
1853.550000 0.009525 -0.005814 -0.000277 -0.350455 -1.112909 -0.000244
1853.700000 0.009526 -0.005814 -0.000277 -0.348212 -1.113679 -0.000244
1853.850000 0.009527 -0.005814 -0.000277 -0.345968 -1.114444 -0.000244
1854.000000 0.009528 -0.005815 -0.000277 -0.343722 -1.115204 -0.000244
1854.150000 0.009529 -0.005815 -0.000277 -0.341474 -1.115960 -0.000244
1854.300000 0.009529 -0.005815 -0.000277 -0.339225 -1.116711 -0.000244
1854.450000 0.009530 -0.005815 -0.000277 -0.336975 -1.117458 -0.000244
1854.600000 0.009531 -0.005816 -0.000277 -0.334723 -1.118199 -0.000244
1854.750000 0.009532 -0.005816 -0.000277 -0.332470 -1.118937 -0.000244
1854.900000 0.009533 -0.005816 -0.000277 -0.330215 -1.119669 -0.000244
1855.050000 0.009534 -0.005817 -0.000277 -0.327959 -1.120397 -0.000244
1855.200000 0.009535 -0.005817 -0.000277 -0.325701 -1.121120 -0.000244
1855.350000 0.009536 -0.005817 -0.000277 -0.323442 -1.121838 -0.000244
1855.500000 0.009537 -0.005817 -0.000277 -0.321182 -1.122552 -0.000244
1855.650000 0.009538 -0.005818 -0.000277 -0.318920 -1.123260 -0.000244
1855.800000 0.009538 -0.005818 -0.000277 -0.316657 -1.123965 -0.000244
1855.950000 0.009539 -0.005818 -0.000277 -0.314392 -1.124664 -0.000244
1856.100000 0.009540 -0.005818 -0.000277 -0.312126 -1.125359 -0.000244
1856.250000 0.009541 -0.005819 -0.000277 -0.309859 -1.126049 -0.000244
1856.400000 0.009542 -0.005819 -0.000277 -0.307590 -1.126734 -0.000244
1856.550000 0.009543 -0.005819 -0.000277 -0.305320 -1.127415 -0.000244
1856.700000 0.009544 -0.005820 -0.000277 -0.303049 -1.128091 -0.000244
1856.850000 0.009545 -0.005820 -0.000278 -0.300776 -1.128762 -0.000244
1857.000000 0.009546 -0.005820 -0.000278 -0.298502 -1.129428 -0.000244
1857.150000 0.009546 -0.005820 -0.000278 -0.296227 -1.130090 -0.000244
1857.300000 0.009547 -0.005821 -0.000278 -0.293950 -1.130747 -0.000244
1857.450000 0.009548 -0.005821 -0.000278 -0.291672 -1.131399 -0.000244
1857.600000 0.009549 -0.005821 -0.000278 -0.289393 -1.132047 -0.000244
1857.750000 0.009550 -0.005822 -0.000278 -0.287112 -1.132690 -0.000244
1857.900000 0.009551 -0.005822 -0.000278 -0.284831 -1.133328 -0.000244
1858.050000 0.009552 -0.005822 -0.000278 -0.282548 -1.133961 -0.000244
1858.200000 0.009553 -0.005822 -0.000278 -0.280263 -1.134590 -0.000244
1858.350000 0.009554 -0.005823 -0.000278 -0.277978 -1.135213 -0.000244
1858.500000 0.009555 -0.005823 -0.000278 -0.275691 -1.135833 -0.000244
1858.650000 0.009555 -0.005823 -0.000278 -0.273403 -1.136447 -0.000244
1858.800000 0.009556 -0.005823 -0.000278 -0.271114 -1.137056 -0.000244
1858.950000 0.009557 -0.005824 -0.000278 -0.268824 -1.137661 -0.000244
1859.100000 0.009558 -0.005824 -0.000278 -0.266532 -1.138261 -0.000244
1859.250000 0.009559 -0.005824 -0.000278 -0.264240 -1.138857 -0.000244
1859.400000 0.009560 -0.005825 -0.000278 -0.261946 -1.139447 -0.000244
1859.550000 0.009561 -0.005825 -0.000278 -0.259651 -1.140033 -0.000244
1859.700000 0.009562 -0.005825 -0.000278 -0.257355 -1.140614 -0.000244
1859.850000 0.009563 -0.005825 -0.000278 -0.255058 -1.141190 -0.000244
1860.000000 0.009563 -0.005826 -0.000278 -0.252759 -1.141762 -0.000244
1860.150000 0.009564 -0.005826 -0.000278 -0.250460 -1.142328 -0.000244
1860.300000 0.009565 -0.005826 -0.000278 -0.248159 -1.142890 -0.000244
1860.450000 0.009566 -0.005827 -0.000278 -0.245858 -1.143447 -0.000244
1860.600000 0.009567 -0.005827 -0.000278 -0.243555 -1.144000 -0.000244
1860.750000 0.009568 -0.005827 -0.000278 -0.241251 -1.144547 -0.000244
1860.900000 0.009569 -0.005827 -0.000278 -0.238946 -1.145090 -0.000244
1861.050000 0.009570 -0.005828 -0.000278 -0.236641 -1.145628 -0.000244
1861.200000 0.009571 -0.005828 -0.000278 -0.234334 -1.146161 -0.000244
1861.350000 0.009572 -0.005828 -0.000278 -0.232026 -1.146690 -0.000244
1861.500000 0.009572 -0.005828 -0.000278 -0.229717 -1.147214 -0.000244
1861.650000 0.009573 -0.005829 -0.000278 -0.227407 -1.147732 -0.000244
1861.800000 0.009574 -0.005829 -0.000278 -0.225096 -1.148247 -0.000244
1861.950000 0.009575 -0.005829 -0.000278 -0.222783 -1.148756 -0.000244
1862.100000 0.009576 -0.005830 -0.000278 -0.220470 -1.149260 -0.000244
1862.250000 0.009577 -0.005830 -0.000278 -0.218156 -1.149760 -0.000244
1862.400000 0.009578 -0.005830 -0.000278 -0.215842 -1.150255 -0.000244
1862.550000 0.009579 -0.005830 -0.000278 -0.213526 -1.150745 -0.000244
1862.700000 0.009580 -0.005831 -0.000278 -0.211209 -1.151230 -0.000244
1862.850000 0.009580 -0.005831 -0.000278 -0.208891 -1.151711 -0.000244
1863.000000 0.009581 -0.005831 -0.000278 -0.206572 -1.152187 -0.000244
1863.150000 0.009582 -0.005832 -0.000278 -0.204253 -1.152658 -0.000244
1863.300000 0.009583 -0.005832 -0.000278 -0.201932 -1.153124 -0.000244
1863.450000 0.009584 -0.005832 -0.000278 -0.199611 -1.153585 -0.000244
1863.600000 0.009585 -0.005832 -0.000278 -0.197288 -1.154041 -0.000244
1863.750000 0.009586 -0.005833 -0.000278 -0.194965 -1.154493 -0.000244
1863.900000 0.009587 -0.005833 -0.000278 -0.192641 -1.154940 -0.000244
1864.050000 0.009588 -0.005833 -0.000278 -0.190316 -1.155382 -0.000244
1864.200000 0.009589 -0.005833 -0.000278 -0.187990 -1.155819 -0.000244
1864.350000 0.009589 -0.005834 -0.000278 -0.185664 -1.156251 -0.000244
1864.500000 0.009590 -0.005834 -0.000279 -0.183336 -1.156679 -0.000244
1864.650000 0.009591 -0.005834 -0.000279 -0.181008 -1.157102 -0.000244
1864.800000 0.009592 -0.005835 -0.000279 -0.178679 -1.157520 -0.000244
1864.950000 0.009593 -0.005835 -0.000279 -0.176349 -1.157933 -0.000244
1865.100000 0.009594 -0.005835 -0.000279 -0.174018 -1.158341 -0.000244
1865.250000 0.009595 -0.005835 -0.000279 -0.171687 -1.158745 -0.000244
1865.400000 0.009596 -0.005836 -0.000279 -0.169355 -1.159143 -0.000244
1865.550000 0.009597 -0.005836 -0.000279 -0.167022 -1.159537 -0.000244
1865.700000 0.009597 -0.005836 -0.000279 -0.164688 -1.159926 -0.000244
1865.850000 0.009598 -0.005837 -0.000279 -0.162354 -1.160310 -0.000244
1866.000000 0.009599 -0.005837 -0.000279 -0.160019 -1.160689 -0.000244
1866.150000 0.009600 -0.005837 -0.000279 -0.157683 -1.161064 -0.000244
1866.300000 0.009601 -0.005837 -0.000279 -0.155346 -1.161433 -0.000244
1866.450000 0.009602 -0.005838 -0.000279 -0.153009 -1.161798 -0.000244
1866.600000 0.009603 -0.005838 -0.000279 -0.150671 -1.162158 -0.000244
1866.750000 0.009604 -0.005838 -0.000279 -0.148332 -1.162513 -0.000244
1866.900000 0.009605 -0.005838 -0.000279 -0.145993 -1.162864 -0.000244
1867.050000 0.009605 -0.005839 -0.000279 -0.143653 -1.163209 -0.000244
1867.200000 0.009606 -0.005839 -0.000279 -0.141312 -1.163550 -0.000244
1867.350000 0.009607 -0.005839 -0.000279 -0.138971 -1.163885 -0.000244
1867.500000 0.009608 -0.005840 -0.000279 -0.136629 -1.164216 -0.000244
1867.650000 0.009609 -0.005840 -0.000279 -0.134286 -1.164542 -0.000244
1867.800000 0.009610 -0.005840 -0.000279 -0.131943 -1.164864 -0.000244
1867.950000 0.009611 -0.005840 -0.000279 -0.129599 -1.165180 -0.000244
1868.100000 0.009612 -0.005841 -0.000279 -0.127255 -1.165492 -0.000244
1868.250000 0.009613 -0.005841 -0.000279 -0.124910 -1.165798 -0.000244
1868.400000 0.009614 -0.005841 -0.000279 -0.122564 -1.166100 -0.000244
1868.550000 0.009614 -0.005842 -0.000279 -0.120218 -1.166397 -0.000244
1868.700000 0.009615 -0.005842 -0.000279 -0.117872 -1.166689 -0.000244
1868.850000 0.009616 -0.005842 -0.000279 -0.115525 -1.166976 -0.000244
1869.000000 0.009617 -0.005842 -0.000279 -0.113177 -1.167259 -0.000244
1869.150000 0.009618 -0.005843 -0.000279 -0.110829 -1.167536 -0.000244
1869.300000 0.009619 -0.005843 -0.000279 -0.108480 -1.167809 -0.000244
1869.450000 0.009620 -0.005843 -0.000279 -0.106131 -1.168077 -0.000244
1869.600000 0.009621 -0.005843 -0.000279 -0.103781 -1.168340 -0.000244
1869.750000 0.009622 -0.005844 -0.000279 -0.101431 -1.168598 -0.000244
1869.900000 0.009622 -0.005844 -0.000279 -0.099080 -1.168851 -0.000244
1870.050000 0.009623 -0.005844 -0.000279 -0.096729 -1.169100 -0.000244
1870.200000 0.009624 -0.005845 -0.000279 -0.094377 -1.169343 -0.000244
1870.350000 0.009625 -0.005845 -0.000279 -0.092025 -1.169582 -0.000244
1870.500000 0.009626 -0.005845 -0.000279 -0.089673 -1.169816 -0.000244
1870.650000 0.009627 -0.005845 -0.000279 -0.087320 -1.170045 -0.000244
1870.800000 0.009628 -0.005846 -0.000279 -0.084966 -1.170269 -0.000244
1870.950000 0.009629 -0.005846 -0.000279 -0.082613 -1.170488 -0.000244
1871.100000 0.009630 -0.005846 -0.000279 -0.080259 -1.170703 -0.000244
1871.250000 0.009631 -0.005847 -0.000279 -0.077904 -1.170912 -0.000244
1871.400000 0.009631 -0.005847 -0.000279 -0.075549 -1.171117 -0.000244
1871.550000 0.009632 -0.005847 -0.000279 -0.073194 -1.171317 -0.000244
1871.700000 0.009633 -0.005847 -0.000279 -0.070838 -1.171512 -0.000244
1871.850000 0.009634 -0.005848 -0.000279 -0.068482 -1.171702 -0.000244
1872.000000 0.009635 -0.005848 -0.000279 -0.066126 -1.171887 -0.000244
1872.150000 0.009636 -0.005848 -0.000280 -0.063769 -1.172068 -0.000244
1872.300000 0.009637 -0.005848 -0.000280 -0.061412 -1.172243 -0.000244
1872.450000 0.009638 -0.005849 -0.000280 -0.059055 -1.172414 -0.000244
1872.600000 0.009639 -0.005849 -0.000280 -0.056698 -1.172579 -0.000244
1872.750000 0.009639 -0.005849 -0.000280 -0.054340 -1.172740 -0.000244
1872.900000 0.009640 -0.005850 -0.000280 -0.051982 -1.172896 -0.000244
1873.050000 0.009641 -0.005850 -0.000280 -0.049623 -1.173048 -0.000244
1873.200000 0.009642 -0.005850 -0.000280 -0.047265 -1.173194 -0.000244
1873.350000 0.009643 -0.005850 -0.000280 -0.044906 -1.173335 -0.000244
1873.500000 0.009644 -0.005851 -0.000280 -0.042547 -1.173472 -0.000244
1873.650000 0.009645 -0.005851 -0.000280 -0.040187 -1.173603 -0.000244
1873.800000 0.009646 -0.005851 -0.000280 -0.037828 -1.173730 -0.000244
1873.950000 0.009647 -0.005852 -0.000280 -0.035468 -1.173852 -0.000244
1874.100000 0.009648 -0.005852 -0.000280 -0.033108 -1.173969 -0.000244
1874.250000 0.009648 -0.005852 -0.000280 -0.030748 -1.174082 -0.000244
1874.400000 0.009649 -0.005852 -0.000280 -0.028388 -1.174189 -0.000244
1874.550000 0.009650 -0.005853 -0.000280 -0.026027 -1.174291 -0.000244
1874.700000 0.009651 -0.005853 -0.000280 -0.023666 -1.174389 -0.000244
1874.850000 0.009652 -0.005853 -0.000280 -0.021306 -1.174482 -0.000244
1875.000000 0.009653 -0.005854 -0.000280 -0.018945 -1.174570 -0.000244
1875.150000 0.009654 -0.005854 -0.000280 -0.016584 -1.174653 -0.000244
1875.300000 0.009655 -0.005854 -0.000280 -0.014222 -1.174731 -0.000244
1875.450000 0.009656 -0.005854 -0.000280 -0.011861 -1.174804 -0.000244
1875.600000 0.009656 -0.005855 -0.000280 -0.009500 -1.174872 -0.000244
1875.750000 0.009657 -0.005855 -0.000280 -0.007138 -1.174936 -0.000244
1875.900000 0.009658 -0.005855 -0.000280 -0.004777 -1.174994 -0.000244
1876.050000 0.009659 -0.005855 -0.000280 -0.002415 -1.175048 -0.000244
1876.200000 0.009660 -0.005856 -0.000280 -0.000053 -1.175097 -0.000244
1876.350000 0.009661 -0.005856 -0.000280 0.002308 -1.175141 -0.000244
1876.500000 0.009662 -0.005856 -0.000280 0.004670 -1.175180 -0.000244
1876.650000 0.009663 -0.005857 -0.000280 0.007032 -1.175215 -0.000244
1876.800000 0.009664 -0.005857 -0.000280 0.009394 -1.175244 -0.000244
1876.950000 0.009664 -0.005857 -0.000280 0.011756 -1.175269 -0.000244
1877.100000 0.009665 -0.005857 -0.000280 0.014118 -1.175288 -0.000244
1877.250000 0.009666 -0.005858 -0.000280 0.016479 -1.175303 -0.000244
1877.400000 0.009667 -0.005858 -0.000280 0.018841 -1.175313 -0.000244
1877.550000 0.009668 -0.005858 -0.000280 0.021203 -1.175318 -0.000244
1877.700000 0.009669 -0.005859 -0.000280 0.023565 -1.175318 -0.000244
1877.850000 0.009670 -0.005859 -0.000280 0.025927 -1.175314 -0.000244
1878.000000 0.009671 -0.005859 -0.000280 0.028288 -1.175304 -0.000244
1878.150000 0.009672 -0.005859 -0.000280 0.030650 -1.175290 -0.000244
1878.300000 0.009673 -0.005860 -0.000280 0.033011 -1.175270 -0.000244
1878.450000 0.009673 -0.005860 -0.000280 0.035373 -1.175246 -0.000244
1878.600000 0.009674 -0.005860 -0.000280 0.037734 -1.175217 -0.000244
1878.750000 0.009675 -0.005860 -0.000280 0.040095 -1.175184 -0.000244
1878.900000 0.009676 -0.005861 -0.000280 0.042456 -1.175145 -0.000244
1879.050000 0.009677 -0.005861 -0.000280 0.044817 -1.175101 -0.000244
1879.200000 0.009678 -0.005861 -0.000280 0.047178 -1.175053 -0.000244
1879.350000 0.009679 -0.005862 -0.000280 0.049539 -1.174999 -0.000244
1879.500000 0.009680 -0.005862 -0.000280 0.051899 -1.174941 -0.000245
1879.650000 0.009681 -0.005862 -0.000280 0.054260 -1.174878 -0.000245
1879.800000 0.009681 -0.005862 -0.000281 0.056620 -1.174810 -0.000245
1879.950000 0.009682 -0.005863 -0.000281 0.058980 -1.174738 -0.000245
1880.100000 0.009683 -0.005863 -0.000281 0.061340 -1.174660 -0.000245
1880.250000 0.009684 -0.005863 -0.000281 0.063700 -1.174577 -0.000245
1880.400000 0.009685 -0.005864 -0.000281 0.066059 -1.174490 -0.000245
1880.550000 0.009686 -0.005864 -0.000281 0.068418 -1.174398 -0.000245
1880.700000 0.009687 -0.005864 -0.000281 0.070777 -1.174301 -0.000245
1880.850000 0.009688 -0.005864 -0.000281 0.073136 -1.174199 -0.000245
1881.000000 0.009689 -0.005865 -0.000281 0.075494 -1.174092 -0.000245
1881.150000 0.009690 -0.005865 -0.000281 0.077852 -1.173981 -0.000245
1881.300000 0.009690 -0.005865 -0.000281 0.080210 -1.173864 -0.000245
1881.450000 0.009691 -0.005866 -0.000281 0.082568 -1.173743 -0.000245
1881.600000 0.009692 -0.005866 -0.000281 0.084925 -1.173617 -0.000245
1881.750000 0.009693 -0.005866 -0.000281 0.087282 -1.173486 -0.000245
1881.900000 0.009694 -0.005866 -0.000281 0.089639 -1.173350 -0.000245
1882.050000 0.009695 -0.005867 -0.000281 0.091995 -1.173209 -0.000245
1882.200000 0.009696 -0.005867 -0.000281 0.094351 -1.173063 -0.000245
1882.350000 0.009697 -0.005867 -0.000281 0.096707 -1.172913 -0.000245
1882.500000 0.009698 -0.005867 -0.000281 0.099062 -1.172758 -0.000245
1882.650000 0.009698 -0.005868 -0.000281 0.101417 -1.172597 -0.000245
1882.800000 0.009699 -0.005868 -0.000281 0.103772 -1.172432 -0.000245
1882.950000 0.009700 -0.005868 -0.000281 0.106126 -1.172263 -0.000245
1883.100000 0.009701 -0.005869 -0.000281 0.108480 -1.172088 -0.000245
1883.250000 0.009702 -0.005869 -0.000281 0.110834 -1.171908 -0.000245
1883.400000 0.009703 -0.005869 -0.000281 0.113187 -1.171724 -0.000245
1883.550000 0.009704 -0.005869 -0.000281 0.115539 -1.171535 -0.000245
1883.700000 0.009705 -0.005870 -0.000281 0.117892 -1.171341 -0.000245
1883.850000 0.009706 -0.005870 -0.000281 0.120243 -1.171142 -0.000245
1884.000000 0.009707 -0.005870 -0.000281 0.122595 -1.170938 -0.000245
1884.150000 0.009707 -0.005871 -0.000281 0.124945 -1.170729 -0.000245
1884.300000 0.009708 -0.005871 -0.000281 0.127296 -1.170516 -0.000245
1884.450000 0.009709 -0.005871 -0.000281 0.129646 -1.170298 -0.000245
1884.600000 0.009710 -0.005871 -0.000281 0.131995 -1.170075 -0.000245
1884.750000 0.009711 -0.005872 -0.000281 0.134344 -1.169847 -0.000245
1884.900000 0.009712 -0.005872 -0.000281 0.136692 -1.169614 -0.000245
1885.050000 0.009713 -0.005872 -0.000281 0.139040 -1.169377 -0.000245
1885.200000 0.009714 -0.005873 -0.000281 0.141388 -1.169134 -0.000245
1885.350000 0.009715 -0.005873 -0.000281 0.143735 -1.168887 -0.000245
1885.500000 0.009715 -0.005873 -0.000281 0.146081 -1.168635 -0.000245
1885.650000 0.009716 -0.005873 -0.000281 0.148427 -1.168378 -0.000245
1885.800000 0.009717 -0.005874 -0.000281 0.150772 -1.168116 -0.000245
1885.950000 0.009718 -0.005874 -0.000281 0.153116 -1.167850 -0.000245
1886.100000 0.009719 -0.005874 -0.000281 0.155460 -1.167578 -0.000245
1886.250000 0.009720 -0.005874 -0.000281 0.157804 -1.167302 -0.000245
1886.400000 0.009721 -0.005875 -0.000281 0.160147 -1.167021 -0.000245
1886.550000 0.009722 -0.005875 -0.000281 0.162489 -1.166735 -0.000245
1886.700000 0.009723 -0.005875 -0.000281 0.164830 -1.166445 -0.000245
1886.850000 0.009724 -0.005876 -0.000281 0.167171 -1.166149 -0.000245
1887.000000 0.009724 -0.005876 -0.000281 0.169511 -1.165849 -0.000245
1887.150000 0.009725 -0.005876 -0.000281 0.171851 -1.165544 -0.000245
1887.300000 0.009726 -0.005876 -0.000281 0.174190 -1.165234 -0.000245
1887.450000 0.009727 -0.005877 -0.000282 0.176528 -1.164919 -0.000245
1887.600000 0.009728 -0.005877 -0.000282 0.178866 -1.164600 -0.000246
1887.750000 0.009729 -0.005877 -0.000282 0.181203 -1.164276 -0.000246
1887.900000 0.009730 -0.005878 -0.000282 0.183539 -1.163946 -0.000246
1888.050000 0.009731 -0.005878 -0.000282 0.185875 -1.163613 -0.000246
1888.200000 0.009732 -0.005878 -0.000282 0.188209 -1.163274 -0.000246
1888.350000 0.009732 -0.005878 -0.000282 0.190543 -1.162930 -0.000246
1888.500000 0.009733 -0.005879 -0.000282 0.192877 -1.162582 -0.000246
1888.650000 0.009734 -0.005879 -0.000282 0.195209 -1.162229 -0.000246
1888.800000 0.009735 -0.005879 -0.000282 0.197541 -1.161871 -0.000246
1888.950000 0.009736 -0.005880 -0.000282 0.199872 -1.161508 -0.000246
1889.100000 0.009737 -0.005880 -0.000282 0.202203 -1.161141 -0.000246
1889.250000 0.009738 -0.005880 -0.000282 0.204532 -1.160769 -0.000246
1889.400000 0.009739 -0.005880 -0.000282 0.206861 -1.160391 -0.000246
1889.550000 0.009740 -0.005881 -0.000282 0.209189 -1.160010 -0.000246
1889.700000 0.009740 -0.005881 -0.000282 0.211516 -1.159623 -0.000246
1889.850000 0.009741 -0.005881 -0.000282 0.213842 -1.159232 -0.000246
1890.000000 0.009742 -0.005881 -0.000282 0.216167 -1.158835 -0.000246
1890.150000 0.009743 -0.005882 -0.000282 0.218492 -1.158434 -0.000246
1890.300000 0.009744 -0.005882 -0.000282 0.220815 -1.158029 -0.000246
1890.450000 0.009745 -0.005882 -0.000282 0.223138 -1.157618 -0.000246
1890.600000 0.009746 -0.005883 -0.000282 0.225460 -1.157203 -0.000246
1890.750000 0.009747 -0.005883 -0.000282 0.227781 -1.156783 -0.000246
1890.900000 0.009748 -0.005883 -0.000282 0.230101 -1.156358 -0.000246
1891.050000 0.009749 -0.005883 -0.000282 0.232421 -1.155928 -0.000246
1891.200000 0.009749 -0.005884 -0.000282 0.234739 -1.155494 -0.000246
1891.350000 0.009750 -0.005884 -0.000282 0.237057 -1.155055 -0.000246
1891.500000 0.009751 -0.005884 -0.000282 0.239373 -1.154611 -0.000246
1891.650000 0.009752 -0.005885 -0.000282 0.241689 -1.154162 -0.000246
1891.800000 0.009753 -0.005885 -0.000282 0.244003 -1.153709 -0.000246
1891.950000 0.009754 -0.005885 -0.000282 0.246317 -1.153251 -0.000246
1892.100000 0.009755 -0.005885 -0.000282 0.248630 -1.152788 -0.000246
1892.250000 0.009756 -0.005886 -0.000282 0.250941 -1.152320 -0.000246
1892.400000 0.009757 -0.005886 -0.000282 0.253252 -1.151848 -0.000246
1892.550000 0.009757 -0.005886 -0.000282 0.255562 -1.151370 -0.000246
1892.700000 0.009758 -0.005887 -0.000282 0.257870 -1.150888 -0.000246
1892.850000 0.009759 -0.005887 -0.000282 0.260178 -1.150402 -0.000246
1893.000000 0.009760 -0.005887 -0.000282 0.262485 -1.149910 -0.000246
1893.150000 0.009761 -0.005887 -0.000282 0.264790 -1.149414 -0.000246
1893.300000 0.009762 -0.005888 -0.000282 0.267095 -1.148913 -0.000246
1893.450000 0.009763 -0.005888 -0.000282 0.269398 -1.148408 -0.000247
1893.600000 0.009764 -0.005888 -0.000282 0.271701 -1.147897 -0.000247
1893.750000 0.009765 -0.005889 -0.000282 0.274002 -1.147382 -0.000247
1893.900000 0.009766 -0.005889 -0.000282 0.276303 -1.146862 -0.000247
1894.050000 0.009766 -0.005889 -0.000282 0.278602 -1.146338 -0.000247
1894.200000 0.009767 -0.005889 -0.000282 0.280900 -1.145809 -0.000247
1894.350000 0.009768 -0.005890 -0.000282 0.283197 -1.145275 -0.000247
1894.500000 0.009769 -0.005890 -0.000282 0.285493 -1.144736 -0.000247
1894.650000 0.009770 -0.005890 -0.000282 0.287787 -1.144193 -0.000247
1894.800000 0.009771 -0.005890 -0.000282 0.290081 -1.143645 -0.000247
1894.950000 0.009772 -0.005891 -0.000282 0.292374 -1.143092 -0.000247
1895.100000 0.009773 -0.005891 -0.000283 0.294665 -1.142534 -0.000247
1895.250000 0.009774 -0.005891 -0.000283 0.296955 -1.141972 -0.000247
1895.400000 0.009774 -0.005892 -0.000283 0.299244 -1.141405 -0.000247
1895.550000 0.009775 -0.005892 -0.000283 0.301532 -1.140833 -0.000247
1895.700000 0.009776 -0.005892 -0.000283 0.303818 -1.140257 -0.000247
1895.850000 0.009777 -0.005892 -0.000283 0.306103 -1.139676 -0.000247
1896.000000 0.009778 -0.005893 -0.000283 0.308388 -1.139090 -0.000247
1896.150000 0.009779 -0.005893 -0.000283 0.310670 -1.138500 -0.000247
1896.300000 0.009780 -0.005893 -0.000283 0.312952 -1.137905 -0.000247
1896.450000 0.009781 -0.005894 -0.000283 0.315233 -1.137305 -0.000247
1896.600000 0.009782 -0.005894 -0.000283 0.317512 -1.136700 -0.000247
1896.750000 0.009783 -0.005894 -0.000283 0.319790 -1.136091 -0.000247
1896.900000 0.009783 -0.005894 -0.000283 0.322066 -1.135477 -0.000247
1897.050000 0.009784 -0.005895 -0.000283 0.324342 -1.134859 -0.000247
1897.200000 0.009785 -0.005895 -0.000283 0.326616 -1.134236 -0.000247
1897.350000 0.009786 -0.005895 -0.000283 0.328888 -1.133608 -0.000247
1897.500000 0.009787 -0.005896 -0.000283 0.331160 -1.132975 -0.000247
1897.650000 0.009788 -0.005896 -0.000283 0.333430 -1.132338 -0.000247
1897.800000 0.009789 -0.005896 -0.000283 0.335699 -1.131696 -0.000247
1897.950000 0.009790 -0.005896 -0.000283 0.337966 -1.131050 -0.000247
1898.100000 0.009791 -0.005897 -0.000283 0.340232 -1.130399 -0.000247
1898.250000 0.009791 -0.005897 -0.000283 0.342497 -1.129743 -0.000248
1898.400000 0.009792 -0.005897 -0.000283 0.344760 -1.129082 -0.000248
1898.550000 0.009793 -0.005898 -0.000283 0.347022 -1.128417 -0.000248
1898.700000 0.009794 -0.005898 -0.000283 0.349283 -1.127747 -0.000248
1898.850000 0.009795 -0.005898 -0.000283 0.351542 -1.127073 -0.000248
1899.000000 0.009796 -0.005898 -0.000283 0.353800 -1.126394 -0.000248
1899.150000 0.009797 -0.005899 -0.000283 0.356057 -1.125710 -0.000248
1899.300000 0.009798 -0.005899 -0.000283 0.358312 -1.125022 -0.000248
1899.450000 0.009799 -0.005899 -0.000283 0.360565 -1.124329 -0.000248
1899.600000 0.009800 -0.005899 -0.000283 0.362817 -1.123631 -0.000248
1899.750000 0.009800 -0.005900 -0.000283 0.365068 -1.122929 -0.000248
1899.900000 0.009801 -0.005900 -0.000283 0.367317 -1.122222 -0.000248
1900.050000 0.009802 -0.005900 -0.000283 0.369565 -1.121511 -0.000248
1900.200000 0.009803 -0.005901 -0.000283 0.371811 -1.120795 -0.000248
1900.350000 0.009804 -0.005901 -0.000283 0.374056 -1.120074 -0.000248
1900.500000 0.009805 -0.005901 -0.000283 0.376299 -1.119349 -0.000248
1900.650000 0.009806 -0.005901 -0.000283 0.378541 -1.118619 -0.000248
1900.800000 0.009807 -0.005902 -0.000283 0.380781 -1.117885 -0.000248
1900.950000 0.009808 -0.005902 -0.000283 0.383020 -1.117146 -0.000248
1901.100000 0.009808 -0.005902 -0.000283 0.385257 -1.116402 -0.000248
1901.250000 0.009809 -0.005903 -0.000283 0.387493 -1.115654 -0.000248
1901.400000 0.009810 -0.005903 -0.000283 0.389727 -1.114901 -0.000248
1901.550000 0.009811 -0.005903 -0.000283 0.391959 -1.114143 -0.000248
1901.700000 0.009812 -0.005903 -0.000283 0.394190 -1.113381 -0.000248
1901.850000 0.009813 -0.005904 -0.000283 0.396420 -1.112615 -0.000248
1902.000000 0.009814 -0.005904 -0.000283 0.398648 -1.111844 -0.000248
1902.150000 0.009815 -0.005904 -0.000283 0.400874 -1.111068 -0.000248
1902.300000 0.009816 -0.005905 -0.000283 0.403098 -1.110288 -0.000248
1902.450000 0.009817 -0.005905 -0.000283 0.405321 -1.109503 -0.000248
1902.600000 0.009817 -0.005905 -0.000283 0.407543 -1.108713 -0.000249
1902.750000 0.009818 -0.005905 -0.000284 0.409762 -1.107919 -0.000249
1902.900000 0.009819 -0.005906 -0.000284 0.411981 -1.107121 -0.000249
1903.050000 0.009820 -0.005906 -0.000284 0.414197 -1.106318 -0.000249
1903.200000 0.009821 -0.005906 -0.000284 0.416412 -1.105510 -0.000249
1903.350000 0.009822 -0.005907 -0.000284 0.418625 -1.104698 -0.000249
1903.500000 0.009823 -0.005907 -0.000284 0.420836 -1.103881 -0.000249
1903.650000 0.009824 -0.005907 -0.000284 0.423046 -1.103060 -0.000249
1903.800000 0.009825 -0.005907 -0.000284 0.425254 -1.102234 -0.000249
1903.950000 0.009825 -0.005908 -0.000284 0.427460 -1.101403 -0.000249
1904.100000 0.009826 -0.005908 -0.000284 0.429665 -1.100569 -0.000249
1904.250000 0.009827 -0.005908 -0.000284 0.431868 -1.099729 -0.000249
1904.400000 0.009828 -0.005908 -0.000284 0.434069 -1.098885 -0.000249
1904.550000 0.009829 -0.005909 -0.000284 0.436268 -1.098037 -0.000249
1904.700000 0.009830 -0.005909 -0.000284 0.438466 -1.097184 -0.000249
1904.850000 0.009831 -0.005909 -0.000284 0.440662 -1.096326 -0.000249
1905.000000 0.009832 -0.005910 -0.000284 0.442856 -1.095464 -0.000249
1905.150000 0.009833 -0.005910 -0.000284 0.445048 -1.094598 -0.000249
1905.300000 0.009834 -0.005910 -0.000284 0.447239 -1.093727 -0.000249
1905.450000 0.009834 -0.005910 -0.000284 0.449428 -1.092851 -0.000249
1905.600000 0.009835 -0.005911 -0.000284 0.451615 -1.091971 -0.000249
1905.750000 0.009836 -0.005911 -0.000284 0.453800 -1.091087 -0.000249
1905.900000 0.009837 -0.005911 -0.000284 0.455983 -1.090198 -0.000249
1906.050000 0.009838 -0.005912 -0.000284 0.458164 -1.089304 -0.000249
1906.200000 0.009839 -0.005912 -0.000284 0.460344 -1.088406 -0.000249
1906.350000 0.009840 -0.005912 -0.000284 0.462522 -1.087504 -0.000250
1906.500000 0.009841 -0.005912 -0.000284 0.464698 -1.086597 -0.000250
1906.650000 0.009842 -0.005913 -0.000284 0.466872 -1.085686 -0.000250
1906.800000 0.009842 -0.005913 -0.000284 0.469044 -1.084770 -0.000250
1906.950000 0.009843 -0.005913 -0.000284 0.471214 -1.083849 -0.000250
1907.100000 0.009844 -0.005914 -0.000284 0.473383 -1.082925 -0.000250
1907.250000 0.009845 -0.005914 -0.000284 0.475549 -1.081996 -0.000250
1907.400000 0.009846 -0.005914 -0.000284 0.477714 -1.081062 -0.000250
1907.550000 0.009847 -0.005914 -0.000284 0.479876 -1.080124 -0.000250
1907.700000 0.009848 -0.005915 -0.000284 0.482037 -1.079181 -0.000250
1907.850000 0.009849 -0.005915 -0.000284 0.484196 -1.078234 -0.000250
1908.000000 0.009850 -0.005915 -0.000284 0.486353 -1.077283 -0.000250
1908.150000 0.009850 -0.005916 -0.000284 0.488507 -1.076327 -0.000250
1908.300000 0.009851 -0.005916 -0.000284 0.490660 -1.075367 -0.000250
1908.450000 0.009852 -0.005916 -0.000284 0.492811 -1.074402 -0.000250
1908.600000 0.009853 -0.005916 -0.000284 0.494960 -1.073433 -0.000250
1908.750000 0.009854 -0.005917 -0.000284 0.497107 -1.072460 -0.000250
1908.900000 0.009855 -0.005917 -0.000284 0.499252 -1.071482 -0.000250
1909.050000 0.009856 -0.005917 -0.000284 0.501395 -1.070499 -0.000250
1909.200000 0.009857 -0.005918 -0.000284 0.503536 -1.069513 -0.000250
1909.350000 0.009858 -0.005918 -0.000284 0.505675 -1.068522 -0.000250
1909.500000 0.009859 -0.005918 -0.000284 0.507811 -1.067526 -0.000250
1909.650000 0.009859 -0.005918 -0.000284 0.509946 -1.066526 -0.000250
1909.800000 0.009860 -0.005919 -0.000284 0.512079 -1.065522 -0.000250
1909.950000 0.009861 -0.005919 -0.000284 0.514210 -1.064513 -0.000251
1910.100000 0.009862 -0.005919 -0.000284 0.516338 -1.063500 -0.000251
1910.250000 0.009863 -0.005919 -0.000284 0.518465 -1.062483 -0.000251
1910.400000 0.009864 -0.005920 -0.000285 0.520589 -1.061461 -0.000251
1910.550000 0.009865 -0.005920 -0.000285 0.522711 -1.060435 -0.000251
1910.700000 0.009866 -0.005920 -0.000285 0.524832 -1.059405 -0.000251
1910.850000 0.009867 -0.005921 -0.000285 0.526950 -1.058370 -0.000251
1911.000000 0.009867 -0.005921 -0.000285 0.529066 -1.057331 -0.000251
1911.150000 0.009868 -0.005921 -0.000285 0.531179 -1.056287 -0.000251
1911.300000 0.009869 -0.005921 -0.000285 0.533291 -1.055239 -0.000251
1911.450000 0.009870 -0.005922 -0.000285 0.535401 -1.054187 -0.000251
1911.600000 0.009871 -0.005922 -0.000285 0.537508 -1.053130 -0.000251
1911.750000 0.009872 -0.005922 -0.000285 0.539613 -1.052070 -0.000251
1911.900000 0.009873 -0.005923 -0.000285 0.541716 -1.051004 -0.000251
1912.050000 0.009874 -0.005923 -0.000285 0.543817 -1.049935 -0.000251
1912.200000 0.009875 -0.005923 -0.000285 0.545916 -1.048861 -0.000251
1912.350000 0.009876 -0.005923 -0.000285 0.548012 -1.047783 -0.000251
1912.500000 0.009876 -0.005924 -0.000285 0.550106 -1.046700 -0.000251
1912.650000 0.009877 -0.005924 -0.000285 0.552198 -1.045614 -0.000251
1912.800000 0.009878 -0.005924 -0.000285 0.554288 -1.044523 -0.000251
1912.950000 0.009879 -0.005925 -0.000285 0.556375 -1.043427 -0.000251
1913.100000 0.009880 -0.005925 -0.000285 0.558461 -1.042328 -0.000251
1913.250000 0.009881 -0.005925 -0.000285 0.560544 -1.041224 -0.000252
1913.400000 0.009882 -0.005925 -0.000285 0.562625 -1.040115 -0.000252
1913.550000 0.009883 -0.005926 -0.000285 0.564703 -1.039003 -0.000252
1913.700000 0.009884 -0.005926 -0.000285 0.566779 -1.037886 -0.000252
1913.850000 0.009885 -0.005926 -0.000285 0.568853 -1.036765 -0.000252
1914.000000 0.009885 -0.005927 -0.000285 0.570925 -1.035640 -0.000252
1914.150000 0.009886 -0.005927 -0.000285 0.572994 -1.034510 -0.000252
1914.300000 0.009887 -0.005927 -0.000285 0.575061 -1.033377 -0.000252
1914.450000 0.009888 -0.005927 -0.000285 0.577126 -1.032239 -0.000252
1914.600000 0.009889 -0.005928 -0.000285 0.579188 -1.031096 -0.000252
1914.750000 0.009890 -0.005928 -0.000285 0.581248 -1.029950 -0.000252
1914.900000 0.009891 -0.005928 -0.000285 0.583306 -1.028799 -0.000252
1915.050000 0.009892 -0.005929 -0.000285 0.585361 -1.027644 -0.000252
1915.200000 0.009893 -0.005929 -0.000285 0.587414 -1.026485 -0.000252
1915.350000 0.009893 -0.005929 -0.000285 0.589464 -1.025322 -0.000252
1915.500000 0.009894 -0.005929 -0.000285 0.591512 -1.024154 -0.000252
1915.650000 0.009895 -0.005930 -0.000285 0.593558 -1.022982 -0.000252
1915.800000 0.009896 -0.005930 -0.000285 0.595601 -1.021806 -0.000252
1915.950000 0.009897 -0.005930 -0.000285 0.597642 -1.020626 -0.000252
1916.100000 0.009898 -0.005931 -0.000285 0.599681 -1.019441 -0.000252
1916.250000 0.009899 -0.005931 -0.000285 0.601717 -1.018253 -0.000253
1916.400000 0.009900 -0.005931 -0.000285 0.603751 -1.017060 -0.000253
1916.550000 0.009901 -0.005931 -0.000285 0.605782 -1.015863 -0.000253
1916.700000 0.009902 -0.005932 -0.000285 0.607811 -1.014662 -0.000253
1916.850000 0.009902 -0.005932 -0.000285 0.609837 -1.013457 -0.000253
1917.000000 0.009903 -0.005932 -0.000285 0.611861 -1.012247 -0.000253
1917.150000 0.009904 -0.005933 -0.000285 0.613882 -1.011033 -0.000253
1917.300000 0.009905 -0.005933 -0.000285 0.615901 -1.009816 -0.000253
1917.450000 0.009906 -0.005933 -0.000285 0.617917 -1.008594 -0.000253
1917.600000 0.009907 -0.005933 -0.000285 0.619931 -1.007368 -0.000253
1917.750000 0.009908 -0.005934 -0.000285 0.621942 -1.006137 -0.000253
1917.900000 0.009909 -0.005934 -0.000285 0.623951 -1.004903 -0.000253
1918.050000 0.009910 -0.005934 -0.000286 0.625958 -1.003664 -0.000253
1918.200000 0.009910 -0.005934 -0.000286 0.627961 -1.002422 -0.000253
1918.350000 0.009911 -0.005935 -0.000286 0.629963 -1.001175 -0.000253
1918.500000 0.009912 -0.005935 -0.000286 0.631961 -0.999924 -0.000253
1918.650000 0.009913 -0.005935 -0.000286 0.633957 -0.998669 -0.000253
1918.800000 0.009914 -0.005936 -0.000286 0.635951 -0.997410 -0.000253
1918.950000 0.009915 -0.005936 -0.000286 0.637942 -0.996147 -0.000253
1919.100000 0.009916 -0.005936 -0.000286 0.639930 -0.994880 -0.000253
1919.250000 0.009917 -0.005936 -0.000286 0.641916 -0.993608 -0.000254
1919.400000 0.009918 -0.005937 -0.000286 0.643899 -0.992333 -0.000254
1919.550000 0.009919 -0.005937 -0.000286 0.645880 -0.991053 -0.000254
1919.700000 0.009919 -0.005937 -0.000286 0.647858 -0.989770 -0.000254
1919.850000 0.009920 -0.005938 -0.000286 0.649833 -0.988482 -0.000254
1920.000000 0.009921 -0.005938 -0.000286 0.651806 -0.987190 -0.000254
1920.150000 0.009922 -0.005938 -0.000286 0.653776 -0.985894 -0.000254
1920.300000 0.009923 -0.005938 -0.000286 0.655743 -0.984595 -0.000254
1920.450000 0.009924 -0.005939 -0.000286 0.657708 -0.983291 -0.000254
1920.600000 0.009925 -0.005939 -0.000286 0.659670 -0.981983 -0.000254
1920.750000 0.009926 -0.005939 -0.000286 0.661630 -0.980671 -0.000254
1920.900000 0.009927 -0.005940 -0.000286 0.663586 -0.979355 -0.000254
1921.050000 0.009927 -0.005940 -0.000286 0.665540 -0.978035 -0.000254
1921.200000 0.009928 -0.005940 -0.000286 0.667492 -0.976711 -0.000254
1921.350000 0.009929 -0.005940 -0.000286 0.669440 -0.975383 -0.000254
1921.500000 0.009930 -0.005941 -0.000286 0.671386 -0.974051 -0.000254
1921.650000 0.009931 -0.005941 -0.000286 0.673329 -0.972714 -0.000254
1921.800000 0.009932 -0.005941 -0.000286 0.675270 -0.971374 -0.000254
1921.950000 0.009933 -0.005942 -0.000286 0.677207 -0.970030 -0.000255
1922.100000 0.009934 -0.005942 -0.000286 0.679142 -0.968682 -0.000255
1922.250000 0.009935 -0.005942 -0.000286 0.681075 -0.967330 -0.000255
1922.400000 0.009936 -0.005942 -0.000286 0.683004 -0.965974 -0.000255
1922.550000 0.009936 -0.005943 -0.000286 0.684931 -0.964614 -0.000255
1922.700000 0.009937 -0.005943 -0.000286 0.686855 -0.963250 -0.000255
1922.850000 0.009938 -0.005943 -0.000286 0.688776 -0.961882 -0.000255
1923.000000 0.009939 -0.005944 -0.000286 0.690694 -0.960510 -0.000255
1923.150000 0.009940 -0.005944 -0.000286 0.692610 -0.959135 -0.000255
1923.300000 0.009941 -0.005944 -0.000286 0.694522 -0.957755 -0.000255
1923.450000 0.009942 -0.005944 -0.000286 0.696432 -0.956371 -0.000255
1923.600000 0.009943 -0.005945 -0.000286 0.698339 -0.954984 -0.000255
1923.750000 0.009944 -0.005945 -0.000286 0.700243 -0.953592 -0.000255
1923.900000 0.009944 -0.005945 -0.000286 0.702145 -0.952196 -0.000255
1924.050000 0.009945 -0.005946 -0.000286 0.704043 -0.950797 -0.000255
1924.200000 0.009946 -0.005946 -0.000286 0.705939 -0.949394 -0.000255
1924.350000 0.009947 -0.005946 -0.000286 0.707832 -0.947987 -0.000255
1924.500000 0.009948 -0.005946 -0.000286 0.709721 -0.946575 -0.000255
1924.650000 0.009949 -0.005947 -0.000286 0.711609 -0.945160 -0.000256
1924.800000 0.009950 -0.005947 -0.000286 0.713493 -0.943742 -0.000256
1924.950000 0.009951 -0.005947 -0.000286 0.715374 -0.942319 -0.000256
1925.100000 0.009952 -0.005948 -0.000286 0.717252 -0.940892 -0.000256
1925.250000 0.009953 -0.005948 -0.000286 0.719128 -0.939462 -0.000256
1925.400000 0.009953 -0.005948 -0.000286 0.721000 -0.938027 -0.000256
1925.550000 0.009954 -0.005948 -0.000286 0.722870 -0.936589 -0.000256
1925.700000 0.009955 -0.005949 -0.000287 0.724736 -0.935147 -0.000256
1925.850000 0.009956 -0.005949 -0.000287 0.726600 -0.933701 -0.000256
1926.000000 0.009957 -0.005949 -0.000287 0.728461 -0.932251 -0.000256
1926.150000 0.009958 -0.005950 -0.000287 0.730318 -0.930798 -0.000256
1926.300000 0.009959 -0.005950 -0.000287 0.732173 -0.929340 -0.000256
1926.450000 0.009960 -0.005950 -0.000287 0.734025 -0.927879 -0.000256
1926.600000 0.009961 -0.005950 -0.000287 0.735874 -0.926414 -0.000256
1926.750000 0.009961 -0.005951 -0.000287 0.737720 -0.924945 -0.000256
1926.900000 0.009962 -0.005951 -0.000287 0.739562 -0.923472 -0.000256
1927.050000 0.009963 -0.005951 -0.000287 0.741402 -0.921996 -0.000256
1927.200000 0.009964 -0.005951 -0.000287 0.743239 -0.920516 -0.000257
1927.350000 0.009965 -0.005952 -0.000287 0.745073 -0.919031 -0.000257
1927.500000 0.009966 -0.005952 -0.000287 0.746904 -0.917544 -0.000257
1927.650000 0.009967 -0.005952 -0.000287 0.748731 -0.916052 -0.000257
1927.800000 0.009968 -0.005953 -0.000287 0.750556 -0.914557 -0.000257
1927.950000 0.009969 -0.005953 -0.000287 0.752378 -0.913057 -0.000257
1928.100000 0.009970 -0.005953 -0.000287 0.754196 -0.911555 -0.000257
1928.250000 0.009970 -0.005953 -0.000287 0.756012 -0.910048 -0.000257
1928.400000 0.009971 -0.005954 -0.000287 0.757824 -0.908538 -0.000257
1928.550000 0.009972 -0.005954 -0.000287 0.759633 -0.907023 -0.000257
1928.700000 0.009973 -0.005954 -0.000287 0.761440 -0.905506 -0.000257
1928.850000 0.009974 -0.005955 -0.000287 0.763243 -0.903984 -0.000257
1929.000000 0.009975 -0.005955 -0.000287 0.765043 -0.902459 -0.000257
1929.150000 0.009976 -0.005955 -0.000287 0.766840 -0.900930 -0.000257
1929.300000 0.009977 -0.005955 -0.000287 0.768633 -0.899397 -0.000257
1929.450000 0.009978 -0.005956 -0.000287 0.770424 -0.897860 -0.000257
1929.600000 0.009979 -0.005956 -0.000287 0.772212 -0.896320 -0.000258
1929.750000 0.009979 -0.005956 -0.000287 0.773996 -0.894776 -0.000258
1929.900000 0.009980 -0.005957 -0.000287 0.775777 -0.893229 -0.000258
1930.050000 0.009981 -0.005957 -0.000287 0.777555 -0.891678 -0.000258
1930.200000 0.009982 -0.005957 -0.000287 0.779330 -0.890123 -0.000258
1930.350000 0.009983 -0.005957 -0.000287 0.781102 -0.888564 -0.000258
1930.500000 0.009984 -0.005958 -0.000287 0.782870 -0.887002 -0.000258
1930.650000 0.009985 -0.005958 -0.000287 0.784636 -0.885436 -0.000258
1930.800000 0.009986 -0.005958 -0.000287 0.786398 -0.883867 -0.000258
1930.950000 0.009987 -0.005959 -0.000287 0.788157 -0.882294 -0.000258
1931.100000 0.009987 -0.005959 -0.000287 0.789913 -0.880717 -0.000258
1931.250000 0.009988 -0.005959 -0.000287 0.791665 -0.879137 -0.000258
1931.400000 0.009989 -0.005959 -0.000287 0.793414 -0.877553 -0.000258
1931.550000 0.009990 -0.005960 -0.000287 0.795160 -0.875965 -0.000258
1931.700000 0.009991 -0.005960 -0.000287 0.796903 -0.874374 -0.000258
1931.850000 0.009992 -0.005960 -0.000287 0.798643 -0.872779 -0.000258
1932.000000 0.009993 -0.005961 -0.000287 0.800379 -0.871181 -0.000259
1932.150000 0.009994 -0.005961 -0.000287 0.802112 -0.869579 -0.000259
1932.300000 0.009995 -0.005961 -0.000287 0.803842 -0.867974 -0.000259
1932.450000 0.009996 -0.005961 -0.000287 0.805569 -0.866364 -0.000259
1932.600000 0.009996 -0.005962 -0.000287 0.807292 -0.864752 -0.000259
1932.750000 0.009997 -0.005962 -0.000287 0.809012 -0.863135 -0.000259
1932.900000 0.009998 -0.005962 -0.000287 0.810728 -0.861516 -0.000259
1933.050000 0.009999 -0.005963 -0.000287 0.812442 -0.859892 -0.000259
1933.200000 0.010000 -0.005963 -0.000287 0.814152 -0.858265 -0.000259
1933.350000 0.010001 -0.005963 -0.000288 0.815858 -0.856635 -0.000259
1933.500000 0.010002 -0.005963 -0.000288 0.817562 -0.855001 -0.000259
1933.650000 0.010003 -0.005964 -0.000288 0.819262 -0.853364 -0.000259
1933.800000 0.010004 -0.005964 -0.000288 0.820958 -0.851723 -0.000259
1933.950000 0.010004 -0.005964 -0.000288 0.822652 -0.850078 -0.000259
1934.100000 0.010005 -0.005965 -0.000288 0.824342 -0.848430 -0.000259
1934.250000 0.010006 -0.005965 -0.000288 0.826028 -0.846779 -0.000259
1934.400000 0.010007 -0.005965 -0.000288 0.827712 -0.845124 -0.000260
1934.550000 0.010008 -0.005965 -0.000288 0.829392 -0.843465 -0.000260
1934.700000 0.010009 -0.005966 -0.000288 0.831068 -0.841803 -0.000260
1934.850000 0.010010 -0.005966 -0.000288 0.832741 -0.840138 -0.000260
1935.000000 0.010011 -0.005966 -0.000288 0.834411 -0.838469 -0.000260
1935.150000 0.010012 -0.005967 -0.000288 0.836077 -0.836797 -0.000260
1935.300000 0.010013 -0.005967 -0.000288 0.837740 -0.835121 -0.000260
1935.450000 0.010013 -0.005967 -0.000288 0.839399 -0.833442 -0.000260
1935.600000 0.010014 -0.005967 -0.000288 0.841055 -0.831759 -0.000260
1935.750000 0.010015 -0.005968 -0.000288 0.842708 -0.830073 -0.000260
1935.900000 0.010016 -0.005968 -0.000288 0.844357 -0.828384 -0.000260
1936.050000 0.010017 -0.005968 -0.000288 0.846003 -0.826691 -0.000260
1936.200000 0.010018 -0.005969 -0.000288 0.847645 -0.824995 -0.000260
1936.350000 0.010019 -0.005969 -0.000288 0.849284 -0.823295 -0.000260
1936.500000 0.010020 -0.005969 -0.000288 0.850919 -0.821592 -0.000260
1936.650000 0.010021 -0.005969 -0.000288 0.852551 -0.819886 -0.000261
1936.800000 0.010022 -0.005970 -0.000288 0.854180 -0.818176 -0.000261
1936.950000 0.010022 -0.005970 -0.000288 0.855804 -0.816463 -0.000261
1937.100000 0.010023 -0.005970 -0.000288 0.857426 -0.814746 -0.000261
1937.250000 0.010024 -0.005971 -0.000288 0.859044 -0.813026 -0.000261
1937.400000 0.010025 -0.005971 -0.000288 0.860658 -0.811303 -0.000261
1937.550000 0.010026 -0.005971 -0.000288 0.862269 -0.809576 -0.000261
1937.700000 0.010027 -0.005971 -0.000288 0.863876 -0.807846 -0.000261
1937.850000 0.010028 -0.005972 -0.000288 0.865480 -0.806113 -0.000261
1938.000000 0.010029 -0.005972 -0.000288 0.867080 -0.804376 -0.000261
1938.150000 0.010030 -0.005972 -0.000288 0.868677 -0.802636 -0.000261
1938.300000 0.010030 -0.005973 -0.000288 0.870270 -0.800893 -0.000261
1938.450000 0.010031 -0.005973 -0.000288 0.871860 -0.799147 -0.000261
1938.600000 0.010032 -0.005973 -0.000288 0.873446 -0.797397 -0.000261
1938.750000 0.010033 -0.005973 -0.000288 0.875028 -0.795644 -0.000261
1938.900000 0.010034 -0.005974 -0.000288 0.876607 -0.793887 -0.000262
1939.050000 0.010035 -0.005974 -0.000288 0.878182 -0.792128 -0.000262
1939.200000 0.010036 -0.005974 -0.000288 0.879754 -0.790365 -0.000262
1939.350000 0.010037 -0.005975 -0.000288 0.881322 -0.788599 -0.000262
1939.500000 0.010038 -0.005975 -0.000288 0.882887 -0.786829 -0.000262
1939.650000 0.010039 -0.005975 -0.000288 0.884448 -0.785057 -0.000262
1939.800000 0.010039 -0.005975 -0.000288 0.886005 -0.783281 -0.000262
1939.950000 0.010040 -0.005976 -0.000288 0.887559 -0.781501 -0.000262
1940.100000 0.010041 -0.005976 -0.000288 0.889109 -0.779719 -0.000262
1940.250000 0.010042 -0.005976 -0.000288 0.890655 -0.777934 -0.000262
1940.400000 0.010043 -0.005977 -0.000288 0.892198 -0.776145 -0.000262
1940.550000 0.010044 -0.005977 -0.000288 0.893737 -0.774353 -0.000262
1940.700000 0.010045 -0.005977 -0.000288 0.895272 -0.772558 -0.000262
1940.850000 0.010046 -0.005977 -0.000288 0.896804 -0.770759 -0.000262
1941.000000 0.010047 -0.005978 -0.000289 0.898332 -0.768958 -0.000263
1941.150000 0.010048 -0.005978 -0.000289 0.899857 -0.767153 -0.000263
1941.300000 0.010048 -0.005978 -0.000289 0.901377 -0.765345 -0.000263
1941.450000 0.010049 -0.005978 -0.000289 0.902895 -0.763534 -0.000263
1941.600000 0.010050 -0.005979 -0.000289 0.904408 -0.761720 -0.000263
1941.750000 0.010051 -0.005979 -0.000289 0.905918 -0.759903 -0.000263
1941.900000 0.010052 -0.005979 -0.000289 0.907424 -0.758082 -0.000263
1942.050000 0.010053 -0.005980 -0.000289 0.908926 -0.756259 -0.000263
1942.200000 0.010054 -0.005980 -0.000289 0.910424 -0.754432 -0.000263
1942.350000 0.010055 -0.005980 -0.000289 0.911919 -0.752602 -0.000263
1942.500000 0.010056 -0.005980 -0.000289 0.913410 -0.750769 -0.000263
1942.650000 0.010056 -0.005981 -0.000289 0.914897 -0.748933 -0.000263
1942.800000 0.010057 -0.005981 -0.000289 0.916381 -0.747094 -0.000263
1942.950000 0.010058 -0.005981 -0.000289 0.917861 -0.745252 -0.000263
1943.100000 0.010059 -0.005982 -0.000289 0.919337 -0.743406 -0.000264
1943.250000 0.010060 -0.005982 -0.000289 0.920809 -0.741558 -0.000264
1943.400000 0.010061 -0.005982 -0.000289 0.922278 -0.739707 -0.000264
1943.550000 0.010062 -0.005982 -0.000289 0.923742 -0.737852 -0.000264
1943.700000 0.010063 -0.005983 -0.000289 0.925203 -0.735995 -0.000264
1943.850000 0.010064 -0.005983 -0.000289 0.926660 -0.734134 -0.000264
1944.000000 0.010065 -0.005983 -0.000289 0.928114 -0.732271 -0.000264
1944.150000 0.010065 -0.005984 -0.000289 0.929563 -0.730404 -0.000264
1944.300000 0.010066 -0.005984 -0.000289 0.931009 -0.728535 -0.000264
1944.450000 0.010067 -0.005984 -0.000289 0.932451 -0.726662 -0.000264
1944.600000 0.010068 -0.005984 -0.000289 0.933889 -0.724786 -0.000264
1944.750000 0.010069 -0.005985 -0.000289 0.935323 -0.722908 -0.000264
1944.900000 0.010070 -0.005985 -0.000289 0.936754 -0.721026 -0.000264
1945.050000 0.010071 -0.005985 -0.000289 0.938180 -0.719142 -0.000264
1945.200000 0.010072 -0.005986 -0.000289 0.939603 -0.717254 -0.000265
1945.350000 0.010073 -0.005986 -0.000289 0.941022 -0.715364 -0.000265
1945.500000 0.010074 -0.005986 -0.000289 0.942437 -0.713470 -0.000265
1945.650000 0.010074 -0.005986 -0.000289 0.943848 -0.711574 -0.000265
1945.800000 0.010075 -0.005987 -0.000289 0.945255 -0.709674 -0.000265
1945.950000 0.010076 -0.005987 -0.000289 0.946659 -0.707772 -0.000265
1946.100000 0.010077 -0.005987 -0.000289 0.948058 -0.705867 -0.000265
1946.250000 0.010078 -0.005988 -0.000289 0.949454 -0.703959 -0.000265
1946.400000 0.010079 -0.005988 -0.000289 0.950846 -0.702048 -0.000265
1946.550000 0.010080 -0.005988 -0.000289 0.952234 -0.700134 -0.000265
1946.700000 0.010081 -0.005988 -0.000289 0.953618 -0.698217 -0.000265
1946.850000 0.010082 -0.005989 -0.000289 0.954998 -0.696298 -0.000265
1947.000000 0.010082 -0.005989 -0.000289 0.956374 -0.694375 -0.000265
1947.150000 0.010083 -0.005989 -0.000289 0.957746 -0.692450 -0.000266
1947.300000 0.010084 -0.005990 -0.000289 0.959114 -0.690521 -0.000266
1947.450000 0.010085 -0.005990 -0.000289 0.960478 -0.688590 -0.000266
1947.600000 0.010086 -0.005990 -0.000289 0.961839 -0.686656 -0.000266
1947.750000 0.010087 -0.005990 -0.000289 0.963195 -0.684719 -0.000266
1947.900000 0.010088 -0.005991 -0.000289 0.964548 -0.682780 -0.000266
1948.050000 0.010089 -0.005991 -0.000289 0.965896 -0.680837 -0.000266
1948.200000 0.010090 -0.005991 -0.000289 0.967241 -0.678892 -0.000266
1948.350000 0.010091 -0.005992 -0.000289 0.968581 -0.676944 -0.000266
1948.500000 0.010091 -0.005992 -0.000289 0.969918 -0.674993 -0.000266
1948.650000 0.010092 -0.005992 -0.000290 0.971250 -0.673040 -0.000266
1948.800000 0.010093 -0.005992 -0.000290 0.972579 -0.671083 -0.000266
1948.950000 0.010094 -0.005993 -0.000290 0.973904 -0.669124 -0.000266
1949.100000 0.010095 -0.005993 -0.000290 0.975224 -0.667162 -0.000266
1949.250000 0.010096 -0.005993 -0.000290 0.976541 -0.665197 -0.000267
1949.400000 0.010097 -0.005994 -0.000290 0.977853 -0.663230 -0.000267
1949.550000 0.010098 -0.005994 -0.000290 0.979162 -0.661259 -0.000267
1949.700000 0.010099 -0.005994 -0.000290 0.980466 -0.659286 -0.000267
1949.850000 0.010100 -0.005994 -0.000290 0.981767 -0.657311 -0.000267
1950.000000 0.010100 -0.005995 -0.000290 0.983063 -0.655332 -0.000267
1950.150000 0.010101 -0.005995 -0.000290 0.984356 -0.653351 -0.000267
1950.300000 0.010102 -0.005995 -0.000290 0.985644 -0.651367 -0.000267
1950.450000 0.010103 -0.005996 -0.000290 0.986928 -0.649381 -0.000267
1950.600000 0.010104 -0.005996 -0.000290 0.988209 -0.647392 -0.000267
1950.750000 0.010105 -0.005996 -0.000290 0.989485 -0.645400 -0.000267
1950.900000 0.010106 -0.005996 -0.000290 0.990757 -0.643405 -0.000267
1951.050000 0.010107 -0.005997 -0.000290 0.992025 -0.641408 -0.000267
1951.200000 0.010108 -0.005997 -0.000290 0.993289 -0.639408 -0.000268
1951.350000 0.010109 -0.005997 -0.000290 0.994549 -0.637406 -0.000268
1951.500000 0.010109 -0.005998 -0.000290 0.995805 -0.635401 -0.000268
1951.650000 0.010110 -0.005998 -0.000290 0.997057 -0.633393 -0.000268
1951.800000 0.010111 -0.005998 -0.000290 0.998304 -0.631382 -0.000268
1951.950000 0.010112 -0.005998 -0.000290 0.999548 -0.629369 -0.000268
1952.100000 0.010113 -0.005999 -0.000290 1.000787 -0.627354 -0.000268
1952.250000 0.010114 -0.005999 -0.000290 1.002022 -0.625336 -0.000268
1952.400000 0.010115 -0.005999 -0.000290 1.003253 -0.623315 -0.000268
1952.550000 0.010116 -0.006000 -0.000290 1.004480 -0.621292 -0.000268
1952.700000 0.010117 -0.006000 -0.000290 1.005703 -0.619266 -0.000268
1952.850000 0.010117 -0.006000 -0.000290 1.006922 -0.617237 -0.000268
1953.000000 0.010118 -0.006000 -0.000290 1.008137 -0.615206 -0.000268
1953.150000 0.010119 -0.006001 -0.000290 1.009347 -0.613173 -0.000269
1953.300000 0.010120 -0.006001 -0.000290 1.010553 -0.611136 -0.000269
1953.450000 0.010121 -0.006001 -0.000290 1.011755 -0.609098 -0.000269
1953.600000 0.010122 -0.006002 -0.000290 1.012953 -0.607057 -0.000269
1953.750000 0.010123 -0.006002 -0.000290 1.014147 -0.605013 -0.000269
1953.900000 0.010124 -0.006002 -0.000290 1.015337 -0.602967 -0.000269
1954.050000 0.010125 -0.006002 -0.000290 1.016522 -0.600918 -0.000269
1954.200000 0.010126 -0.006003 -0.000290 1.017703 -0.598867 -0.000269
1954.350000 0.010126 -0.006003 -0.000290 1.018880 -0.596813 -0.000269
1954.500000 0.010127 -0.006003 -0.000290 1.020053 -0.594757 -0.000269
1954.650000 0.010128 -0.006004 -0.000290 1.021222 -0.592698 -0.000269
1954.800000 0.010129 -0.006004 -0.000290 1.022386 -0.590637 -0.000269
1954.950000 0.010130 -0.006004 -0.000290 1.023546 -0.588574 -0.000270
1955.100000 0.010131 -0.006004 -0.000290 1.024702 -0.586508 -0.000270
1955.250000 0.010132 -0.006005 -0.000290 1.025854 -0.584440 -0.000270
1955.400000 0.010133 -0.006005 -0.000290 1.027002 -0.582369 -0.000270
1955.550000 0.010134 -0.006005 -0.000290 1.028145 -0.580296 -0.000270
1955.700000 0.010135 -0.006006 -0.000290 1.029284 -0.578220 -0.000270
1955.850000 0.010135 -0.006006 -0.000290 1.030419 -0.576142 -0.000270
1956.000000 0.010136 -0.006006 -0.000290 1.031549 -0.574062 -0.000270
1956.150000 0.010137 -0.006006 -0.000290 1.032676 -0.571979 -0.000270
1956.300000 0.010138 -0.006007 -0.000291 1.033798 -0.569894 -0.000270
1956.450000 0.010139 -0.006007 -0.000291 1.034916 -0.567806 -0.000270
1956.600000 0.010140 -0.006007 -0.000291 1.036029 -0.565717 -0.000270
1956.750000 0.010141 -0.006008 -0.000291 1.037138 -0.563624 -0.000270
1956.900000 0.010142 -0.006008 -0.000291 1.038243 -0.561530 -0.000271
1957.050000 0.010143 -0.006008 -0.000291 1.039344 -0.559433 -0.000271
1957.200000 0.010144 -0.006008 -0.000291 1.040440 -0.557334 -0.000271
1957.350000 0.010144 -0.006009 -0.000291 1.041532 -0.555232 -0.000271
1957.500000 0.010145 -0.006009 -0.000291 1.042620 -0.553129 -0.000271
1957.650000 0.010146 -0.006009 -0.000291 1.043704 -0.551023 -0.000271
1957.800000 0.010147 -0.006010 -0.000291 1.044783 -0.548914 -0.000271
1957.950000 0.010148 -0.006010 -0.000291 1.045858 -0.546804 -0.000271
1958.100000 0.010149 -0.006010 -0.000291 1.046928 -0.544691 -0.000271
1958.250000 0.010150 -0.006010 -0.000291 1.047995 -0.542576 -0.000271
1958.400000 0.010151 -0.006011 -0.000291 1.049056 -0.540458 -0.000271
1958.550000 0.010152 -0.006011 -0.000291 1.050114 -0.538339 -0.000271
1958.700000 0.010152 -0.006011 -0.000291 1.051167 -0.536217 -0.000272
1958.850000 0.010153 -0.006012 -0.000291 1.052216 -0.534093 -0.000272
1959.000000 0.010154 -0.006012 -0.000291 1.053261 -0.531967 -0.000272
1959.150000 0.010155 -0.006012 -0.000291 1.054301 -0.529838 -0.000272
1959.300000 0.010156 -0.006012 -0.000291 1.055337 -0.527707 -0.000272
1959.450000 0.010157 -0.006013 -0.000291 1.056368 -0.525574 -0.000272
1959.600000 0.010158 -0.006013 -0.000291 1.057395 -0.523439 -0.000272
1959.750000 0.010159 -0.006013 -0.000291 1.058418 -0.521302 -0.000272
1959.900000 0.010160 -0.006014 -0.000291 1.059436 -0.519163 -0.000272
1960.050000 0.010161 -0.006014 -0.000291 1.060450 -0.517021 -0.000272
1960.200000 0.010161 -0.006014 -0.000291 1.061460 -0.514878 -0.000272
1960.350000 0.010162 -0.006014 -0.000291 1.062465 -0.512732 -0.000272
1960.500000 0.010163 -0.006015 -0.000291 1.063466 -0.510584 -0.000273
1960.650000 0.010164 -0.006015 -0.000291 1.064462 -0.508434 -0.000273
1960.800000 0.010165 -0.006015 -0.000291 1.065454 -0.506282 -0.000273
1960.950000 0.010166 -0.006016 -0.000291 1.066442 -0.504127 -0.000273
1961.100000 0.010167 -0.006016 -0.000291 1.067425 -0.501971 -0.000273
1961.250000 0.010168 -0.006016 -0.000291 1.068404 -0.499812 -0.000273
1961.400000 0.010169 -0.006016 -0.000291 1.069378 -0.497652 -0.000273
1961.550000 0.010170 -0.006017 -0.000291 1.070348 -0.495489 -0.000273
1961.700000 0.010170 -0.006017 -0.000291 1.071314 -0.493325 -0.000273
1961.850000 0.010171 -0.006017 -0.000291 1.072275 -0.491158 -0.000273
1962.000000 0.010172 -0.006018 -0.000291 1.073231 -0.488989 -0.000273
1962.150000 0.010173 -0.006018 -0.000291 1.074184 -0.486819 -0.000273
1962.300000 0.010174 -0.006018 -0.000291 1.075131 -0.484646 -0.000274
1962.450000 0.010175 -0.006018 -0.000291 1.076075 -0.482471 -0.000274
1962.600000 0.010176 -0.006019 -0.000291 1.077013 -0.480294 -0.000274
1962.750000 0.010177 -0.006019 -0.000291 1.077948 -0.478115 -0.000274
1962.900000 0.010178 -0.006019 -0.000291 1.078878 -0.475935 -0.000274
1963.050000 0.010179 -0.006020 -0.000291 1.079803 -0.473752 -0.000274
1963.200000 0.010179 -0.006020 -0.000291 1.080724 -0.471567 -0.000274
1963.350000 0.010180 -0.006020 -0.000291 1.081641 -0.469381 -0.000274
1963.500000 0.010181 -0.006020 -0.000291 1.082553 -0.467192 -0.000274
1963.650000 0.010182 -0.006021 -0.000291 1.083460 -0.465001 -0.000274
1963.800000 0.010183 -0.006021 -0.000291 1.084363 -0.462809 -0.000274
1963.950000 0.010184 -0.006021 -0.000292 1.085262 -0.460615 -0.000274
1964.100000 0.010185 -0.006022 -0.000292 1.086156 -0.458418 -0.000275
1964.250000 0.010186 -0.006022 -0.000292 1.087046 -0.456220 -0.000275
1964.400000 0.010187 -0.006022 -0.000292 1.087931 -0.454020 -0.000275
1964.550000 0.010188 -0.006022 -0.000292 1.088811 -0.451818 -0.000275
1964.700000 0.010188 -0.006023 -0.000292 1.089687 -0.449614 -0.000275
1964.850000 0.010189 -0.006023 -0.000292 1.090559 -0.447408 -0.000275
1965.000000 0.010190 -0.006023 -0.000292 1.091426 -0.445201 -0.000275
1965.150000 0.010191 -0.006024 -0.000292 1.092288 -0.442991 -0.000275
1965.300000 0.010192 -0.006024 -0.000292 1.093146 -0.440780 -0.000275
1965.450000 0.010193 -0.006024 -0.000292 1.093999 -0.438567 -0.000275
1965.600000 0.010194 -0.006024 -0.000292 1.094848 -0.436352 -0.000275
1965.750000 0.010195 -0.006025 -0.000292 1.095693 -0.434135 -0.000275
1965.900000 0.010196 -0.006025 -0.000292 1.096532 -0.431917 -0.000276
1966.050000 0.010197 -0.006025 -0.000292 1.097368 -0.429696 -0.000276
1966.200000 0.010197 -0.006026 -0.000292 1.098198 -0.427474 -0.000276
1966.350000 0.010198 -0.006026 -0.000292 1.099024 -0.425250 -0.000276
1966.500000 0.010199 -0.006026 -0.000292 1.099846 -0.423025 -0.000276
1966.650000 0.010200 -0.006026 -0.000292 1.100663 -0.420797 -0.000276
1966.800000 0.010201 -0.006027 -0.000292 1.101475 -0.418568 -0.000276
1966.950000 0.010202 -0.006027 -0.000292 1.102283 -0.416337 -0.000276
1967.100000 0.010203 -0.006027 -0.000292 1.103087 -0.414104 -0.000276
1967.250000 0.010204 -0.006028 -0.000292 1.103885 -0.411870 -0.000276
1967.400000 0.010205 -0.006028 -0.000292 1.104679 -0.409634 -0.000276
1967.550000 0.010205 -0.006028 -0.000292 1.105469 -0.407396 -0.000276
1967.700000 0.010206 -0.006028 -0.000292 1.106254 -0.405157 -0.000277
1967.850000 0.010207 -0.006029 -0.000292 1.107034 -0.402915 -0.000277
1968.000000 0.010208 -0.006029 -0.000292 1.107810 -0.400673 -0.000277
1968.150000 0.010209 -0.006029 -0.000292 1.108581 -0.398428 -0.000277
1968.300000 0.010210 -0.006030 -0.000292 1.109348 -0.396182 -0.000277
1968.450000 0.010211 -0.006030 -0.000292 1.110110 -0.393934 -0.000277
1968.600000 0.010212 -0.006030 -0.000292 1.110867 -0.391685 -0.000277
1968.750000 0.010213 -0.006030 -0.000292 1.111620 -0.389434 -0.000277
1968.900000 0.010214 -0.006031 -0.000292 1.112368 -0.387181 -0.000277
1969.050000 0.010214 -0.006031 -0.000292 1.113111 -0.384927 -0.000277
1969.200000 0.010215 -0.006031 -0.000292 1.113850 -0.382671 -0.000277
1969.350000 0.010216 -0.006032 -0.000292 1.114584 -0.380413 -0.000278
1969.500000 0.010217 -0.006032 -0.000292 1.115314 -0.378154 -0.000278
1969.650000 0.010218 -0.006032 -0.000292 1.116039 -0.375894 -0.000278
1969.800000 0.010219 -0.006032 -0.000292 1.116759 -0.373631 -0.000278
1969.950000 0.010220 -0.006033 -0.000292 1.117475 -0.371368 -0.000278
1970.100000 0.010221 -0.006033 -0.000292 1.118186 -0.369102 -0.000278
1970.250000 0.010222 -0.006033 -0.000292 1.118892 -0.366835 -0.000278
1970.400000 0.010223 -0.006034 -0.000292 1.119594 -0.364567 -0.000278
1970.550000 0.010223 -0.006034 -0.000292 1.120291 -0.362297 -0.000278
1970.700000 0.010224 -0.006034 -0.000292 1.120983 -0.360026 -0.000278
1970.850000 0.010225 -0.006034 -0.000292 1.121671 -0.357753 -0.000278
1971.000000 0.010226 -0.006035 -0.000292 1.122354 -0.355479 -0.000278
1971.150000 0.010227 -0.006035 -0.000292 1.123032 -0.353203 -0.000279
1971.300000 0.010228 -0.006035 -0.000292 1.123706 -0.350925 -0.000279
1971.450000 0.010229 -0.006036 -0.000292 1.124375 -0.348647 -0.000279
1971.600000 0.010230 -0.006036 -0.000293 1.125039 -0.346366 -0.000279
1971.750000 0.010231 -0.006036 -0.000293 1.125699 -0.344085 -0.000279
1971.900000 0.010232 -0.006036 -0.000293 1.126354 -0.341802 -0.000279
1972.050000 0.010232 -0.006037 -0.000293 1.127004 -0.339517 -0.000279
1972.200000 0.010233 -0.006037 -0.000293 1.127650 -0.337231 -0.000279
1972.350000 0.010234 -0.006037 -0.000293 1.128291 -0.334944 -0.000279
1972.500000 0.010235 -0.006038 -0.000293 1.128927 -0.332655 -0.000279
1972.650000 0.010236 -0.006038 -0.000293 1.129559 -0.330365 -0.000279
1972.800000 0.010237 -0.006038 -0.000293 1.130185 -0.328074 -0.000280
1972.950000 0.010238 -0.006038 -0.000293 1.130807 -0.325781 -0.000280
1973.100000 0.010239 -0.006039 -0.000293 1.131425 -0.323487 -0.000280
1973.250000 0.010240 -0.006039 -0.000293 1.132037 -0.321191 -0.000280
1973.400000 0.010241 -0.006039 -0.000293 1.132645 -0.318894 -0.000280
1973.550000 0.010241 -0.006040 -0.000293 1.133249 -0.316596 -0.000280
1973.700000 0.010242 -0.006040 -0.000293 1.133847 -0.314296 -0.000280
1973.850000 0.010243 -0.006040 -0.000293 1.134441 -0.311996 -0.000280
1974.000000 0.010244 -0.006040 -0.000293 1.135030 -0.309694 -0.000280
1974.150000 0.010245 -0.006041 -0.000293 1.135614 -0.307390 -0.000280
1974.300000 0.010246 -0.006041 -0.000293 1.136194 -0.305085 -0.000280
1974.450000 0.010247 -0.006041 -0.000293 1.136769 -0.302779 -0.000280
1974.600000 0.010248 -0.006042 -0.000293 1.137339 -0.300472 -0.000281
1974.750000 0.010249 -0.006042 -0.000293 1.137904 -0.298164 -0.000281
1974.900000 0.010250 -0.006042 -0.000293 1.138465 -0.295854 -0.000281
1975.050000 0.010250 -0.006042 -0.000293 1.139020 -0.293543 -0.000281
1975.200000 0.010251 -0.006043 -0.000293 1.139571 -0.291231 -0.000281
1975.350000 0.010252 -0.006043 -0.000293 1.140118 -0.288918 -0.000281
1975.500000 0.010253 -0.006043 -0.000293 1.140659 -0.286603 -0.000281
1975.650000 0.010254 -0.006044 -0.000293 1.141196 -0.284287 -0.000281
1975.800000 0.010255 -0.006044 -0.000293 1.141728 -0.281970 -0.000281
1975.950000 0.010256 -0.006044 -0.000293 1.142256 -0.279652 -0.000281
1976.100000 0.010257 -0.006044 -0.000293 1.142778 -0.277333 -0.000281
1976.250000 0.010258 -0.006045 -0.000293 1.143296 -0.275012 -0.000282
1976.400000 0.010259 -0.006045 -0.000293 1.143809 -0.272691 -0.000282
1976.550000 0.010259 -0.006045 -0.000293 1.144317 -0.270368 -0.000282
1976.700000 0.010260 -0.006046 -0.000293 1.144820 -0.268044 -0.000282
1976.850000 0.010261 -0.006046 -0.000293 1.145319 -0.265719 -0.000282
1977.000000 0.010262 -0.006046 -0.000293 1.145813 -0.263393 -0.000282
1977.150000 0.010263 -0.006046 -0.000293 1.146302 -0.261066 -0.000282
1977.300000 0.010264 -0.006047 -0.000293 1.146786 -0.258738 -0.000282
1977.450000 0.010265 -0.006047 -0.000293 1.147266 -0.256409 -0.000282
1977.600000 0.010266 -0.006047 -0.000293 1.147740 -0.254078 -0.000282
1977.750000 0.010267 -0.006048 -0.000293 1.148210 -0.251747 -0.000282
1977.900000 0.010268 -0.006048 -0.000293 1.148675 -0.249414 -0.000283
1978.050000 0.010268 -0.006048 -0.000293 1.149136 -0.247081 -0.000283
1978.200000 0.010269 -0.006048 -0.000293 1.149591 -0.244746 -0.000283
1978.350000 0.010270 -0.006049 -0.000293 1.150042 -0.242411 -0.000283
1978.500000 0.010271 -0.006049 -0.000293 1.150488 -0.240074 -0.000283
1978.650000 0.010272 -0.006049 -0.000293 1.150929 -0.237736 -0.000283
1978.800000 0.010273 -0.006050 -0.000293 1.151365 -0.235398 -0.000283
1978.950000 0.010274 -0.006050 -0.000293 1.151796 -0.233058 -0.000283
1979.100000 0.010275 -0.006050 -0.000293 1.152223 -0.230718 -0.000283
1979.250000 0.010276 -0.006050 -0.000294 1.152645 -0.228376 -0.000283
1979.400000 0.010277 -0.006051 -0.000294 1.153062 -0.226034 -0.000283
1979.550000 0.010277 -0.006051 -0.000294 1.153474 -0.223691 -0.000284
1979.700000 0.010278 -0.006051 -0.000294 1.153881 -0.221346 -0.000284
1979.850000 0.010279 -0.006052 -0.000294 1.154284 -0.219001 -0.000284
1980.000000 0.010280 -0.006052 -0.000294 1.154681 -0.216655 -0.000284
1980.150000 0.010281 -0.006052 -0.000294 1.155074 -0.214308 -0.000284
1980.300000 0.010282 -0.006053 -0.000294 1.155462 -0.211960 -0.000284
1980.450000 0.010283 -0.006053 -0.000294 1.155845 -0.209611 -0.000284
1980.600000 0.010284 -0.006053 -0.000294 1.156223 -0.207262 -0.000284
1980.750000 0.010285 -0.006053 -0.000294 1.156597 -0.204911 -0.000284
1980.900000 0.010286 -0.006054 -0.000294 1.156966 -0.202560 -0.000284
1981.050000 0.010286 -0.006054 -0.000294 1.157329 -0.200208 -0.000284
1981.200000 0.010287 -0.006054 -0.000294 1.157688 -0.197855 -0.000285
1981.350000 0.010288 -0.006055 -0.000294 1.158042 -0.195501 -0.000285
1981.500000 0.010289 -0.006055 -0.000294 1.158392 -0.193146 -0.000285
1981.650000 0.010290 -0.006055 -0.000294 1.158736 -0.190791 -0.000285
1981.800000 0.010291 -0.006055 -0.000294 1.159075 -0.188434 -0.000285
1981.950000 0.010292 -0.006056 -0.000294 1.159410 -0.186077 -0.000285
1982.100000 0.010293 -0.006056 -0.000294 1.159740 -0.183720 -0.000285
1982.250000 0.010294 -0.006056 -0.000294 1.160065 -0.181361 -0.000285
1982.400000 0.010295 -0.006057 -0.000294 1.160385 -0.179002 -0.000285
1982.550000 0.010295 -0.006057 -0.000294 1.160700 -0.176642 -0.000285
1982.700000 0.010296 -0.006057 -0.000294 1.161010 -0.174281 -0.000285
1982.850000 0.010297 -0.006057 -0.000294 1.161316 -0.171919 -0.000286
1983.000000 0.010298 -0.006058 -0.000294 1.161616 -0.169557 -0.000286
1983.150000 0.010299 -0.006058 -0.000294 1.161912 -0.167194 -0.000286
1983.300000 0.010300 -0.006058 -0.000294 1.162203 -0.164830 -0.000286
1983.450000 0.010301 -0.006059 -0.000294 1.162489 -0.162466 -0.000286
1983.600000 0.010302 -0.006059 -0.000294 1.162770 -0.160101 -0.000286
1983.750000 0.010303 -0.006059 -0.000294 1.163046 -0.157735 -0.000286
1983.900000 0.010304 -0.006059 -0.000294 1.163317 -0.155369 -0.000286
1984.050000 0.010304 -0.006060 -0.000294 1.163584 -0.153002 -0.000286
1984.200000 0.010305 -0.006060 -0.000294 1.163845 -0.150635 -0.000286
1984.350000 0.010306 -0.006060 -0.000294 1.164102 -0.148266 -0.000286
1984.500000 0.010307 -0.006061 -0.000294 1.164354 -0.145898 -0.000287
1984.650000 0.010308 -0.006061 -0.000294 1.164601 -0.143528 -0.000287
1984.800000 0.010309 -0.006061 -0.000294 1.164843 -0.141158 -0.000287
1984.950000 0.010310 -0.006061 -0.000294 1.165080 -0.138788 -0.000287
1985.100000 0.010311 -0.006062 -0.000294 1.165312 -0.136417 -0.000287
1985.250000 0.010312 -0.006062 -0.000294 1.165539 -0.134045 -0.000287
1985.400000 0.010313 -0.006062 -0.000294 1.165762 -0.131673 -0.000287
1985.550000 0.010313 -0.006063 -0.000294 1.165979 -0.129300 -0.000287
1985.700000 0.010314 -0.006063 -0.000294 1.166192 -0.126926 -0.000287
1985.850000 0.010315 -0.006063 -0.000294 1.166400 -0.124552 -0.000287
1986.000000 0.010316 -0.006063 -0.000294 1.166603 -0.122178 -0.000287
1986.150000 0.010317 -0.006064 -0.000294 1.166800 -0.119803 -0.000288
1986.300000 0.010318 -0.006064 -0.000294 1.166993 -0.117428 -0.000288
1986.450000 0.010319 -0.006064 -0.000294 1.167182 -0.115052 -0.000288
1986.600000 0.010320 -0.006065 -0.000294 1.167365 -0.112676 -0.000288
1986.750000 0.010321 -0.006065 -0.000294 1.167543 -0.110299 -0.000288
1986.900000 0.010322 -0.006065 -0.000295 1.167716 -0.107922 -0.000288
1987.050000 0.010322 -0.006065 -0.000295 1.167885 -0.105544 -0.000288
1987.200000 0.010323 -0.006066 -0.000295 1.168048 -0.103166 -0.000288
1987.350000 0.010324 -0.006066 -0.000295 1.168207 -0.100787 -0.000288
1987.500000 0.010325 -0.006066 -0.000295 1.168361 -0.098408 -0.000288
1987.650000 0.010326 -0.006067 -0.000295 1.168510 -0.096029 -0.000288
1987.800000 0.010327 -0.006067 -0.000295 1.168653 -0.093649 -0.000289
1987.950000 0.010328 -0.006067 -0.000295 1.168792 -0.091269 -0.000289
1988.100000 0.010329 -0.006067 -0.000295 1.168926 -0.088889 -0.000289
1988.250000 0.010330 -0.006068 -0.000295 1.169056 -0.086508 -0.000289
1988.400000 0.010331 -0.006068 -0.000295 1.169180 -0.084126 -0.000289
1988.550000 0.010331 -0.006068 -0.000295 1.169299 -0.081745 -0.000289
1988.700000 0.010332 -0.006069 -0.000295 1.169413 -0.079363 -0.000289
1988.850000 0.010333 -0.006069 -0.000295 1.169523 -0.076981 -0.000289
1989.000000 0.010334 -0.006069 -0.000295 1.169627 -0.074598 -0.000289
1989.150000 0.010335 -0.006069 -0.000295 1.169727 -0.072215 -0.000289
1989.300000 0.010336 -0.006070 -0.000295 1.169822 -0.069832 -0.000289
1989.450000 0.010337 -0.006070 -0.000295 1.169911 -0.067449 -0.000290
1989.600000 0.010338 -0.006070 -0.000295 1.169996 -0.065065 -0.000290
1989.750000 0.010339 -0.006071 -0.000295 1.170076 -0.062681 -0.000290
1989.900000 0.010340 -0.006071 -0.000295 1.170151 -0.060297 -0.000290
1990.050000 0.010340 -0.006071 -0.000295 1.170221 -0.057913 -0.000290
1990.200000 0.010341 -0.006071 -0.000295 1.170286 -0.055528 -0.000290
1990.350000 0.010342 -0.006072 -0.000295 1.170346 -0.053143 -0.000290
1990.500000 0.010343 -0.006072 -0.000295 1.170401 -0.050758 -0.000290
1990.650000 0.010344 -0.006072 -0.000295 1.170451 -0.048373 -0.000290
1990.800000 0.010345 -0.006073 -0.000295 1.170497 -0.045987 -0.000290
1990.950000 0.010346 -0.006073 -0.000295 1.170537 -0.043602 -0.000290
1991.100000 0.010347 -0.006073 -0.000295 1.170573 -0.041216 -0.000291
1991.250000 0.010348 -0.006073 -0.000295 1.170603 -0.038830 -0.000291
1991.400000 0.010349 -0.006074 -0.000295 1.170629 -0.036444 -0.000291
1991.550000 0.010349 -0.006074 -0.000295 1.170649 -0.034057 -0.000291
1991.700000 0.010350 -0.006074 -0.000295 1.170665 -0.031671 -0.000291
1991.850000 0.010351 -0.006075 -0.000295 1.170676 -0.029284 -0.000291
1992.000000 0.010352 -0.006075 -0.000295 1.170682 -0.026898 -0.000291
1992.150000 0.010353 -0.006075 -0.000295 1.170682 -0.024511 -0.000291
1992.300000 0.010354 -0.006075 -0.000295 1.170678 -0.022124 -0.000291
1992.450000 0.010355 -0.006076 -0.000295 1.170669 -0.019737 -0.000291
1992.600000 0.010356 -0.006076 -0.000295 1.170655 -0.017350 -0.000292
1992.750000 0.010357 -0.006076 -0.000295 1.170636 -0.014963 -0.000292
1992.900000 0.010358 -0.006077 -0.000295 1.170613 -0.012576 -0.000292
1993.050000 0.010358 -0.006077 -0.000295 1.170584 -0.010189 -0.000292
1993.200000 0.010359 -0.006077 -0.000295 1.170550 -0.007802 -0.000292
1993.350000 0.010360 -0.006077 -0.000295 1.170511 -0.005415 -0.000292
1993.500000 0.010361 -0.006078 -0.000295 1.170468 -0.003028 -0.000292
1993.650000 0.010362 -0.006078 -0.000295 1.170419 -0.000641 -0.000292
1993.800000 0.010363 -0.006078 -0.000295 1.170365 0.001747 -0.000292
1993.950000 0.010364 -0.006079 -0.000295 1.170307 0.004134 -0.000292
1994.100000 0.010365 -0.006079 -0.000295 1.170244 0.006521 -0.000292
1994.250000 0.010366 -0.006079 -0.000295 1.170175 0.008908 -0.000293
1994.400000 0.010367 -0.006079 -0.000295 1.170102 0.011295 -0.000293
1994.550000 0.010367 -0.006080 -0.000296 1.170024 0.013682 -0.000293
1994.700000 0.010368 -0.006080 -0.000296 1.169940 0.016069 -0.000293
1994.850000 0.010369 -0.006080 -0.000296 1.169852 0.018455 -0.000293
1995.000000 0.010370 -0.006081 -0.000296 1.169759 0.020842 -0.000293
1995.150000 0.010371 -0.006081 -0.000296 1.169661 0.023229 -0.000293
1995.300000 0.010372 -0.006081 -0.000296 1.169558 0.025615 -0.000293
1995.450000 0.010373 -0.006081 -0.000296 1.169450 0.028001 -0.000293
1995.600000 0.010374 -0.006082 -0.000296 1.169337 0.030388 -0.000293
1995.750000 0.010375 -0.006082 -0.000296 1.169219 0.032774 -0.000293
1995.900000 0.010376 -0.006082 -0.000296 1.169096 0.035160 -0.000294
1996.050000 0.010377 -0.006083 -0.000296 1.168969 0.037545 -0.000294
1996.200000 0.010377 -0.006083 -0.000296 1.168836 0.039931 -0.000294
1996.350000 0.010378 -0.006083 -0.000296 1.168698 0.042316 -0.000294
1996.500000 0.010379 -0.006083 -0.000296 1.168556 0.044701 -0.000294
1996.650000 0.010380 -0.006084 -0.000296 1.168408 0.047086 -0.000294
1996.800000 0.010381 -0.006084 -0.000296 1.168256 0.049471 -0.000294
1996.950000 0.010382 -0.006084 -0.000296 1.168098 0.051856 -0.000294
1997.100000 0.010383 -0.006085 -0.000296 1.167936 0.054240 -0.000294
1997.250000 0.010384 -0.006085 -0.000296 1.167768 0.056624 -0.000294
1997.400000 0.010385 -0.006085 -0.000296 1.167596 0.059008 -0.000294
1997.550000 0.010386 -0.006085 -0.000296 1.167419 0.061391 -0.000295
1997.700000 0.010386 -0.006086 -0.000296 1.167237 0.063775 -0.000295
1997.850000 0.010387 -0.006086 -0.000296 1.167049 0.066157 -0.000295
1998.000000 0.010388 -0.006086 -0.000296 1.166857 0.068540 -0.000295
1998.150000 0.010389 -0.006087 -0.000296 1.166660 0.070922 -0.000295
1998.300000 0.010390 -0.006087 -0.000296 1.166458 0.073304 -0.000295
1998.450000 0.010391 -0.006087 -0.000296 1.166251 0.075686 -0.000295
1998.600000 0.010392 -0.006087 -0.000296 1.166039 0.078067 -0.000295
1998.750000 0.010393 -0.006088 -0.000296 1.165823 0.080448 -0.000295
1998.900000 0.010394 -0.006088 -0.000296 1.165601 0.082829 -0.000295
1999.050000 0.010395 -0.006088 -0.000296 1.165374 0.085209 -0.000296
1999.200000 0.010395 -0.006089 -0.000296 1.165142 0.087589 -0.000296
1999.350000 0.010396 -0.006089 -0.000296 1.164906 0.089969 -0.000296
1999.500000 0.010397 -0.006089 -0.000296 1.164664 0.092348 -0.000296
1999.650000 0.010398 -0.006089 -0.000296 1.164418 0.094727 -0.000296
1999.800000 0.010399 -0.006090 -0.000296 1.164166 0.097105 -0.000296
1999.950000 0.010400 -0.006090 -0.000296 1.163910 0.099483 -0.000296
