0.200000 3.650000
0.201000 3.638196
0.202000 3.626479
0.203000 3.614849
0.204000 3.603304
0.205000 3.591844
0.206000 3.580467
0.207000 3.569172
0.208000 3.557959
0.209000 3.546826
0.210000 3.535773
0.211000 3.524798
0.212000 3.513901
0.213000 3.503081
0.214000 3.492336
0.215000 3.481666
0.216000 3.471071
0.217000 3.460549
0.218000 3.450099
0.219000 3.439722
0.220000 3.429414
0.221000 3.419177
0.222000 3.409010
0.223000 3.398911
0.224000 3.388879
0.225000 3.378915
0.226000 3.369017
0.227000 3.359184
0.228000 3.349416
0.229000 3.339713
0.230000 3.330073
0.231000 3.320496
0.232000 3.310981
0.233000 3.301527
0.234000 3.292135
0.235000 3.282802
0.236000 3.273529
0.237000 3.264315
0.238000 3.255160
0.239000 3.246062
0.240000 3.237021
0.241000 3.228037
0.242000 3.219109
0.243000 3.210236
0.244000 3.201418
0.245000 3.192655
0.246000 3.183945
0.247000 3.175289
0.248000 3.166685
0.249000 3.158133
0.250000 3.149634
0.251000 3.141185
0.252000 3.132787
0.253000 3.124439
0.254000 3.116141
0.255000 3.107892
0.256000 3.099692
0.257000 3.091540
0.258000 3.083436
0.259000 3.075380
0.260000 3.067370
0.261000 3.059407
0.262000 3.051490
0.263000 3.043618
0.264000 3.035792
0.265000 3.028010
0.266000 3.020273
0.267000 3.012580
0.268000 3.004930
0.269000 2.997324
0.270000 2.989760
0.271000 2.982239
0.272000 2.974759
0.273000 2.967322
0.274000 2.959925
0.275000 2.952570
0.276000 2.945254
0.277000 2.937980
0.278000 2.930744
0.279000 2.923549
0.280000 2.916392
0.281000 2.909274
0.282000 2.902195
0.283000 2.895154
0.284000 2.888150
0.285000 2.881184
0.286000 2.874256
0.287000 2.867363
0.288000 2.860508
0.289000 2.853689
0.290000 2.846905
0.291000 2.840157
0.292000 2.833445
0.293000 2.826767
0.294000 2.820124
0.295000 2.813515
0.296000 2.806941
0.297000 2.800401
0.298000 2.793894
0.299000 2.787420
0.300000 2.780979
0.301000 2.774571
0.302000 2.768196
0.303000 2.761853
0.304000 2.755542
0.305000 2.749262
0.306000 2.743014
0.307000 2.736797
0.308000 2.730612
0.309000 2.724456
0.310000 2.718332
0.311000 2.712237
0.312000 2.706173
0.313000 2.700138
0.314000 2.694133
0.315000 2.688158
0.316000 2.682211
0.317000 2.676293
0.318000 2.670404
0.319000 2.664543
0.320000 2.658711
0.321000 2.652906
0.322000 2.647129
0.323000 2.641380
0.324000 2.635658
0.325000 2.629964
0.326000 2.624296
0.327000 2.618655
0.328000 2.613041
0.329000 2.607453
0.330000 2.601891
0.331000 2.596355
0.332000 2.590845
0.333000 2.585360
0.334000 2.579901
0.335000 2.574467
0.336000 2.569059
0.337000 2.563675
0.338000 2.558315
0.339000 2.552981
0.340000 2.547670
0.341000 2.542384
0.342000 2.537122
0.343000 2.531883
0.344000 2.526668
0.345000 2.521477
0.346000 2.516309
0.347000 2.511164
0.348000 2.506042
0.349000 2.500943
0.350000 2.495867
0.351000 2.490813
0.352000 2.485782
0.353000 2.480773
0.354000 2.475786
0.355000 2.470820
0.356000 2.465877
0.357000 2.460955
0.358000 2.456055
0.359000 2.451176
0.360000 2.446318
0.361000 2.441481
0.362000 2.436665
0.363000 2.431870
0.364000 2.427096
0.365000 2.422342
0.366000 2.417608
0.367000 2.412895
0.368000 2.408201
0.369000 2.403528
0.370000 2.398874
0.371000 2.394241
0.372000 2.389626
0.373000 2.385031
0.374000 2.380456
0.375000 2.375900
0.376000 2.371362
0.377000 2.366844
0.378000 2.362345
0.379000 2.357864
0.380000 2.353402
0.381000 2.348958
0.382000 2.344533
0.383000 2.340126
0.384000 2.335737
0.385000 2.331366
0.386000 2.327013
0.387000 2.322678
0.388000 2.318361
0.389000 2.314061
0.390000 2.309778
0.391000 2.305513
0.392000 2.301266
0.393000 2.297035
0.394000 2.292821
0.395000 2.288625
0.396000 2.284445
0.397000 2.280282
0.398000 2.276136
0.399000 2.272006
0.400000 2.267892
0.401000 2.263795
0.402000 2.259715
0.403000 2.255650
0.404000 2.251601
0.405000 2.247569
0.406000 2.243552
0.407000 2.239551
0.408000 2.235566
0.409000 2.231596
0.410000 2.227642
0.411000 2.223703
0.412000 2.219780
0.413000 2.215872
0.414000 2.211979
0.415000 2.208101
0.416000 2.204238
0.417000 2.200390
0.418000 2.196557
0.419000 2.192738
0.420000 2.188935
0.421000 2.185145
0.422000 2.181370
0.423000 2.177610
0.424000 2.173864
0.425000 2.170132
0.426000 2.166415
0.427000 2.162711
0.428000 2.159021
0.429000 2.155346
0.430000 2.151684
0.431000 2.148036
0.432000 2.144402
0.433000 2.140781
0.434000 2.137174
0.435000 2.133580
0.436000 2.130000
0.437000 2.126433
0.438000 2.122880
0.439000 2.119340
0.440000 2.115812
0.441000 2.112298
0.442000 2.108797
0.443000 2.105309
0.444000 2.101833
0.445000 2.098371
0.446000 2.094921
0.447000 2.091484
0.448000 2.088059
0.449000 2.084647
0.450000 2.081247
0.451000 2.077860
0.452000 2.074485
0.453000 2.071122
0.454000 2.067772
0.455000 2.064434
0.456000 2.061108
0.457000 2.057793
0.458000 2.054491
0.459000 2.051201
0.460000 2.047922
0.461000 2.044656
0.462000 2.041401
0.463000 2.038157
0.464000 2.034926
0.465000 2.031706
0.466000 2.028497
0.467000 2.025300
0.468000 2.022114
0.469000 2.018939
0.470000 2.015776
0.471000 2.012624
0.472000 2.009483
0.473000 2.006354
0.474000 2.003235
0.475000 2.000127
0.476000 1.997031
0.477000 1.993945
0.478000 1.990870
0.479000 1.987806
0.480000 1.984752
0.481000 1.981710
0.482000 1.978678
0.483000 1.975656
0.484000 1.972645
0.485000 1.969645
0.486000 1.966655
0.487000 1.963675
0.488000 1.960706
0.489000 1.957747
0.490000 1.954799
0.491000 1.951860
0.492000 1.948932
0.493000 1.946014
0.494000 1.943106
0.495000 1.940208
0.496000 1.937319
0.497000 1.934441
0.498000 1.931573
0.499000 1.928715
0.500000 1.925866
0.501000 1.923027
0.502000 1.920198
0.503000 1.917379
0.504000 1.914569
0.505000 1.911769
0.506000 1.908978
0.507000 1.906197
0.508000 1.903425
0.509000 1.900663
0.510000 1.897910
0.511000 1.895167
0.512000 1.892433
0.513000 1.889708
0.514000 1.886992
0.515000 1.884285
0.516000 1.881588
0.517000 1.878900
0.518000 1.876221
0.519000 1.873550
0.520000 1.870889
0.521000 1.868237
0.522000 1.865594
0.523000 1.862960
0.524000 1.860334
0.525000 1.857717
0.526000 1.855109
0.527000 1.852510
0.528000 1.849920
0.529000 1.847338
0.530000 1.844765
0.531000 1.842200
0.532000 1.839644
0.533000 1.837097
0.534000 1.834558
0.535000 1.832028
0.536000 1.829506
0.537000 1.826992
0.538000 1.824487
0.539000 1.821990
0.540000 1.819501
0.541000 1.817021
0.542000 1.814549
0.543000 1.812085
0.544000 1.809629
0.545000 1.807182
0.546000 1.804742
0.547000 1.802311
0.548000 1.799888
0.549000 1.797473
0.550000 1.795065
0.551000 1.792666
0.552000 1.790275
0.553000 1.787891
0.554000 1.785516
0.555000 1.783148
0.556000 1.780788
0.557000 1.778436
0.558000 1.776092
0.559000 1.773755
0.560000 1.771426
0.561000 1.769105
0.562000 1.766791
0.563000 1.764485
0.564000 1.762187
0.565000 1.759896
0.566000 1.757613
0.567000 1.755337
0.568000 1.753069
0.569000 1.750808
0.570000 1.748555
0.571000 1.746309
0.572000 1.744071
0.573000 1.741840
0.574000 1.739616
0.575000 1.737399
0.576000 1.735190
0.577000 1.732988
0.578000 1.730794
0.579000 1.728606
0.580000 1.726426
0.581000 1.724253
0.582000 1.722087
0.583000 1.719928
0.584000 1.717777
0.585000 1.715632
0.586000 1.713495
0.587000 1.711364
0.588000 1.709241
0.589000 1.707124
0.590000 1.705015
0.591000 1.702912
0.592000 1.700816
0.593000 1.698728
0.594000 1.696646
0.595000 1.694571
0.596000 1.692502
0.597000 1.690441
0.598000 1.688387
0.599000 1.686339
0.600000 1.684298
0.601000 1.682263
0.602000 1.680236
0.603000 1.678215
0.604000 1.676201
0.605000 1.674193
0.606000 1.672192
0.607000 1.670198
0.608000 1.668210
0.609000 1.666229
0.610000 1.664255
0.611000 1.662287
0.612000 1.660325
0.613000 1.658370
0.614000 1.656422
0.615000 1.654480
0.616000 1.652544
0.617000 1.650615
0.618000 1.648693
0.619000 1.646776
0.620000 1.644866
0.621000 1.642963
0.622000 1.641066
0.623000 1.639175
0.624000 1.637290
0.625000 1.635412
0.626000 1.633540
0.627000 1.631674
0.628000 1.629815
0.629000 1.627962
0.630000 1.626115
0.631000 1.624274
0.632000 1.622439
0.633000 1.620611
0.634000 1.618789
0.635000 1.616972
0.636000 1.615162
0.637000 1.613359
0.638000 1.611561
0.639000 1.609769
0.640000 1.607983
0.641000 1.606204
0.642000 1.604430
0.643000 1.602663
0.644000 1.600901
0.645000 1.599146
0.646000 1.597396
0.647000 1.595653
0.648000 1.593915
0.649000 1.592183
0.650000 1.590458
0.651000 1.588738
0.652000 1.587024
0.653000 1.585316
0.654000 1.583614
0.655000 1.581917
0.656000 1.580227
0.657000 1.578542
0.658000 1.576864
0.659000 1.575191
0.660000 1.573524
0.661000 1.571862
0.662000 1.570207
0.663000 1.568557
0.664000 1.566913
0.665000 1.565275
0.666000 1.563642
0.667000 1.562015
0.668000 1.560394
0.669000 1.558779
0.670000 1.557169
0.671000 1.555565
0.672000 1.553967
0.673000 1.552374
0.674000 1.550787
0.675000 1.549205
0.676000 1.547630
0.677000 1.546059
0.678000 1.544495
0.679000 1.542936
0.680000 1.541382
0.681000 1.539835
0.682000 1.538292
0.683000 1.536756
0.684000 1.535225
0.685000 1.533699
0.686000 1.532179
0.687000 1.530664
0.688000 1.529155
0.689000 1.527652
0.690000 1.526154
0.691000 1.524661
0.692000 1.523174
0.693000 1.521693
0.694000 1.520217
0.695000 1.518746
0.696000 1.517281
0.697000 1.515821
0.698000 1.514367
0.699000 1.512918
0.700000 1.511474
0.701000 1.510036
0.702000 1.508603
0.703000 1.507176
0.704000 1.505754
0.705000 1.504338
0.706000 1.502926
0.707000 1.501521
0.708000 1.500120
0.709000 1.498725
0.710000 1.497335
0.711000 1.495951
0.712000 1.494572
0.713000 1.493198
0.714000 1.491830
0.715000 1.490466
0.716000 1.489109
0.717000 1.487756
0.718000 1.486409
0.719000 1.485067
0.720000 1.483730
0.721000 1.482399
0.722000 1.481073
0.723000 1.479752
0.724000 1.478436
0.725000 1.477126
0.726000 1.475821
0.727000 1.474521
0.728000 1.473226
0.729000 1.471937
0.730000 1.470652
0.731000 1.469374
0.732000 1.468100
0.733000 1.466831
0.734000 1.465568
0.735000 1.464310
0.736000 1.463057
0.737000 1.461809
0.738000 1.460566
0.739000 1.459329
0.740000 1.458097
0.741000 1.456870
0.742000 1.455648
0.743000 1.454431
0.744000 1.453220
0.745000 1.452013
0.746000 1.450812
0.747000 1.449616
0.748000 1.448425
0.749000 1.447239
0.750000 1.446059
0.751000 1.444883
0.752000 1.443713
0.753000 1.442548
0.754000 1.441387
0.755000 1.440232
0.756000 1.439083
0.757000 1.437938
0.758000 1.436798
0.759000 1.435664
0.760000 1.434534
0.761000 1.433410
0.762000 1.432290
0.763000 1.431176
0.764000 1.430067
0.765000 1.428963
0.766000 1.427864
0.767000 1.426771
0.768000 1.425682
0.769000 1.424598
0.770000 1.423520
0.771000 1.422446
0.772000 1.421378
0.773000 1.420315
0.774000 1.419256
0.775000 1.418203
0.776000 1.417155
0.777000 1.416112
0.778000 1.415074
0.779000 1.414041
0.780000 1.413013
0.781000 1.411990
0.782000 1.410972
0.783000 1.409959
0.784000 1.408952
0.785000 1.407949
0.786000 1.406951
0.787000 1.405959
0.788000 1.404971
0.789000 1.403989
0.790000 1.403011
0.791000 1.402039
0.792000 1.401072
0.793000 1.400109
0.794000 1.399152
0.795000 1.398200
0.796000 1.397252
0.797000 1.396310
0.798000 1.395373
0.799000 1.394441
0.800000 1.393513
0.801000 1.392591
0.802000 1.391674
0.803000 1.390762
0.804000 1.389855
0.805000 1.388953
0.806000 1.388055
0.807000 1.387163
0.808000 1.386276
0.809000 1.385394
0.810000 1.384517
0.811000 1.383645
0.812000 1.382778
0.813000 1.381916
0.814000 1.381059
0.815000 1.380207
0.816000 1.379360
0.817000 1.378518
0.818000 1.377681
0.819000 1.376849
0.820000 1.376021
0.821000 1.375199
0.822000 1.374382
0.823000 1.373570
0.824000 1.372763
0.825000 1.371961
0.826000 1.371164
0.827000 1.370372
0.828000 1.369584
0.829000 1.368802
0.830000 1.368025
0.831000 1.367253
0.832000 1.366485
0.833000 1.365723
0.834000 1.364966
0.835000 1.364213
0.836000 1.363466
0.837000 1.362724
0.838000 1.361986
0.839000 1.361254
0.840000 1.360526
0.841000 1.359804
0.842000 1.359086
0.843000 1.358374
0.844000 1.357666
0.845000 1.356963
0.846000 1.356265
0.847000 1.355573
0.848000 1.354885
0.849000 1.354202
0.850000 1.353524
0.851000 1.352851
0.852000 1.352183
0.853000 1.351520
0.854000 1.350862
0.855000 1.350208
0.856000 1.349560
0.857000 1.348917
0.858000 1.348278
0.859000 1.347645
0.860000 1.347016
0.861000 1.346392
0.862000 1.345774
0.863000 1.345160
0.864000 1.344551
0.865000 1.343947
0.866000 1.343348
0.867000 1.342754
0.868000 1.342164
0.869000 1.341580
0.870000 1.341000
0.871000 1.340426
0.872000 1.339856
0.873000 1.339291
0.874000 1.338731
0.875000 1.338176
0.876000 1.337626
0.877000 1.337081
0.878000 1.336540
0.879000 1.336005
0.880000 1.335474
0.881000 1.334948
0.882000 1.334427
0.883000 1.333911
0.884000 1.333400
0.885000 1.332893
0.886000 1.332392
0.887000 1.331895
0.888000 1.331403
0.889000 1.330916
0.890000 1.330434
0.891000 1.329956
0.892000 1.329484
0.893000 1.329016
0.894000 1.328553
0.895000 1.328095
0.896000 1.327641
0.897000 1.327193
0.898000 1.326749
0.899000 1.326310
0.900000 1.325875
0.901000 1.325446
0.902000 1.325021
0.903000 1.324601
0.904000 1.324186
0.905000 1.323775
0.906000 1.323369
0.907000 1.322968
0.908000 1.322572
0.909000 1.322180
0.910000 1.321793
0.911000 1.321411
0.912000 1.321034
0.913000 1.320661
0.914000 1.320293
0.915000 1.319929
0.916000 1.319571
0.917000 1.319217
0.918000 1.318867
0.919000 1.318522
0.920000 1.318182
0.921000 1.317847
0.922000 1.317516
0.923000 1.317190
0.924000 1.316868
0.925000 1.316551
0.926000 1.316238
0.927000 1.315931
0.928000 1.315627
0.929000 1.315329
0.930000 1.315034
0.931000 1.314745
0.932000 1.314460
0.933000 1.314179
0.934000 1.313903
0.935000 1.313632
0.936000 1.313365
0.937000 1.313102
0.938000 1.312844
0.939000 1.312591
0.940000 1.312342
0.941000 1.312097
0.942000 1.311857
0.943000 1.311622
0.944000 1.311391
0.945000 1.311164
0.946000 1.310941
0.947000 1.310723
0.948000 1.310510
0.949000 1.310301
0.950000 1.310096
0.951000 1.309895
0.952000 1.309699
0.953000 1.309507
0.954000 1.309320
0.955000 1.309137
0.956000 1.308958
0.957000 1.308783
0.958000 1.308613
0.959000 1.308447
0.960000 1.308286
0.961000 1.308128
0.962000 1.307975
0.963000 1.307826
0.964000 1.307681
0.965000 1.307540
0.966000 1.307404
0.967000 1.307272
0.968000 1.307144
0.969000 1.307020
0.970000 1.306900
0.971000 1.306784
0.972000 1.306673
0.973000 1.306565
0.974000 1.306462
0.975000 1.306363
0.976000 1.306268
0.977000 1.306176
0.978000 1.306089
0.979000 1.306006
0.980000 1.305927
0.981000 1.305852
0.982000 1.305781
0.983000 1.305714
0.984000 1.305650
0.985000 1.305591
0.986000 1.305536
0.987000 1.305484
0.988000 1.305437
0.989000 1.305393
0.990000 1.305354
0.991000 1.305318
0.992000 1.305286
0.993000 1.305257
0.994000 1.305233
0.995000 1.305212
0.996000 1.305195
0.997000 1.305182
0.998000 1.305173
0.999000 1.305167
1.000000 1.305166
1.001000 1.305167
1.002000 1.305173
1.003000 1.305182
1.004000 1.305195
1.005000 1.305212
1.006000 1.305232
1.007000 1.305256
1.008000 1.305283
1.009000 1.305314
1.010000 1.305349
1.011000 1.305387
1.012000 1.305428
1.013000 1.305474
1.014000 1.305522
1.015000 1.305575
1.016000 1.305630
1.017000 1.305689
1.018000 1.305752
1.019000 1.305818
1.020000 1.305888
1.021000 1.305960
1.022000 1.306037
1.023000 1.306116
1.024000 1.306199
1.025000 1.306286
1.026000 1.306375
1.027000 1.306468
1.028000 1.306565
1.029000 1.306664
1.030000 1.306767
1.031000 1.306873
1.032000 1.306982
1.033000 1.307095
1.034000 1.307211
1.035000 1.307329
1.036000 1.307451
1.037000 1.307577
1.038000 1.307705
1.039000 1.307836
1.040000 1.307971
1.041000 1.308109
1.042000 1.308249
1.043000 1.308393
1.044000 1.308540
1.045000 1.308690
1.046000 1.308843
1.047000 1.308999
1.048000 1.309157
1.049000 1.309319
1.050000 1.309484
1.051000 1.309651
1.052000 1.309822
1.053000 1.309995
1.054000 1.310172
1.055000 1.310351
1.056000 1.310533
1.057000 1.310718
1.058000 1.310905
1.059000 1.311096
1.060000 1.311289
1.061000 1.311485
1.062000 1.311684
1.063000 1.311886
1.064000 1.312090
1.065000 1.312297
1.066000 1.312506
1.067000 1.312719
1.068000 1.312934
1.069000 1.313151
1.070000 1.313371
1.071000 1.313594
1.072000 1.313820
1.073000 1.314048
1.074000 1.314278
1.075000 1.314511
1.076000 1.314747
1.077000 1.314985
1.078000 1.315226
1.079000 1.315469
1.080000 1.315715
1.081000 1.315963
1.082000 1.316213
1.083000 1.316466
1.084000 1.316722
1.085000 1.316979
1.086000 1.317240
1.087000 1.317502
1.088000 1.317767
1.089000 1.318034
1.090000 1.318304
1.091000 1.318575
1.092000 1.318850
1.093000 1.319126
1.094000 1.319405
1.095000 1.319685
1.096000 1.319969
1.097000 1.320254
1.098000 1.320541
1.099000 1.320831
1.100000 1.321123
1.101000 1.321417
1.102000 1.321713
1.103000 1.322012
1.104000 1.322312
1.105000 1.322614
1.106000 1.322919
1.107000 1.323226
1.108000 1.323535
1.109000 1.323845
1.110000 1.324158
1.111000 1.324473
1.112000 1.324790
1.113000 1.325109
1.114000 1.325429
1.115000 1.325752
1.116000 1.326077
1.117000 1.326404
1.118000 1.326732
1.119000 1.327063
1.120000 1.327395
1.121000 1.327729
1.122000 1.328065
1.123000 1.328403
1.124000 1.328743
1.125000 1.329085
1.126000 1.329428
1.127000 1.329773
1.128000 1.330120
1.129000 1.330469
1.130000 1.330820
1.131000 1.331172
1.132000 1.331526
1.133000 1.331882
1.134000 1.332239
1.135000 1.332598
1.136000 1.332959
1.137000 1.333322
1.138000 1.333686
1.139000 1.334052
1.140000 1.334419
1.141000 1.334788
1.142000 1.335159
1.143000 1.335531
1.144000 1.335905
1.145000 1.336281
1.146000 1.336658
1.147000 1.337036
1.148000 1.337416
1.149000 1.337798
1.150000 1.338181
1.151000 1.338566
1.152000 1.338952
1.153000 1.339339
1.154000 1.339729
1.155000 1.340119
1.156000 1.340511
1.157000 1.340904
1.158000 1.341299
1.159000 1.341696
1.160000 1.342093
1.161000 1.342492
1.162000 1.342893
1.163000 1.343294
1.164000 1.343698
1.165000 1.344102
1.166000 1.344508
1.167000 1.344915
1.168000 1.345324
1.169000 1.345733
1.170000 1.346144
1.171000 1.346557
1.172000 1.346970
1.173000 1.347385
1.174000 1.347801
1.175000 1.348219
1.176000 1.348637
1.177000 1.349057
1.178000 1.349478
1.179000 1.349900
1.180000 1.350324
1.181000 1.350748
1.182000 1.351174
1.183000 1.351601
1.184000 1.352029
1.185000 1.352458
1.186000 1.352889
1.187000 1.353320
1.188000 1.353753
1.189000 1.354187
1.190000 1.354621
1.191000 1.355057
1.192000 1.355494
1.193000 1.355932
1.194000 1.356371
1.195000 1.356811
1.196000 1.357253
1.197000 1.357695
1.198000 1.358138
1.199000 1.358582
1.200000 1.359027
1.201000 1.359474
1.202000 1.359921
1.203000 1.360369
1.204000 1.360818
1.205000 1.361268
1.206000 1.361719
1.207000 1.362171
1.208000 1.362624
1.209000 1.363078
1.210000 1.363533
1.211000 1.363989
1.212000 1.364445
1.213000 1.364903
1.214000 1.365361
1.215000 1.365820
1.216000 1.366280
1.217000 1.366741
1.218000 1.367203
1.219000 1.367666
1.220000 1.368129
1.221000 1.368594
1.222000 1.369059
1.223000 1.369525
1.224000 1.369992
1.225000 1.370459
1.226000 1.370928
1.227000 1.371397
1.228000 1.371867
1.229000 1.372338
1.230000 1.372809
1.231000 1.373281
1.232000 1.373754
1.233000 1.374228
1.234000 1.374702
1.235000 1.375178
1.236000 1.375653
1.237000 1.376130
1.238000 1.376607
1.239000 1.377085
1.240000 1.377564
1.241000 1.378044
1.242000 1.378524
1.243000 1.379004
1.244000 1.379486
1.245000 1.379968
1.246000 1.380451
1.247000 1.380934
1.248000 1.381418
1.249000 1.381903
1.250000 1.382388
1.251000 1.382874
1.252000 1.383360
1.253000 1.383847
1.254000 1.384335
1.255000 1.384823
1.256000 1.385312
1.257000 1.385802
1.258000 1.386292
1.259000 1.386782
1.260000 1.387274
1.261000 1.387765
1.262000 1.388258
1.263000 1.388751
1.264000 1.389244
1.265000 1.389738
1.266000 1.390232
1.267000 1.390727
1.268000 1.391223
1.269000 1.391719
1.270000 1.392215
1.271000 1.392712
1.272000 1.393210
1.273000 1.393708
1.274000 1.394207
1.275000 1.394706
1.276000 1.395205
1.277000 1.395705
1.278000 1.396205
1.279000 1.396706
1.280000 1.397208
1.281000 1.397709
1.282000 1.398211
1.283000 1.398714
1.284000 1.399217
1.285000 1.399721
1.286000 1.400225
1.287000 1.400729
1.288000 1.401234
1.289000 1.401739
1.290000 1.402245
1.291000 1.402751
1.292000 1.403257
1.293000 1.403764
1.294000 1.404271
1.295000 1.404778
1.296000 1.405286
1.297000 1.405795
1.298000 1.406303
1.299000 1.406812
1.300000 1.407322
1.301000 1.407831
1.302000 1.408341
1.303000 1.408852
1.304000 1.409363
1.305000 1.409874
1.306000 1.410385
1.307000 1.410897
1.308000 1.411409
1.309000 1.411921
1.310000 1.412434
1.311000 1.412947
1.312000 1.413460
1.313000 1.413974
1.314000 1.414488
1.315000 1.415002
1.316000 1.415517
1.317000 1.416032
1.318000 1.416547
1.319000 1.417062
1.320000 1.417578
1.321000 1.418094
1.322000 1.418610
1.323000 1.419126
1.324000 1.419643
1.325000 1.420160
1.326000 1.420677
1.327000 1.421194
1.328000 1.421712
1.329000 1.422230
1.330000 1.422748
1.331000 1.423267
1.332000 1.423785
1.333000 1.424304
1.334000 1.424823
1.335000 1.425343
1.336000 1.425862
1.337000 1.426382
1.338000 1.426902
1.339000 1.427422
1.340000 1.427942
1.341000 1.428463
1.342000 1.428984
1.343000 1.429505
1.344000 1.430026
1.345000 1.430547
1.346000 1.431069
1.347000 1.431590
1.348000 1.432112
1.349000 1.432634
1.350000 1.433156
1.351000 1.433679
1.352000 1.434201
1.353000 1.434724
1.354000 1.435247
1.355000 1.435770
1.356000 1.436293
1.357000 1.436816
1.358000 1.437340
1.359000 1.437863
1.360000 1.438387
1.361000 1.438911
1.362000 1.439435
1.363000 1.439959
1.364000 1.440483
1.365000 1.441008
1.366000 1.441532
1.367000 1.442057
1.368000 1.442582
1.369000 1.443107
1.370000 1.443632
1.371000 1.444157
1.372000 1.444682
1.373000 1.445207
1.374000 1.445733
1.375000 1.446258
1.376000 1.446784
1.377000 1.447309
1.378000 1.447835
1.379000 1.448361
1.380000 1.448887
1.381000 1.449413
1.382000 1.449939
1.383000 1.450465
1.384000 1.450992
1.385000 1.451518
1.386000 1.452044
1.387000 1.452571
1.388000 1.453097
1.389000 1.453624
1.390000 1.454151
1.391000 1.454677
1.392000 1.455204
1.393000 1.455731
1.394000 1.456258
1.395000 1.456785
1.396000 1.457312
1.397000 1.457839
1.398000 1.458366
1.399000 1.458893
1.400000 1.459420
1.401000 1.459948
1.402000 1.460475
1.403000 1.461002
1.404000 1.461529
1.405000 1.462057
1.406000 1.462584
1.407000 1.463112
1.408000 1.463639
1.409000 1.464166
1.410000 1.464694
1.411000 1.465221
1.412000 1.465749
1.413000 1.466276
1.414000 1.466804
1.415000 1.467331
1.416000 1.467859
1.417000 1.468386
1.418000 1.468914
1.419000 1.469441
1.420000 1.469969
1.421000 1.470497
1.422000 1.471024
1.423000 1.471552
1.424000 1.472079
1.425000 1.472607
1.426000 1.473134
1.427000 1.473662
1.428000 1.474189
1.429000 1.474716
1.430000 1.475244
1.431000 1.475771
1.432000 1.476299
1.433000 1.476826
1.434000 1.477353
1.435000 1.477881
1.436000 1.478408
1.437000 1.478935
1.438000 1.479462
1.439000 1.479990
1.440000 1.480517
1.441000 1.481044
1.442000 1.481571
1.443000 1.482098
1.444000 1.482625
1.445000 1.483152
1.446000 1.483679
1.447000 1.484206
1.448000 1.484733
1.449000 1.485259
1.450000 1.485786
1.451000 1.486313
1.452000 1.486839
1.453000 1.487366
1.454000 1.487892
1.455000 1.488419
1.456000 1.488945
1.457000 1.489471
1.458000 1.489998
1.459000 1.490524
1.460000 1.491050
1.461000 1.491576
1.462000 1.492102
1.463000 1.492628
1.464000 1.493154
1.465000 1.493680
1.466000 1.494205
1.467000 1.494731
1.468000 1.495257
1.469000 1.495782
1.470000 1.496308
1.471000 1.496833
1.472000 1.497358
1.473000 1.497883
1.474000 1.498408
1.475000 1.498933
1.476000 1.499458
1.477000 1.499983
1.478000 1.500508
1.479000 1.501032
1.480000 1.501557
1.481000 1.502082
1.482000 1.502606
1.483000 1.503130
1.484000 1.503654
1.485000 1.504178
1.486000 1.504702
1.487000 1.505226
1.488000 1.505750
1.489000 1.506274
1.490000 1.506797
1.491000 1.507321
1.492000 1.507844
1.493000 1.508368
1.494000 1.508891
1.495000 1.509414
1.496000 1.509937
1.497000 1.510460
1.498000 1.510982
1.499000 1.511505
1.500000 1.512028
1.501000 1.512550
1.502000 1.513072
1.503000 1.513594
1.504000 1.514117
1.505000 1.514639
1.506000 1.515160
1.507000 1.515682
1.508000 1.516204
1.509000 1.516725
1.510000 1.517246
1.511000 1.517768
1.512000 1.518289
1.513000 1.518810
1.514000 1.519331
1.515000 1.519851
1.516000 1.520372
1.517000 1.520892
1.518000 1.521413
1.519000 1.521933
1.520000 1.522453
1.521000 1.522973
1.522000 1.523493
1.523000 1.524013
1.524000 1.524532
1.525000 1.525052
1.526000 1.525571
1.527000 1.526090
1.528000 1.526609
1.529000 1.527128
1.530000 1.527647
1.531000 1.528165
1.532000 1.528684
1.533000 1.529202
1.534000 1.529720
1.535000 1.530238
1.536000 1.530756
1.537000 1.531274
1.538000 1.531791
1.539000 1.532309
1.540000 1.532826
1.541000 1.533343
1.542000 1.533860
1.543000 1.534377
1.544000 1.534894
1.545000 1.535410
1.546000 1.535927
1.547000 1.536443
1.548000 1.536959
1.549000 1.537475
1.550000 1.537991
1.551000 1.538507
1.552000 1.539022
1.553000 1.539537
1.554000 1.540053
1.555000 1.540568
1.556000 1.541083
1.557000 1.541597
1.558000 1.542112
1.559000 1.542626
1.560000 1.543140
1.561000 1.543654
1.562000 1.544168
1.563000 1.544682
1.564000 1.545196
1.565000 1.545709
1.566000 1.546222
1.567000 1.546735
1.568000 1.547248
1.569000 1.547761
1.570000 1.548274
1.571000 1.548786
1.572000 1.549299
1.573000 1.549811
1.574000 1.550323
1.575000 1.550834
1.576000 1.551346
1.577000 1.551857
1.578000 1.552369
1.579000 1.552880
1.580000 1.553391
1.581000 1.553901
1.582000 1.554412
1.583000 1.554922
1.584000 1.555433
1.585000 1.555943
1.586000 1.556452
1.587000 1.556962
1.588000 1.557472
1.589000 1.557981
1.590000 1.558490
1.591000 1.558999
1.592000 1.559508
1.593000 1.560017
1.594000 1.560525
1.595000 1.561033
1.596000 1.561542
1.597000 1.562049
1.598000 1.562557
1.599000 1.563065
1.600000 1.563572
1.601000 1.564079
1.602000 1.564586
1.603000 1.565093
1.604000 1.565600
1.605000 1.566106
1.606000 1.566613
1.607000 1.567119
1.608000 1.567625
1.609000 1.568130
1.610000 1.568636
1.611000 1.569141
1.612000 1.569647
1.613000 1.570152
1.614000 1.570656
1.615000 1.571161
1.616000 1.571666
1.617000 1.572170
1.618000 1.572674
1.619000 1.573178
1.620000 1.573681
1.621000 1.574185
1.622000 1.574688
1.623000 1.575191
1.624000 1.575694
1.625000 1.576197
1.626000 1.576700
1.627000 1.577202
1.628000 1.577704
1.629000 1.578206
1.630000 1.578708
1.631000 1.579209
1.632000 1.579711
1.633000 1.580212
1.634000 1.580713
1.635000 1.581214
1.636000 1.581715
1.637000 1.582215
1.638000 1.582715
1.639000 1.583215
1.640000 1.583715
1.641000 1.584215
1.642000 1.584714
1.643000 1.585213
1.644000 1.585713
1.645000 1.586211
1.646000 1.586710
1.647000 1.587209
1.648000 1.587707
1.649000 1.588205
1.650000 1.588703
1.651000 1.589200
1.652000 1.589698
1.653000 1.590195
1.654000 1.590692
1.655000 1.591189
1.656000 1.591686
1.657000 1.592182
1.658000 1.592679
1.659000 1.593175
1.660000 1.593671
1.661000 1.594166
1.662000 1.594662
1.663000 1.595157
1.664000 1.595652
1.665000 1.596147
1.666000 1.596642
1.667000 1.597136
1.668000 1.597631
1.669000 1.598125
1.670000 1.598618
1.671000 1.599112
1.672000 1.599606
1.673000 1.600099
1.674000 1.600592
1.675000 1.601085
1.676000 1.601577
1.677000 1.602070
1.678000 1.602562
1.679000 1.603054
1.680000 1.603546
1.681000 1.604038
1.682000 1.604529
1.683000 1.605020
1.684000 1.605511
1.685000 1.606002
1.686000 1.606493
1.687000 1.606983
1.688000 1.607473
1.689000 1.607963
1.690000 1.608453
1.691000 1.608943
1.692000 1.609432
1.693000 1.609921
1.694000 1.610410
1.695000 1.610899
1.696000 1.611387
1.697000 1.611876
1.698000 1.612364
1.699000 1.612852
1.700000 1.613339
1.701000 1.613827
1.702000 1.614314
1.703000 1.614801
1.704000 1.615288
1.705000 1.615775
1.706000 1.616261
1.707000 1.616747
1.708000 1.617233
1.709000 1.617719
1.710000 1.618205
1.711000 1.618690
1.712000 1.619175
1.713000 1.619660
1.714000 1.620145
1.715000 1.620630
1.716000 1.621114
1.717000 1.621598
1.718000 1.622082
1.719000 1.622566
1.720000 1.623049
1.721000 1.623533
1.722000 1.624016
1.723000 1.624499
1.724000 1.624981
1.725000 1.625464
1.726000 1.625946
1.727000 1.626428
1.728000 1.626910
1.729000 1.627391
1.730000 1.627873
1.731000 1.628354
1.732000 1.628835
1.733000 1.629316
1.734000 1.629796
1.735000 1.630277
1.736000 1.630757
1.737000 1.631237
1.738000 1.631716
1.739000 1.632196
1.740000 1.632675
1.741000 1.633154
1.742000 1.633633
1.743000 1.634112
1.744000 1.634590
1.745000 1.635068
1.746000 1.635546
1.747000 1.636024
1.748000 1.636502
1.749000 1.636979
1.750000 1.637456
1.751000 1.637933
1.752000 1.638410
1.753000 1.638886
1.754000 1.639363
1.755000 1.639839
1.756000 1.640314
1.757000 1.640790
1.758000 1.641266
1.759000 1.641741
1.760000 1.642216
1.761000 1.642691
1.762000 1.643165
1.763000 1.643640
1.764000 1.644114
1.765000 1.644588
1.766000 1.645061
1.767000 1.645535
1.768000 1.646008
1.769000 1.646481
1.770000 1.646954
1.771000 1.647427
1.772000 1.647899
1.773000 1.648371
1.774000 1.648843
1.775000 1.649315
1.776000 1.649787
1.777000 1.650258
1.778000 1.650729
1.779000 1.651200
1.780000 1.651671
1.781000 1.652141
1.782000 1.652612
1.783000 1.653082
1.784000 1.653552
1.785000 1.654021
1.786000 1.654491
1.787000 1.654960
1.788000 1.655429
1.789000 1.655898
1.790000 1.656366
1.791000 1.656835
1.792000 1.657303
1.793000 1.657771
1.794000 1.658238
1.795000 1.658706
1.796000 1.659173
1.797000 1.659640
1.798000 1.660107
1.799000 1.660574
1.800000 1.661040
1.801000 1.661506
1.802000 1.661972
1.803000 1.662438
1.804000 1.662904
1.805000 1.663369
1.806000 1.663834
1.807000 1.664299
1.808000 1.664764
1.809000 1.665228
1.810000 1.665692
1.811000 1.666156
1.812000 1.666620
1.813000 1.667084
1.814000 1.667547
1.815000 1.668011
1.816000 1.668474
1.817000 1.668936
1.818000 1.669399
1.819000 1.669861
1.820000 1.670323
1.821000 1.670785
1.822000 1.671247
1.823000 1.671708
1.824000 1.672170
1.825000 1.672631
1.826000 1.673092
1.827000 1.673552
1.828000 1.674013
1.829000 1.674473
1.830000 1.674933
1.831000 1.675392
1.832000 1.675852
1.833000 1.676311
1.834000 1.676770
1.835000 1.677229
1.836000 1.677688
1.837000 1.678146
1.838000 1.678605
1.839000 1.679063
1.840000 1.679521
1.841000 1.679978
1.842000 1.680436
1.843000 1.680893
1.844000 1.681350
1.845000 1.681807
1.846000 1.682263
1.847000 1.682719
1.848000 1.683175
1.849000 1.683631
1.850000 1.684087
1.851000 1.684543
1.852000 1.684998
1.853000 1.685453
1.854000 1.685908
1.855000 1.686362
1.856000 1.686817
1.857000 1.687271
1.858000 1.687725
1.859000 1.688179
1.860000 1.688632
1.861000 1.689085
1.862000 1.689539
1.863000 1.689992
1.864000 1.690444
1.865000 1.690897
1.866000 1.691349
1.867000 1.691801
1.868000 1.692253
1.869000 1.692704
1.870000 1.693156
1.871000 1.693607
1.872000 1.694058
1.873000 1.694509
1.874000 1.694959
1.875000 1.695410
1.876000 1.695860
1.877000 1.696310
1.878000 1.696760
1.879000 1.697209
1.880000 1.697658
1.881000 1.698107
1.882000 1.698556
1.883000 1.699005
1.884000 1.699453
1.885000 1.699902
1.886000 1.700350
1.887000 1.700797
1.888000 1.701245
1.889000 1.701692
1.890000 1.702139
1.891000 1.702586
1.892000 1.703033
1.893000 1.703480
1.894000 1.703926
1.895000 1.704372
1.896000 1.704818
1.897000 1.705264
1.898000 1.705709
1.899000 1.706154
1.900000 1.706599
1.901000 1.707044
1.902000 1.707489
1.903000 1.707933
1.904000 1.708377
1.905000 1.708821
1.906000 1.709265
1.907000 1.709709
1.908000 1.710152
1.909000 1.710595
1.910000 1.711038
1.911000 1.711481
1.912000 1.711923
1.913000 1.712366
1.914000 1.712808
1.915000 1.713250
1.916000 1.713691
1.917000 1.714133
1.918000 1.714574
1.919000 1.715015
1.920000 1.715456
1.921000 1.715897
1.922000 1.716337
1.923000 1.716777
1.924000 1.717217
1.925000 1.717657
1.926000 1.718097
1.927000 1.718536
1.928000 1.718975
1.929000 1.719414
1.930000 1.719853
1.931000 1.720291
1.932000 1.720730
1.933000 1.721168
1.934000 1.721606
1.935000 1.722043
1.936000 1.722481
1.937000 1.722918
1.938000 1.723355
1.939000 1.723792
1.940000 1.724229
1.941000 1.724665
1.942000 1.725101
1.943000 1.725537
1.944000 1.725973
1.945000 1.726409
1.946000 1.726844
1.947000 1.727279
1.948000 1.727714
1.949000 1.728149
1.950000 1.728584
1.951000 1.729018
1.952000 1.729452
1.953000 1.729886
1.954000 1.730320
1.955000 1.730753
1.956000 1.731187
1.957000 1.731620
1.958000 1.732053
1.959000 1.732486
1.960000 1.732918
1.961000 1.733350
1.962000 1.733782
1.963000 1.734214
1.964000 1.734646
1.965000 1.735077
1.966000 1.735509
1.967000 1.735940
1.968000 1.736371
1.969000 1.736801
1.970000 1.737232
1.971000 1.737662
1.972000 1.738092
1.973000 1.738522
1.974000 1.738951
1.975000 1.739381
1.976000 1.739810
1.977000 1.740239
1.978000 1.740668
1.979000 1.741096
1.980000 1.741525
1.981000 1.741953
1.982000 1.742381
1.983000 1.742809
1.984000 1.743236
1.985000 1.743664
1.986000 1.744091
1.987000 1.744518
1.988000 1.744945
1.989000 1.745371
1.990000 1.745798
1.991000 1.746224
1.992000 1.746650
1.993000 1.747075
1.994000 1.747501
1.995000 1.747926
1.996000 1.748351
1.997000 1.748776
1.998000 1.749201
1.999000 1.749626
2.000000 1.750050
2.001000 1.750474
2.002000 1.750898
2.003000 1.751322
2.004000 1.751745
2.005000 1.752168
2.006000 1.752592
2.007000 1.753014
2.008000 1.753437
2.009000 1.753860
2.010000 1.754282
2.011000 1.754704
2.012000 1.755126
2.013000 1.755548
2.014000 1.755969
2.015000 1.756390
2.016000 1.756812
2.017000 1.757232
2.018000 1.757653
2.019000 1.758074
2.020000 1.758494
2.021000 1.758914
2.022000 1.759334
2.023000 1.759754
2.024000 1.760173
2.025000 1.760592
2.026000 1.761011
2.027000 1.761430
2.028000 1.761849
2.029000 1.762267
2.030000 1.762686
2.031000 1.763104
2.032000 1.763522
2.033000 1.763939
2.034000 1.764357
2.035000 1.764774
2.036000 1.765191
2.037000 1.765608
2.038000 1.766025
2.039000 1.766441
2.040000 1.766858
2.041000 1.767274
2.042000 1.767690
2.043000 1.768105
2.044000 1.768521
2.045000 1.768936
2.046000 1.769351
2.047000 1.769766
2.048000 1.770181
2.049000 1.770596
2.050000 1.771010
2.051000 1.771424
2.052000 1.771838
2.053000 1.772252
2.054000 1.772665
2.055000 1.773078
2.056000 1.773492
2.057000 1.773905
2.058000 1.774317
2.059000 1.774730
2.060000 1.775142
2.061000 1.775554
2.062000 1.775966
2.063000 1.776378
2.064000 1.776790
2.065000 1.777201
2.066000 1.777612
2.067000 1.778023
2.068000 1.778434
2.069000 1.778845
2.070000 1.779255
2.071000 1.779665
2.072000 1.780075
2.073000 1.780485
2.074000 1.780895
2.075000 1.781304
2.076000 1.781713
2.077000 1.782122
2.078000 1.782531
2.079000 1.782940
2.080000 1.783348
2.081000 1.783757
2.082000 1.784165
2.083000 1.784572
2.084000 1.784980
2.085000 1.785388
2.086000 1.785795
2.087000 1.786202
2.088000 1.786609
2.089000 1.787016
2.090000 1.787422
2.091000 1.787829
2.092000 1.788235
2.093000 1.788641
2.094000 1.789046
2.095000 1.789452
2.096000 1.789857
2.097000 1.790262
2.098000 1.790667
2.099000 1.791072
2.100000 1.791477
2.101000 1.791881
2.102000 1.792285
2.103000 1.792689
2.104000 1.793093
2.105000 1.793497
2.106000 1.793900
2.107000 1.794304
2.108000 1.794707
2.109000 1.795110
2.110000 1.795512
2.111000 1.795915
2.112000 1.796317
2.113000 1.796719
2.114000 1.797121
2.115000 1.797523
2.116000 1.797924
2.117000 1.798326
2.118000 1.798727
2.119000 1.799128
2.120000 1.799529
2.121000 1.799929
2.122000 1.800330
2.123000 1.800730
2.124000 1.801130
2.125000 1.801530
2.126000 1.801930
2.127000 1.802329
2.128000 1.802728
2.129000 1.803127
2.130000 1.803526
2.131000 1.803925
2.132000 1.804324
2.133000 1.804722
2.134000 1.805120
2.135000 1.805518
2.136000 1.805916
2.137000 1.806313
2.138000 1.806711
2.139000 1.807108
2.140000 1.807505
2.141000 1.807902
2.142000 1.808299
2.143000 1.808695
2.144000 1.809091
2.145000 1.809487
2.146000 1.809883
2.147000 1.810279
2.148000 1.810675
2.149000 1.811070
2.150000 1.811465
2.151000 1.811860
2.152000 1.812255
2.153000 1.812649
2.154000 1.813044
2.155000 1.813438
2.156000 1.813832
2.157000 1.814226
2.158000 1.814620
2.159000 1.815013
2.160000 1.815407
2.161000 1.815800
2.162000 1.816193
2.163000 1.816585
2.164000 1.816978
2.165000 1.817370
2.166000 1.817763
2.167000 1.818155
2.168000 1.818546
2.169000 1.818938
2.170000 1.819330
2.171000 1.819721
2.172000 1.820112
2.173000 1.820503
2.174000 1.820894
2.175000 1.821284
2.176000 1.821675
2.177000 1.822065
2.178000 1.822455
2.179000 1.822845
2.180000 1.823234
2.181000 1.823624
2.182000 1.824013
2.183000 1.824402
2.184000 1.824791
2.185000 1.825180
2.186000 1.825568
2.187000 1.825957
2.188000 1.826345
2.189000 1.826733
2.190000 1.827121
2.191000 1.827508
2.192000 1.827896
2.193000 1.828283
2.194000 1.828670
2.195000 1.829057
2.196000 1.829444
2.197000 1.829831
2.198000 1.830217
2.199000 1.830603
2.200000 1.830989
2.201000 1.831375
2.202000 1.831761
2.203000 1.832146
2.204000 1.832531
2.205000 1.832917
2.206000 1.833302
2.207000 1.833686
2.208000 1.834071
2.209000 1.834455
2.210000 1.834840
2.211000 1.835224
2.212000 1.835607
2.213000 1.835991
2.214000 1.836375
2.215000 1.836758
2.216000 1.837141
2.217000 1.837524
2.218000 1.837907
2.219000 1.838290
2.220000 1.838672
2.221000 1.839054
2.222000 1.839437
2.223000 1.839818
2.224000 1.840200
2.225000 1.840582
2.226000 1.840963
2.227000 1.841344
2.228000 1.841725
2.229000 1.842106
2.230000 1.842487
2.231000 1.842867
2.232000 1.843248
2.233000 1.843628
2.234000 1.844008
2.235000 1.844388
2.236000 1.844767
2.237000 1.845147
2.238000 1.845526
2.239000 1.845905
2.240000 1.846284
2.241000 1.846663
2.242000 1.847041
2.243000 1.847420
2.244000 1.847798
2.245000 1.848176
2.246000 1.848554
2.247000 1.848932
2.248000 1.849309
2.249000 1.849687
2.250000 1.850064
2.251000 1.850441
2.252000 1.850818
2.253000 1.851194
2.254000 1.851571
2.255000 1.851947
2.256000 1.852323
2.257000 1.852699
2.258000 1.853075
2.259000 1.853451
2.260000 1.853826
2.261000 1.854201
2.262000 1.854577
2.263000 1.854951
2.264000 1.855326
2.265000 1.855701
2.266000 1.856075
2.267000 1.856450
2.268000 1.856824
2.269000 1.857197
2.270000 1.857571
2.271000 1.857945
2.272000 1.858318
2.273000 1.858691
2.274000 1.859064
2.275000 1.859437
2.276000 1.859810
2.277000 1.860183
2.278000 1.860555
2.279000 1.860927
2.280000 1.861299
2.281000 1.861671
2.282000 1.862043
2.283000 1.862414
2.284000 1.862786
2.285000 1.863157
2.286000 1.863528
2.287000 1.863899
2.288000 1.864269
2.289000 1.864640
2.290000 1.865010
2.291000 1.865380
2.292000 1.865750
2.293000 1.866120
2.294000 1.866490
2.295000 1.866859
2.296000 1.867228
2.297000 1.867598
2.298000 1.867967
2.299000 1.868335
2.300000 1.868704
2.301000 1.869072
2.302000 1.869441
2.303000 1.869809
2.304000 1.870177
2.305000 1.870545
2.306000 1.870912
2.307000 1.871280
2.308000 1.871647
2.309000 1.872014
2.310000 1.872381
2.311000 1.872748
2.312000 1.873115
2.313000 1.873481
2.314000 1.873847
2.315000 1.874213
2.316000 1.874579
2.317000 1.874945
2.318000 1.875311
2.319000 1.875676
2.320000 1.876042
2.321000 1.876407
2.322000 1.876772
2.323000 1.877136
2.324000 1.877501
2.325000 1.877866
2.326000 1.878230
2.327000 1.878594
2.328000 1.878958
2.329000 1.879322
2.330000 1.879685
2.331000 1.880049
2.332000 1.880412
2.333000 1.880775
2.334000 1.881138
2.335000 1.881501
2.336000 1.881864
2.337000 1.882226
2.338000 1.882589
2.339000 1.882951
2.340000 1.883313
2.341000 1.883675
2.342000 1.884036
2.343000 1.884398
2.344000 1.884759
2.345000 1.885121
2.346000 1.885482
2.347000 1.885842
2.348000 1.886203
2.349000 1.886564
2.350000 1.886924
2.351000 1.887284
2.352000 1.887644
2.353000 1.888004
2.354000 1.888364
2.355000 1.888723
2.356000 1.889083
2.357000 1.889442
2.358000 1.889801
2.359000 1.890160
2.360000 1.890519
2.361000 1.890878
2.362000 1.891236
2.363000 1.891594
2.364000 1.891952
2.365000 1.892310
2.366000 1.892668
2.367000 1.893026
2.368000 1.893383
2.369000 1.893741
2.370000 1.894098
2.371000 1.894455
2.372000 1.894811
2.373000 1.895168
2.374000 1.895525
2.375000 1.895881
2.376000 1.896237
2.377000 1.896593
2.378000 1.896949
2.379000 1.897305
2.380000 1.897660
2.381000 1.898016
2.382000 1.898371
2.383000 1.898726
2.384000 1.899081
2.385000 1.899436
2.386000 1.899790
2.387000 1.900145
2.388000 1.900499
2.389000 1.900853
2.390000 1.901207
2.391000 1.901561
2.392000 1.901915
2.393000 1.902268
2.394000 1.902622
2.395000 1.902975
2.396000 1.903328
2.397000 1.903681
2.398000 1.904033
2.399000 1.904386
2.400000 1.904738
2.401000 1.905091
2.402000 1.905443
2.403000 1.905795
2.404000 1.906146
2.405000 1.906498
2.406000 1.906849
2.407000 1.907201
2.408000 1.907552
2.409000 1.907903
2.410000 1.908254
2.411000 1.908604
2.412000 1.908955
2.413000 1.909305
2.414000 1.909656
2.415000 1.910006
2.416000 1.910356
2.417000 1.910705
2.418000 1.911055
2.419000 1.911404
2.420000 1.911754
2.421000 1.912103
2.422000 1.912452
2.423000 1.912801
2.424000 1.913149
2.425000 1.913498
2.426000 1.913846
2.427000 1.914194
2.428000 1.914542
2.429000 1.914890
2.430000 1.915238
2.431000 1.915586
2.432000 1.915933
2.433000 1.916280
2.434000 1.916627
2.435000 1.916974
2.436000 1.917321
2.437000 1.917668
2.438000 1.918014
2.439000 1.918361
2.440000 1.918707
2.441000 1.919053
2.442000 1.919399
2.443000 1.919745
2.444000 1.920090
2.445000 1.920436
2.446000 1.920781
2.447000 1.921126
2.448000 1.921471
2.449000 1.921816
2.450000 1.922161
2.451000 1.922505
2.452000 1.922850
2.453000 1.923194
2.454000 1.923538
2.455000 1.923882
2.456000 1.924226
2.457000 1.924570
2.458000 1.924913
2.459000 1.925256
2.460000 1.925600
2.461000 1.925943
2.462000 1.926286
2.463000 1.926628
2.464000 1.926971
2.465000 1.927313
2.466000 1.927656
2.467000 1.927998
2.468000 1.928340
2.469000 1.928682
2.470000 1.929023
2.471000 1.929365
2.472000 1.929706
2.473000 1.930047
2.474000 1.930389
2.475000 1.930729
2.476000 1.931070
2.477000 1.931411
2.478000 1.931751
2.479000 1.932092
2.480000 1.932432
2.481000 1.932772
2.482000 1.933112
2.483000 1.933452
2.484000 1.933791
2.485000 1.934131
2.486000 1.934470
2.487000 1.934809
2.488000 1.935148
2.489000 1.935487
2.490000 1.935826
2.491000 1.936165
2.492000 1.936503
2.493000 1.936841
2.494000 1.937179
2.495000 1.937517
2.496000 1.937855
2.497000 1.938193
2.498000 1.938530
2.499000 1.938868
2.500000 1.939205
2.501000 1.939542
2.502000 1.939879
2.503000 1.940216
2.504000 1.940553
2.505000 1.940889
2.506000 1.941226
2.507000 1.941562
2.508000 1.941898
2.509000 1.942234
2.510000 1.942570
2.511000 1.942905
2.512000 1.943241
2.513000 1.943576
2.514000 1.943912
2.515000 1.944247
2.516000 1.944582
2.517000 1.944916
2.518000 1.945251
2.519000 1.945586
2.520000 1.945920
2.521000 1.946254
2.522000 1.946588
2.523000 1.946922
2.524000 1.947256
2.525000 1.947590
2.526000 1.947923
2.527000 1.948256
2.528000 1.948590
2.529000 1.948923
2.530000 1.949256
2.531000 1.949588
2.532000 1.949921
2.533000 1.950253
2.534000 1.950586
2.535000 1.950918
2.536000 1.951250
2.537000 1.951582
2.538000 1.951914
2.539000 1.952245
2.540000 1.952577
2.541000 1.952908
2.542000 1.953240
2.543000 1.953571
2.544000 1.953902
2.545000 1.954232
2.546000 1.954563
2.547000 1.954894
2.548000 1.955224
2.549000 1.955554
2.550000 1.955884
2.551000 1.956214
2.552000 1.956544
2.553000 1.956874
2.554000 1.957203
2.555000 1.957532
2.556000 1.957862
2.557000 1.958191
2.558000 1.958520
2.559000 1.958849
2.560000 1.959177
2.561000 1.959506
2.562000 1.959834
2.563000 1.960162
2.564000 1.960491
2.565000 1.960819
2.566000 1.961146
2.567000 1.961474
2.568000 1.961802
2.569000 1.962129
2.570000 1.962456
2.571000 1.962784
2.572000 1.963111
2.573000 1.963437
2.574000 1.963764
2.575000 1.964091
2.576000 1.964417
2.577000 1.964743
2.578000 1.965070
2.579000 1.965396
2.580000 1.965722
2.581000 1.966047
2.582000 1.966373
2.583000 1.966698
2.584000 1.967024
2.585000 1.967349
2.586000 1.967674
2.587000 1.967999
2.588000 1.968324
2.589000 1.968648
2.590000 1.968973
2.591000 1.969297
2.592000 1.969622
2.593000 1.969946
2.594000 1.970270
2.595000 1.970593
2.596000 1.970917
2.597000 1.971241
2.598000 1.971564
2.599000 1.971887
2.600000 1.972211
2.601000 1.972534
2.602000 1.972857
2.603000 1.973179
2.604000 1.973502
2.605000 1.973824
2.606000 1.974147
2.607000 1.974469
2.608000 1.974791
2.609000 1.975113
2.610000 1.975435
2.611000 1.975756
2.612000 1.976078
2.613000 1.976399
2.614000 1.976721
2.615000 1.977042
2.616000 1.977363
2.617000 1.977683
2.618000 1.978004
2.619000 1.978325
2.620000 1.978645
2.621000 1.978966
2.622000 1.979286
2.623000 1.979606
2.624000 1.979926
2.625000 1.980245
2.626000 1.980565
2.627000 1.980885
2.628000 1.981204
2.629000 1.981523
2.630000 1.981842
2.631000 1.982161
2.632000 1.982480
2.633000 1.982799
2.634000 1.983117
2.635000 1.983436
2.636000 1.983754
2.637000 1.984072
2.638000 1.984390
2.639000 1.984708
2.640000 1.985026
2.641000 1.985344
2.642000 1.985661
2.643000 1.985979
2.644000 1.986296
2.645000 1.986613
2.646000 1.986930
2.647000 1.987247
2.648000 1.987564
2.649000 1.987880
2.650000 1.988197
2.651000 1.988513
2.652000 1.988829
2.653000 1.989145
2.654000 1.989461
2.655000 1.989777
2.656000 1.990093
2.657000 1.990408
2.658000 1.990724
2.659000 1.991039
2.660000 1.991354
2.661000 1.991669
2.662000 1.991984
2.663000 1.992299
2.664000 1.992613
2.665000 1.992928
2.666000 1.993242
2.667000 1.993556
2.668000 1.993871
2.669000 1.994185
2.670000 1.994498
2.671000 1.994812
2.672000 1.995126
2.673000 1.995439
2.674000 1.995752
2.675000 1.996066
2.676000 1.996379
2.677000 1.996692
2.678000 1.997004
2.679000 1.997317
2.680000 1.997630
2.681000 1.997942
2.682000 1.998254
2.683000 1.998567
2.684000 1.998879
2.685000 1.999191
2.686000 1.999502
2.687000 1.999814
2.688000 2.000126
2.689000 2.000437
2.690000 2.000748
2.691000 2.001059
2.692000 2.001370
2.693000 2.001681
2.694000 2.001992
2.695000 2.002303
2.696000 2.002613
2.697000 2.002924
2.698000 2.003234
2.699000 2.003544
2.700000 2.003854
2.701000 2.004164
2.702000 2.004474
2.703000 2.004783
2.704000 2.005093
2.705000 2.005402
2.706000 2.005711
2.707000 2.006020
2.708000 2.006329
2.709000 2.006638
2.710000 2.006947
2.711000 2.007255
2.712000 2.007564
2.713000 2.007872
2.714000 2.008181
2.715000 2.008489
2.716000 2.008797
2.717000 2.009104
2.718000 2.009412
2.719000 2.009720
2.720000 2.010027
2.721000 2.010335
2.722000 2.010642
2.723000 2.010949
2.724000 2.011256
2.725000 2.011563
2.726000 2.011869
2.727000 2.012176
2.728000 2.012483
2.729000 2.012789
2.730000 2.013095
2.731000 2.013401
2.732000 2.013707
2.733000 2.014013
2.734000 2.014319
2.735000 2.014624
2.736000 2.014930
2.737000 2.015235
2.738000 2.015540
2.739000 2.015846
2.740000 2.016151
2.741000 2.016455
2.742000 2.016760
2.743000 2.017065
2.744000 2.017369
2.745000 2.017674
2.746000 2.017978
2.747000 2.018282
2.748000 2.018586
2.749000 2.018890
2.750000 2.019194
2.751000 2.019497
2.752000 2.019801
2.753000 2.020104
2.754000 2.020407
2.755000 2.020711
2.756000 2.021014
2.757000 2.021316
2.758000 2.021619
2.759000 2.021922
2.760000 2.022224
2.761000 2.022527
2.762000 2.022829
2.763000 2.023131
2.764000 2.023433
2.765000 2.023735
2.766000 2.024037
2.767000 2.024339
2.768000 2.024640
2.769000 2.024942
2.770000 2.025243
2.771000 2.025544
2.772000 2.025845
2.773000 2.026146
2.774000 2.026447
2.775000 2.026748
2.776000 2.027048
2.777000 2.027349
2.778000 2.027649
2.779000 2.027949
2.780000 2.028250
2.781000 2.028550
2.782000 2.028849
2.783000 2.029149
2.784000 2.029449
2.785000 2.029748
2.786000 2.030048
2.787000 2.030347
2.788000 2.030646
2.789000 2.030945
2.790000 2.031244
2.791000 2.031543
2.792000 2.031841
2.793000 2.032140
2.794000 2.032438
2.795000 2.032737
2.796000 2.033035
2.797000 2.033333
2.798000 2.033631
2.799000 2.033929
2.800000 2.034227
2.801000 2.034524
2.802000 2.034822
2.803000 2.035119
2.804000 2.035416
2.805000 2.035713
2.806000 2.036010
2.807000 2.036307
2.808000 2.036604
2.809000 2.036901
2.810000 2.037197
2.811000 2.037494
2.812000 2.037790
2.813000 2.038086
2.814000 2.038382
2.815000 2.038678
2.816000 2.038974
2.817000 2.039270
2.818000 2.039565
2.819000 2.039861
2.820000 2.040156
2.821000 2.040451
2.822000 2.040747
2.823000 2.041042
2.824000 2.041336
2.825000 2.041631
2.826000 2.041926
2.827000 2.042220
2.828000 2.042515
2.829000 2.042809
2.830000 2.043103
2.831000 2.043398
2.832000 2.043691
2.833000 2.043985
2.834000 2.044279
2.835000 2.044573
2.836000 2.044866
2.837000 2.045160
2.838000 2.045453
2.839000 2.045746
2.840000 2.046039
2.841000 2.046332
2.842000 2.046625
2.843000 2.046917
2.844000 2.047210
2.845000 2.047503
2.846000 2.047795
2.847000 2.048087
2.848000 2.048379
2.849000 2.048671
2.850000 2.048963
2.851000 2.049255
2.852000 2.049547
2.853000 2.049838
2.854000 2.050130
2.855000 2.050421
2.856000 2.050712
2.857000 2.051003
2.858000 2.051294
2.859000 2.051585
2.860000 2.051876
2.861000 2.052166
2.862000 2.052457
2.863000 2.052747
2.864000 2.053038
2.865000 2.053328
2.866000 2.053618
2.867000 2.053908
2.868000 2.054198
2.869000 2.054487
2.870000 2.054777
2.871000 2.055066
2.872000 2.055356
2.873000 2.055645
2.874000 2.055934
2.875000 2.056223
2.876000 2.056512
2.877000 2.056801
2.878000 2.057090
2.879000 2.057378
2.880000 2.057667
2.881000 2.057955
2.882000 2.058243
2.883000 2.058532
2.884000 2.058820
2.885000 2.059108
2.886000 2.059395
2.887000 2.059683
2.888000 2.059971
2.889000 2.060258
2.890000 2.060546
2.891000 2.060833
2.892000 2.061120
2.893000 2.061407
2.894000 2.061694
2.895000 2.061981
2.896000 2.062267
2.897000 2.062554
2.898000 2.062840
2.899000 2.063127
2.900000 2.063413
2.901000 2.063699
2.902000 2.063985
2.903000 2.064271
2.904000 2.064557
2.905000 2.064843
2.906000 2.065128
2.907000 2.065414
2.908000 2.065699
2.909000 2.065984
2.910000 2.066270
2.911000 2.066555
2.912000 2.066839
2.913000 2.067124
2.914000 2.067409
2.915000 2.067694
2.916000 2.067978
2.917000 2.068262
2.918000 2.068547
2.919000 2.068831
2.920000 2.069115
2.921000 2.069399
2.922000 2.069683
2.923000 2.069966
2.924000 2.070250
2.925000 2.070534
2.926000 2.070817
2.927000 2.071100
2.928000 2.071383
2.929000 2.071667
2.930000 2.071949
2.931000 2.072232
2.932000 2.072515
2.933000 2.072798
2.934000 2.073080
2.935000 2.073363
2.936000 2.073645
2.937000 2.073927
2.938000 2.074209
2.939000 2.074491
2.940000 2.074773
2.941000 2.075055
2.942000 2.075337
2.943000 2.075618
2.944000 2.075900
2.945000 2.076181
2.946000 2.076462
2.947000 2.076743
2.948000 2.077024
2.949000 2.077305
2.950000 2.077586
2.951000 2.077867
2.952000 2.078147
2.953000 2.078428
2.954000 2.078708
2.955000 2.078988
2.956000 2.079269
2.957000 2.079549
2.958000 2.079829
2.959000 2.080108
2.960000 2.080388
2.961000 2.080668
2.962000 2.080947
2.963000 2.081227
2.964000 2.081506
2.965000 2.081785
2.966000 2.082064
2.967000 2.082343
2.968000 2.082622
2.969000 2.082901
2.970000 2.083180
2.971000 2.083458
2.972000 2.083737
2.973000 2.084015
2.974000 2.084293
2.975000 2.084571
2.976000 2.084849
2.977000 2.085127
2.978000 2.085405
2.979000 2.085683
2.980000 2.085961
2.981000 2.086238
2.982000 2.086515
2.983000 2.086793
2.984000 2.087070
2.985000 2.087347
2.986000 2.087624
2.987000 2.087901
2.988000 2.088178
2.989000 2.088454
2.990000 2.088731
2.991000 2.089007
2.992000 2.089284
2.993000 2.089560
2.994000 2.089836
2.995000 2.090112
2.996000 2.090388
2.997000 2.090664
2.998000 2.090940
2.999000 2.091215
3.000000 2.091491
3.001000 2.091766
3.002000 2.092042
3.003000 2.092317
3.004000 2.092592
3.005000 2.092867
3.006000 2.093142
3.007000 2.093417
3.008000 2.093691
3.009000 2.093966
3.010000 2.094240
3.011000 2.094515
3.012000 2.094789
3.013000 2.095063
3.014000 2.095337
3.015000 2.095611
3.016000 2.095885
3.017000 2.096159
3.018000 2.096433
3.019000 2.096706
3.020000 2.096980
3.021000 2.097253
3.022000 2.097526
3.023000 2.097800
3.024000 2.098073
3.025000 2.098346
3.026000 2.098618
3.027000 2.098891
3.028000 2.099164
3.029000 2.099436
3.030000 2.099709
3.031000 2.099981
3.032000 2.100253
3.033000 2.100526
3.034000 2.100798
3.035000 2.101070
3.036000 2.101341
3.037000 2.101613
3.038000 2.101885
3.039000 2.102156
3.040000 2.102428
3.041000 2.102699
3.042000 2.102970
3.043000 2.103241
3.044000 2.103512
3.045000 2.103783
3.046000 2.104054
3.047000 2.104325
3.048000 2.104596
3.049000 2.104866
3.050000 2.105137
3.051000 2.105407
3.052000 2.105677
3.053000 2.105947
3.054000 2.106217
3.055000 2.106487
3.056000 2.106757
3.057000 2.107027
3.058000 2.107296
3.059000 2.107566
3.060000 2.107835
3.061000 2.108105
3.062000 2.108374
3.063000 2.108643
3.064000 2.108912
3.065000 2.109181
3.066000 2.109450
3.067000 2.109718
3.068000 2.109987
3.069000 2.110256
3.070000 2.110524
3.071000 2.110792
3.072000 2.111061
3.073000 2.111329
3.074000 2.111597
3.075000 2.111865
3.076000 2.112133
3.077000 2.112400
3.078000 2.112668
3.079000 2.112935
3.080000 2.113203
3.081000 2.113470
3.082000 2.113737
3.083000 2.114005
3.084000 2.114272
3.085000 2.114539
3.086000 2.114805
3.087000 2.115072
3.088000 2.115339
3.089000 2.115605
3.090000 2.115872
3.091000 2.116138
3.092000 2.116405
3.093000 2.116671
3.094000 2.116937
3.095000 2.117203
3.096000 2.117469
3.097000 2.117734
3.098000 2.118000
3.099000 2.118266
3.100000 2.118531
3.101000 2.118797
3.102000 2.119062
3.103000 2.119327
3.104000 2.119592
3.105000 2.119857
3.106000 2.120122
3.107000 2.120387
3.108000 2.120652
3.109000 2.120916
3.110000 2.121181
3.111000 2.121445
3.112000 2.121709
3.113000 2.121974
3.114000 2.122238
3.115000 2.122502
3.116000 2.122766
3.117000 2.123030
3.118000 2.123293
3.119000 2.123557
3.120000 2.123821
3.121000 2.124084
3.122000 2.124347
3.123000 2.124611
3.124000 2.124874
3.125000 2.125137
3.126000 2.125400
3.127000 2.125663
3.128000 2.125926
3.129000 2.126188
3.130000 2.126451
3.131000 2.126713
3.132000 2.126976
3.133000 2.127238
3.134000 2.127500
3.135000 2.127762
3.136000 2.128024
3.137000 2.128286
3.138000 2.128548
3.139000 2.128810
3.140000 2.129072
3.141000 2.129333
3.142000 2.129595
3.143000 2.129856
3.144000 2.130117
3.145000 2.130378
3.146000 2.130640
3.147000 2.130900
3.148000 2.131161
3.149000 2.131422
3.150000 2.131683
3.151000 2.131943
3.152000 2.132204
3.153000 2.132464
3.154000 2.132725
3.155000 2.132985
3.156000 2.133245
3.157000 2.133505
3.158000 2.133765
3.159000 2.134025
3.160000 2.134285
3.161000 2.134544
3.162000 2.134804
3.163000 2.135063
3.164000 2.135323
3.165000 2.135582
3.166000 2.135841
3.167000 2.136100
3.168000 2.136359
3.169000 2.136618
3.170000 2.136877
3.171000 2.137136
3.172000 2.137395
3.173000 2.137653
3.174000 2.137912
3.175000 2.138170
3.176000 2.138428
3.177000 2.138686
3.178000 2.138945
3.179000 2.139203
3.180000 2.139460
3.181000 2.139718
3.182000 2.139976
3.183000 2.140234
3.184000 2.140491
3.185000 2.140749
3.186000 2.141006
3.187000 2.141263
3.188000 2.141520
3.189000 2.141777
3.190000 2.142034
3.191000 2.142291
3.192000 2.142548
3.193000 2.142805
3.194000 2.143061
3.195000 2.143318
3.196000 2.143574
3.197000 2.143831
3.198000 2.144087
3.199000 2.144343
3.200000 2.144599
3.201000 2.144855
3.202000 2.145111
3.203000 2.145367
3.204000 2.145623
3.205000 2.145878
3.206000 2.146134
3.207000 2.146389
3.208000 2.146645
3.209000 2.146900
3.210000 2.147155
3.211000 2.147410
3.212000 2.147665
3.213000 2.147920
3.214000 2.148175
3.215000 2.148429
3.216000 2.148684
3.217000 2.148939
3.218000 2.149193
3.219000 2.149447
3.220000 2.149702
3.221000 2.149956
3.222000 2.150210
3.223000 2.150464
3.224000 2.150718
3.225000 2.150972
3.226000 2.151225
3.227000 2.151479
3.228000 2.151732
3.229000 2.151986
3.230000 2.152239
3.231000 2.152492
3.232000 2.152746
3.233000 2.152999
3.234000 2.153252
3.235000 2.153505
3.236000 2.153757
3.237000 2.154010
3.238000 2.154263
3.239000 2.154515
3.240000 2.154768
3.241000 2.155020
3.242000 2.155273
3.243000 2.155525
3.244000 2.155777
3.245000 2.156029
3.246000 2.156281
3.247000 2.156533
3.248000 2.156784
3.249000 2.157036
3.250000 2.157288
3.251000 2.157539
3.252000 2.157791
3.253000 2.158042
3.254000 2.158293
3.255000 2.158544
3.256000 2.158795
3.257000 2.159046
3.258000 2.159297
3.259000 2.159548
3.260000 2.159799
3.261000 2.160049
3.262000 2.160300
3.263000 2.160550
3.264000 2.160800
3.265000 2.161051
3.266000 2.161301
3.267000 2.161551
3.268000 2.161801
3.269000 2.162051
3.270000 2.162301
3.271000 2.162550
3.272000 2.162800
3.273000 2.163050
3.274000 2.163299
3.275000 2.163549
3.276000 2.163798
3.277000 2.164047
3.278000 2.164296
3.279000 2.164545
3.280000 2.164794
3.281000 2.165043
3.282000 2.165292
3.283000 2.165540
3.284000 2.165789
3.285000 2.166038
3.286000 2.166286
3.287000 2.166534
3.288000 2.166783
3.289000 2.167031
3.290000 2.167279
3.291000 2.167527
3.292000 2.167775
3.293000 2.168023
3.294000 2.168270
3.295000 2.168518
3.296000 2.168766
3.297000 2.169013
3.298000 2.169261
3.299000 2.169508
3.300000 2.169755
3.301000 2.170002
3.302000 2.170249
3.303000 2.170496
3.304000 2.170743
3.305000 2.170990
3.306000 2.171237
3.307000 2.171483
3.308000 2.171730
3.309000 2.171976
3.310000 2.172223
3.311000 2.172469
3.312000 2.172715
3.313000 2.172961
3.314000 2.173207
3.315000 2.173453
3.316000 2.173699
3.317000 2.173945
3.318000 2.174191
3.319000 2.174436
3.320000 2.174682
3.321000 2.174927
3.322000 2.175172
3.323000 2.175418
3.324000 2.175663
3.325000 2.175908
3.326000 2.176153
3.327000 2.176398
3.328000 2.176643
3.329000 2.176888
3.330000 2.177132
3.331000 2.177377
3.332000 2.177621
3.333000 2.177866
3.334000 2.178110
3.335000 2.178354
3.336000 2.178599
3.337000 2.178843
3.338000 2.179087
3.339000 2.179331
3.340000 2.179574
3.341000 2.179818
3.342000 2.180062
3.343000 2.180305
3.344000 2.180549
3.345000 2.180792
3.346000 2.181036
3.347000 2.181279
3.348000 2.181522
3.349000 2.181765
3.350000 2.182008
3.351000 2.182251
3.352000 2.182494
3.353000 2.182737
3.354000 2.182979
3.355000 2.183222
3.356000 2.183465
3.357000 2.183707
3.358000 2.183949
3.359000 2.184192
3.360000 2.184434
3.361000 2.184676
3.362000 2.184918
3.363000 2.185160
3.364000 2.185402
3.365000 2.185643
3.366000 2.185885
3.367000 2.186127
3.368000 2.186368
3.369000 2.186610
3.370000 2.186851
3.371000 2.187092
3.372000 2.187333
3.373000 2.187575
3.374000 2.187816
3.375000 2.188056
3.376000 2.188297
3.377000 2.188538
3.378000 2.188779
3.379000 2.189019
3.380000 2.189260
3.381000 2.189500
3.382000 2.189741
3.383000 2.189981
3.384000 2.190221
3.385000 2.190461
3.386000 2.190701
3.387000 2.190941
3.388000 2.191181
3.389000 2.191421
3.390000 2.191661
3.391000 2.191900
3.392000 2.192140
3.393000 2.192380
3.394000 2.192619
3.395000 2.192858
3.396000 2.193097
3.397000 2.193337
3.398000 2.193576
3.399000 2.193815
3.400000 2.194054
3.401000 2.194292
3.402000 2.194531
3.403000 2.194770
3.404000 2.195008
3.405000 2.195247
3.406000 2.195485
3.407000 2.195724
3.408000 2.195962
3.409000 2.196200
3.410000 2.196438
3.411000 2.196676
3.412000 2.196914
3.413000 2.197152
3.414000 2.197390
3.415000 2.197628
3.416000 2.197865
3.417000 2.198103
3.418000 2.198340
3.419000 2.198578
3.420000 2.198815
3.421000 2.199052
3.422000 2.199289
3.423000 2.199526
3.424000 2.199763
3.425000 2.200000
3.426000 2.200237
3.427000 2.200474
3.428000 2.200711
3.429000 2.200947
3.430000 2.201184
3.431000 2.201420
3.432000 2.201656
3.433000 2.201893
3.434000 2.202129
3.435000 2.202365
3.436000 2.202601
3.437000 2.202837
3.438000 2.203073
3.439000 2.203309
3.440000 2.203544
3.441000 2.203780
3.442000 2.204016
3.443000 2.204251
3.444000 2.204487
3.445000 2.204722
3.446000 2.204957
3.447000 2.205192
3.448000 2.205427
3.449000 2.205662
3.450000 2.205897
3.451000 2.206132
3.452000 2.206367
3.453000 2.206602
3.454000 2.206836
3.455000 2.207071
3.456000 2.207305
3.457000 2.207540
3.458000 2.207774
3.459000 2.208008
3.460000 2.208242
3.461000 2.208477
3.462000 2.208711
3.463000 2.208945
3.464000 2.209178
3.465000 2.209412
3.466000 2.209646
3.467000 2.209879
3.468000 2.210113
3.469000 2.210346
3.470000 2.210580
3.471000 2.210813
3.472000 2.211046
3.473000 2.211280
3.474000 2.211513
3.475000 2.211746
3.476000 2.211978
3.477000 2.212211
3.478000 2.212444
3.479000 2.212677
3.480000 2.212909
3.481000 2.213142
3.482000 2.213374
3.483000 2.213607
3.484000 2.213839
3.485000 2.214071
3.486000 2.214303
3.487000 2.214536
3.488000 2.214768
3.489000 2.214999
3.490000 2.215231
3.491000 2.215463
3.492000 2.215695
3.493000 2.215926
3.494000 2.216158
3.495000 2.216389
3.496000 2.216621
3.497000 2.216852
3.498000 2.217083
3.499000 2.217314
3.500000 2.217546
3.501000 2.217777
3.502000 2.218007
3.503000 2.218238
3.504000 2.218469
3.505000 2.218700
3.506000 2.218930
3.507000 2.219161
3.508000 2.219391
3.509000 2.219622
3.510000 2.219852
3.511000 2.220082
3.512000 2.220313
3.513000 2.220543
3.514000 2.220773
3.515000 2.221003
3.516000 2.221233
3.517000 2.221462
3.518000 2.221692
3.519000 2.221922
3.520000 2.222151
3.521000 2.222381
3.522000 2.222610
3.523000 2.222840
3.524000 2.223069
3.525000 2.223298
3.526000 2.223527
3.527000 2.223756
3.528000 2.223985
3.529000 2.224214
3.530000 2.224443
3.531000 2.224672
3.532000 2.224900
3.533000 2.225129
3.534000 2.225357
3.535000 2.225586
3.536000 2.225814
3.537000 2.226043
3.538000 2.226271
3.539000 2.226499
3.540000 2.226727
3.541000 2.226955
3.542000 2.227183
3.543000 2.227411
3.544000 2.227639
3.545000 2.227866
3.546000 2.228094
3.547000 2.228322
3.548000 2.228549
3.549000 2.228776
3.550000 2.229004
3.551000 2.229231
3.552000 2.229458
3.553000 2.229685
3.554000 2.229912
3.555000 2.230139
3.556000 2.230366
3.557000 2.230593
3.558000 2.230820
3.559000 2.231046
3.560000 2.231273
3.561000 2.231500
3.562000 2.231726
3.563000 2.231952
3.564000 2.232179
3.565000 2.232405
3.566000 2.232631
3.567000 2.232857
3.568000 2.233083
3.569000 2.233309
3.570000 2.233535
3.571000 2.233761
3.572000 2.233987
3.573000 2.234212
3.574000 2.234438
3.575000 2.234663
3.576000 2.234889
3.577000 2.235114
3.578000 2.235339
3.579000 2.235565
3.580000 2.235790
3.581000 2.236015
3.582000 2.236240
3.583000 2.236465
3.584000 2.236690
3.585000 2.236914
3.586000 2.237139
3.587000 2.237364
3.588000 2.237588
3.589000 2.237813
3.590000 2.238037
3.591000 2.238262
3.592000 2.238486
3.593000 2.238710
3.594000 2.238934
3.595000 2.239158
3.596000 2.239382
3.597000 2.239606
3.598000 2.239830
3.599000 2.240054
3.600000 2.240278
3.601000 2.240501
3.602000 2.240725
3.603000 2.240948
3.604000 2.241172
3.605000 2.241395
3.606000 2.241618
3.607000 2.241841
3.608000 2.242065
3.609000 2.242288
3.610000 2.242511
3.611000 2.242733
3.612000 2.242956
3.613000 2.243179
3.614000 2.243402
3.615000 2.243624
3.616000 2.243847
3.617000 2.244069
3.618000 2.244292
3.619000 2.244514
3.620000 2.244737
3.621000 2.244959
3.622000 2.245181
3.623000 2.245403
3.624000 2.245625
3.625000 2.245847
3.626000 2.246069
3.627000 2.246290
3.628000 2.246512
3.629000 2.246734
3.630000 2.246955
3.631000 2.247177
3.632000 2.247398
3.633000 2.247620
3.634000 2.247841
3.635000 2.248062
3.636000 2.248283
3.637000 2.248504
3.638000 2.248725
3.639000 2.248946
3.640000 2.249167
3.641000 2.249388
3.642000 2.249609
3.643000 2.249829
3.644000 2.250050
3.645000 2.250271
3.646000 2.250491
3.647000 2.250711
3.648000 2.250932
3.649000 2.251152
3.650000 2.251372
3.651000 2.251592
3.652000 2.251812
3.653000 2.252032
3.654000 2.252252
3.655000 2.252472
3.656000 2.252692
3.657000 2.252911
3.658000 2.253131
3.659000 2.253350
3.660000 2.253570
3.661000 2.253789
3.662000 2.254009
3.663000 2.254228
3.664000 2.254447
3.665000 2.254666
3.666000 2.254885
3.667000 2.255104
3.668000 2.255323
3.669000 2.255542
3.670000 2.255761
3.671000 2.255980
3.672000 2.256198
3.673000 2.256417
3.674000 2.256635
3.675000 2.256854
3.676000 2.257072
3.677000 2.257290
3.678000 2.257509
3.679000 2.257727
3.680000 2.257945
3.681000 2.258163
3.682000 2.258381
3.683000 2.258599
3.684000 2.258817
3.685000 2.259034
3.686000 2.259252
3.687000 2.259470
3.688000 2.259687
3.689000 2.259905
3.690000 2.260122
3.691000 2.260339
3.692000 2.260557
3.693000 2.260774
3.694000 2.260991
3.695000 2.261208
3.696000 2.261425
3.697000 2.261642
3.698000 2.261859
3.699000 2.262076
3.700000 2.262292
3.701000 2.262509
3.702000 2.262726
3.703000 2.262942
3.704000 2.263159
3.705000 2.263375
3.706000 2.263591
3.707000 2.263808
3.708000 2.264024
3.709000 2.264240
3.710000 2.264456
3.711000 2.264672
3.712000 2.264888
3.713000 2.265104
3.714000 2.265320
3.715000 2.265535
3.716000 2.265751
3.717000 2.265967
3.718000 2.266182
3.719000 2.266398
3.720000 2.266613
3.721000 2.266828
3.722000 2.267043
3.723000 2.267259
3.724000 2.267474
3.725000 2.267689
3.726000 2.267904
3.727000 2.268119
3.728000 2.268334
3.729000 2.268548
3.730000 2.268763
3.731000 2.268978
3.732000 2.269192
3.733000 2.269407
3.734000 2.269621
3.735000 2.269836
3.736000 2.270050
3.737000 2.270264
3.738000 2.270478
3.739000 2.270693
3.740000 2.270907
3.741000 2.271121
3.742000 2.271334
3.743000 2.271548
3.744000 2.271762
3.745000 2.271976
3.746000 2.272190
3.747000 2.272403
3.748000 2.272617
3.749000 2.272830
3.750000 2.273043
3.751000 2.273257
3.752000 2.273470
3.753000 2.273683
3.754000 2.273896
3.755000 2.274109
3.756000 2.274322
3.757000 2.274535
3.758000 2.274748
3.759000 2.274961
3.760000 2.275174
3.761000 2.275386
3.762000 2.275599
3.763000 2.275812
3.764000 2.276024
3.765000 2.276236
3.766000 2.276449
3.767000 2.276661
3.768000 2.276873
3.769000 2.277085
3.770000 2.277298
3.771000 2.277510
3.772000 2.277722
3.773000 2.277933
3.774000 2.278145
3.775000 2.278357
3.776000 2.278569
3.777000 2.278780
3.778000 2.278992
3.779000 2.279203
3.780000 2.279415
3.781000 2.279626
3.782000 2.279837
3.783000 2.280049
3.784000 2.280260
3.785000 2.280471
3.786000 2.280682
3.787000 2.280893
3.788000 2.281104
3.789000 2.281315
3.790000 2.281526
3.791000 2.281736
3.792000 2.281947
3.793000 2.282158
3.794000 2.282368
3.795000 2.282579
3.796000 2.282789
3.797000 2.282999
3.798000 2.283210
3.799000 2.283420
3.800000 2.283630
3.801000 2.283840
3.802000 2.284050
3.803000 2.284260
3.804000 2.284470
3.805000 2.284680
3.806000 2.284889
3.807000 2.285099
3.808000 2.285309
3.809000 2.285518
3.810000 2.285728
3.811000 2.285937
3.812000 2.286147
3.813000 2.286356
3.814000 2.286565
3.815000 2.286774
3.816000 2.286984
3.817000 2.287193
3.818000 2.287402
3.819000 2.287611
3.820000 2.287819
3.821000 2.288028
3.822000 2.288237
3.823000 2.288446
3.824000 2.288654
3.825000 2.288863
3.826000 2.289071
3.827000 2.289280
3.828000 2.289488
3.829000 2.289696
3.830000 2.289905
3.831000 2.290113
3.832000 2.290321
3.833000 2.290529
3.834000 2.290737
3.835000 2.290945
3.836000 2.291153
3.837000 2.291361
3.838000 2.291568
3.839000 2.291776
3.840000 2.291984
3.841000 2.292191
3.842000 2.292399
3.843000 2.292606
3.844000 2.292813
3.845000 2.293021
3.846000 2.293228
3.847000 2.293435
3.848000 2.293642
3.849000 2.293849
3.850000 2.294056
3.851000 2.294263
3.852000 2.294470
3.853000 2.294677
3.854000 2.294884
3.855000 2.295090
3.856000 2.295297
3.857000 2.295503
3.858000 2.295710
3.859000 2.295916
3.860000 2.296123
3.861000 2.296329
3.862000 2.296535
3.863000 2.296741
3.864000 2.296947
3.865000 2.297154
3.866000 2.297360
3.867000 2.297565
3.868000 2.297771
3.869000 2.297977
3.870000 2.298183
3.871000 2.298389
3.872000 2.298594
3.873000 2.298800
3.874000 2.299005
3.875000 2.299211
3.876000 2.299416
3.877000 2.299621
3.878000 2.299827
3.879000 2.300032
3.880000 2.300237
3.881000 2.300442
3.882000 2.300647
3.883000 2.300852
3.884000 2.301057
3.885000 2.301262
3.886000 2.301466
3.887000 2.301671
3.888000 2.301876
3.889000 2.302080
3.890000 2.302285
3.891000 2.302489
3.892000 2.302694
3.893000 2.302898
3.894000 2.303102
3.895000 2.303307
3.896000 2.303511
3.897000 2.303715
3.898000 2.303919
3.899000 2.304123
3.900000 2.304327
3.901000 2.304531
3.902000 2.304734
3.903000 2.304938
3.904000 2.305142
3.905000 2.305345
3.906000 2.305549
3.907000 2.305752
3.908000 2.305956
3.909000 2.306159
3.910000 2.306362
3.911000 2.306566
3.912000 2.306769
3.913000 2.306972
3.914000 2.307175
3.915000 2.307378
3.916000 2.307581
3.917000 2.307784
3.918000 2.307987
3.919000 2.308190
3.920000 2.308392
3.921000 2.308595
3.922000 2.308797
3.923000 2.309000
3.924000 2.309202
3.925000 2.309405
3.926000 2.309607
3.927000 2.309809
3.928000 2.310012
3.929000 2.310214
3.930000 2.310416
3.931000 2.310618
3.932000 2.310820
3.933000 2.311022
3.934000 2.311224
3.935000 2.311426
3.936000 2.311627
3.937000 2.311829
3.938000 2.312031
3.939000 2.312232
3.940000 2.312434
3.941000 2.312635
3.942000 2.312837
3.943000 2.313038
3.944000 2.313239
3.945000 2.313440
3.946000 2.313642
3.947000 2.313843
3.948000 2.314044
3.949000 2.314245
3.950000 2.314446
3.951000 2.314646
3.952000 2.314847
3.953000 2.315048
3.954000 2.315249
3.955000 2.315449
3.956000 2.315650
3.957000 2.315850
3.958000 2.316051
3.959000 2.316251
3.960000 2.316451
3.961000 2.316652
3.962000 2.316852
3.963000 2.317052
3.964000 2.317252
3.965000 2.317452
3.966000 2.317652
3.967000 2.317852
3.968000 2.318052
3.969000 2.318252
3.970000 2.318452
3.971000 2.318651
3.972000 2.318851
3.973000 2.319050
3.974000 2.319250
3.975000 2.319449
3.976000 2.319649
3.977000 2.319848
3.978000 2.320047
3.979000 2.320247
3.980000 2.320446
3.981000 2.320645
3.982000 2.320844
3.983000 2.321043
3.984000 2.321242
3.985000 2.321441
3.986000 2.321639
3.987000 2.321838
3.988000 2.322037
3.989000 2.322236
3.990000 2.322434
3.991000 2.322633
3.992000 2.322831
3.993000 2.323029
3.994000 2.323228
3.995000 2.323426
3.996000 2.323624
3.997000 2.323823
3.998000 2.324021
3.999000 2.324219
4.000000 2.324417
4.001000 2.324615
4.002000 2.324813
4.003000 2.325010
4.004000 2.325208
4.005000 2.325406
4.006000 2.325604
4.007000 2.325801
4.008000 2.325999
4.009000 2.326196
4.010000 2.326394
4.011000 2.326591
4.012000 2.326788
4.013000 2.326985
4.014000 2.327183
4.015000 2.327380
4.016000 2.327577
4.017000 2.327774
4.018000 2.327971
4.019000 2.328168
4.020000 2.328365
4.021000 2.328561
4.022000 2.328758
4.023000 2.328955
4.024000 2.329152
4.025000 2.329348
4.026000 2.329545
4.027000 2.329741
4.028000 2.329938
4.029000 2.330134
4.030000 2.330330
4.031000 2.330526
4.032000 2.330723
4.033000 2.330919
4.034000 2.331115
4.035000 2.331311
4.036000 2.331507
4.037000 2.331703
4.038000 2.331898
4.039000 2.332094
4.040000 2.332290
4.041000 2.332486
4.042000 2.332681
4.043000 2.332877
4.044000 2.333072
4.045000 2.333268
4.046000 2.333463
4.047000 2.333658
4.048000 2.333854
4.049000 2.334049
4.050000 2.334244
4.051000 2.334439
4.052000 2.334634
4.053000 2.334829
4.054000 2.335024
4.055000 2.335219
4.056000 2.335414
4.057000 2.335609
4.058000 2.335803
4.059000 2.335998
4.060000 2.336193
4.061000 2.336387
4.062000 2.336582
4.063000 2.336776
4.064000 2.336970
4.065000 2.337165
4.066000 2.337359
4.067000 2.337553
4.068000 2.337747
4.069000 2.337942
4.070000 2.338136
4.071000 2.338330
4.072000 2.338524
4.073000 2.338717
4.074000 2.338911
4.075000 2.339105
4.076000 2.339299
4.077000 2.339492
4.078000 2.339686
4.079000 2.339880
4.080000 2.340073
4.081000 2.340266
4.082000 2.340460
4.083000 2.340653
4.084000 2.340846
4.085000 2.341040
4.086000 2.341233
4.087000 2.341426
4.088000 2.341619
4.089000 2.341812
4.090000 2.342005
4.091000 2.342198
4.092000 2.342391
4.093000 2.342583
4.094000 2.342776
4.095000 2.342969
4.096000 2.343161
4.097000 2.343354
4.098000 2.343546
4.099000 2.343739
4.100000 2.343931
4.101000 2.344124
4.102000 2.344316
4.103000 2.344508
4.104000 2.344700
4.105000 2.344893
4.106000 2.345085
4.107000 2.345277
4.108000 2.345469
4.109000 2.345660
4.110000 2.345852
4.111000 2.346044
4.112000 2.346236
4.113000 2.346428
4.114000 2.346619
4.115000 2.346811
4.116000 2.347002
4.117000 2.347194
4.118000 2.347385
4.119000 2.347577
4.120000 2.347768
4.121000 2.347959
4.122000 2.348150
4.123000 2.348341
4.124000 2.348533
4.125000 2.348724
4.126000 2.348915
4.127000 2.349105
4.128000 2.349296
4.129000 2.349487
4.130000 2.349678
4.131000 2.349869
4.132000 2.350059
4.133000 2.350250
4.134000 2.350441
4.135000 2.350631
4.136000 2.350821
4.137000 2.351012
4.138000 2.351202
4.139000 2.351392
4.140000 2.351583
4.141000 2.351773
4.142000 2.351963
4.143000 2.352153
4.144000 2.352343
4.145000 2.352533
4.146000 2.352723
4.147000 2.352913
4.148000 2.353103
4.149000 2.353292
4.150000 2.353482
4.151000 2.353672
4.152000 2.353861
4.153000 2.354051
4.154000 2.354240
4.155000 2.354430
4.156000 2.354619
4.157000 2.354809
4.158000 2.354998
4.159000 2.355187
4.160000 2.355376
4.161000 2.355565
4.162000 2.355754
4.163000 2.355943
4.164000 2.356132
4.165000 2.356321
4.166000 2.356510
4.167000 2.356699
4.168000 2.356888
4.169000 2.357076
4.170000 2.357265
4.171000 2.357454
4.172000 2.357642
4.173000 2.357831
4.174000 2.358019
4.175000 2.358207
4.176000 2.358396
4.177000 2.358584
4.178000 2.358772
4.179000 2.358960
4.180000 2.359148
4.181000 2.359337
4.182000 2.359525
4.183000 2.359713
4.184000 2.359900
4.185000 2.360088
4.186000 2.360276
4.187000 2.360464
4.188000 2.360652
4.189000 2.360839
4.190000 2.361027
4.191000 2.361214
4.192000 2.361402
4.193000 2.361589
4.194000 2.361777
4.195000 2.361964
4.196000 2.362151
4.197000 2.362338
4.198000 2.362526
4.199000 2.362713
4.200000 2.362900
4.201000 2.363087
4.202000 2.363274
4.203000 2.363461
4.204000 2.363648
4.205000 2.363834
4.206000 2.364021
4.207000 2.364208
4.208000 2.364395
4.209000 2.364581
4.210000 2.364768
4.211000 2.364954
4.212000 2.365141
4.213000 2.365327
4.214000 2.365513
4.215000 2.365700
4.216000 2.365886
4.217000 2.366072
4.218000 2.366258
4.219000 2.366444
4.220000 2.366630
4.221000 2.366816
4.222000 2.367002
4.223000 2.367188
4.224000 2.367374
4.225000 2.367560
4.226000 2.367746
4.227000 2.367931
4.228000 2.368117
4.229000 2.368302
4.230000 2.368488
4.231000 2.368673
4.232000 2.368859
4.233000 2.369044
4.234000 2.369230
4.235000 2.369415
4.236000 2.369600
4.237000 2.369785
4.238000 2.369970
4.239000 2.370155
4.240000 2.370340
4.241000 2.370525
4.242000 2.370710
4.243000 2.370895
4.244000 2.371080
4.245000 2.371265
4.246000 2.371449
4.247000 2.371634
4.248000 2.371819
4.249000 2.372003
4.250000 2.372188
4.251000 2.372372
4.252000 2.372557
4.253000 2.372741
4.254000 2.372925
4.255000 2.373110
4.256000 2.373294
4.257000 2.373478
4.258000 2.373662
4.259000 2.373846
4.260000 2.374030
4.261000 2.374214
4.262000 2.374398
4.263000 2.374582
4.264000 2.374766
4.265000 2.374949
4.266000 2.375133
4.267000 2.375317
4.268000 2.375500
4.269000 2.375684
4.270000 2.375867
4.271000 2.376051
4.272000 2.376234
4.273000 2.376418
4.274000 2.376601
4.275000 2.376784
4.276000 2.376967
4.277000 2.377151
4.278000 2.377334
4.279000 2.377517
4.280000 2.377700
4.281000 2.377883
4.282000 2.378066
4.283000 2.378248
4.284000 2.378431
4.285000 2.378614
4.286000 2.378797
4.287000 2.378979
4.288000 2.379162
4.289000 2.379344
4.290000 2.379527
4.291000 2.379709
4.292000 2.379892
4.293000 2.380074
4.294000 2.380256
4.295000 2.380439
4.296000 2.380621
4.297000 2.380803
4.298000 2.380985
4.299000 2.381167
4.300000 2.381349
4.301000 2.381531
4.302000 2.381713
4.303000 2.381895
4.304000 2.382077
4.305000 2.382259
4.306000 2.382440
4.307000 2.382622
4.308000 2.382804
4.309000 2.382985
4.310000 2.383167
4.311000 2.383348
4.312000 2.383530
4.313000 2.383711
4.314000 2.383892
4.315000 2.384074
4.316000 2.384255
4.317000 2.384436
4.318000 2.384617
4.319000 2.384798
4.320000 2.384979
4.321000 2.385160
4.322000 2.385341
4.323000 2.385522
4.324000 2.385703
4.325000 2.385884
4.326000 2.386064
4.327000 2.386245
4.328000 2.386426
4.329000 2.386606
4.330000 2.386787
4.331000 2.386967
4.332000 2.387148
4.333000 2.387328
4.334000 2.387508
4.335000 2.387689
4.336000 2.387869
4.337000 2.388049
4.338000 2.388229
4.339000 2.388409
4.340000 2.388589
4.341000 2.388769
4.342000 2.388949
4.343000 2.389129
4.344000 2.389309
4.345000 2.389489
4.346000 2.389669
4.347000 2.389849
4.348000 2.390028
4.349000 2.390208
4.350000 2.390387
4.351000 2.390567
4.352000 2.390746
4.353000 2.390926
4.354000 2.391105
4.355000 2.391285
4.356000 2.391464
4.357000 2.391643
4.358000 2.391822
4.359000 2.392001
4.360000 2.392180
4.361000 2.392359
4.362000 2.392538
4.363000 2.392717
4.364000 2.392896
4.365000 2.393075
4.366000 2.393254
4.367000 2.393433
4.368000 2.393611
4.369000 2.393790
4.370000 2.393969
4.371000 2.394147
4.372000 2.394326
4.373000 2.394504
4.374000 2.394683
4.375000 2.394861
4.376000 2.395039
4.377000 2.395218
4.378000 2.395396
4.379000 2.395574
4.380000 2.395752
4.381000 2.395930
4.382000 2.396108
4.383000 2.396286
4.384000 2.396464
4.385000 2.396642
4.386000 2.396820
4.387000 2.396998
4.388000 2.397176
4.389000 2.397353
4.390000 2.397531
4.391000 2.397709
4.392000 2.397886
4.393000 2.398064
4.394000 2.398241
4.395000 2.398419
4.396000 2.398596
4.397000 2.398773
4.398000 2.398951
4.399000 2.399128
4.400000 2.399305
4.401000 2.399482
4.402000 2.399659
4.403000 2.399836
4.404000 2.400013
4.405000 2.400190
4.406000 2.400367
4.407000 2.400544
4.408000 2.400721
4.409000 2.400898
4.410000 2.401074
4.411000 2.401251
4.412000 2.401428
4.413000 2.401604
4.414000 2.401781
4.415000 2.401957
4.416000 2.402134
4.417000 2.402310
4.418000 2.402486
4.419000 2.402663
4.420000 2.402839
4.421000 2.403015
4.422000 2.403191
4.423000 2.403368
4.424000 2.403544
4.425000 2.403720
4.426000 2.403896
4.427000 2.404072
4.428000 2.404247
4.429000 2.404423
4.430000 2.404599
4.431000 2.404775
4.432000 2.404950
4.433000 2.405126
4.434000 2.405302
4.435000 2.405477
4.436000 2.405653
4.437000 2.405828
4.438000 2.406004
4.439000 2.406179
4.440000 2.406354
4.441000 2.406530
4.442000 2.406705
4.443000 2.406880
4.444000 2.407055
4.445000 2.407230
4.446000 2.407405
4.447000 2.407580
4.448000 2.407755
4.449000 2.407930
4.450000 2.408105
4.451000 2.408280
4.452000 2.408455
4.453000 2.408630
4.454000 2.408804
4.455000 2.408979
4.456000 2.409153
4.457000 2.409328
4.458000 2.409502
4.459000 2.409677
4.460000 2.409851
4.461000 2.410026
4.462000 2.410200
4.463000 2.410374
4.464000 2.410549
4.465000 2.410723
4.466000 2.410897
4.467000 2.411071
4.468000 2.411245
4.469000 2.411419
4.470000 2.411593
4.471000 2.411767
4.472000 2.411941
4.473000 2.412115
4.474000 2.412288
4.475000 2.412462
4.476000 2.412636
4.477000 2.412809
4.478000 2.412983
4.479000 2.413157
4.480000 2.413330
4.481000 2.413503
4.482000 2.413677
4.483000 2.413850
4.484000 2.414024
4.485000 2.414197
4.486000 2.414370
4.487000 2.414543
4.488000 2.414716
4.489000 2.414889
4.490000 2.415063
4.491000 2.415236
4.492000 2.415409
4.493000 2.415581
4.494000 2.415754
4.495000 2.415927
4.496000 2.416100
4.497000 2.416273
4.498000 2.416445
4.499000 2.416618
4.500000 2.416791
4.501000 2.416963
4.502000 2.417136
4.503000 2.417308
4.504000 2.417481
4.505000 2.417653
4.506000 2.417825
4.507000 2.417998
4.508000 2.418170
4.509000 2.418342
4.510000 2.418514
4.511000 2.418686
4.512000 2.418858
4.513000 2.419030
4.514000 2.419202
4.515000 2.419374
4.516000 2.419546
4.517000 2.419718
4.518000 2.419890
4.519000 2.420062
4.520000 2.420233
4.521000 2.420405
4.522000 2.420577
4.523000 2.420748
4.524000 2.420920
4.525000 2.421091
4.526000 2.421263
4.527000 2.421434
4.528000 2.421605
4.529000 2.421777
4.530000 2.421948
4.531000 2.422119
4.532000 2.422290
4.533000 2.422461
4.534000 2.422633
4.535000 2.422804
4.536000 2.422975
4.537000 2.423146
4.538000 2.423316
4.539000 2.423487
4.540000 2.423658
4.541000 2.423829
4.542000 2.424000
4.543000 2.424170
4.544000 2.424341
4.545000 2.424512
4.546000 2.424682
4.547000 2.424853
4.548000 2.425023
4.549000 2.425194
4.550000 2.425364
4.551000 2.425534
4.552000 2.425705
4.553000 2.425875
4.554000 2.426045
4.555000 2.426215
4.556000 2.426385
4.557000 2.426555
4.558000 2.426725
4.559000 2.426895
4.560000 2.427065
4.561000 2.427235
4.562000 2.427405
4.563000 2.427575
4.564000 2.427745
4.565000 2.427915
4.566000 2.428084
4.567000 2.428254
4.568000 2.428423
4.569000 2.428593
4.570000 2.428763
4.571000 2.428932
4.572000 2.429101
4.573000 2.429271
4.574000 2.429440
4.575000 2.429609
4.576000 2.429779
4.577000 2.429948
4.578000 2.430117
4.579000 2.430286
4.580000 2.430455
4.581000 2.430624
4.582000 2.430793
4.583000 2.430962
4.584000 2.431131
4.585000 2.431300
4.586000 2.431469
4.587000 2.431638
4.588000 2.431806
4.589000 2.431975
4.590000 2.432144
4.591000 2.432312
4.592000 2.432481
4.593000 2.432649
4.594000 2.432818
4.595000 2.432986
4.596000 2.433155
4.597000 2.433323
4.598000 2.433491
4.599000 2.433660
4.600000 2.433828
4.601000 2.433996
4.602000 2.434164
4.603000 2.434332
4.604000 2.434500
4.605000 2.434668
4.606000 2.434836
4.607000 2.435004
4.608000 2.435172
4.609000 2.435340
4.610000 2.435508
4.611000 2.435676
4.612000 2.435843
4.613000 2.436011
4.614000 2.436179
4.615000 2.436346
4.616000 2.436514
4.617000 2.436681
4.618000 2.436849
4.619000 2.437016
4.620000 2.437183
4.621000 2.437351
4.622000 2.437518
4.623000 2.437685
4.624000 2.437852
4.625000 2.438020
4.626000 2.438187
4.627000 2.438354
4.628000 2.438521
4.629000 2.438688
4.630000 2.438855
4.631000 2.439022
4.632000 2.439189
4.633000 2.439355
4.634000 2.439522
4.635000 2.439689
4.636000 2.439856
4.637000 2.440022
4.638000 2.440189
4.639000 2.440355
4.640000 2.440522
4.641000 2.440688
4.642000 2.440855
4.643000 2.441021
4.644000 2.441188
4.645000 2.441354
4.646000 2.441520
4.647000 2.441687
4.648000 2.441853
4.649000 2.442019
4.650000 2.442185
4.651000 2.442351
4.652000 2.442517
4.653000 2.442683
4.654000 2.442849
4.655000 2.443015
4.656000 2.443181
4.657000 2.443347
4.658000 2.443512
4.659000 2.443678
4.660000 2.443844
4.661000 2.444009
4.662000 2.444175
4.663000 2.444341
4.664000 2.444506
4.665000 2.444672
4.666000 2.444837
4.667000 2.445002
4.668000 2.445168
4.669000 2.445333
4.670000 2.445498
4.671000 2.445664
4.672000 2.445829
4.673000 2.445994
4.674000 2.446159
4.675000 2.446324
4.676000 2.446489
4.677000 2.446654
4.678000 2.446819
4.679000 2.446984
4.680000 2.447149
4.681000 2.447314
4.682000 2.447479
4.683000 2.447643
4.684000 2.447808
4.685000 2.447973
4.686000 2.448137
4.687000 2.448302
4.688000 2.448466
4.689000 2.448631
4.690000 2.448795
4.691000 2.448960
4.692000 2.449124
4.693000 2.449288
4.694000 2.449453
4.695000 2.449617
4.696000 2.449781
4.697000 2.449945
4.698000 2.450109
4.699000 2.450274
4.700000 2.450438
4.701000 2.450602
4.702000 2.450766
4.703000 2.450929
4.704000 2.451093
4.705000 2.451257
4.706000 2.451421
4.707000 2.451585
4.708000 2.451748
4.709000 2.451912
4.710000 2.452076
4.711000 2.452239
4.712000 2.452403
4.713000 2.452566
4.714000 2.452730
4.715000 2.452893
4.716000 2.453057
4.717000 2.453220
4.718000 2.453383
4.719000 2.453547
4.720000 2.453710
4.721000 2.453873
4.722000 2.454036
4.723000 2.454199
4.724000 2.454362
4.725000 2.454525
4.726000 2.454688
4.727000 2.454851
4.728000 2.455014
4.729000 2.455177
4.730000 2.455340
4.731000 2.455503
4.732000 2.455666
4.733000 2.455828
4.734000 2.455991
4.735000 2.456154
4.736000 2.456316
4.737000 2.456479
4.738000 2.456641
4.739000 2.456804
4.740000 2.456966
4.741000 2.457128
4.742000 2.457291
4.743000 2.457453
4.744000 2.457615
4.745000 2.457778
4.746000 2.457940
4.747000 2.458102
4.748000 2.458264
4.749000 2.458426
4.750000 2.458588
4.751000 2.458750
4.752000 2.458912
4.753000 2.459074
4.754000 2.459236
4.755000 2.459398
4.756000 2.459559
4.757000 2.459721
4.758000 2.459883
4.759000 2.460045
4.760000 2.460206
4.761000 2.460368
4.762000 2.460529
4.763000 2.460691
4.764000 2.460852
4.765000 2.461014
4.766000 2.461175
4.767000 2.461336
4.768000 2.461498
4.769000 2.461659
4.770000 2.461820
4.771000 2.461981
4.772000 2.462143
4.773000 2.462304
4.774000 2.462465
4.775000 2.462626
4.776000 2.462787
4.777000 2.462948
4.778000 2.463109
4.779000 2.463270
4.780000 2.463430
4.781000 2.463591
4.782000 2.463752
4.783000 2.463913
4.784000 2.464073
4.785000 2.464234
4.786000 2.464395
4.787000 2.464555
4.788000 2.464716
4.789000 2.464876
4.790000 2.465037
4.791000 2.465197
4.792000 2.465357
4.793000 2.465518
4.794000 2.465678
4.795000 2.465838
4.796000 2.465998
4.797000 2.466159
4.798000 2.466319
4.799000 2.466479
4.800000 2.466639
4.801000 2.466799
4.802000 2.466959
4.803000 2.467119
4.804000 2.467279
4.805000 2.467439
4.806000 2.467598
4.807000 2.467758
4.808000 2.467918
4.809000 2.468078
4.810000 2.468237
4.811000 2.468397
4.812000 2.468556
4.813000 2.468716
4.814000 2.468875
4.815000 2.469035
4.816000 2.469194
4.817000 2.469354
4.818000 2.469513
4.819000 2.469672
4.820000 2.469832
4.821000 2.469991
4.822000 2.470150
4.823000 2.470309
4.824000 2.470468
4.825000 2.470627
4.826000 2.470787
4.827000 2.470946
4.828000 2.471104
4.829000 2.471263
4.830000 2.471422
4.831000 2.471581
4.832000 2.471740
4.833000 2.471899
4.834000 2.472057
4.835000 2.472216
4.836000 2.472375
4.837000 2.472533
4.838000 2.472692
4.839000 2.472851
4.840000 2.473009
4.841000 2.473168
4.842000 2.473326
4.843000 2.473484
4.844000 2.473643
4.845000 2.473801
4.846000 2.473959
4.847000 2.474118
4.848000 2.474276
4.849000 2.474434
4.850000 2.474592
4.851000 2.474750
4.852000 2.474908
4.853000 2.475066
4.854000 2.475224
4.855000 2.475382
4.856000 2.475540
4.857000 2.475698
4.858000 2.475856
4.859000 2.476013
4.860000 2.476171
4.861000 2.476329
4.862000 2.476486
4.863000 2.476644
4.864000 2.476802
4.865000 2.476959
4.866000 2.477117
4.867000 2.477274
4.868000 2.477432
4.869000 2.477589
4.870000 2.477746
4.871000 2.477904
4.872000 2.478061
4.873000 2.478218
4.874000 2.478375
4.875000 2.478533
4.876000 2.478690
4.877000 2.478847
4.878000 2.479004
4.879000 2.479161
4.880000 2.479318
4.881000 2.479475
4.882000 2.479632
4.883000 2.479789
4.884000 2.479945
4.885000 2.480102
4.886000 2.480259
4.887000 2.480416
4.888000 2.480572
4.889000 2.480729
4.890000 2.480886
4.891000 2.481042
4.892000 2.481199
4.893000 2.481355
4.894000 2.481512
4.895000 2.481668
4.896000 2.481825
4.897000 2.481981
4.898000 2.482137
4.899000 2.482293
4.900000 2.482450
4.901000 2.482606
4.902000 2.482762
4.903000 2.482918
4.904000 2.483074
4.905000 2.483230
4.906000 2.483386
4.907000 2.483542
4.908000 2.483698
4.909000 2.483854
4.910000 2.484010
4.911000 2.484166
4.912000 2.484322
4.913000 2.484477
4.914000 2.484633
4.915000 2.484789
4.916000 2.484944
4.917000 2.485100
4.918000 2.485255
4.919000 2.485411
4.920000 2.485566
4.921000 2.485722
4.922000 2.485877
4.923000 2.486033
4.924000 2.486188
4.925000 2.486343
4.926000 2.486499
4.927000 2.486654
4.928000 2.486809
4.929000 2.486964
4.930000 2.487119
4.931000 2.487274
4.932000 2.487429
4.933000 2.487584
4.934000 2.487739
4.935000 2.487894
4.936000 2.488049
4.937000 2.488204
4.938000 2.488359
4.939000 2.488514
4.940000 2.488668
4.941000 2.488823
4.942000 2.488978
4.943000 2.489133
4.944000 2.489287
4.945000 2.489442
4.946000 2.489596
4.947000 2.489751
4.948000 2.489905
4.949000 2.490060
4.950000 2.490214
4.951000 2.490368
4.952000 2.490523
4.953000 2.490677
4.954000 2.490831
4.955000 2.490985
4.956000 2.491140
4.957000 2.491294
4.958000 2.491448
4.959000 2.491602
4.960000 2.491756
4.961000 2.491910
4.962000 2.492064
4.963000 2.492218
4.964000 2.492372
4.965000 2.492525
4.966000 2.492679
4.967000 2.492833
4.968000 2.492987
4.969000 2.493140
4.970000 2.493294
4.971000 2.493448
4.972000 2.493601
4.973000 2.493755
4.974000 2.493908
4.975000 2.494062
4.976000 2.494215
4.977000 2.494369
4.978000 2.494522
4.979000 2.494675
4.980000 2.494829
4.981000 2.494982
4.982000 2.495135
4.983000 2.495288
4.984000 2.495441
4.985000 2.495595
4.986000 2.495748
4.987000 2.495901
4.988000 2.496054
4.989000 2.496207
4.990000 2.496360
4.991000 2.496512
4.992000 2.496665
4.993000 2.496818
4.994000 2.496971
4.995000 2.497124
4.996000 2.497276
4.997000 2.497429
4.998000 2.497582
4.999000 2.497734

0.200000 3.750000
0.201000 3.738561
0.202000 3.727209
0.203000 3.715944
0.204000 3.704765
0.205000 3.693670
0.206000 3.682658
0.207000 3.671729
0.208000 3.660881
0.209000 3.650113
0.210000 3.639426
0.211000 3.628817
0.212000 3.618285
0.213000 3.607831
0.214000 3.597452
0.215000 3.587149
0.216000 3.576920
0.217000 3.566764
0.218000 3.556681
0.219000 3.546669
0.220000 3.536729
0.221000 3.526859
0.222000 3.517058
0.223000 3.507326
0.224000 3.497661
0.225000 3.488064
0.226000 3.478534
0.227000 3.469069
0.228000 3.459669
0.229000 3.450333
0.230000 3.441061
0.231000 3.431852
0.232000 3.422705
0.233000 3.413620
0.234000 3.404596
0.235000 3.395632
0.236000 3.386728
0.237000 3.377883
0.238000 3.369097
0.239000 3.360368
0.240000 3.351697
0.241000 3.343083
0.242000 3.334525
0.243000 3.326022
0.244000 3.317575
0.245000 3.309182
0.246000 3.300843
0.247000 3.292557
0.248000 3.284325
0.249000 3.276144
0.250000 3.268016
0.251000 3.259939
0.252000 3.251913
0.253000 3.243937
0.254000 3.236012
0.255000 3.228135
0.256000 3.220308
0.257000 3.212529
0.258000 3.204798
0.259000 3.197115
0.260000 3.189479
0.261000 3.181890
0.262000 3.174347
0.263000 3.166849
0.264000 3.159398
0.265000 3.151991
0.266000 3.144629
0.267000 3.137311
0.268000 3.130037
0.269000 3.122806
0.270000 3.115618
0.271000 3.108473
0.272000 3.101370
0.273000 3.094309
0.274000 3.087290
0.275000 3.080312
0.276000 3.073374
0.277000 3.066477
0.278000 3.059620
0.279000 3.052803
0.280000 3.046025
0.281000 3.039286
0.282000 3.032586
0.283000 3.025924
0.284000 3.019300
0.285000 3.012714
0.286000 3.006165
0.287000 2.999654
0.288000 2.993179
0.289000 2.986741
0.290000 2.980339
0.291000 2.973973
0.292000 2.967642
0.293000 2.961347
0.294000 2.955086
0.295000 2.948861
0.296000 2.942670
0.297000 2.936513
0.298000 2.930389
0.299000 2.924300
0.300000 2.918244
0.301000 2.912220
0.302000 2.906230
0.303000 2.900272
0.304000 2.894347
0.305000 2.888453
0.306000 2.882592
0.307000 2.876761
0.308000 2.870962
0.309000 2.865195
0.310000 2.859458
0.311000 2.853751
0.312000 2.848075
0.313000 2.842429
0.314000 2.836813
0.315000 2.831226
0.316000 2.825669
0.317000 2.820141
0.318000 2.814642
0.319000 2.809172
0.320000 2.803730
0.321000 2.798317
0.322000 2.792932
0.323000 2.787575
0.324000 2.782245
0.325000 2.776943
0.326000 2.771668
0.327000 2.766421
0.328000 2.761200
0.329000 2.756006
0.330000 2.750839
0.331000 2.745698
0.332000 2.740583
0.333000 2.735493
0.334000 2.730430
0.335000 2.725393
0.336000 2.720380
0.337000 2.715393
0.338000 2.710431
0.339000 2.705494
0.340000 2.700582
0.341000 2.695694
0.342000 2.690830
0.343000 2.685991
0.344000 2.681176
0.345000 2.676384
0.346000 2.671617
0.347000 2.666872
0.348000 2.662152
0.349000 2.657454
0.350000 2.652779
0.351000 2.648128
0.352000 2.643499
0.353000 2.638893
0.354000 2.634309
0.355000 2.629747
0.356000 2.625208
0.357000 2.620691
0.358000 2.616195
0.359000 2.611721
0.360000 2.607269
0.361000 2.602839
0.362000 2.598429
0.363000 2.594041
0.364000 2.589674
0.365000 2.585327
0.366000 2.581002
0.367000 2.576697
0.368000 2.572412
0.369000 2.568148
0.370000 2.563904
0.371000 2.559680
0.372000 2.555476
0.373000 2.551292
0.374000 2.547128
0.375000 2.542984
0.376000 2.538858
0.377000 2.534753
0.378000 2.530666
0.379000 2.526599
0.380000 2.522550
0.381000 2.518521
0.382000 2.514510
0.383000 2.510518
0.384000 2.506545
0.385000 2.502590
0.386000 2.498653
0.387000 2.494734
0.388000 2.490834
0.389000 2.486952
0.390000 2.483087
0.391000 2.479240
0.392000 2.475411
0.393000 2.471600
0.394000 2.467806
0.395000 2.464029
0.396000 2.460270
0.397000 2.456528
0.398000 2.452803
0.399000 2.449095
0.400000 2.445403
0.401000 2.441729
0.402000 2.438071
0.403000 2.434430
0.404000 2.430805
0.405000 2.427197
0.406000 2.423605
0.407000 2.420029
0.408000 2.416469
0.409000 2.412926
0.410000 2.409398
0.411000 2.405886
0.412000 2.402390
0.413000 2.398910
0.414000 2.395445
0.415000 2.391996
0.416000 2.388562
0.417000 2.385143
0.418000 2.381740
0.419000 2.378352
0.420000 2.374979
0.421000 2.371621
0.422000 2.368278
0.423000 2.364949
0.424000 2.361636
0.425000 2.358337
0.426000 2.355053
0.427000 2.351783
0.428000 2.348528
0.429000 2.345287
0.430000 2.342061
0.431000 2.338848
0.432000 2.335650
0.433000 2.332466
0.434000 2.329296
0.435000 2.326140
0.436000 2.322997
0.437000 2.319869
0.438000 2.316754
0.439000 2.313653
0.440000 2.310565
0.441000 2.307491
0.442000 2.304430
0.443000 2.301383
0.444000 2.298349
0.445000 2.295328
0.446000 2.292321
0.447000 2.289326
0.448000 2.286345
0.449000 2.283376
0.450000 2.280421
0.451000 2.277478
0.452000 2.274548
0.453000 2.271631
0.454000 2.268726
0.455000 2.265834
0.456000 2.262954
0.457000 2.260087
0.458000 2.257233
0.459000 2.254390
0.460000 2.251560
0.461000 2.248743
0.462000 2.245937
0.463000 2.243143
0.464000 2.240362
0.465000 2.237592
0.466000 2.234835
0.467000 2.232089
0.468000 2.229355
0.469000 2.226633
0.470000 2.223923
0.471000 2.221224
0.472000 2.218537
0.473000 2.215862
0.474000 2.213198
0.475000 2.210545
0.476000 2.207904
0.477000 2.205274
0.478000 2.202655
0.479000 2.200048
0.480000 2.197452
0.481000 2.194866
0.482000 2.192292
0.483000 2.189729
0.484000 2.187177
0.485000 2.184636
0.486000 2.182106
0.487000 2.179587
0.488000 2.177078
0.489000 2.174580
0.490000 2.172093
0.491000 2.169616
0.492000 2.167151
0.493000 2.164695
0.494000 2.162250
0.495000 2.159816
0.496000 2.157392
0.497000 2.154978
0.498000 2.152574
0.499000 2.150181
0.500000 2.147798
0.501000 2.145426
0.502000 2.143063
0.503000 2.140710
0.504000 2.138368
0.505000 2.136036
0.506000 2.133713
0.507000 2.131400
0.508000 2.129098
0.509000 2.126805
0.510000 2.124522
0.511000 2.122248
0.512000 2.119985
0.513000 2.117731
0.514000 2.115486
0.515000 2.113252
0.516000 2.111026
0.517000 2.108811
0.518000 2.106604
0.519000 2.104408
0.520000 2.102220
0.521000 2.100042
0.522000 2.097873
0.523000 2.095714
0.524000 2.093564
0.525000 2.091423
0.526000 2.089291
0.527000 2.087168
0.528000 2.085054
0.529000 2.082950
0.530000 2.080854
0.531000 2.078767
0.532000 2.076690
0.533000 2.074621
0.534000 2.072561
0.535000 2.070510
0.536000 2.068468
0.537000 2.066434
0.538000 2.064409
0.539000 2.062393
0.540000 2.060386
0.541000 2.058387
0.542000 2.056397
0.543000 2.054415
0.544000 2.052442
0.545000 2.050477
0.546000 2.048521
0.547000 2.046573
0.548000 2.044634
0.549000 2.042703
0.550000 2.040780
0.551000 2.038866
0.552000 2.036960
0.553000 2.035062
0.554000 2.033172
0.555000 2.031291
0.556000 2.029417
0.557000 2.027552
0.558000 2.025695
0.559000 2.023846
0.560000 2.022004
0.561000 2.020171
0.562000 2.018346
0.563000 2.016529
0.564000 2.014719
0.565000 2.012918
0.566000 2.011124
0.567000 2.009338
0.568000 2.007560
0.569000 2.005790
0.570000 2.004027
0.571000 2.002273
0.572000 2.000525
0.573000 1.998786
0.574000 1.997054
0.575000 1.995329
0.576000 1.993612
0.577000 1.991903
0.578000 1.990201
0.579000 1.988507
0.580000 1.986820
0.581000 1.985141
0.582000 1.983468
0.583000 1.981804
0.584000 1.980146
0.585000 1.978496
0.586000 1.976853
0.587000 1.975218
0.588000 1.973590
0.589000 1.971968
0.590000 1.970355
0.591000 1.968748
0.592000 1.967148
0.593000 1.965556
0.594000 1.963970
0.595000 1.962392
0.596000 1.960820
0.597000 1.959256
0.598000 1.957699
0.599000 1.956148
0.600000 1.954605
0.601000 1.953068
0.602000 1.951539
0.603000 1.950016
0.604000 1.948500
0.605000 1.946991
0.606000 1.945488
0.607000 1.943993
0.608000 1.942504
0.609000 1.941022
0.610000 1.939546
0.611000 1.938078
0.612000 1.936615
0.613000 1.935160
0.614000 1.933711
0.615000 1.932269
0.616000 1.930833
0.617000 1.929404
0.618000 1.927981
0.619000 1.926565
0.620000 1.925155
0.621000 1.923752
0.622000 1.922355
0.623000 1.920965
0.624000 1.919581
0.625000 1.918203
0.626000 1.916832
0.627000 1.915467
0.628000 1.914108
0.629000 1.912756
0.630000 1.911410
0.631000 1.910070
0.632000 1.908736
0.633000 1.907408
0.634000 1.906087
0.635000 1.904772
0.636000 1.903463
0.637000 1.902160
0.638000 1.900863
0.639000 1.899572
0.640000 1.898288
0.641000 1.897009
0.642000 1.895736
0.643000 1.894470
0.644000 1.893209
0.645000 1.891954
0.646000 1.890706
0.647000 1.889463
0.648000 1.888226
0.649000 1.886995
0.650000 1.885769
0.651000 1.884550
0.652000 1.883336
0.653000 1.882129
0.654000 1.880927
0.655000 1.879731
0.656000 1.878540
0.657000 1.877355
0.658000 1.876176
0.659000 1.875003
0.660000 1.873835
0.661000 1.872673
0.662000 1.871517
0.663000 1.870366
0.664000 1.869221
0.665000 1.868082
0.666000 1.866948
0.667000 1.865819
0.668000 1.864696
0.669000 1.863579
0.670000 1.862467
0.671000 1.861360
0.672000 1.860259
0.673000 1.859164
0.674000 1.858074
0.675000 1.856989
0.676000 1.855910
0.677000 1.854836
0.678000 1.853767
0.679000 1.852704
0.680000 1.851646
0.681000 1.850593
0.682000 1.849546
0.683000 1.848504
0.684000 1.847467
0.685000 1.846436
0.686000 1.845409
0.687000 1.844388
0.688000 1.843372
0.689000 1.842361
0.690000 1.841356
0.691000 1.840355
0.692000 1.839360
0.693000 1.838370
0.694000 1.837384
0.695000 1.836404
0.696000 1.835429
0.697000 1.834459
0.698000 1.833494
0.699000 1.832534
0.700000 1.831579
0.701000 1.830629
0.702000 1.829684
0.703000 1.828744
0.704000 1.827809
0.705000 1.826879
0.706000 1.825954
0.707000 1.825033
0.708000 1.824118
0.709000 1.823207
0.710000 1.822301
0.711000 1.821400
0.712000 1.820504
0.713000 1.819613
0.714000 1.818726
0.715000 1.817844
0.716000 1.816967
0.717000 1.816095
0.718000 1.815227
0.719000 1.814364
0.720000 1.813506
0.721000 1.812652
0.722000 1.811803
0.723000 1.810959
0.724000 1.810119
0.725000 1.809284
0.726000 1.808454
0.727000 1.807628
0.728000 1.806807
0.729000 1.805990
0.730000 1.805178
0.731000 1.804370
0.732000 1.803567
0.733000 1.802769
0.734000 1.801975
0.735000 1.801185
0.736000 1.800400
0.737000 1.799619
0.738000 1.798843
0.739000 1.798071
0.740000 1.797304
0.741000 1.796540
0.742000 1.795782
0.743000 1.795028
0.744000 1.794278
0.745000 1.793532
0.746000 1.792791
0.747000 1.792054
0.748000 1.791321
0.749000 1.790593
0.750000 1.789869
0.751000 1.789149
0.752000 1.788433
0.753000 1.787722
0.754000 1.787014
0.755000 1.786312
0.756000 1.785613
0.757000 1.784918
0.758000 1.784228
0.759000 1.783541
0.760000 1.782859
0.761000 1.782181
0.762000 1.781507
0.763000 1.780838
0.764000 1.780172
0.765000 1.779510
0.766000 1.778853
0.767000 1.778199
0.768000 1.777550
0.769000 1.776904
0.770000 1.776263
0.771000 1.775625
0.772000 1.774992
0.773000 1.774362
0.774000 1.773737
0.775000 1.773115
0.776000 1.772497
0.777000 1.771884
0.778000 1.771274
0.779000 1.770668
0.780000 1.770066
0.781000 1.769468
0.782000 1.768873
0.783000 1.768283
0.784000 1.767696
0.785000 1.767113
0.786000 1.766534
0.787000 1.765959
0.788000 1.765388
0.789000 1.764820
0.790000 1.764256
0.791000 1.763696
0.792000 1.763140
0.793000 1.762587
0.794000 1.762038
0.795000 1.761493
0.796000 1.760951
0.797000 1.760413
0.798000 1.759879
0.799000 1.759349
0.800000 1.758822
0.801000 1.758298
0.802000 1.757779
0.803000 1.757263
0.804000 1.756750
0.805000 1.756241
0.806000 1.755736
0.807000 1.755234
0.808000 1.754736
0.809000 1.754242
0.810000 1.753750
0.811000 1.753263
0.812000 1.752779
0.813000 1.752298
0.814000 1.751821
0.815000 1.751347
0.816000 1.750877
0.817000 1.750410
0.818000 1.749947
0.819000 1.749487
0.820000 1.749031
0.821000 1.748578
0.822000 1.748128
0.823000 1.747682
0.824000 1.747239
0.825000 1.746799
0.826000 1.746363
0.827000 1.745930
0.828000 1.745501
0.829000 1.745074
0.830000 1.744651
0.831000 1.744232
0.832000 1.743815
0.833000 1.743402
0.834000 1.742992
0.835000 1.742586
0.836000 1.742182
0.837000 1.741782
0.838000 1.741385
0.839000 1.740992
0.840000 1.740601
0.841000 1.740214
0.842000 1.739830
0.843000 1.739449
0.844000 1.739071
0.845000 1.738696
0.846000 1.738325
0.847000 1.737956
0.848000 1.737591
0.849000 1.737228
0.850000 1.736869
0.851000 1.736513
0.852000 1.736160
0.853000 1.735810
0.854000 1.735463
0.855000 1.735120
0.856000 1.734779
0.857000 1.734441
0.858000 1.734106
0.859000 1.733774
0.860000 1.733445
0.861000 1.733120
0.862000 1.732797
0.863000 1.732477
0.864000 1.732160
0.865000 1.731846
0.866000 1.731535
0.867000 1.731226
0.868000 1.730921
0.869000 1.730619
0.870000 1.730319
0.871000 1.730023
0.872000 1.729729
0.873000 1.729438
0.874000 1.729150
0.875000 1.728865
0.876000 1.728582
0.877000 1.728303
0.878000 1.728026
0.879000 1.727752
0.880000 1.727481
0.881000 1.727212
0.882000 1.726946
0.883000 1.726684
0.884000 1.726423
0.885000 1.726166
0.886000 1.725911
0.887000 1.725659
0.888000 1.725410
0.889000 1.725163
0.890000 1.724920
0.891000 1.724678
0.892000 1.724440
0.893000 1.724204
0.894000 1.723971
0.895000 1.723740
0.896000 1.723512
0.897000 1.723287
0.898000 1.723064
0.899000 1.722844
0.900000 1.722627
0.901000 1.722412
0.902000 1.722200
0.903000 1.721990
0.904000 1.721783
0.905000 1.721578
0.906000 1.721376
0.907000 1.721176
0.908000 1.720979
0.909000 1.720785
0.910000 1.720593
0.911000 1.720403
0.912000 1.720216
0.913000 1.720032
0.914000 1.719850
0.915000 1.719670
0.916000 1.719493
0.917000 1.719318
0.918000 1.719146
0.919000 1.718976
0.920000 1.718808
0.921000 1.718643
0.922000 1.718481
0.923000 1.718320
0.924000 1.718162
0.925000 1.718007
0.926000 1.717854
0.927000 1.717703
0.928000 1.717555
0.929000 1.717408
0.930000 1.717265
0.931000 1.717123
0.932000 1.716984
0.933000 1.716847
0.934000 1.716713
0.935000 1.716580
0.936000 1.716450
0.937000 1.716323
0.938000 1.716197
0.939000 1.716074
0.940000 1.715953
0.941000 1.715834
0.942000 1.715718
0.943000 1.715603
0.944000 1.715491
0.945000 1.715382
0.946000 1.715274
0.947000 1.715168
0.948000 1.715065
0.949000 1.714964
0.950000 1.714865
0.951000 1.714768
0.952000 1.714673
0.953000 1.714581
0.954000 1.714490
0.955000 1.714402
0.956000 1.714316
0.957000 1.714232
0.958000 1.714150
0.959000 1.714070
0.960000 1.713992
0.961000 1.713916
0.962000 1.713843
0.963000 1.713771
0.964000 1.713702
0.965000 1.713634
0.966000 1.713569
0.967000 1.713505
0.968000 1.713444
0.969000 1.713384
0.970000 1.713327
0.971000 1.713271
0.972000 1.713218
0.973000 1.713166
0.974000 1.713117
0.975000 1.713069
0.976000 1.713024
0.977000 1.712980
0.978000 1.712938
0.979000 1.712898
0.980000 1.712861
0.981000 1.712825
0.982000 1.712791
0.983000 1.712759
0.984000 1.712728
0.985000 1.712700
0.986000 1.712674
0.987000 1.712649
0.988000 1.712626
0.989000 1.712605
0.990000 1.712586
0.991000 1.712569
0.992000 1.712554
0.993000 1.712540
0.994000 1.712529
0.995000 1.712519
0.996000 1.712511
0.997000 1.712505
0.998000 1.712500
0.999000 1.712497
1.000000 1.712497
1.001000 1.712497
1.002000 1.712500
1.003000 1.712505
1.004000 1.712511
1.005000 1.712519
1.006000 1.712528
1.007000 1.712540
1.008000 1.712553
1.009000 1.712568
1.010000 1.712584
1.011000 1.712602
1.012000 1.712622
1.013000 1.712644
1.014000 1.712667
1.015000 1.712692
1.016000 1.712719
1.017000 1.712747
1.018000 1.712777
1.019000 1.712808
1.020000 1.712842
1.021000 1.712877
1.022000 1.712913
1.023000 1.712951
1.024000 1.712991
1.025000 1.713032
1.026000 1.713075
1.027000 1.713120
1.028000 1.713166
1.029000 1.713214
1.030000 1.713263
1.031000 1.713314
1.032000 1.713366
1.033000 1.713420
1.034000 1.713476
1.035000 1.713533
1.036000 1.713591
1.037000 1.713651
1.038000 1.713713
1.039000 1.713776
1.040000 1.713841
1.041000 1.713907
1.042000 1.713975
1.043000 1.714044
1.044000 1.714115
1.045000 1.714187
1.046000 1.714260
1.047000 1.714335
1.048000 1.714412
1.049000 1.714490
1.050000 1.714569
1.051000 1.714650
1.052000 1.714733
1.053000 1.714816
1.054000 1.714902
1.055000 1.714988
1.056000 1.715076
1.057000 1.715166
1.058000 1.715257
1.059000 1.715349
1.060000 1.715442
1.061000 1.715537
1.062000 1.715634
1.063000 1.715731
1.064000 1.715831
1.065000 1.715931
1.066000 1.716033
1.067000 1.716136
1.068000 1.716241
1.069000 1.716346
1.070000 1.716454
1.071000 1.716562
1.072000 1.716672
1.073000 1.716783
1.074000 1.716896
1.075000 1.717009
1.076000 1.717124
1.077000 1.717241
1.078000 1.717358
1.079000 1.717477
1.080000 1.717597
1.081000 1.717719
1.082000 1.717842
1.083000 1.717966
1.084000 1.718091
1.085000 1.718217
1.086000 1.718345
1.087000 1.718474
1.088000 1.718604
1.089000 1.718735
1.090000 1.718868
1.091000 1.719002
1.092000 1.719137
1.093000 1.719273
1.094000 1.719411
1.095000 1.719549
1.096000 1.719689
1.097000 1.719830
1.098000 1.719972
1.099000 1.720116
1.100000 1.720260
1.101000 1.720406
1.102000 1.720553
1.103000 1.720701
1.104000 1.720850
1.105000 1.721000
1.106000 1.721152
1.107000 1.721304
1.108000 1.721458
1.109000 1.721613
1.110000 1.721769
1.111000 1.721926
1.112000 1.722084
1.113000 1.722243
1.114000 1.722404
1.115000 1.722565
1.116000 1.722728
1.117000 1.722891
1.118000 1.723056
1.119000 1.723222
1.120000 1.723389
1.121000 1.723556
1.122000 1.723725
1.123000 1.723895
1.124000 1.724067
1.125000 1.724239
1.126000 1.724412
1.127000 1.724586
1.128000 1.724761
1.129000 1.724937
1.130000 1.725115
1.131000 1.725293
1.132000 1.725472
1.133000 1.725652
1.134000 1.725834
1.135000 1.726016
1.136000 1.726199
1.137000 1.726384
1.138000 1.726569
1.139000 1.726755
1.140000 1.726942
1.141000 1.727130
1.142000 1.727320
1.143000 1.727510
1.144000 1.727701
1.145000 1.727893
1.146000 1.728086
1.147000 1.728280
1.148000 1.728475
1.149000 1.728670
1.150000 1.728867
1.151000 1.729065
1.152000 1.729263
1.153000 1.729463
1.154000 1.729663
1.155000 1.729864
1.156000 1.730067
1.157000 1.730270
1.158000 1.730474
1.159000 1.730679
1.160000 1.730884
1.161000 1.731091
1.162000 1.731299
1.163000 1.731507
1.164000 1.731716
1.165000 1.731927
1.166000 1.732138
1.167000 1.732349
1.168000 1.732562
1.169000 1.732776
1.170000 1.732990
1.171000 1.733206
1.172000 1.733422
1.173000 1.733639
1.174000 1.733856
1.175000 1.734075
1.176000 1.734294
1.177000 1.734515
1.178000 1.734736
1.179000 1.734958
1.180000 1.735180
1.181000 1.735404
1.182000 1.735628
1.183000 1.735853
1.184000 1.736079
1.185000 1.736306
1.186000 1.736533
1.187000 1.736762
1.188000 1.736991
1.189000 1.737220
1.190000 1.737451
1.191000 1.737682
1.192000 1.737914
1.193000 1.738147
1.194000 1.738381
1.195000 1.738615
1.196000 1.738850
1.197000 1.739086
1.198000 1.739323
1.199000 1.739560
1.200000 1.739798
1.201000 1.740037
1.202000 1.740277
1.203000 1.740517
1.204000 1.740758
1.205000 1.740999
1.206000 1.741242
1.207000 1.741485
1.208000 1.741729
1.209000 1.741973
1.210000 1.742218
1.211000 1.742464
1.212000 1.742711
1.213000 1.742958
1.214000 1.743206
1.215000 1.743455
1.216000 1.743704
1.217000 1.743954
1.218000 1.744205
1.219000 1.744456
1.220000 1.744708
1.221000 1.744961
1.222000 1.745214
1.223000 1.745468
1.224000 1.745723
1.225000 1.745978
1.226000 1.746234
1.227000 1.746490
1.228000 1.746748
1.229000 1.747006
1.230000 1.747264
1.231000 1.747523
1.232000 1.747783
1.233000 1.748043
1.234000 1.748304
1.235000 1.748566
1.236000 1.748828
1.237000 1.749091
1.238000 1.749354
1.239000 1.749618
1.240000 1.749883
1.241000 1.750148
1.242000 1.750414
1.243000 1.750680
1.244000 1.750947
1.245000 1.751215
1.246000 1.751483
1.247000 1.751752
1.248000 1.752021
1.249000 1.752291
1.250000 1.752561
1.251000 1.752832
1.252000 1.753104
1.253000 1.753376
1.254000 1.753649
1.255000 1.753922
1.256000 1.754196
1.257000 1.754470
1.258000 1.754745
1.259000 1.755020
1.260000 1.755296
1.261000 1.755573
1.262000 1.755850
1.263000 1.756128
1.264000 1.756406
1.265000 1.756684
1.266000 1.756964
1.267000 1.757243
1.268000 1.757524
1.269000 1.757804
1.270000 1.758086
1.271000 1.758367
1.272000 1.758650
1.273000 1.758932
1.274000 1.759216
1.275000 1.759499
1.276000 1.759784
1.277000 1.760069
1.278000 1.760354
1.279000 1.760640
1.280000 1.760926
1.281000 1.761213
1.282000 1.761500
1.283000 1.761787
1.284000 1.762076
1.285000 1.762364
1.286000 1.762653
1.287000 1.762943
1.288000 1.763233
1.289000 1.763524
1.290000 1.763815
1.291000 1.764106
1.292000 1.764398
1.293000 1.764690
1.294000 1.764983
1.295000 1.765276
1.296000 1.765570
1.297000 1.765864
1.298000 1.766159
1.299000 1.766454
1.300000 1.766749
1.301000 1.767045
1.302000 1.767341
1.303000 1.767638
1.304000 1.767935
1.305000 1.768233
1.306000 1.768531
1.307000 1.768829
1.308000 1.769128
1.309000 1.769428
1.310000 1.769727
1.311000 1.770027
1.312000 1.770328
1.313000 1.770629
1.314000 1.770930
1.315000 1.771232
1.316000 1.771534
1.317000 1.771837
1.318000 1.772139
1.319000 1.772443
1.320000 1.772746
1.321000 1.773051
1.322000 1.773355
1.323000 1.773660
1.324000 1.773965
1.325000 1.774271
1.326000 1.774577
1.327000 1.774883
1.328000 1.775190
1.329000 1.775497
1.330000 1.775805
1.331000 1.776112
1.332000 1.776421
1.333000 1.776729
1.334000 1.777038
1.335000 1.777347
1.336000 1.777657
1.337000 1.777967
1.338000 1.778277
1.339000 1.778588
1.340000 1.778899
1.341000 1.779211
1.342000 1.779522
1.343000 1.779835
1.344000 1.780147
1.345000 1.780460
1.346000 1.780773
1.347000 1.781086
1.348000 1.781400
1.349000 1.781714
1.350000 1.782029
1.351000 1.782343
1.352000 1.782659
1.353000 1.782974
1.354000 1.783290
1.355000 1.783606
1.356000 1.783922
1.357000 1.784239
1.358000 1.784556
1.359000 1.784873
1.360000 1.785191
1.361000 1.785509
1.362000 1.785827
1.363000 1.786145
1.364000 1.786464
1.365000 1.786783
1.366000 1.787103
1.367000 1.787422
1.368000 1.787742
1.369000 1.788063
1.370000 1.788383
1.371000 1.788704
1.372000 1.789025
1.373000 1.789347
1.374000 1.789669
1.375000 1.789991
1.376000 1.790313
1.377000 1.790636
1.378000 1.790958
1.379000 1.791282
1.380000 1.791605
1.381000 1.791929
1.382000 1.792253
1.383000 1.792577
1.384000 1.792901
1.385000 1.793226
1.386000 1.793551
1.387000 1.793876
1.388000 1.794202
1.389000 1.794528
1.390000 1.794854
1.391000 1.795180
1.392000 1.795507
1.393000 1.795833
1.394000 1.796160
1.395000 1.796488
1.396000 1.796815
1.397000 1.797143
1.398000 1.797471
1.399000 1.797799
1.400000 1.798128
1.401000 1.798457
1.402000 1.798786
1.403000 1.799115
1.404000 1.799444
1.405000 1.799774
1.406000 1.800104
1.407000 1.800434
1.408000 1.800764
1.409000 1.801095
1.410000 1.801426
1.411000 1.801757
1.412000 1.802088
1.413000 1.802420
1.414000 1.802751
1.415000 1.803083
1.416000 1.803415
1.417000 1.803748
1.418000 1.804080
1.419000 1.804413
1.420000 1.804746
1.421000 1.805079
1.422000 1.805413
1.423000 1.805746
1.424000 1.806080
1.425000 1.806414
1.426000 1.806748
1.427000 1.807083
1.428000 1.807417
1.429000 1.807752
1.430000 1.808087
1.431000 1.808422
1.432000 1.808758
1.433000 1.809093
1.434000 1.809429
1.435000 1.809765
1.436000 1.810101
1.437000 1.810438
1.438000 1.810774
1.439000 1.811111
1.440000 1.811448
1.441000 1.811785
1.442000 1.812122
1.443000 1.812459
1.444000 1.812797
1.445000 1.813135
1.446000 1.813473
1.447000 1.813811
1.448000 1.814149
1.449000 1.814488
1.450000 1.814826
1.451000 1.815165
1.452000 1.815504
1.453000 1.815843
1.454000 1.816182
1.455000 1.816522
1.456000 1.816861
1.457000 1.817201
1.458000 1.817541
1.459000 1.817881
1.460000 1.818221
1.461000 1.818562
1.462000 1.818902
1.463000 1.819243
1.464000 1.819584
1.465000 1.819925
1.466000 1.820266
1.467000 1.820607
1.468000 1.820949
1.469000 1.821290
1.470000 1.821632
1.471000 1.821974
1.472000 1.822316
1.473000 1.822658
1.474000 1.823001
1.475000 1.823343
1.476000 1.823686
1.477000 1.824028
1.478000 1.824371
1.479000 1.824714
1.480000 1.825057
1.481000 1.825400
1.482000 1.825744
1.483000 1.826087
1.484000 1.826431
1.485000 1.826775
1.486000 1.827119
1.487000 1.827463
1.488000 1.827807
1.489000 1.828151
1.490000 1.828495
1.491000 1.828840
1.492000 1.829184
1.493000 1.829529
1.494000 1.829874
1.495000 1.830219
1.496000 1.830564
1.497000 1.830909
1.498000 1.831254
1.499000 1.831600
1.500000 1.831945
1.501000 1.832291
1.502000 1.832637
1.503000 1.832983
1.504000 1.833329
1.505000 1.833675
1.506000 1.834021
1.507000 1.834367
1.508000 1.834713
1.509000 1.835060
1.510000 1.835407
1.511000 1.835753
1.512000 1.836100
1.513000 1.836447
1.514000 1.836794
1.515000 1.837141
1.516000 1.837488
1.517000 1.837835
1.518000 1.838183
1.519000 1.838530
1.520000 1.838878
1.521000 1.839225
1.522000 1.839573
1.523000 1.839921
1.524000 1.840269
1.525000 1.840617
1.526000 1.840965
1.527000 1.841313
1.528000 1.841661
1.529000 1.842009
1.530000 1.842358
1.531000 1.842706
1.532000 1.843055
1.533000 1.843403
1.534000 1.843752
1.535000 1.844101
1.536000 1.844450
1.537000 1.844799
1.538000 1.845148
1.539000 1.845497
1.540000 1.845846
1.541000 1.846195
1.542000 1.846545
1.543000 1.846894
1.544000 1.847243
1.545000 1.847593
1.546000 1.847943
1.547000 1.848292
1.548000 1.848642
1.549000 1.848992
1.550000 1.849342
1.551000 1.849691
1.552000 1.850041
1.553000 1.850391
1.554000 1.850742
1.555000 1.851092
1.556000 1.851442
1.557000 1.851792
1.558000 1.852143
1.559000 1.852493
1.560000 1.852843
1.561000 1.853194
1.562000 1.853544
1.563000 1.853895
1.564000 1.854246
1.565000 1.854596
1.566000 1.854947
1.567000 1.855298
1.568000 1.855649
1.569000 1.856000
1.570000 1.856351
1.571000 1.856702
1.572000 1.857053
1.573000 1.857404
1.574000 1.857755
1.575000 1.858106
1.576000 1.858458
1.577000 1.858809
1.578000 1.859160
1.579000 1.859512
1.580000 1.859863
1.581000 1.860215
1.582000 1.860566
1.583000 1.860918
1.584000 1.861269
1.585000 1.861621
1.586000 1.861972
1.587000 1.862324
1.588000 1.862676
1.589000 1.863028
1.590000 1.863379
1.591000 1.863731
1.592000 1.864083
1.593000 1.864435
1.594000 1.864787
1.595000 1.865139
1.596000 1.865491
1.597000 1.865843
1.598000 1.866195
1.599000 1.866547
1.600000 1.866899
1.601000 1.867251
1.602000 1.867603
1.603000 1.867956
1.604000 1.868308
1.605000 1.868660
1.606000 1.869012
1.607000 1.869364
1.608000 1.869717
1.609000 1.870069
1.610000 1.870421
1.611000 1.870774
1.612000 1.871126
1.613000 1.871479
1.614000 1.871831
1.615000 1.872183
1.616000 1.872536
1.617000 1.872888
1.618000 1.873241
1.619000 1.873593
1.620000 1.873946
1.621000 1.874298
1.622000 1.874651
1.623000 1.875003
1.624000 1.875356
1.625000 1.875709
1.626000 1.876061
1.627000 1.876414
1.628000 1.876766
1.629000 1.877119
1.630000 1.877472
1.631000 1.877824
1.632000 1.878177
1.633000 1.878530
1.634000 1.878882
1.635000 1.879235
1.636000 1.879588
1.637000 1.879940
1.638000 1.880293
1.639000 1.880646
1.640000 1.880998
1.641000 1.881351
1.642000 1.881704
1.643000 1.882056
1.644000 1.882409
1.645000 1.882762
1.646000 1.883114
1.647000 1.883467
1.648000 1.883820
1.649000 1.884173
1.650000 1.884525
1.651000 1.884878
1.652000 1.885231
1.653000 1.885583
1.654000 1.885936
1.655000 1.886289
1.656000 1.886641
1.657000 1.886994
1.658000 1.887347
1.659000 1.887699
1.660000 1.888052
1.661000 1.888405
1.662000 1.888757
1.663000 1.889110
1.664000 1.889462
1.665000 1.889815
1.666000 1.890168
1.667000 1.890520
1.668000 1.890873
1.669000 1.891225
1.670000 1.891578
1.671000 1.891930
1.672000 1.892283
1.673000 1.892635
1.674000 1.892988
1.675000 1.893340
1.676000 1.893693
1.677000 1.894045
1.678000 1.894398
1.679000 1.894750
1.680000 1.895102
1.681000 1.895455
1.682000 1.895807
1.683000 1.896160
1.684000 1.896512
1.685000 1.896864
1.686000 1.897216
1.687000 1.897569
1.688000 1.897921
1.689000 1.898273
1.690000 1.898625
1.691000 1.898978
1.692000 1.899330
1.693000 1.899682
1.694000 1.900034
1.695000 1.900386
1.696000 1.900738
1.697000 1.901090
1.698000 1.901442
1.699000 1.901794
1.700000 1.902146
1.701000 1.902498
1.702000 1.902850
1.703000 1.903202
1.704000 1.903554
1.705000 1.903905
1.706000 1.904257
1.707000 1.904609
1.708000 1.904961
1.709000 1.905312
1.710000 1.905664
1.711000 1.906016
1.712000 1.906367
1.713000 1.906719
1.714000 1.907071
1.715000 1.907422
1.716000 1.907774
1.717000 1.908125
1.718000 1.908476
1.719000 1.908828
1.720000 1.909179
1.721000 1.909531
1.722000 1.909882
1.723000 1.910233
1.724000 1.910584
1.725000 1.910936
1.726000 1.911287
1.727000 1.911638
1.728000 1.911989
1.729000 1.912340
1.730000 1.912691
1.731000 1.913042
1.732000 1.913393
1.733000 1.913744
1.734000 1.914095
1.735000 1.914445
1.736000 1.914796
1.737000 1.915147
1.738000 1.915498
1.739000 1.915848
1.740000 1.916199
1.741000 1.916549
1.742000 1.916900
1.743000 1.917250
1.744000 1.917601
1.745000 1.917951
1.746000 1.918302
1.747000 1.918652
1.748000 1.919002
1.749000 1.919352
1.750000 1.919703
1.751000 1.920053
1.752000 1.920403
1.753000 1.920753
1.754000 1.921103
1.755000 1.921453
1.756000 1.921803
1.757000 1.922153
1.758000 1.922502
1.759000 1.922852
1.760000 1.923202
1.761000 1.923552
1.762000 1.923901
1.763000 1.924251
1.764000 1.924600
1.765000 1.924950
1.766000 1.925299
1.767000 1.925649
1.768000 1.925998
1.769000 1.926347
1.770000 1.926696
1.771000 1.927046
1.772000 1.927395
1.773000 1.927744
1.774000 1.928093
1.775000 1.928442
1.776000 1.928791
1.777000 1.929139
1.778000 1.929488
1.779000 1.929837
1.780000 1.930186
1.781000 1.930534
1.782000 1.930883
1.783000 1.931231
1.784000 1.931580
1.785000 1.931928
1.786000 1.932277
1.787000 1.932625
1.788000 1.932973
1.789000 1.933322
1.790000 1.933670
1.791000 1.934018
1.792000 1.934366
1.793000 1.934714
1.794000 1.935062
1.795000 1.935410
1.796000 1.935757
1.797000 1.936105
1.798000 1.936453
1.799000 1.936800
1.800000 1.937148
1.801000 1.937496
1.802000 1.937843
1.803000 1.938190
1.804000 1.938538
1.805000 1.938885
1.806000 1.939232
1.807000 1.939579
1.808000 1.939926
1.809000 1.940273
1.810000 1.940620
1.811000 1.940967
1.812000 1.941314
1.813000 1.941661
1.814000 1.942008
1.815000 1.942354
1.816000 1.942701
1.817000 1.943047
1.818000 1.943394
1.819000 1.943740
1.820000 1.944087
1.821000 1.944433
1.822000 1.944779
1.823000 1.945125
1.824000 1.945471
1.825000 1.945817
1.826000 1.946163
1.827000 1.946509
1.828000 1.946855
1.829000 1.947201
1.830000 1.947546
1.831000 1.947892
1.832000 1.948238
1.833000 1.948583
1.834000 1.948928
1.835000 1.949274
1.836000 1.949619
1.837000 1.949964
1.838000 1.950309
1.839000 1.950654
1.840000 1.950999
1.841000 1.951344
1.842000 1.951689
1.843000 1.952034
1.844000 1.952379
1.845000 1.952723
1.846000 1.953068
1.847000 1.953413
1.848000 1.953757
1.849000 1.954101
1.850000 1.954446
1.851000 1.954790
1.852000 1.955134
1.853000 1.955478
1.854000 1.955822
1.855000 1.956166
1.856000 1.956510
1.857000 1.956854
1.858000 1.957198
1.859000 1.957541
1.860000 1.957885
1.861000 1.958228
1.862000 1.958572
1.863000 1.958915
1.864000 1.959258
1.865000 1.959602
1.866000 1.959945
1.867000 1.960288
1.868000 1.960631
1.869000 1.960974
1.870000 1.961317
1.871000 1.961659
1.872000 1.962002
1.873000 1.962345
1.874000 1.962687
1.875000 1.963030
1.876000 1.963372
1.877000 1.963715
1.878000 1.964057
1.879000 1.964399
1.880000 1.964741
1.881000 1.965083
1.882000 1.965425
1.883000 1.965767
1.884000 1.966109
1.885000 1.966450
1.886000 1.966792
1.887000 1.967134
1.888000 1.967475
1.889000 1.967817
1.890000 1.968158
1.891000 1.968499
1.892000 1.968840
1.893000 1.969181
1.894000 1.969522
1.895000 1.969863
1.896000 1.970204
1.897000 1.970545
1.898000 1.970886
1.899000 1.971226
1.900000 1.971567
1.901000 1.971907
1.902000 1.972248
1.903000 1.972588
1.904000 1.972928
1.905000 1.973268
1.906000 1.973608
1.907000 1.973948
1.908000 1.974288
1.909000 1.974628
1.910000 1.974968
1.911000 1.975308
1.912000 1.975647
1.913000 1.975987
1.914000 1.976326
1.915000 1.976665
1.916000 1.977005
1.917000 1.977344
1.918000 1.977683
1.919000 1.978022
1.920000 1.978361
1.921000 1.978700
1.922000 1.979038
1.923000 1.979377
1.924000 1.979716
1.925000 1.980054
1.926000 1.980393
1.927000 1.980731
1.928000 1.981069
1.929000 1.981407
1.930000 1.981745
1.931000 1.982083
1.932000 1.982421
1.933000 1.982759
1.934000 1.983097
1.935000 1.983435
1.936000 1.983772
1.937000 1.984110
1.938000 1.984447
1.939000 1.984784
1.940000 1.985122
1.941000 1.985459
1.942000 1.985796
1.943000 1.986133
1.944000 1.986470
1.945000 1.986807
1.946000 1.987143
1.947000 1.987480
1.948000 1.987817
1.949000 1.988153
1.950000 1.988489
1.951000 1.988826
1.952000 1.989162
1.953000 1.989498
1.954000 1.989834
1.955000 1.990170
1.956000 1.990506
1.957000 1.990842
1.958000 1.991177
1.959000 1.991513
1.960000 1.991848
1.961000 1.992184
1.962000 1.992519
1.963000 1.992855
1.964000 1.993190
1.965000 1.993525
1.966000 1.993860
1.967000 1.994195
1.968000 1.994529
1.969000 1.994864
1.970000 1.995199
1.971000 1.995533
1.972000 1.995868
1.973000 1.996202
1.974000 1.996537
1.975000 1.996871
1.976000 1.997205
1.977000 1.997539
1.978000 1.997873
1.979000 1.998207
1.980000 1.998540
1.981000 1.998874
1.982000 1.999208
1.983000 1.999541
1.984000 1.999874
1.985000 2.000208
1.986000 2.000541
1.987000 2.000874
1.988000 2.001207
1.989000 2.001540
1.990000 2.001873
1.991000 2.002206
1.992000 2.002538
1.993000 2.002871
1.994000 2.003203
1.995000 2.003536
1.996000 2.003868
1.997000 2.004200
1.998000 2.004532
1.999000 2.004864
2.000000 2.005196
2.001000 2.005528
2.002000 2.005860
2.003000 2.006192
2.004000 2.006523
2.005000 2.006855
2.006000 2.007186
2.007000 2.007517
2.008000 2.007849
2.009000 2.008180
2.010000 2.008511
2.011000 2.008842
2.012000 2.009173
2.013000 2.009503
2.014000 2.009834
2.015000 2.010165
2.016000 2.010495
2.017000 2.010825
2.018000 2.011156
2.019000 2.011486
2.020000 2.011816
2.021000 2.012146
2.022000 2.012476
2.023000 2.012806
2.024000 2.013135
2.025000 2.013465
2.026000 2.013795
2.027000 2.014124
2.028000 2.014453
2.029000 2.014783
2.030000 2.015112
2.031000 2.015441
2.032000 2.015770
2.033000 2.016099
2.034000 2.016428
2.035000 2.016756
2.036000 2.017085
2.037000 2.017413
2.038000 2.017742
2.039000 2.018070
2.040000 2.018398
2.041000 2.018727
2.042000 2.019055
2.043000 2.019383
2.044000 2.019710
2.045000 2.020038
2.046000 2.020366
2.047000 2.020693
2.048000 2.021021
2.049000 2.021348
2.050000 2.021676
2.051000 2.022003
2.052000 2.022330
2.053000 2.022657
2.054000 2.022984
2.055000 2.023311
2.056000 2.023637
2.057000 2.023964
2.058000 2.024290
2.059000 2.024617
2.060000 2.024943
2.061000 2.025269
2.062000 2.025596
2.063000 2.025922
2.064000 2.026248
2.065000 2.026573
2.066000 2.026899
2.067000 2.027225
2.068000 2.027550
2.069000 2.027876
2.070000 2.028201
2.071000 2.028526
2.072000 2.028852
2.073000 2.029177
2.074000 2.029502
2.075000 2.029827
2.076000 2.030151
2.077000 2.030476
2.078000 2.030801
2.079000 2.031125
2.080000 2.031450
2.081000 2.031774
2.082000 2.032098
2.083000 2.032422
2.084000 2.032746
2.085000 2.033070
2.086000 2.033394
2.087000 2.033718
2.088000 2.034042
2.089000 2.034365
2.090000 2.034689
2.091000 2.035012
2.092000 2.035335
2.093000 2.035658
2.094000 2.035981
2.095000 2.036304
2.096000 2.036627
2.097000 2.036950
2.098000 2.037273
2.099000 2.037595
2.100000 2.037918
2.101000 2.038240
2.102000 2.038562
2.103000 2.038884
2.104000 2.039207
2.105000 2.039529
2.106000 2.039850
2.107000 2.040172
2.108000 2.040494
2.109000 2.040816
2.110000 2.041137
2.111000 2.041458
2.112000 2.041780
2.113000 2.042101
2.114000 2.042422
2.115000 2.042743
2.116000 2.043064
2.117000 2.043385
2.118000 2.043706
2.119000 2.044026
2.120000 2.044347
2.121000 2.044667
2.122000 2.044987
2.123000 2.045308
2.124000 2.045628
2.125000 2.045948
2.126000 2.046268
2.127000 2.046588
2.128000 2.046907
2.129000 2.047227
2.130000 2.047546
2.131000 2.047866
2.132000 2.048185
2.133000 2.048505
2.134000 2.048824
2.135000 2.049143
2.136000 2.049462
2.137000 2.049781
2.138000 2.050099
2.139000 2.050418
2.140000 2.050736
2.141000 2.051055
2.142000 2.051373
2.143000 2.051692
2.144000 2.052010
2.145000 2.052328
2.146000 2.052646
2.147000 2.052964
2.148000 2.053281
2.149000 2.053599
2.150000 2.053917
2.151000 2.054234
2.152000 2.054551
2.153000 2.054869
2.154000 2.055186
2.155000 2.055503
2.156000 2.055820
2.157000 2.056137
2.158000 2.056454
2.159000 2.056770
2.160000 2.057087
2.161000 2.057403
2.162000 2.057720
2.163000 2.058036
2.164000 2.058352
2.165000 2.058668
2.166000 2.058984
2.167000 2.059300
2.168000 2.059616
2.169000 2.059932
2.170000 2.060247
2.171000 2.060563
2.172000 2.060878
2.173000 2.061193
2.174000 2.061509
2.175000 2.061824
2.176000 2.062139
2.177000 2.062454
2.178000 2.062768
2.179000 2.063083
2.180000 2.063398
2.181000 2.063712
2.182000 2.064027
2.183000 2.064341
2.184000 2.064655
2.185000 2.064969
2.186000 2.065283
2.187000 2.065597
2.188000 2.065911
2.189000 2.066225
2.190000 2.066538
2.191000 2.066852
2.192000 2.067165
2.193000 2.067478
2.194000 2.067792
2.195000 2.068105
2.196000 2.068418
2.197000 2.068731
2.198000 2.069043
2.199000 2.069356
2.200000 2.069669
2.201000 2.069981
2.202000 2.070294
2.203000 2.070606
2.204000 2.070918
2.205000 2.071230
2.206000 2.071542
2.207000 2.071854
2.208000 2.072166
2.209000 2.072478
2.210000 2.072789
2.211000 2.073101
2.212000 2.073412
2.213000 2.073723
2.214000 2.074035
2.215000 2.074346
2.216000 2.074657
2.217000 2.074968
2.218000 2.075278
2.219000 2.075589
2.220000 2.075900
2.221000 2.076210
2.222000 2.076521
2.223000 2.076831
2.224000 2.077141
2.225000 2.077451
2.226000 2.077761
2.227000 2.078071
2.228000 2.078381
2.229000 2.078691
2.230000 2.079000
2.231000 2.079310
2.232000 2.079619
2.233000 2.079929
2.234000 2.080238
2.235000 2.080547
2.236000 2.080856
2.237000 2.081165
2.238000 2.081474
2.239000 2.081782
2.240000 2.082091
2.241000 2.082400
2.242000 2.082708
2.243000 2.083016
2.244000 2.083325
2.245000 2.083633
2.246000 2.083941
2.247000 2.084249
2.248000 2.084556
2.249000 2.084864
2.250000 2.085172
2.251000 2.085479
2.252000 2.085787
2.253000 2.086094
2.254000 2.086401
2.255000 2.086708
2.256000 2.087015
2.257000 2.087322
2.258000 2.087629
2.259000 2.087936
2.260000 2.088242
2.261000 2.088549
2.262000 2.088855
2.263000 2.089162
2.264000 2.089468
2.265000 2.089774
2.266000 2.090080
2.267000 2.090386
2.268000 2.090692
2.269000 2.090997
2.270000 2.091303
2.271000 2.091609
2.272000 2.091914
2.273000 2.092219
2.274000 2.092525
2.275000 2.092830
2.276000 2.093135
2.277000 2.093440
2.278000 2.093744
2.279000 2.094049
2.280000 2.094354
2.281000 2.094658
2.282000 2.094963
2.283000 2.095267
2.284000 2.095571
2.285000 2.095875
2.286000 2.096179
2.287000 2.096483
2.288000 2.096787
2.289000 2.097091
2.290000 2.097395
2.291000 2.097698
2.292000 2.098002
2.293000 2.098305
2.294000 2.098608
2.295000 2.098911
2.296000 2.099214
2.297000 2.099517
2.298000 2.099820
2.299000 2.100123
2.300000 2.100425
2.301000 2.100728
2.302000 2.101030
2.303000 2.101333
2.304000 2.101635
2.305000 2.101937
2.306000 2.102239
2.307000 2.102541
2.308000 2.102843
2.309000 2.103145
2.310000 2.103446
2.311000 2.103748
2.312000 2.104049
2.313000 2.104351
2.314000 2.104652
2.315000 2.104953
2.316000 2.105254
2.317000 2.105555
2.318000 2.105856
2.319000 2.106156
2.320000 2.106457
2.321000 2.106758
2.322000 2.107058
2.323000 2.107358
2.324000 2.107659
2.325000 2.107959
2.326000 2.108259
2.327000 2.108559
2.328000 2.108859
2.329000 2.109158
2.330000 2.109458
2.331000 2.109758
2.332000 2.110057
2.333000 2.110356
2.334000 2.110656
2.335000 2.110955
2.336000 2.111254
2.337000 2.111553
2.338000 2.111852
2.339000 2.112150
2.340000 2.112449
2.341000 2.112748
2.342000 2.113046
2.343000 2.113345
2.344000 2.113643
2.345000 2.113941
2.346000 2.114239
2.347000 2.114537
2.348000 2.114835
2.349000 2.115133
2.350000 2.115430
2.351000 2.115728
2.352000 2.116025
2.353000 2.116323
2.354000 2.116620
2.355000 2.116917
2.356000 2.117214
2.357000 2.117511
2.358000 2.117808
2.359000 2.118105
2.360000 2.118402
2.361000 2.118698
2.362000 2.118995
2.363000 2.119291
2.364000 2.119587
2.365000 2.119884
2.366000 2.120180
2.367000 2.120476
2.368000 2.120772
2.369000 2.121067
2.370000 2.121363
2.371000 2.121659
2.372000 2.121954
2.373000 2.122250
2.374000 2.122545
2.375000 2.122840
2.376000 2.123135
2.377000 2.123430
2.378000 2.123725
2.379000 2.124020
2.380000 2.124315
2.381000 2.124609
2.382000 2.124904
2.383000 2.125198
2.384000 2.125493
2.385000 2.125787
2.386000 2.126081
2.387000 2.126375
2.388000 2.126669
2.389000 2.126963
2.390000 2.127256
2.391000 2.127550
2.392000 2.127844
2.393000 2.128137
2.394000 2.128430
2.395000 2.128724
2.396000 2.129017
2.397000 2.129310
2.398000 2.129603
2.399000 2.129896
2.400000 2.130188
2.401000 2.130481
2.402000 2.130774
2.403000 2.131066
2.404000 2.131358
2.405000 2.131651
2.406000 2.131943
2.407000 2.132235
2.408000 2.132527
2.409000 2.132819
2.410000 2.133111
2.411000 2.133402
2.412000 2.133694
2.413000 2.133985
2.414000 2.134277
2.415000 2.134568
2.416000 2.134859
2.417000 2.135150
2.418000 2.135441
2.419000 2.135732
2.420000 2.136023
2.421000 2.136314
2.422000 2.136604
2.423000 2.136895
2.424000 2.137185
2.425000 2.137476
2.426000 2.137766
2.427000 2.138056
2.428000 2.138346
2.429000 2.138636
2.430000 2.138926
2.431000 2.139215
2.432000 2.139505
2.433000 2.139795
2.434000 2.140084
2.435000 2.140373
2.436000 2.140663
2.437000 2.140952
2.438000 2.141241
2.439000 2.141530
2.440000 2.141819
2.441000 2.142107
2.442000 2.142396
2.443000 2.142685
2.444000 2.142973
2.445000 2.143261
2.446000 2.143550
2.447000 2.143838
2.448000 2.144126
2.449000 2.144414
2.450000 2.144702
2.451000 2.144990
2.452000 2.145277
2.453000 2.145565
2.454000 2.145853
2.455000 2.146140
2.456000 2.146427
2.457000 2.146714
2.458000 2.147002
2.459000 2.147289
2.460000 2.147576
2.461000 2.147862
2.462000 2.148149
2.463000 2.148436
2.464000 2.148722
2.465000 2.149009
2.466000 2.149295
2.467000 2.149581
2.468000 2.149868
2.469000 2.150154
2.470000 2.150440
2.471000 2.150725
2.472000 2.151011
2.473000 2.151297
2.474000 2.151582
2.475000 2.151868
2.476000 2.152153
2.477000 2.152439
2.478000 2.152724
2.479000 2.153009
2.480000 2.153294
2.481000 2.153579
2.482000 2.153864
2.483000 2.154148
2.484000 2.154433
2.485000 2.154718
2.486000 2.155002
2.487000 2.155286
2.488000 2.155571
2.489000 2.155855
2.490000 2.156139
2.491000 2.156423
2.492000 2.156707
2.493000 2.156990
2.494000 2.157274
2.495000 2.157558
2.496000 2.157841
2.497000 2.158125
2.498000 2.158408
2.499000 2.158691
2.500000 2.158974
2.501000 2.159257
2.502000 2.159540
2.503000 2.159823
2.504000 2.160106
2.505000 2.160388
2.506000 2.160671
2.507000 2.160953
2.508000 2.161236
2.509000 2.161518
2.510000 2.161800
2.511000 2.162082
2.512000 2.162364
2.513000 2.162646
2.514000 2.162928
2.515000 2.163209
2.516000 2.163491
2.517000 2.163772
2.518000 2.164054
2.519000 2.164335
2.520000 2.164616
2.521000 2.164897
2.522000 2.165178
2.523000 2.165459
2.524000 2.165740
2.525000 2.166021
2.526000 2.166301
2.527000 2.166582
2.528000 2.166862
2.529000 2.167143
2.530000 2.167423
2.531000 2.167703
2.532000 2.167983
2.533000 2.168263
2.534000 2.168543
2.535000 2.168823
2.536000 2.169103
2.537000 2.169382
2.538000 2.169662
2.539000 2.169941
2.540000 2.170220
2.541000 2.170500
2.542000 2.170779
2.543000 2.171058
2.544000 2.171337
2.545000 2.171616
2.546000 2.171894
2.547000 2.172173
2.548000 2.172452
2.549000 2.172730
2.550000 2.173009
2.551000 2.173287
2.552000 2.173565
2.553000 2.173843
2.554000 2.174121
2.555000 2.174399
2.556000 2.174677
2.557000 2.174955
2.558000 2.175232
2.559000 2.175510
2.560000 2.175787
2.561000 2.176065
2.562000 2.176342
2.563000 2.176619
2.564000 2.176896
2.565000 2.177173
2.566000 2.177450
2.567000 2.177727
2.568000 2.178003
2.569000 2.178280
2.570000 2.178557
2.571000 2.178833
2.572000 2.179109
2.573000 2.179386
2.574000 2.179662
2.575000 2.179938
2.576000 2.180214
2.577000 2.180490
2.578000 2.180765
2.579000 2.181041
2.580000 2.181317
2.581000 2.181592
2.582000 2.181868
2.583000 2.182143
2.584000 2.182418
2.585000 2.182693
2.586000 2.182968
2.587000 2.183243
2.588000 2.183518
2.589000 2.183793
2.590000 2.184068
2.591000 2.184342
2.592000 2.184617
2.593000 2.184891
2.594000 2.185165
2.595000 2.185439
2.596000 2.185714
2.597000 2.185988
2.598000 2.186262
2.599000 2.186535
2.600000 2.186809
2.601000 2.187083
2.602000 2.187356
2.603000 2.187630
2.604000 2.187903
2.605000 2.188177
2.606000 2.188450
2.607000 2.188723
2.608000 2.188996
2.609000 2.189269
2.610000 2.189542
2.611000 2.189814
2.612000 2.190087
2.613000 2.190360
2.614000 2.190632
2.615000 2.190904
2.616000 2.191177
2.617000 2.191449
2.618000 2.191721
2.619000 2.191993
2.620000 2.192265
2.621000 2.192537
2.622000 2.192808
2.623000 2.193080
2.624000 2.193352
2.625000 2.193623
2.626000 2.193894
2.627000 2.194166
2.628000 2.194437
2.629000 2.194708
2.630000 2.194979
2.631000 2.195250
2.632000 2.195521
2.633000 2.195791
2.634000 2.196062
2.635000 2.196333
2.636000 2.196603
2.637000 2.196874
2.638000 2.197144
2.639000 2.197414
2.640000 2.197684
2.641000 2.197954
2.642000 2.198224
2.643000 2.198494
2.644000 2.198764
2.645000 2.199033
2.646000 2.199303
2.647000 2.199572
2.648000 2.199842
2.649000 2.200111
2.650000 2.200380
2.651000 2.200649
2.652000 2.200918
2.653000 2.201187
2.654000 2.201456
2.655000 2.201725
2.656000 2.201993
2.657000 2.202262
2.658000 2.202530
2.659000 2.202799
2.660000 2.203067
2.661000 2.203335
2.662000 2.203604
2.663000 2.203872
2.664000 2.204139
2.665000 2.204407
2.666000 2.204675
2.667000 2.204943
2.668000 2.205210
2.669000 2.205478
2.670000 2.205745
2.671000 2.206013
2.672000 2.206280
2.673000 2.206547
2.674000 2.206814
2.675000 2.207081
2.676000 2.207348
2.677000 2.207615
2.678000 2.207881
2.679000 2.208148
2.680000 2.208414
2.681000 2.208681
2.682000 2.208947
2.683000 2.209213
2.684000 2.209480
2.685000 2.209746
2.686000 2.210012
2.687000 2.210277
2.688000 2.210543
2.689000 2.210809
2.690000 2.211075
2.691000 2.211340
2.692000 2.211606
2.693000 2.211871
2.694000 2.212136
2.695000 2.212401
2.696000 2.212666
2.697000 2.212931
2.698000 2.213196
2.699000 2.213461
2.700000 2.213726
2.701000 2.213991
2.702000 2.214255
2.703000 2.214520
2.704000 2.214784
2.705000 2.215048
2.706000 2.215313
2.707000 2.215577
2.708000 2.215841
2.709000 2.216105
2.710000 2.216369
2.711000 2.216632
2.712000 2.216896
2.713000 2.217160
2.714000 2.217423
2.715000 2.217686
2.716000 2.217950
2.717000 2.218213
2.718000 2.218476
2.719000 2.218739
2.720000 2.219002
2.721000 2.219265
2.722000 2.219528
2.723000 2.219791
2.724000 2.220053
2.725000 2.220316
2.726000 2.220578
2.727000 2.220841
2.728000 2.221103
2.729000 2.221365
2.730000 2.221627
2.731000 2.221889
2.732000 2.222151
2.733000 2.222413
2.734000 2.222675
2.735000 2.222937
2.736000 2.223198
2.737000 2.223460
2.738000 2.223721
2.739000 2.223982
2.740000 2.224244
2.741000 2.224505
2.742000 2.224766
2.743000 2.225027
2.744000 2.225288
2.745000 2.225548
2.746000 2.225809
2.747000 2.226070
2.748000 2.226330
2.749000 2.226591
2.750000 2.226851
2.751000 2.227111
2.752000 2.227372
2.753000 2.227632
2.754000 2.227892
2.755000 2.228152
2.756000 2.228412
2.757000 2.228671
2.758000 2.228931
2.759000 2.229191
2.760000 2.229450
2.761000 2.229710
2.762000 2.229969
2.763000 2.230228
2.764000 2.230487
2.765000 2.230746
2.766000 2.231005
2.767000 2.231264
2.768000 2.231523
2.769000 2.231782
2.770000 2.232041
2.771000 2.232299
2.772000 2.232558
2.773000 2.232816
2.774000 2.233074
2.775000 2.233333
2.776000 2.233591
2.777000 2.233849
2.778000 2.234107
2.779000 2.234365
2.780000 2.234622
2.781000 2.234880
2.782000 2.235138
2.783000 2.235395
2.784000 2.235653
2.785000 2.235910
2.786000 2.236167
2.787000 2.236425
2.788000 2.236682
2.789000 2.236939
2.790000 2.237196
2.791000 2.237453
2.792000 2.237709
2.793000 2.237966
2.794000 2.238223
2.795000 2.238479
2.796000 2.238736
2.797000 2.238992
2.798000 2.239248
2.799000 2.239504
2.800000 2.239760
2.801000 2.240016
2.802000 2.240272
2.803000 2.240528
2.804000 2.240784
2.805000 2.241040
2.806000 2.241295
2.807000 2.241551
2.808000 2.241806
2.809000 2.242062
2.810000 2.242317
2.811000 2.242572
2.812000 2.242827
2.813000 2.243082
2.814000 2.243337
2.815000 2.243592
2.816000 2.243847
2.817000 2.244101
2.818000 2.244356
2.819000 2.244610
2.820000 2.244865
2.821000 2.245119
2.822000 2.245373
2.823000 2.245628
2.824000 2.245882
2.825000 2.246136
2.826000 2.246390
2.827000 2.246643
2.828000 2.246897
2.829000 2.247151
2.830000 2.247404
2.831000 2.247658
2.832000 2.247911
2.833000 2.248165
2.834000 2.248418
2.835000 2.248671
2.836000 2.248924
2.837000 2.249177
2.838000 2.249430
2.839000 2.249683
2.840000 2.249936
2.841000 2.250188
2.842000 2.250441
2.843000 2.250693
2.844000 2.250946
2.845000 2.251198
2.846000 2.251450
2.847000 2.251702
2.848000 2.251955
2.849000 2.252207
2.850000 2.252458
2.851000 2.252710
2.852000 2.252962
2.853000 2.253214
2.854000 2.253465
2.855000 2.253717
2.856000 2.253968
2.857000 2.254220
2.858000 2.254471
2.859000 2.254722
2.860000 2.254973
2.861000 2.255224
2.862000 2.255475
2.863000 2.255726
2.864000 2.255977
2.865000 2.256227
2.866000 2.256478
2.867000 2.256729
2.868000 2.256979
2.869000 2.257229
2.870000 2.257480
2.871000 2.257730
2.872000 2.257980
2.873000 2.258230
2.874000 2.258480
2.875000 2.258730
2.876000 2.258980
2.877000 2.259229
2.878000 2.259479
2.879000 2.259728
2.880000 2.259978
2.881000 2.260227
2.882000 2.260477
2.883000 2.260726
2.884000 2.260975
2.885000 2.261224
2.886000 2.261473
2.887000 2.261722
2.888000 2.261971
2.889000 2.262219
2.890000 2.262468
2.891000 2.262717
2.892000 2.262965
2.893000 2.263213
2.894000 2.263462
2.895000 2.263710
2.896000 2.263958
2.897000 2.264206
2.898000 2.264454
2.899000 2.264702
2.900000 2.264950
2.901000 2.265198
2.902000 2.265445
2.903000 2.265693
2.904000 2.265941
2.905000 2.266188
2.906000 2.266435
2.907000 2.266683
2.908000 2.266930
2.909000 2.267177
2.910000 2.267424
2.911000 2.267671
2.912000 2.267918
2.913000 2.268165
2.914000 2.268411
2.915000 2.268658
2.916000 2.268904
2.917000 2.269151
2.918000 2.269397
2.919000 2.269644
2.920000 2.269890
2.921000 2.270136
2.922000 2.270382
2.923000 2.270628
2.924000 2.270874
2.925000 2.271120
2.926000 2.271366
2.927000 2.271611
2.928000 2.271857
2.929000 2.272102
2.930000 2.272348
2.931000 2.272593
2.932000 2.272838
2.933000 2.273084
2.934000 2.273329
2.935000 2.273574
2.936000 2.273819
2.937000 2.274064
2.938000 2.274308
2.939000 2.274553
2.940000 2.274798
2.941000 2.275042
2.942000 2.275287
2.943000 2.275531
2.944000 2.275776
2.945000 2.276020
2.946000 2.276264
2.947000 2.276508
2.948000 2.276752
2.949000 2.276996
2.950000 2.277240
2.951000 2.277484
2.952000 2.277727
2.953000 2.277971
2.954000 2.278214
2.955000 2.278458
2.956000 2.278701
2.957000 2.278945
2.958000 2.279188
2.959000 2.279431
2.960000 2.279674
2.961000 2.279917
2.962000 2.280160
2.963000 2.280403
2.964000 2.280645
2.965000 2.280888
2.966000 2.281131
2.967000 2.281373
2.968000 2.281616
2.969000 2.281858
2.970000 2.282100
2.971000 2.282342
2.972000 2.282585
2.973000 2.282827
2.974000 2.283069
2.975000 2.283310
2.976000 2.283552
2.977000 2.283794
2.978000 2.284036
2.979000 2.284277
2.980000 2.284519
2.981000 2.284760
2.982000 2.285001
2.983000 2.285243
2.984000 2.285484
2.985000 2.285725
2.986000 2.285966
2.987000 2.286207
2.988000 2.286448
2.989000 2.286689
2.990000 2.286929
2.991000 2.287170
2.992000 2.287411
2.993000 2.287651
2.994000 2.287892
2.995000 2.288132
2.996000 2.288372
2.997000 2.288612
2.998000 2.288852
2.999000 2.289092
3.000000 2.289332
3.001000 2.289572
3.002000 2.289812
3.003000 2.290052
3.004000 2.290291
3.005000 2.290531
3.006000 2.290771
3.007000 2.291010
3.008000 2.291249
3.009000 2.291489
3.010000 2.291728
3.011000 2.291967
3.012000 2.292206
3.013000 2.292445
3.014000 2.292684
3.015000 2.292922
3.016000 2.293161
3.017000 2.293400
3.018000 2.293638
3.019000 2.293877
3.020000 2.294115
3.021000 2.294354
3.022000 2.294592
3.023000 2.294830
3.024000 2.295068
3.025000 2.295306
3.026000 2.295544
3.027000 2.295782
3.028000 2.296020
3.029000 2.296258
3.030000 2.296495
3.031000 2.296733
3.032000 2.296970
3.033000 2.297208
3.034000 2.297445
3.035000 2.297682
3.036000 2.297920
3.037000 2.298157
3.038000 2.298394
3.039000 2.298631
3.040000 2.298868
3.041000 2.299105
3.042000 2.299341
3.043000 2.299578
3.044000 2.299815
3.045000 2.300051
3.046000 2.300288
3.047000 2.300524
3.048000 2.300760
3.049000 2.300996
3.050000 2.301233
3.051000 2.301469
3.052000 2.301705
3.053000 2.301941
3.054000 2.302176
3.055000 2.302412
3.056000 2.302648
3.057000 2.302884
3.058000 2.303119
3.059000 2.303355
3.060000 2.303590
3.061000 2.303825
3.062000 2.304061
3.063000 2.304296
3.064000 2.304531
3.065000 2.304766
3.066000 2.305001
3.067000 2.305236
3.068000 2.305470
3.069000 2.305705
3.070000 2.305940
3.071000 2.306174
3.072000 2.306409
3.073000 2.306643
3.074000 2.306878
3.075000 2.307112
3.076000 2.307346
3.077000 2.307580
3.078000 2.307814
3.079000 2.308048
3.080000 2.308282
3.081000 2.308516
3.082000 2.308750
3.083000 2.308984
3.084000 2.309217
3.085000 2.309451
3.086000 2.309684
3.087000 2.309918
3.088000 2.310151
3.089000 2.310384
3.090000 2.310617
3.091000 2.310850
3.092000 2.311083
3.093000 2.311316
3.094000 2.311549
3.095000 2.311782
3.096000 2.312015
3.097000 2.312247
3.098000 2.312480
3.099000 2.312712
3.100000 2.312945
3.101000 2.313177
3.102000 2.313410
3.103000 2.313642
3.104000 2.313874
3.105000 2.314106
3.106000 2.314338
3.107000 2.314570
3.108000 2.314802
3.109000 2.315034
3.110000 2.315265
3.111000 2.315497
3.112000 2.315728
3.113000 2.315960
3.114000 2.316191
3.115000 2.316423
3.116000 2.316654
3.117000 2.316885
3.118000 2.317116
3.119000 2.317347
3.120000 2.317578
3.121000 2.317809
3.122000 2.318040
3.123000 2.318271
3.124000 2.318501
3.125000 2.318732
3.126000 2.318963
3.127000 2.319193
3.128000 2.319423
3.129000 2.319654
3.130000 2.319884
3.131000 2.320114
3.132000 2.320344
3.133000 2.320574
3.134000 2.320804
3.135000 2.321034
3.136000 2.321264
3.137000 2.321494
3.138000 2.321723
3.139000 2.321953
3.140000 2.322182
3.141000 2.322412
3.142000 2.322641
3.143000 2.322871
3.144000 2.323100
3.145000 2.323329
3.146000 2.323558
3.147000 2.323787
3.148000 2.324016
3.149000 2.324245
3.150000 2.324474
3.151000 2.324703
3.152000 2.324931
3.153000 2.325160
3.154000 2.325388
3.155000 2.325617
3.156000 2.325845
3.157000 2.326073
3.158000 2.326302
3.159000 2.326530
3.160000 2.326758
3.161000 2.326986
3.162000 2.327214
3.163000 2.327442
3.164000 2.327670
3.165000 2.327897
3.166000 2.328125
3.167000 2.328353
3.168000 2.328580
3.169000 2.328808
3.170000 2.329035
3.171000 2.329262
3.172000 2.329490
3.173000 2.329717
3.174000 2.329944
3.175000 2.330171
3.176000 2.330398
3.177000 2.330625
3.178000 2.330852
3.179000 2.331078
3.180000 2.331305
3.181000 2.331532
3.182000 2.331758
3.183000 2.331985
3.184000 2.332211
3.185000 2.332437
3.186000 2.332664
3.187000 2.332890
3.188000 2.333116
3.189000 2.333342
3.190000 2.333568
3.191000 2.333794
3.192000 2.334020
3.193000 2.334245
3.194000 2.334471
3.195000 2.334697
3.196000 2.334922
3.197000 2.335148
3.198000 2.335373
3.199000 2.335598
3.200000 2.335824
3.201000 2.336049
3.202000 2.336274
3.203000 2.336499
3.204000 2.336724
3.205000 2.336949
3.206000 2.337174
3.207000 2.337399
3.208000 2.337623
3.209000 2.337848
3.210000 2.338073
3.211000 2.338297
3.212000 2.338522
3.213000 2.338746
3.214000 2.338970
3.215000 2.339194
3.216000 2.339419
3.217000 2.339643
3.218000 2.339867
3.219000 2.340091
3.220000 2.340315
3.221000 2.340538
3.222000 2.340762
3.223000 2.340986
3.224000 2.341209
3.225000 2.341433
3.226000 2.341656
3.227000 2.341880
3.228000 2.342103
3.229000 2.342326
3.230000 2.342550
3.231000 2.342773
3.232000 2.342996
3.233000 2.343219
3.234000 2.343442
3.235000 2.343664
3.236000 2.343887
3.237000 2.344110
3.238000 2.344333
3.239000 2.344555
3.240000 2.344778
3.241000 2.345000
3.242000 2.345222
3.243000 2.345445
3.244000 2.345667
3.245000 2.345889
3.246000 2.346111
3.247000 2.346333
3.248000 2.346555
3.249000 2.346777
3.250000 2.346999
3.251000 2.347221
3.252000 2.347442
3.253000 2.347664
3.254000 2.347886
3.255000 2.348107
3.256000 2.348328
3.257000 2.348550
3.258000 2.348771
3.259000 2.348992
3.260000 2.349213
3.261000 2.349435
3.262000 2.349656
3.263000 2.349876
3.264000 2.350097
3.265000 2.350318
3.266000 2.350539
3.267000 2.350760
3.268000 2.350980
3.269000 2.351201
3.270000 2.351421
3.271000 2.351642
3.272000 2.351862
3.273000 2.352082
3.274000 2.352302
3.275000 2.352522
3.276000 2.352742
3.277000 2.352962
3.278000 2.353182
3.279000 2.353402
3.280000 2.353622
3.281000 2.353842
3.282000 2.354061
3.283000 2.354281
3.284000 2.354501
3.285000 2.354720
3.286000 2.354939
3.287000 2.355159
3.288000 2.355378
3.289000 2.355597
3.290000 2.355816
3.291000 2.356035
3.292000 2.356254
3.293000 2.356473
3.294000 2.356692
3.295000 2.356911
3.296000 2.357130
3.297000 2.357348
3.298000 2.357567
3.299000 2.357785
3.300000 2.358004
3.301000 2.358222
3.302000 2.358440
3.303000 2.358659
3.304000 2.358877
3.305000 2.359095
3.306000 2.359313
3.307000 2.359531
3.308000 2.359749
3.309000 2.359967
3.310000 2.360185
3.311000 2.360402
3.312000 2.360620
3.313000 2.360838
3.314000 2.361055
3.315000 2.361273
3.316000 2.361490
3.317000 2.361707
3.318000 2.361925
3.319000 2.362142
3.320000 2.362359
3.321000 2.362576
3.322000 2.362793
3.323000 2.363010
3.324000 2.363227
3.325000 2.363444
3.326000 2.363660
3.327000 2.363877
3.328000 2.364094
3.329000 2.364310
3.330000 2.364527
3.331000 2.364743
3.332000 2.364959
3.333000 2.365176
3.334000 2.365392
3.335000 2.365608
3.336000 2.365824
3.337000 2.366040
3.338000 2.366256
3.339000 2.366472
3.340000 2.366688
3.341000 2.366903
3.342000 2.367119
3.343000 2.367335
3.344000 2.367550
3.345000 2.367766
3.346000 2.367981
3.347000 2.368197
3.348000 2.368412
3.349000 2.368627
3.350000 2.368842
3.351000 2.369057
3.352000 2.369272
3.353000 2.369487
3.354000 2.369702
3.355000 2.369917
3.356000 2.370132
3.357000 2.370347
3.358000 2.370561
3.359000 2.370776
3.360000 2.370990
3.361000 2.371205
3.362000 2.371419
3.363000 2.371634
3.364000 2.371848
3.365000 2.372062
3.366000 2.372276
3.367000 2.372490
3.368000 2.372704
3.369000 2.372918
3.370000 2.373132
3.371000 2.373346
3.372000 2.373560
3.373000 2.373773
3.374000 2.373987
3.375000 2.374200
3.376000 2.374414
3.377000 2.374627
3.378000 2.374841
3.379000 2.375054
3.380000 2.375267
3.381000 2.375480
3.382000 2.375694
3.383000 2.375907
3.384000 2.376120
3.385000 2.376333
3.386000 2.376545
3.387000 2.376758
3.388000 2.376971
3.389000 2.377184
3.390000 2.377396
3.391000 2.377609
3.392000 2.377821
3.393000 2.378034
3.394000 2.378246
3.395000 2.378458
3.396000 2.378670
3.397000 2.378883
3.398000 2.379095
3.399000 2.379307
3.400000 2.379519
3.401000 2.379730
3.402000 2.379942
3.403000 2.380154
3.404000 2.380366
3.405000 2.380577
3.406000 2.380789
3.407000 2.381001
3.408000 2.381212
3.409000 2.381423
3.410000 2.381635
3.411000 2.381846
3.412000 2.382057
3.413000 2.382268
3.414000 2.382479
3.415000 2.382690
3.416000 2.382901
3.417000 2.383112
3.418000 2.383323
3.419000 2.383534
3.420000 2.383745
3.421000 2.383955
3.422000 2.384166
3.423000 2.384376
3.424000 2.384587
3.425000 2.384797
3.426000 2.385007
3.427000 2.385218
3.428000 2.385428
3.429000 2.385638
3.430000 2.385848
3.431000 2.386058
3.432000 2.386268
3.433000 2.386478
3.434000 2.386688
3.435000 2.386898
3.436000 2.387107
3.437000 2.387317
3.438000 2.387526
3.439000 2.387736
3.440000 2.387945
3.441000 2.388155
3.442000 2.388364
3.443000 2.388573
3.444000 2.388783
3.445000 2.388992
3.446000 2.389201
3.447000 2.389410
3.448000 2.389619
3.449000 2.389828
3.450000 2.390036
3.451000 2.390245
3.452000 2.390454
3.453000 2.390663
3.454000 2.390871
3.455000 2.391080
3.456000 2.391288
3.457000 2.391497
3.458000 2.391705
3.459000 2.391913
3.460000 2.392121
3.461000 2.392330
3.462000 2.392538
3.463000 2.392746
3.464000 2.392954
3.465000 2.393162
3.466000 2.393369
3.467000 2.393577
3.468000 2.393785
3.469000 2.393993
3.470000 2.394200
3.471000 2.394408
3.472000 2.394615
3.473000 2.394823
3.474000 2.395030
3.475000 2.395237
3.476000 2.395445
3.477000 2.395652
3.478000 2.395859
3.479000 2.396066
3.480000 2.396273
3.481000 2.396480
3.482000 2.396687
3.483000 2.396893
3.484000 2.397100
3.485000 2.397307
3.486000 2.397514
3.487000 2.397720
3.488000 2.397927
3.489000 2.398133
3.490000 2.398339
3.491000 2.398546
3.492000 2.398752
3.493000 2.398958
3.494000 2.399164
3.495000 2.399370
3.496000 2.399576
3.497000 2.399782
3.498000 2.399988
3.499000 2.400194
3.500000 2.400400
3.501000 2.400606
3.502000 2.400811
3.503000 2.401017
3.504000 2.401222
3.505000 2.401428
3.506000 2.401633
3.507000 2.401839
3.508000 2.402044
3.509000 2.402249
3.510000 2.402454
3.511000 2.402659
3.512000 2.402865
3.513000 2.403070
3.514000 2.403274
3.515000 2.403479
3.516000 2.403684
3.517000 2.403889
3.518000 2.404094
3.519000 2.404298
3.520000 2.404503
3.521000 2.404707
3.522000 2.404912
3.523000 2.405116
3.524000 2.405321
3.525000 2.405525
3.526000 2.405729
3.527000 2.405933
3.528000 2.406137
3.529000 2.406341
3.530000 2.406545
3.531000 2.406749
3.532000 2.406953
3.533000 2.407157
3.534000 2.407361
3.535000 2.407564
3.536000 2.407768
3.537000 2.407972
3.538000 2.408175
3.539000 2.408378
3.540000 2.408582
3.541000 2.408785
3.542000 2.408988
3.543000 2.409192
3.544000 2.409395
3.545000 2.409598
3.546000 2.409801
3.547000 2.410004
3.548000 2.410207
3.549000 2.410410
3.550000 2.410613
3.551000 2.410815
3.552000 2.411018
3.553000 2.411221
3.554000 2.411423
3.555000 2.411626
3.556000 2.411828
3.557000 2.412030
3.558000 2.412233
3.559000 2.412435
3.560000 2.412637
3.561000 2.412839
3.562000 2.413042
3.563000 2.413244
3.564000 2.413446
3.565000 2.413647
3.566000 2.413849
3.567000 2.414051
3.568000 2.414253
3.569000 2.414455
3.570000 2.414656
3.571000 2.414858
3.572000 2.415059
3.573000 2.415261
3.574000 2.415462
3.575000 2.415663
3.576000 2.415865
3.577000 2.416066
3.578000 2.416267
3.579000 2.416468
3.580000 2.416669
3.581000 2.416870
3.582000 2.417071
3.583000 2.417272
3.584000 2.417473
3.585000 2.417674
3.586000 2.417874
3.587000 2.418075
3.588000 2.418275
3.589000 2.418476
3.590000 2.418676
3.591000 2.418877
3.592000 2.419077
3.593000 2.419278
3.594000 2.419478
3.595000 2.419678
3.596000 2.419878
3.597000 2.420078
3.598000 2.420278
3.599000 2.420478
3.600000 2.420678
3.601000 2.420878
3.602000 2.421078
3.603000 2.421277
3.604000 2.421477
3.605000 2.421677
3.606000 2.421876
3.607000 2.422076
3.608000 2.422275
3.609000 2.422474
3.610000 2.422674
3.611000 2.422873
3.612000 2.423072
3.613000 2.423271
3.614000 2.423470
3.615000 2.423669
3.616000 2.423868
3.617000 2.424067
3.618000 2.424266
3.619000 2.424465
3.620000 2.424664
3.621000 2.424862
3.622000 2.425061
3.623000 2.425260
3.624000 2.425458
3.625000 2.425657
3.626000 2.425855
3.627000 2.426053
3.628000 2.426252
3.629000 2.426450
3.630000 2.426648
3.631000 2.426846
3.632000 2.427044
3.633000 2.427242
3.634000 2.427440
3.635000 2.427638
3.636000 2.427836
3.637000 2.428034
3.638000 2.428231
3.639000 2.428429
3.640000 2.428627
3.641000 2.428824
3.642000 2.429022
3.643000 2.429219
3.644000 2.429417
3.645000 2.429614
3.646000 2.429811
3.647000 2.430008
3.648000 2.430206
3.649000 2.430403
3.650000 2.430600
3.651000 2.430797
3.652000 2.430994
3.653000 2.431191
3.654000 2.431387
3.655000 2.431584
3.656000 2.431781
3.657000 2.431978
3.658000 2.432174
3.659000 2.432371
3.660000 2.432567
3.661000 2.432764
3.662000 2.432960
3.663000 2.433156
3.664000 2.433353
3.665000 2.433549
3.666000 2.433745
3.667000 2.433941
3.668000 2.434137
3.669000 2.434333
3.670000 2.434529
3.671000 2.434725
3.672000 2.434921
3.673000 2.435116
3.674000 2.435312
3.675000 2.435508
3.676000 2.435703
3.677000 2.435899
3.678000 2.436094
3.679000 2.436290
3.680000 2.436485
3.681000 2.436681
3.682000 2.436876
3.683000 2.437071
3.684000 2.437266
3.685000 2.437461
3.686000 2.437656
3.687000 2.437851
3.688000 2.438046
3.689000 2.438241
3.690000 2.438436
3.691000 2.438631
3.692000 2.438826
3.693000 2.439020
3.694000 2.439215
3.695000 2.439409
3.696000 2.439604
3.697000 2.439798
3.698000 2.439993
3.699000 2.440187
3.700000 2.440381
3.701000 2.440576
3.702000 2.440770
3.703000 2.440964
3.704000 2.441158
3.705000 2.441352
3.706000 2.441546
3.707000 2.441740
3.708000 2.441934
3.709000 2.442127
3.710000 2.442321
3.711000 2.442515
3.712000 2.442708
3.713000 2.442902
3.714000 2.443095
3.715000 2.443289
3.716000 2.443482
3.717000 2.443676
3.718000 2.443869
3.719000 2.444062
3.720000 2.444255
3.721000 2.444449
3.722000 2.444642
3.723000 2.444835
3.724000 2.445028
3.725000 2.445221
3.726000 2.445413
3.727000 2.445606
3.728000 2.445799
3.729000 2.445992
3.730000 2.446184
3.731000 2.446377
3.732000 2.446569
3.733000 2.446762
3.734000 2.446954
3.735000 2.447147
3.736000 2.447339
3.737000 2.447531
3.738000 2.447724
3.739000 2.447916
3.740000 2.448108
3.741000 2.448300
3.742000 2.448492
3.743000 2.448684
3.744000 2.448876
3.745000 2.449068
3.746000 2.449259
3.747000 2.449451
3.748000 2.449643
3.749000 2.449834
3.750000 2.450026
3.751000 2.450217
3.752000 2.450409
3.753000 2.450600
3.754000 2.450792
3.755000 2.450983
3.756000 2.451174
3.757000 2.451365
3.758000 2.451557
3.759000 2.451748
3.760000 2.451939
3.761000 2.452130
3.762000 2.452321
3.763000 2.452512
3.764000 2.452702
3.765000 2.452893
3.766000 2.453084
3.767000 2.453275
3.768000 2.453465
3.769000 2.453656
3.770000 2.453846
3.771000 2.454037
3.772000 2.454227
3.773000 2.454417
3.774000 2.454608
3.775000 2.454798
3.776000 2.454988
3.777000 2.455178
3.778000 2.455368
3.779000 2.455558
3.780000 2.455748
3.781000 2.455938
3.782000 2.456128
3.783000 2.456318
3.784000 2.456508
3.785000 2.456698
3.786000 2.456887
3.787000 2.457077
3.788000 2.457266
3.789000 2.457456
3.790000 2.457645
3.791000 2.457835
3.792000 2.458024
3.793000 2.458213
3.794000 2.458403
3.795000 2.458592
3.796000 2.458781
3.797000 2.458970
3.798000 2.459159
3.799000 2.459348
3.800000 2.459537
3.801000 2.459726
3.802000 2.459915
3.803000 2.460103
3.804000 2.460292
3.805000 2.460481
3.806000 2.460669
3.807000 2.460858
3.808000 2.461047
3.809000 2.461235
3.810000 2.461423
3.811000 2.461612
3.812000 2.461800
3.813000 2.461988
3.814000 2.462177
3.815000 2.462365
3.816000 2.462553
3.817000 2.462741
3.818000 2.462929
3.819000 2.463117
3.820000 2.463305
3.821000 2.463492
3.822000 2.463680
3.823000 2.463868
3.824000 2.464056
3.825000 2.464243
3.826000 2.464431
3.827000 2.464618
3.828000 2.464806
3.829000 2.464993
3.830000 2.465181
3.831000 2.465368
3.832000 2.465555
3.833000 2.465743
3.834000 2.465930
3.835000 2.466117
3.836000 2.466304
3.837000 2.466491
3.838000 2.466678
3.839000 2.466865
3.840000 2.467052
3.841000 2.467238
3.842000 2.467425
3.843000 2.467612
3.844000 2.467799
3.845000 2.467985
3.846000 2.468172
3.847000 2.468358
3.848000 2.468545
3.849000 2.468731
3.850000 2.468917
3.851000 2.469104
3.852000 2.469290
3.853000 2.469476
3.854000 2.469662
3.855000 2.469848
3.856000 2.470034
3.857000 2.470220
3.858000 2.470406
3.859000 2.470592
3.860000 2.470778
3.861000 2.470964
3.862000 2.471150
3.863000 2.471335
3.864000 2.471521
3.865000 2.471707
3.866000 2.471892
3.867000 2.472078
3.868000 2.472263
3.869000 2.472448
3.870000 2.472634
3.871000 2.472819
3.872000 2.473004
3.873000 2.473189
3.874000 2.473375
3.875000 2.473560
3.876000 2.473745
3.877000 2.473930
3.878000 2.474115
3.879000 2.474299
3.880000 2.474484
3.881000 2.474669
3.882000 2.474854
3.883000 2.475038
3.884000 2.475223
3.885000 2.475408
3.886000 2.475592
3.887000 2.475777
3.888000 2.475961
3.889000 2.476145
3.890000 2.476330
3.891000 2.476514
3.892000 2.476698
3.893000 2.476882
3.894000 2.477067
3.895000 2.477251
3.896000 2.477435
3.897000 2.477619
3.898000 2.477803
3.899000 2.477987
3.900000 2.478170
3.901000 2.478354
3.902000 2.478538
3.903000 2.478722
3.904000 2.478905
3.905000 2.479089
3.906000 2.479272
3.907000 2.479456
3.908000 2.479639
3.909000 2.479823
3.910000 2.480006
3.911000 2.480189
3.912000 2.480372
3.913000 2.480556
3.914000 2.480739
3.915000 2.480922
3.916000 2.481105
3.917000 2.481288
3.918000 2.481471
3.919000 2.481654
3.920000 2.481836
3.921000 2.482019
3.922000 2.482202
3.923000 2.482385
3.924000 2.482567
3.925000 2.482750
3.926000 2.482932
3.927000 2.483115
3.928000 2.483297
3.929000 2.483480
3.930000 2.483662
3.931000 2.483844
3.932000 2.484027
3.933000 2.484209
3.934000 2.484391
3.935000 2.484573
3.936000 2.484755
3.937000 2.484937
3.938000 2.485119
3.939000 2.485301
3.940000 2.485483
3.941000 2.485665
3.942000 2.485846
3.943000 2.486028
3.944000 2.486210
3.945000 2.486391
3.946000 2.486573
3.947000 2.486755
3.948000 2.486936
3.949000 2.487117
3.950000 2.487299
3.951000 2.487480
3.952000 2.487661
3.953000 2.487843
3.954000 2.488024
3.955000 2.488205
3.956000 2.488386
3.957000 2.488567
3.958000 2.488748
3.959000 2.488929
3.960000 2.489110
3.961000 2.489291
3.962000 2.489471
3.963000 2.489652
3.964000 2.489833
3.965000 2.490013
3.966000 2.490194
3.967000 2.490375
3.968000 2.490555
3.969000 2.490735
3.970000 2.490916
3.971000 2.491096
3.972000 2.491277
3.973000 2.491457
3.974000 2.491637
3.975000 2.491817
3.976000 2.491997
3.977000 2.492177
3.978000 2.492357
3.979000 2.492537
3.980000 2.492717
3.981000 2.492897
3.982000 2.493077
3.983000 2.493257
3.984000 2.493436
3.985000 2.493616
3.986000 2.493796
3.987000 2.493975
3.988000 2.494155
3.989000 2.494334
3.990000 2.494514
3.991000 2.494693
3.992000 2.494872
3.993000 2.495052
3.994000 2.495231
3.995000 2.495410
3.996000 2.495589
3.997000 2.495768
3.998000 2.495948
3.999000 2.496127
4.000000 2.496305
4.001000 2.496484
4.002000 2.496663
4.003000 2.496842
4.004000 2.497021
4.005000 2.497200
4.006000 2.497378
4.007000 2.497557
4.008000 2.497735
4.009000 2.497914
4.010000 2.498092
4.011000 2.498271
4.012000 2.498449
4.013000 2.498628
4.014000 2.498806
4.015000 2.498984
4.016000 2.499162
4.017000 2.499341
4.018000 2.499519
4.019000 2.499697
4.020000 2.499875
4.021000 2.500053
4.022000 2.500231
4.023000 2.500408
4.024000 2.500586
4.025000 2.500764
4.026000 2.500942
4.027000 2.501120
4.028000 2.501297
4.029000 2.501475
4.030000 2.501652
4.031000 2.501830
4.032000 2.502007
4.033000 2.502185
4.034000 2.502362
4.035000 2.502539
4.036000 2.502717
4.037000 2.502894
4.038000 2.503071
4.039000 2.503248
4.040000 2.503425
4.041000 2.503602
4.042000 2.503779
4.043000 2.503956
4.044000 2.504133
4.045000 2.504310
4.046000 2.504487
4.047000 2.504663
4.048000 2.504840
4.049000 2.505017
4.050000 2.505193
4.051000 2.505370
4.052000 2.505546
4.053000 2.505723
4.054000 2.505899
4.055000 2.506076
4.056000 2.506252
4.057000 2.506428
4.058000 2.506605
4.059000 2.506781
4.060000 2.506957
4.061000 2.507133
4.062000 2.507309
4.063000 2.507485
4.064000 2.507661
4.065000 2.507837
4.066000 2.508013
4.067000 2.508189
4.068000 2.508364
4.069000 2.508540
4.070000 2.508716
4.071000 2.508891
4.072000 2.509067
4.073000 2.509243
4.074000 2.509418
4.075000 2.509594
4.076000 2.509769
4.077000 2.509944
4.078000 2.510120
4.079000 2.510295
4.080000 2.510470
4.081000 2.510645
4.082000 2.510820
4.083000 2.510996
4.084000 2.511171
4.085000 2.511346
4.086000 2.511520
4.087000 2.511695
4.088000 2.511870
4.089000 2.512045
4.090000 2.512220
4.091000 2.512395
4.092000 2.512569
4.093000 2.512744
4.094000 2.512918
4.095000 2.513093
4.096000 2.513267
4.097000 2.513442
4.098000 2.513616
4.099000 2.513791
4.100000 2.513965
4.101000 2.514139
4.102000 2.514313
4.103000 2.514488
4.104000 2.514662
4.105000 2.514836
4.106000 2.515010
4.107000 2.515184
4.108000 2.515358
4.109000 2.515532
4.110000 2.515706
4.111000 2.515879
4.112000 2.516053
4.113000 2.516227
4.114000 2.516401
4.115000 2.516574
4.116000 2.516748
4.117000 2.516921
4.118000 2.517095
4.119000 2.517268
4.120000 2.517442
4.121000 2.517615
4.122000 2.517788
4.123000 2.517962
4.124000 2.518135
4.125000 2.518308
4.126000 2.518481
4.127000 2.518654
4.128000 2.518827
4.129000 2.519000
4.130000 2.519173
4.131000 2.519346
4.132000 2.519519
4.133000 2.519692
4.134000 2.519865
4.135000 2.520037
4.136000 2.520210
4.137000 2.520383
4.138000 2.520555
4.139000 2.520728
4.140000 2.520900
4.141000 2.521073
4.142000 2.521245
4.143000 2.521418
4.144000 2.521590
4.145000 2.521762
4.146000 2.521935
4.147000 2.522107
4.148000 2.522279
4.149000 2.522451
4.150000 2.522623
4.151000 2.522795
4.152000 2.522967
4.153000 2.523139
4.154000 2.523311
4.155000 2.523483
4.156000 2.523655
4.157000 2.523826
4.158000 2.523998
4.159000 2.524170
4.160000 2.524341
4.161000 2.524513
4.162000 2.524684
4.163000 2.524856
4.164000 2.525027
4.165000 2.525199
4.166000 2.525370
4.167000 2.525541
4.168000 2.525713
4.169000 2.525884
4.170000 2.526055
4.171000 2.526226
4.172000 2.526397
4.173000 2.526568
4.174000 2.526739
4.175000 2.526910
4.176000 2.527081
4.177000 2.527252
4.178000 2.527423
4.179000 2.527594
4.180000 2.527765
4.181000 2.527935
4.182000 2.528106
4.183000 2.528276
4.184000 2.528447
4.185000 2.528618
4.186000 2.528788
4.187000 2.528958
4.188000 2.529129
4.189000 2.529299
4.190000 2.529470
4.191000 2.529640
4.192000 2.529810
4.193000 2.529980
4.194000 2.530150
4.195000 2.530320
4.196000 2.530490
4.197000 2.530660
4.198000 2.530830
4.199000 2.531000
4.200000 2.531170
4.201000 2.531340
4.202000 2.531510
4.203000 2.531680
4.204000 2.531849
4.205000 2.532019
4.206000 2.532188
4.207000 2.532358
4.208000 2.532528
4.209000 2.532697
4.210000 2.532866
4.211000 2.533036
4.212000 2.533205
4.213000 2.533375
4.214000 2.533544
4.215000 2.533713
4.216000 2.533882
4.217000 2.534051
4.218000 2.534220
4.219000 2.534389
4.220000 2.534558
4.221000 2.534727
4.222000 2.534896
4.223000 2.535065
4.224000 2.535234
4.225000 2.535403
4.226000 2.535572
4.227000 2.535740
4.228000 2.535909
4.229000 2.536078
4.230000 2.536246
4.231000 2.536415
4.232000 2.536583
4.233000 2.536752
4.234000 2.536920
4.235000 2.537088
4.236000 2.537257
4.237000 2.537425
4.238000 2.537593
4.239000 2.537761
4.240000 2.537930
4.241000 2.538098
4.242000 2.538266
4.243000 2.538434
4.244000 2.538602
4.245000 2.538770
4.246000 2.538938
4.247000 2.539105
4.248000 2.539273
4.249000 2.539441
4.250000 2.539609
4.251000 2.539776
4.252000 2.539944
4.253000 2.540112
4.254000 2.540279
4.255000 2.540447
4.256000 2.540614
4.257000 2.540782
4.258000 2.540949
4.259000 2.541116
4.260000 2.541284
4.261000 2.541451
4.262000 2.541618
4.263000 2.541785
4.264000 2.541952
4.265000 2.542119
4.266000 2.542287
4.267000 2.542454
4.268000 2.542620
4.269000 2.542787
4.270000 2.542954
4.271000 2.543121
4.272000 2.543288
4.273000 2.543455
4.274000 2.543621
4.275000 2.543788
4.276000 2.543955
4.277000 2.544121
4.278000 2.544288
4.279000 2.544454
4.280000 2.544621
4.281000 2.544787
4.282000 2.544954
4.283000 2.545120
4.284000 2.545286
4.285000 2.545452
4.286000 2.545619
4.287000 2.545785
4.288000 2.545951
4.289000 2.546117
4.290000 2.546283
4.291000 2.546449
4.292000 2.546615
4.293000 2.546781
4.294000 2.546947
4.295000 2.547113
4.296000 2.547278
4.297000 2.547444
4.298000 2.547610
4.299000 2.547775
4.300000 2.547941
4.301000 2.548107
4.302000 2.548272
4.303000 2.548438
4.304000 2.548603
4.305000 2.548769
4.306000 2.548934
4.307000 2.549099
4.308000 2.549265
4.309000 2.549430
4.310000 2.549595
4.311000 2.549760
4.312000 2.549925
4.313000 2.550090
4.314000 2.550255
4.315000 2.550420
4.316000 2.550585
4.317000 2.550750
4.318000 2.550915
4.319000 2.551080
4.320000 2.551245
4.321000 2.551410
4.322000 2.551574
4.323000 2.551739
4.324000 2.551904
4.325000 2.552068
4.326000 2.552233
4.327000 2.552397
4.328000 2.552562
4.329000 2.552726
4.330000 2.552891
4.331000 2.553055
4.332000 2.553219
4.333000 2.553383
4.334000 2.553548
4.335000 2.553712
4.336000 2.553876
4.337000 2.554040
4.338000 2.554204
4.339000 2.554368
4.340000 2.554532
4.341000 2.554696
4.342000 2.554860
4.343000 2.555024
4.344000 2.555188
4.345000 2.555351
4.346000 2.555515
4.347000 2.555679
4.348000 2.555842
4.349000 2.556006
4.350000 2.556170
4.351000 2.556333
4.352000 2.556497
4.353000 2.556660
4.354000 2.556824
4.355000 2.556987
4.356000 2.557150
4.357000 2.557314
4.358000 2.557477
4.359000 2.557640
4.360000 2.557803
4.361000 2.557966
4.362000 2.558129
4.363000 2.558292
4.364000 2.558455
4.365000 2.558618
4.366000 2.558781
4.367000 2.558944
4.368000 2.559107
4.369000 2.559270
4.370000 2.559433
4.371000 2.559595
4.372000 2.559758
4.373000 2.559921
4.374000 2.560083
4.375000 2.560246
4.376000 2.560408
4.377000 2.560571
4.378000 2.560733
4.379000 2.560896
4.380000 2.561058
4.381000 2.561220
4.382000 2.561383
4.383000 2.561545
4.384000 2.561707
4.385000 2.561869
4.386000 2.562031
4.387000 2.562193
4.388000 2.562355
4.389000 2.562517
4.390000 2.562679
4.391000 2.562841
4.392000 2.563003
4.393000 2.563165
4.394000 2.563327
4.395000 2.563488
4.396000 2.563650
4.397000 2.563812
4.398000 2.563974
4.399000 2.564135
4.400000 2.564297
4.401000 2.564458
4.402000 2.564620
4.403000 2.564781
4.404000 2.564943
4.405000 2.565104
4.406000 2.565265
4.407000 2.565426
4.408000 2.565588
4.409000 2.565749
4.410000 2.565910
4.411000 2.566071
4.412000 2.566232
4.413000 2.566393
4.414000 2.566554
4.415000 2.566715
4.416000 2.566876
4.417000 2.567037
4.418000 2.567198
4.419000 2.567359
4.420000 2.567520
4.421000 2.567680
4.422000 2.567841
4.423000 2.568002
4.424000 2.568162
4.425000 2.568323
4.426000 2.568483
4.427000 2.568644
4.428000 2.568804
4.429000 2.568965
4.430000 2.569125
4.431000 2.569285
4.432000 2.569446
4.433000 2.569606
4.434000 2.569766
4.435000 2.569926
4.436000 2.570086
4.437000 2.570247
4.438000 2.570407
4.439000 2.570567
4.440000 2.570727
4.441000 2.570887
4.442000 2.571047
4.443000 2.571206
4.444000 2.571366
4.445000 2.571526
4.446000 2.571686
4.447000 2.571845
4.448000 2.572005
4.449000 2.572165
4.450000 2.572324
4.451000 2.572484
4.452000 2.572643
4.453000 2.572803
4.454000 2.572962
4.455000 2.573122
4.456000 2.573281
4.457000 2.573440
4.458000 2.573600
4.459000 2.573759
4.460000 2.573918
4.461000 2.574077
4.462000 2.574236
4.463000 2.574396
4.464000 2.574555
4.465000 2.574714
4.466000 2.574873
4.467000 2.575032
4.468000 2.575190
4.469000 2.575349
4.470000 2.575508
4.471000 2.575667
4.472000 2.575826
4.473000 2.575984
4.474000 2.576143
4.475000 2.576302
4.476000 2.576460
4.477000 2.576619
4.478000 2.576777
4.479000 2.576936
4.480000 2.577094
4.481000 2.577253
4.482000 2.577411
4.483000 2.577569
4.484000 2.577727
4.485000 2.577886
4.486000 2.578044
4.487000 2.578202
4.488000 2.578360
4.489000 2.578518
4.490000 2.578676
4.491000 2.578834
4.492000 2.578992
4.493000 2.579150
4.494000 2.579308
4.495000 2.579466
4.496000 2.579624
4.497000 2.579782
4.498000 2.579939
4.499000 2.580097
4.500000 2.580255
4.501000 2.580412
4.502000 2.580570
4.503000 2.580728
4.504000 2.580885
4.505000 2.581043
4.506000 2.581200
4.507000 2.581357
4.508000 2.581515
4.509000 2.581672
4.510000 2.581829
4.511000 2.581987
4.512000 2.582144
4.513000 2.582301
4.514000 2.582458
4.515000 2.582615
4.516000 2.582772
4.517000 2.582929
4.518000 2.583086
4.519000 2.583243
4.520000 2.583400
4.521000 2.583557
4.522000 2.583714
4.523000 2.583871
4.524000 2.584027
4.525000 2.584184
4.526000 2.584341
4.527000 2.584498
4.528000 2.584654
4.529000 2.584811
4.530000 2.584967
4.531000 2.585124
4.532000 2.585280
4.533000 2.585437
4.534000 2.585593
4.535000 2.585749
4.536000 2.585906
4.537000 2.586062
4.538000 2.586218
4.539000 2.586374
4.540000 2.586531
4.541000 2.586687
4.542000 2.586843
4.543000 2.586999
4.544000 2.587155
4.545000 2.587311
4.546000 2.587467
4.547000 2.587623
4.548000 2.587778
4.549000 2.587934
4.550000 2.588090
4.551000 2.588246
4.552000 2.588402
4.553000 2.588557
4.554000 2.588713
4.555000 2.588868
4.556000 2.589024
4.557000 2.589180
4.558000 2.589335
4.559000 2.589490
4.560000 2.589646
4.561000 2.589801
4.562000 2.589957
4.563000 2.590112
4.564000 2.590267
4.565000 2.590422
4.566000 2.590578
4.567000 2.590733
4.568000 2.590888
4.569000 2.591043
4.570000 2.591198
4.571000 2.591353
4.572000 2.591508
4.573000 2.591663
4.574000 2.591818
4.575000 2.591973
4.576000 2.592127
4.577000 2.592282
4.578000 2.592437
4.579000 2.592592
4.580000 2.592746
4.581000 2.592901
4.582000 2.593056
4.583000 2.593210
4.584000 2.593365
4.585000 2.593519
4.586000 2.593674
4.587000 2.593828
4.588000 2.593982
4.589000 2.594137
4.590000 2.594291
4.591000 2.594445
4.592000 2.594600
4.593000 2.594754
4.594000 2.594908
4.595000 2.595062
4.596000 2.595216
4.597000 2.595370
4.598000 2.595524
4.599000 2.595678
4.600000 2.595832
4.601000 2.595986
4.602000 2.596140
4.603000 2.596294
4.604000 2.596448
4.605000 2.596601
4.606000 2.596755
4.607000 2.596909
4.608000 2.597062
4.609000 2.597216
4.610000 2.597370
4.611000 2.597523
4.612000 2.597677
4.613000 2.597830
4.614000 2.597984
4.615000 2.598137
4.616000 2.598290
4.617000 2.598444
4.618000 2.598597
4.619000 2.598750
4.620000 2.598903
4.621000 2.599057
4.622000 2.599210
4.623000 2.599363
4.624000 2.599516
4.625000 2.599669
4.626000 2.599822
4.627000 2.599975
4.628000 2.600128
4.629000 2.600281
4.630000 2.600434
4.631000 2.600586
4.632000 2.600739
4.633000 2.600892
4.634000 2.601045
4.635000 2.601197
4.636000 2.601350
4.637000 2.601503
4.638000 2.601655
4.639000 2.601808
4.640000 2.601960
4.641000 2.602113
4.642000 2.602265
4.643000 2.602417
4.644000 2.602570
4.645000 2.602722
4.646000 2.602874
4.647000 2.603027
4.648000 2.603179
4.649000 2.603331
4.650000 2.603483
4.651000 2.603635
4.652000 2.603787
4.653000 2.603939
4.654000 2.604091
4.655000 2.604243
4.656000 2.604395
4.657000 2.604547
4.658000 2.604699
4.659000 2.604851
4.660000 2.605003
4.661000 2.605154
4.662000 2.605306
4.663000 2.605458
4.664000 2.605609
4.665000 2.605761
4.666000 2.605912
4.667000 2.606064
4.668000 2.606215
4.669000 2.606367
4.670000 2.606518
4.671000 2.606670
4.672000 2.606821
4.673000 2.606972
4.674000 2.607124
4.675000 2.607275
4.676000 2.607426
4.677000 2.607577
4.678000 2.607729
4.679000 2.607880
4.680000 2.608031
4.681000 2.608182
4.682000 2.608333
4.683000 2.608484
4.684000 2.608635
4.685000 2.608786
4.686000 2.608936
4.687000 2.609087
4.688000 2.609238
4.689000 2.609389
4.690000 2.609539
4.691000 2.609690
4.692000 2.609841
4.693000 2.609991
4.694000 2.610142
4.695000 2.610293
4.696000 2.610443
4.697000 2.610594
4.698000 2.610744
4.699000 2.610894
4.700000 2.611045
4.701000 2.611195
4.702000 2.611345
4.703000 2.611496
4.704000 2.611646
4.705000 2.611796
4.706000 2.611946
4.707000 2.612096
4.708000 2.612246
4.709000 2.612397
4.710000 2.612547
4.711000 2.612697
4.712000 2.612846
4.713000 2.612996
4.714000 2.613146
4.715000 2.613296
4.716000 2.613446
4.717000 2.613596
4.718000 2.613745
4.719000 2.613895
4.720000 2.614045
4.721000 2.614194
4.722000 2.614344
4.723000 2.614494
4.724000 2.614643
4.725000 2.614793
4.726000 2.614942
4.727000 2.615092
4.728000 2.615241
4.729000 2.615390
4.730000 2.615540
4.731000 2.615689
4.732000 2.615838
4.733000 2.615987
4.734000 2.616137
4.735000 2.616286
4.736000 2.616435
4.737000 2.616584
4.738000 2.616733
4.739000 2.616882
4.740000 2.617031
4.741000 2.617180
4.742000 2.617329
4.743000 2.617478
4.744000 2.617627
4.745000 2.617775
4.746000 2.617924
4.747000 2.618073
4.748000 2.618222
4.749000 2.618370
4.750000 2.618519
4.751000 2.618668
4.752000 2.618816
4.753000 2.618965
4.754000 2.619113
4.755000 2.619262
4.756000 2.619410
4.757000 2.619558
4.758000 2.619707
4.759000 2.619855
4.760000 2.620003
4.761000 2.620152
4.762000 2.620300
4.763000 2.620448
4.764000 2.620596
4.765000 2.620744
4.766000 2.620893
4.767000 2.621041
4.768000 2.621189
4.769000 2.621337
4.770000 2.621485
4.771000 2.621632
4.772000 2.621780
4.773000 2.621928
4.774000 2.622076
4.775000 2.622224
4.776000 2.622372
4.777000 2.622519
4.778000 2.622667
4.779000 2.622815
4.780000 2.622962
4.781000 2.623110
4.782000 2.623257
4.783000 2.623405
4.784000 2.623552
4.785000 2.623700
4.786000 2.623847
4.787000 2.623995
4.788000 2.624142
4.789000 2.624289
4.790000 2.624437
4.791000 2.624584
4.792000 2.624731
4.793000 2.624878
4.794000 2.625025
4.795000 2.625172
4.796000 2.625320
4.797000 2.625467
4.798000 2.625614
4.799000 2.625761
4.800000 2.625907
4.801000 2.626054
4.802000 2.626201
4.803000 2.626348
4.804000 2.626495
4.805000 2.626642
4.806000 2.626788
4.807000 2.626935
4.808000 2.627082
4.809000 2.627228
4.810000 2.627375
4.811000 2.627522
4.812000 2.627668
4.813000 2.627815
4.814000 2.627961
4.815000 2.628108
4.816000 2.628254
4.817000 2.628400
4.818000 2.628547
4.819000 2.628693
4.820000 2.628839
4.821000 2.628986
4.822000 2.629132
4.823000 2.629278
4.824000 2.629424
4.825000 2.629570
4.826000 2.629716
4.827000 2.629862
4.828000 2.630008
4.829000 2.630154
4.830000 2.630300
4.831000 2.630446
4.832000 2.630592
4.833000 2.630738
4.834000 2.630884
4.835000 2.631029
4.836000 2.631175
4.837000 2.631321
4.838000 2.631467
4.839000 2.631612
4.840000 2.631758
4.841000 2.631903
4.842000 2.632049
4.843000 2.632194
4.844000 2.632340
4.845000 2.632485
4.846000 2.632631
4.847000 2.632776
4.848000 2.632921
4.849000 2.633067
4.850000 2.633212
4.851000 2.633357
4.852000 2.633503
4.853000 2.633648
4.854000 2.633793
4.855000 2.633938
4.856000 2.634083
4.857000 2.634228
4.858000 2.634373
4.859000 2.634518
4.860000 2.634663
4.861000 2.634808
4.862000 2.634953
4.863000 2.635098
4.864000 2.635243
4.865000 2.635387
4.866000 2.635532
4.867000 2.635677
4.868000 2.635822
4.869000 2.635966
4.870000 2.636111
4.871000 2.636255
4.872000 2.636400
4.873000 2.636545
4.874000 2.636689
4.875000 2.636833
4.876000 2.636978
4.877000 2.637122
4.878000 2.637267
4.879000 2.637411
4.880000 2.637555
4.881000 2.637700
4.882000 2.637844
4.883000 2.637988
4.884000 2.638132
4.885000 2.638276
4.886000 2.638420
4.887000 2.638564
4.888000 2.638709
4.889000 2.638853
4.890000 2.638997
4.891000 2.639140
4.892000 2.639284
4.893000 2.639428
4.894000 2.639572
4.895000 2.639716
4.896000 2.639860
4.897000 2.640003
4.898000 2.640147
4.899000 2.640291
4.900000 2.640434
4.901000 2.640578
4.902000 2.640722
4.903000 2.640865
4.904000 2.641009
4.905000 2.641152
4.906000 2.641296
4.907000 2.641439
4.908000 2.641583
4.909000 2.641726
4.910000 2.641869
4.911000 2.642013
4.912000 2.642156
4.913000 2.642299
4.914000 2.642442
4.915000 2.642585
4.916000 2.642729
4.917000 2.642872
4.918000 2.643015
4.919000 2.643158
4.920000 2.643301
4.921000 2.643444
4.922000 2.643587
4.923000 2.643730
4.924000 2.643873
4.925000 2.644015
4.926000 2.644158
4.927000 2.644301
4.928000 2.644444
4.929000 2.644586
4.930000 2.644729
4.931000 2.644872
4.932000 2.645014
4.933000 2.645157
4.934000 2.645300
4.935000 2.645442
4.936000 2.645585
4.937000 2.645727
4.938000 2.645870
4.939000 2.646012
4.940000 2.646154
4.941000 2.646297
4.942000 2.646439
4.943000 2.646581
4.944000 2.646723
4.945000 2.646866
4.946000 2.647008
4.947000 2.647150
4.948000 2.647292
4.949000 2.647434
4.950000 2.647576
4.951000 2.647718
4.952000 2.647860
4.953000 2.648002
4.954000 2.648144
4.955000 2.648286
4.956000 2.648428
4.957000 2.648570
4.958000 2.648712
4.959000 2.648853
4.960000 2.648995
4.961000 2.649137
4.962000 2.649279
4.963000 2.649420
4.964000 2.649562
4.965000 2.649703
4.966000 2.649845
4.967000 2.649986
4.968000 2.650128
4.969000 2.650269
4.970000 2.650411
4.971000 2.650552
4.972000 2.650694
4.973000 2.650835
4.974000 2.650976
4.975000 2.651118
4.976000 2.651259
4.977000 2.651400
4.978000 2.651541
4.979000 2.651682
4.980000 2.651823
4.981000 2.651964
4.982000 2.652106
4.983000 2.652247
4.984000 2.652388
4.985000 2.652529
4.986000 2.652669
4.987000 2.652810
4.988000 2.652951
4.989000 2.653092
4.990000 2.653233
4.991000 2.653374
4.992000 2.653514
4.993000 2.653655
4.994000 2.653796
4.995000 2.653936
4.996000 2.654077
4.997000 2.654218
4.998000 2.654358
4.999000 2.654499

0.200000 3.850000
0.201000 3.838903
0.202000 3.827893
0.203000 3.816969
0.204000 3.806131
0.205000 3.795377
0.206000 3.784706
0.207000 3.774118
0.208000 3.763610
0.209000 3.753183
0.210000 3.742836
0.211000 3.732567
0.212000 3.722375
0.213000 3.712260
0.214000 3.702221
0.215000 3.692257
0.216000 3.682367
0.217000 3.672550
0.218000 3.662806
0.219000 3.653133
0.220000 3.643531
0.221000 3.633999
0.222000 3.624536
0.223000 3.615142
0.224000 3.605816
0.225000 3.596556
0.226000 3.587363
0.227000 3.578235
0.228000 3.569173
0.229000 3.560174
0.230000 3.551239
0.231000 3.542367
0.232000 3.533557
0.233000 3.524808
0.234000 3.516120
0.235000 3.507493
0.236000 3.498925
0.237000 3.490416
0.238000 3.481965
0.239000 3.473573
0.240000 3.465237
0.241000 3.456958
0.242000 3.448735
0.243000 3.440568
0.244000 3.432456
0.245000 3.424398
0.246000 3.416393
0.247000 3.408443
0.248000 3.400544
0.249000 3.392699
0.250000 3.384905
0.251000 3.377162
0.252000 3.369470
0.253000 3.361828
0.254000 3.354236
0.255000 3.346694
0.256000 3.339200
0.257000 3.331755
0.258000 3.324357
0.259000 3.317007
0.260000 3.309705
0.261000 3.302448
0.262000 3.295238
0.263000 3.288074
0.264000 3.280955
0.265000 3.273881
0.266000 3.266851
0.267000 3.259866
0.268000 3.252924
0.269000 3.246025
0.270000 3.239170
0.271000 3.232357
0.272000 3.225586
0.273000 3.218857
0.274000 3.212169
0.275000 3.205522
0.276000 3.198916
0.277000 3.192351
0.278000 3.185825
0.279000 3.179339
0.280000 3.172892
0.281000 3.166484
0.282000 3.160115
0.283000 3.153784
0.284000 3.147491
0.285000 3.141236
0.286000 3.135018
0.287000 3.128836
0.288000 3.122692
0.289000 3.116584
0.290000 3.110512
0.291000 3.104476
0.292000 3.098475
0.293000 3.092510
0.294000 3.086579
0.295000 3.080683
0.296000 3.074822
0.297000 3.068994
0.298000 3.063201
0.299000 3.057440
0.300000 3.051713
0.301000 3.046019
0.302000 3.040358
0.303000 3.034729
0.304000 3.029132
0.305000 3.023567
0.306000 3.018034
0.307000 3.012533
0.308000 3.007062
0.309000 3.001623
0.310000 2.996214
0.311000 2.990836
0.312000 2.985488
0.313000 2.980169
0.314000 2.974881
0.315000 2.969622
0.316000 2.964393
0.317000 2.959193
0.318000 2.954021
0.319000 2.948878
0.320000 2.943764
0.321000 2.938678
0.322000 2.933620
0.323000 2.928589
0.324000 2.923587
0.325000 2.918612
0.326000 2.913663
0.327000 2.908742
0.328000 2.903848
0.329000 2.898981
0.330000 2.894139
0.331000 2.889324
0.332000 2.884535
0.333000 2.879772
0.334000 2.875035
0.335000 2.870323
0.336000 2.865636
0.337000 2.860975
0.338000 2.856338
0.339000 2.851726
0.340000 2.847139
0.341000 2.842576
0.342000 2.838038
0.343000 2.833524
0.344000 2.829033
0.345000 2.824566
0.346000 2.820123
0.347000 2.815703
0.348000 2.811307
0.349000 2.806933
0.350000 2.802583
0.351000 2.798255
0.352000 2.793950
0.353000 2.789668
0.354000 2.785408
0.355000 2.781170
0.356000 2.776954
0.357000 2.772759
0.358000 2.768587
0.359000 2.764436
0.360000 2.760307
0.361000 2.756199
0.362000 2.752112
0.363000 2.748047
0.364000 2.744002
0.365000 2.739978
0.366000 2.735974
0.367000 2.731991
0.368000 2.728029
0.369000 2.724086
0.370000 2.720164
0.371000 2.716262
0.372000 2.712379
0.373000 2.708516
0.374000 2.704673
0.375000 2.700849
0.376000 2.697045
0.377000 2.693260
0.378000 2.689494
0.379000 2.685747
0.380000 2.682019
0.381000 2.678309
0.382000 2.674619
0.383000 2.670946
0.384000 2.667292
0.385000 2.663657
0.386000 2.660039
0.387000 2.656440
0.388000 2.652859
0.389000 2.649295
0.390000 2.645749
0.391000 2.642221
0.392000 2.638711
0.393000 2.635217
0.394000 2.631742
0.395000 2.628283
0.396000 2.624841
0.397000 2.621417
0.398000 2.618009
0.399000 2.614618
0.400000 2.611244
0.401000 2.607887
0.402000 2.604546
0.403000 2.601221
0.404000 2.597913
0.405000 2.594621
0.406000 2.591345
0.407000 2.588085
0.408000 2.584841
0.409000 2.581613
0.410000 2.578400
0.411000 2.575204
0.412000 2.572023
0.413000 2.568857
0.414000 2.565707
0.415000 2.562572
0.416000 2.559452
0.417000 2.556348
0.418000 2.553258
0.419000 2.550184
0.420000 2.547124
0.421000 2.544080
0.422000 2.541050
0.423000 2.538034
0.424000 2.535033
0.425000 2.532047
0.426000 2.529075
0.427000 2.526117
0.428000 2.523174
0.429000 2.520245
0.430000 2.517330
0.431000 2.514428
0.432000 2.511541
0.433000 2.508668
0.434000 2.505808
0.435000 2.502962
0.436000 2.500130
0.437000 2.497311
0.438000 2.494506
0.439000 2.491715
0.440000 2.488936
0.441000 2.486171
0.442000 2.483419
0.443000 2.480680
0.444000 2.477954
0.445000 2.475242
0.446000 2.472542
0.447000 2.469855
0.448000 2.467181
0.449000 2.464519
0.450000 2.461870
0.451000 2.459234
0.452000 2.456611
0.453000 2.453999
0.454000 2.451401
0.455000 2.448814
0.456000 2.446240
0.457000 2.443678
0.458000 2.441128
0.459000 2.438590
0.460000 2.436064
0.461000 2.433551
0.462000 2.431049
0.463000 2.428559
0.464000 2.426080
0.465000 2.423614
0.466000 2.421159
0.467000 2.418716
0.468000 2.416284
0.469000 2.413864
0.470000 2.411455
0.471000 2.409057
0.472000 2.406671
0.473000 2.404296
0.474000 2.401932
0.475000 2.399580
0.476000 2.397238
0.477000 2.394908
0.478000 2.392588
0.479000 2.390280
0.480000 2.387982
0.481000 2.385696
0.482000 2.383419
0.483000 2.381154
0.484000 2.378899
0.485000 2.376655
0.486000 2.374422
0.487000 2.372199
0.488000 2.369986
0.489000 2.367784
0.490000 2.365593
0.491000 2.363411
0.492000 2.361240
0.493000 2.359079
0.494000 2.356928
0.495000 2.354788
0.496000 2.352657
0.497000 2.350536
0.498000 2.348426
0.499000 2.346325
0.500000 2.344234
0.501000 2.342153
0.502000 2.340082
0.503000 2.338021
0.504000 2.335969
0.505000 2.333927
0.506000 2.331894
0.507000 2.329871
0.508000 2.327858
0.509000 2.325854
0.510000 2.323860
0.511000 2.321874
0.512000 2.319899
0.513000 2.317932
0.514000 2.315975
0.515000 2.314027
0.516000 2.312088
0.517000 2.310158
0.518000 2.308238
0.519000 2.306326
0.520000 2.304424
0.521000 2.302530
0.522000 2.300645
0.523000 2.298770
0.524000 2.296903
0.525000 2.295045
0.526000 2.293195
0.527000 2.291355
0.528000 2.289523
0.529000 2.287699
0.530000 2.285885
0.531000 2.284078
0.532000 2.282281
0.533000 2.280492
0.534000 2.278711
0.535000 2.276939
0.536000 2.275175
0.537000 2.273420
0.538000 2.271672
0.539000 2.269933
0.540000 2.268203
0.541000 2.266480
0.542000 2.264766
0.543000 2.263060
0.544000 2.261362
0.545000 2.259672
0.546000 2.257990
0.547000 2.256316
0.548000 2.254650
0.549000 2.252991
0.550000 2.251341
0.551000 2.249699
0.552000 2.248064
0.553000 2.246437
0.554000 2.244818
0.555000 2.243207
0.556000 2.241603
0.557000 2.240007
0.558000 2.238419
0.559000 2.236838
0.560000 2.235265
0.561000 2.233699
0.562000 2.232141
0.563000 2.230590
0.564000 2.229046
0.565000 2.227510
0.566000 2.225982
0.567000 2.224460
0.568000 2.222946
0.569000 2.221440
0.570000 2.219940
0.571000 2.218448
0.572000 2.216963
0.573000 2.215485
0.574000 2.214014
0.575000 2.212550
0.576000 2.211093
0.577000 2.209644
0.578000 2.208201
0.579000 2.206765
0.580000 2.205336
0.581000 2.203914
0.582000 2.202499
0.583000 2.201091
0.584000 2.199690
0.585000 2.198295
0.586000 2.196908
0.587000 2.195527
0.588000 2.194152
0.589000 2.192785
0.590000 2.191424
0.591000 2.190069
0.592000 2.188722
0.593000 2.187381
0.594000 2.186046
0.595000 2.184718
0.596000 2.183396
0.597000 2.182081
0.598000 2.180773
0.599000 2.179470
0.600000 2.178174
0.601000 2.176885
0.602000 2.175602
0.603000 2.174325
0.604000 2.173054
0.605000 2.171790
0.606000 2.170532
0.607000 2.169280
0.608000 2.168034
0.609000 2.166795
0.610000 2.165561
0.611000 2.164334
0.612000 2.163113
0.613000 2.161898
0.614000 2.160689
0.615000 2.159486
0.616000 2.158289
0.617000 2.157098
0.618000 2.155912
0.619000 2.154733
0.620000 2.153560
0.621000 2.152392
0.622000 2.151231
0.623000 2.150075
0.624000 2.148925
0.625000 2.147780
0.626000 2.146642
0.627000 2.145509
0.628000 2.144382
0.629000 2.143261
0.630000 2.142145
0.631000 2.141035
0.632000 2.139930
0.633000 2.138832
0.634000 2.137738
0.635000 2.136651
0.636000 2.135568
0.637000 2.134492
0.638000 2.133420
0.639000 2.132355
0.640000 2.131294
0.641000 2.130240
0.642000 2.129190
0.643000 2.128146
0.644000 2.127107
0.645000 2.126074
0.646000 2.125046
0.647000 2.124023
0.648000 2.123005
0.649000 2.121993
0.650000 2.120986
0.651000 2.119984
0.652000 2.118988
0.653000 2.117996
0.654000 2.117010
0.655000 2.116029
0.656000 2.115053
0.657000 2.114082
0.658000 2.113116
0.659000 2.112155
0.660000 2.111199
0.661000 2.110248
0.662000 2.109303
0.663000 2.108362
0.664000 2.107426
0.665000 2.106495
0.666000 2.105569
0.667000 2.104648
0.668000 2.103732
0.669000 2.102820
0.670000 2.101914
0.671000 2.101012
0.672000 2.100115
0.673000 2.099223
0.674000 2.098335
0.675000 2.097453
0.676000 2.096575
0.677000 2.095702
0.678000 2.094833
0.679000 2.093969
0.680000 2.093110
0.681000 2.092256
0.682000 2.091406
0.683000 2.090561
0.684000 2.089720
0.685000 2.088884
0.686000 2.088052
0.687000 2.087225
0.688000 2.086403
0.689000 2.085585
0.690000 2.084771
0.691000 2.083962
0.692000 2.083157
0.693000 2.082357
0.694000 2.081561
0.695000 2.080770
0.696000 2.079983
0.697000 2.079200
0.698000 2.078422
0.699000 2.077648
0.700000 2.076878
0.701000 2.076113
0.702000 2.075352
0.703000 2.074595
0.704000 2.073842
0.705000 2.073094
0.706000 2.072350
0.707000 2.071610
0.708000 2.070874
0.709000 2.070143
0.710000 2.069415
0.711000 2.068692
0.712000 2.067973
0.713000 2.067258
0.714000 2.066547
0.715000 2.065840
0.716000 2.065137
0.717000 2.064438
0.718000 2.063743
0.719000 2.063052
0.720000 2.062366
0.721000 2.061683
0.722000 2.061004
0.723000 2.060329
0.724000 2.059658
0.725000 2.058991
0.726000 2.058328
0.727000 2.057669
0.728000 2.057013
0.729000 2.056362
0.730000 2.055714
0.731000 2.055070
0.732000 2.054430
0.733000 2.053794
0.734000 2.053162
0.735000 2.052533
0.736000 2.051908
0.737000 2.051287
0.738000 2.050670
0.739000 2.050056
0.740000 2.049446
0.741000 2.048840
0.742000 2.048237
0.743000 2.047638
0.744000 2.047043
0.745000 2.046451
0.746000 2.045863
0.747000 2.045279
0.748000 2.044698
0.749000 2.044121
0.750000 2.043547
0.751000 2.042977
0.752000 2.042410
0.753000 2.041847
0.754000 2.041288
0.755000 2.040732
0.756000 2.040179
0.757000 2.039630
0.758000 2.039084
0.759000 2.038542
0.760000 2.038003
0.761000 2.037468
0.762000 2.036936
0.763000 2.036407
0.764000 2.035882
0.765000 2.035360
0.766000 2.034842
0.767000 2.034327
0.768000 2.033815
0.769000 2.033306
0.770000 2.032801
0.771000 2.032299
0.772000 2.031801
0.773000 2.031306
0.774000 2.030813
0.775000 2.030325
0.776000 2.029839
0.777000 2.029357
0.778000 2.028877
0.779000 2.028402
0.780000 2.027929
0.781000 2.027459
0.782000 2.026993
0.783000 2.026529
0.784000 2.026069
0.785000 2.025612
0.786000 2.025158
0.787000 2.024707
0.788000 2.024260
0.789000 2.023815
0.790000 2.023373
0.791000 2.022935
0.792000 2.022499
0.793000 2.022067
0.794000 2.021637
0.795000 2.021211
0.796000 2.020787
0.797000 2.020367
0.798000 2.019949
0.799000 2.019535
0.800000 2.019123
0.801000 2.018714
0.802000 2.018309
0.803000 2.017906
0.804000 2.017506
0.805000 2.017109
0.806000 2.016715
0.807000 2.016323
0.808000 2.015935
0.809000 2.015549
0.810000 2.015167
0.811000 2.014787
0.812000 2.014410
0.813000 2.014035
0.814000 2.013664
0.815000 2.013295
0.816000 2.012929
0.817000 2.012566
0.818000 2.012206
0.819000 2.011848
0.820000 2.011493
0.821000 2.011141
0.822000 2.010792
0.823000 2.010445
0.824000 2.010101
0.825000 2.009759
0.826000 2.009421
0.827000 2.009085
0.828000 2.008751
0.829000 2.008420
0.830000 2.008092
0.831000 2.007767
0.832000 2.007444
0.833000 2.007124
0.834000 2.006806
0.835000 2.006491
0.836000 2.006178
0.837000 2.005868
0.838000 2.005561
0.839000 2.005256
0.840000 2.004953
0.841000 2.004654
0.842000 2.004356
0.843000 2.004061
0.844000 2.003769
0.845000 2.003479
0.846000 2.003192
0.847000 2.002907
0.848000 2.002625
0.849000 2.002345
0.850000 2.002067
0.851000 2.001792
0.852000 2.001519
0.853000 2.001249
0.854000 2.000981
0.855000 2.000715
0.856000 2.000452
0.857000 2.000192
0.858000 1.999933
0.859000 1.999677
0.860000 1.999424
0.861000 1.999172
0.862000 1.998923
0.863000 1.998676
0.864000 1.998432
0.865000 1.998190
0.866000 1.997950
0.867000 1.997713
0.868000 1.997477
0.869000 1.997245
0.870000 1.997014
0.871000 1.996785
0.872000 1.996559
0.873000 1.996335
0.874000 1.996113
0.875000 1.995894
0.876000 1.995677
0.877000 1.995461
0.878000 1.995248
0.879000 1.995038
0.880000 1.994829
0.881000 1.994623
0.882000 1.994418
0.883000 1.994216
0.884000 1.994016
0.885000 1.993818
0.886000 1.993623
0.887000 1.993429
0.888000 1.993238
0.889000 1.993048
0.890000 1.992861
0.891000 1.992676
0.892000 1.992493
0.893000 1.992311
0.894000 1.992132
0.895000 1.991955
0.896000 1.991780
0.897000 1.991608
0.898000 1.991437
0.899000 1.991268
0.900000 1.991101
0.901000 1.990936
0.902000 1.990773
0.903000 1.990612
0.904000 1.990454
0.905000 1.990297
0.906000 1.990142
0.907000 1.989989
0.908000 1.989838
0.909000 1.989689
0.910000 1.989542
0.911000 1.989396
0.912000 1.989253
0.913000 1.989112
0.914000 1.988972
0.915000 1.988835
0.916000 1.988699
0.917000 1.988565
0.918000 1.988433
0.919000 1.988303
0.920000 1.988175
0.921000 1.988048
0.922000 1.987924
0.923000 1.987801
0.924000 1.987680
0.925000 1.987561
0.926000 1.987444
0.927000 1.987329
0.928000 1.987215
0.929000 1.987104
0.930000 1.986994
0.931000 1.986885
0.932000 1.986779
0.933000 1.986674
0.934000 1.986571
0.935000 1.986470
0.936000 1.986371
0.937000 1.986273
0.938000 1.986177
0.939000 1.986083
0.940000 1.985991
0.941000 1.985900
0.942000 1.985811
0.943000 1.985723
0.944000 1.985638
0.945000 1.985554
0.946000 1.985472
0.947000 1.985391
0.948000 1.985312
0.949000 1.985235
0.950000 1.985159
0.951000 1.985085
0.952000 1.985013
0.953000 1.984942
0.954000 1.984873
0.955000 1.984806
0.956000 1.984740
0.957000 1.984676
0.958000 1.984613
0.959000 1.984552
0.960000 1.984492
0.961000 1.984435
0.962000 1.984378
0.963000 1.984324
0.964000 1.984271
0.965000 1.984219
0.966000 1.984169
0.967000 1.984121
0.968000 1.984074
0.969000 1.984028
0.970000 1.983984
0.971000 1.983942
0.972000 1.983901
0.973000 1.983862
0.974000 1.983824
0.975000 1.983788
0.976000 1.983753
0.977000 1.983720
0.978000 1.983688
0.979000 1.983658
0.980000 1.983629
0.981000 1.983601
0.982000 1.983575
0.983000 1.983551
0.984000 1.983528
0.985000 1.983506
0.986000 1.983486
0.987000 1.983467
0.988000 1.983450
0.989000 1.983434
0.990000 1.983419
0.991000 1.983406
0.992000 1.983395
0.993000 1.983384
0.994000 1.983375
0.995000 1.983368
0.996000 1.983362
0.997000 1.983357
0.998000 1.983354
0.999000 1.983352
1.000000 1.983351
1.001000 1.983352
1.002000 1.983354
1.003000 1.983357
1.004000 1.983362
1.005000 1.983368
1.006000 1.983375
1.007000 1.983384
1.008000 1.983394
1.009000 1.983405
1.010000 1.983418
1.011000 1.983432
1.012000 1.983447
1.013000 1.983463
1.014000 1.983481
1.015000 1.983500
1.016000 1.983520
1.017000 1.983542
1.018000 1.983565
1.019000 1.983589
1.020000 1.983614
1.021000 1.983641
1.022000 1.983669
1.023000 1.983698
1.024000 1.983728
1.025000 1.983760
1.026000 1.983792
1.027000 1.983826
1.028000 1.983862
1.029000 1.983898
1.030000 1.983936
1.031000 1.983975
1.032000 1.984015
1.033000 1.984056
1.034000 1.984098
1.035000 1.984142
1.036000 1.984186
1.037000 1.984232
1.038000 1.984279
1.039000 1.984328
1.040000 1.984377
1.041000 1.984428
1.042000 1.984479
1.043000 1.984532
1.044000 1.984586
1.045000 1.984641
1.046000 1.984697
1.047000 1.984755
1.048000 1.984813
1.049000 1.984873
1.050000 1.984933
1.051000 1.984995
1.052000 1.985058
1.053000 1.985122
1.054000 1.985187
1.055000 1.985253
1.056000 1.985321
1.057000 1.985389
1.058000 1.985458
1.059000 1.985529
1.060000 1.985600
1.061000 1.985673
1.062000 1.985747
1.063000 1.985821
1.064000 1.985897
1.065000 1.985974
1.066000 1.986052
1.067000 1.986130
1.068000 1.986210
1.069000 1.986291
1.070000 1.986373
1.071000 1.986456
1.072000 1.986540
1.073000 1.986625
1.074000 1.986711
1.075000 1.986798
1.076000 1.986886
1.077000 1.986975
1.078000 1.987065
1.079000 1.987156
1.080000 1.987248
1.081000 1.987341
1.082000 1.987435
1.083000 1.987530
1.084000 1.987626
1.085000 1.987722
1.086000 1.987820
1.087000 1.987919
1.088000 1.988018
1.089000 1.988119
1.090000 1.988221
1.091000 1.988323
1.092000 1.988426
1.093000 1.988531
1.094000 1.988636
1.095000 1.988742
1.096000 1.988849
1.097000 1.988957
1.098000 1.989066
1.099000 1.989176
1.100000 1.989287
1.101000 1.989398
1.102000 1.989511
1.103000 1.989624
1.104000 1.989739
1.105000 1.989854
1.106000 1.989970
1.107000 1.990087
1.108000 1.990205
1.109000 1.990323
1.110000 1.990443
1.111000 1.990563
1.112000 1.990685
1.113000 1.990807
1.114000 1.990930
1.115000 1.991054
1.116000 1.991178
1.117000 1.991304
1.118000 1.991430
1.119000 1.991557
1.120000 1.991686
1.121000 1.991814
1.122000 1.991944
1.123000 1.992075
1.124000 1.992206
1.125000 1.992338
1.126000 1.992471
1.127000 1.992605
1.128000 1.992739
1.129000 1.992875
1.130000 1.993011
1.131000 1.993148
1.132000 1.993285
1.133000 1.993424
1.134000 1.993563
1.135000 1.993703
1.136000 1.993844
1.137000 1.993986
1.138000 1.994128
1.139000 1.994271
1.140000 1.994415
1.141000 1.994560
1.142000 1.994705
1.143000 1.994852
1.144000 1.994999
1.145000 1.995146
1.146000 1.995295
1.147000 1.995444
1.148000 1.995594
1.149000 1.995744
1.150000 1.995896
1.151000 1.996048
1.152000 1.996201
1.153000 1.996354
1.154000 1.996509
1.155000 1.996664
1.156000 1.996819
1.157000 1.996976
1.158000 1.997133
1.159000 1.997291
1.160000 1.997449
1.161000 1.997608
1.162000 1.997768
1.163000 1.997929
1.164000 1.998090
1.165000 1.998252
1.166000 1.998415
1.167000 1.998578
1.168000 1.998742
1.169000 1.998907
1.170000 1.999072
1.171000 1.999238
1.172000 1.999405
1.173000 1.999572
1.174000 1.999741
1.175000 1.999909
1.176000 2.000079
1.177000 2.000249
1.178000 2.000419
1.179000 2.000590
1.180000 2.000762
1.181000 2.000935
1.182000 2.001108
1.183000 2.001282
1.184000 2.001457
1.185000 2.001632
1.186000 2.001807
1.187000 2.001984
1.188000 2.002161
1.189000 2.002338
1.190000 2.002517
1.191000 2.002695
1.192000 2.002875
1.193000 2.003055
1.194000 2.003235
1.195000 2.003417
1.196000 2.003599
1.197000 2.003781
1.198000 2.003964
1.199000 2.004148
1.200000 2.004332
1.201000 2.004517
1.202000 2.004702
1.203000 2.004888
1.204000 2.005075
1.205000 2.005262
1.206000 2.005450
1.207000 2.005638
1.208000 2.005827
1.209000 2.006016
1.210000 2.006206
1.211000 2.006397
1.212000 2.006588
1.213000 2.006779
1.214000 2.006972
1.215000 2.007164
1.216000 2.007358
1.217000 2.007551
1.218000 2.007746
1.219000 2.007941
1.220000 2.008136
1.221000 2.008332
1.222000 2.008529
1.223000 2.008726
1.224000 2.008924
1.225000 2.009122
1.226000 2.009320
1.227000 2.009520
1.228000 2.009719
1.229000 2.009920
1.230000 2.010120
1.231000 2.010322
1.232000 2.010523
1.233000 2.010726
1.234000 2.010928
1.235000 2.011132
1.236000 2.011336
1.237000 2.011540
1.238000 2.011745
1.239000 2.011950
1.240000 2.012156
1.241000 2.012362
1.242000 2.012569
1.243000 2.012776
1.244000 2.012984
1.245000 2.013192
1.246000 2.013401
1.247000 2.013610
1.248000 2.013819
1.249000 2.014030
1.250000 2.014240
1.251000 2.014451
1.252000 2.014663
1.253000 2.014875
1.254000 2.015087
1.255000 2.015300
1.256000 2.015514
1.257000 2.015727
1.258000 2.015942
1.259000 2.016156
1.260000 2.016372
1.261000 2.016587
1.262000 2.016803
1.263000 2.017020
1.264000 2.017237
1.265000 2.017454
1.266000 2.017672
1.267000 2.017891
1.268000 2.018109
1.269000 2.018328
1.270000 2.018548
1.271000 2.018768
1.272000 2.018989
1.273000 2.019209
1.274000 2.019431
1.275000 2.019652
1.276000 2.019875
1.277000 2.020097
1.278000 2.020320
1.279000 2.020543
1.280000 2.020767
1.281000 2.020991
1.282000 2.021216
1.283000 2.021441
1.284000 2.021666
1.285000 2.021892
1.286000 2.022118
1.287000 2.022345
1.288000 2.022572
1.289000 2.022800
1.290000 2.023027
1.291000 2.023256
1.292000 2.023484
1.293000 2.023713
1.294000 2.023942
1.295000 2.024172
1.296000 2.024402
1.297000 2.024633
1.298000 2.024864
1.299000 2.025095
1.300000 2.025326
1.301000 2.025558
1.302000 2.025791
1.303000 2.026024
1.304000 2.026257
1.305000 2.026490
1.306000 2.026724
1.307000 2.026958
1.308000 2.027193
1.309000 2.027428
1.310000 2.027663
1.311000 2.027898
1.312000 2.028134
1.313000 2.028371
1.314000 2.028607
1.315000 2.028844
1.316000 2.029082
1.317000 2.029320
1.318000 2.029558
1.319000 2.029796
1.320000 2.030035
1.321000 2.030274
1.322000 2.030513
1.323000 2.030753
1.324000 2.030993
1.325000 2.031234
1.326000 2.031474
1.327000 2.031715
1.328000 2.031957
1.329000 2.032198
1.330000 2.032441
1.331000 2.032683
1.332000 2.032926
1.333000 2.033169
1.334000 2.033412
1.335000 2.033656
1.336000 2.033900
1.337000 2.034144
1.338000 2.034388
1.339000 2.034633
1.340000 2.034879
1.341000 2.035124
1.342000 2.035370
1.343000 2.035616
1.344000 2.035862
1.345000 2.036109
1.346000 2.036356
1.347000 2.036604
1.348000 2.036851
1.349000 2.037099
1.350000 2.037347
1.351000 2.037596
1.352000 2.037845
1.353000 2.038094
1.354000 2.038343
1.355000 2.038593
1.356000 2.038843
1.357000 2.039093
1.358000 2.039343
1.359000 2.039594
1.360000 2.039845
1.361000 2.040097
1.362000 2.040348
1.363000 2.040600
1.364000 2.040852
1.365000 2.041105
1.366000 2.041357
1.367000 2.041610
1.368000 2.041864
1.369000 2.042117
1.370000 2.042371
1.371000 2.042625
1.372000 2.042879
1.373000 2.043134
1.374000 2.043389
1.375000 2.043644
1.376000 2.043899
1.377000 2.044155
1.378000 2.044411
1.379000 2.044667
1.380000 2.044923
1.381000 2.045180
1.382000 2.045437
1.383000 2.045694
1.384000 2.045951
1.385000 2.046209
1.386000 2.046467
1.387000 2.046725
1.388000 2.046983
1.389000 2.047242
1.390000 2.047500
1.391000 2.047759
1.392000 2.048019
1.393000 2.048278
1.394000 2.048538
1.395000 2.048798
1.396000 2.049058
1.397000 2.049319
1.398000 2.049579
1.399000 2.049840
1.400000 2.050101
1.401000 2.050363
1.402000 2.050624
1.403000 2.050886
1.404000 2.051148
1.405000 2.051410
1.406000 2.051673
1.407000 2.051936
1.408000 2.052199
1.409000 2.052462
1.410000 2.052725
1.411000 2.052989
1.412000 2.053252
1.413000 2.053516
1.414000 2.053781
1.415000 2.054045
1.416000 2.054310
1.417000 2.054574
1.418000 2.054839
1.419000 2.055105
1.420000 2.055370
1.421000 2.055636
1.422000 2.055902
1.423000 2.056168
1.424000 2.056434
1.425000 2.056700
1.426000 2.056967
1.427000 2.057234
1.428000 2.057501
1.429000 2.057768
1.430000 2.058035
1.431000 2.058303
1.432000 2.058571
1.433000 2.058839
1.434000 2.059107
1.435000 2.059375
1.436000 2.059644
1.437000 2.059913
1.438000 2.060181
1.439000 2.060451
1.440000 2.060720
1.441000 2.060989
1.442000 2.061259
1.443000 2.061529
1.444000 2.061799
1.445000 2.062069
1.446000 2.062339
1.447000 2.062610
1.448000 2.062881
1.449000 2.063151
1.450000 2.063422
1.451000 2.063694
1.452000 2.063965
1.453000 2.064237
1.454000 2.064508
1.455000 2.064780
1.456000 2.065052
1.457000 2.065325
1.458000 2.065597
1.459000 2.065869
1.460000 2.066142
1.461000 2.066415
1.462000 2.066688
1.463000 2.066961
1.464000 2.067235
1.465000 2.067508
1.466000 2.067782
1.467000 2.068056
1.468000 2.068330
1.469000 2.068604
1.470000 2.068878
1.471000 2.069152
1.472000 2.069427
1.473000 2.069702
1.474000 2.069977
1.475000 2.070252
1.476000 2.070527
1.477000 2.070802
1.478000 2.071078
1.479000 2.071353
1.480000 2.071629
1.481000 2.071905
1.482000 2.072181
1.483000 2.072457
1.484000 2.072734
1.485000 2.073010
1.486000 2.073287
1.487000 2.073563
1.488000 2.073840
1.489000 2.074117
1.490000 2.074394
1.491000 2.074672
1.492000 2.074949
1.493000 2.075227
1.494000 2.075504
1.495000 2.075782
1.496000 2.076060
1.497000 2.076338
1.498000 2.076616
1.499000 2.076895
1.500000 2.077173
1.501000 2.077452
1.502000 2.077730
1.503000 2.078009
1.504000 2.078288
1.505000 2.078567
1.506000 2.078846
1.507000 2.079126
1.508000 2.079405
1.509000 2.079685
1.510000 2.079964
1.511000 2.080244
1.512000 2.080524
1.513000 2.080804
1.514000 2.081084
1.515000 2.081365
1.516000 2.081645
1.517000 2.081925
1.518000 2.082206
1.519000 2.082487
1.520000 2.082768
1.521000 2.083049
1.522000 2.083330
1.523000 2.083611
1.524000 2.083892
1.525000 2.084173
1.526000 2.084455
1.527000 2.084736
1.528000 2.085018
1.529000 2.085300
1.530000 2.085582
1.531000 2.085864
1.532000 2.086146
1.533000 2.086428
1.534000 2.086710
1.535000 2.086993
1.536000 2.087275
1.537000 2.087558
1.538000 2.087840
1.539000 2.088123
1.540000 2.088406
1.541000 2.088689
1.542000 2.088972
1.543000 2.089255
1.544000 2.089539
1.545000 2.089822
1.546000 2.090105
1.547000 2.090389
1.548000 2.090672
1.549000 2.090956
1.550000 2.091240
1.551000 2.091524
1.552000 2.091808
1.553000 2.092092
1.554000 2.092376
1.555000 2.092660
1.556000 2.092945
1.557000 2.093229
1.558000 2.093513
1.559000 2.093798
1.560000 2.094083
1.561000 2.094367
1.562000 2.094652
1.563000 2.094937
1.564000 2.095222
1.565000 2.095507
1.566000 2.095792
1.567000 2.096078
1.568000 2.096363
1.569000 2.096648
1.570000 2.096934
1.571000 2.097219
1.572000 2.097505
1.573000 2.097790
1.574000 2.098076
1.575000 2.098362
1.576000 2.098648
1.577000 2.098934
1.578000 2.099220
1.579000 2.099506
1.580000 2.099792
1.581000 2.100078
1.582000 2.100365
1.583000 2.100651
1.584000 2.100938
1.585000 2.101224
1.586000 2.101511
1.587000 2.101797
1.588000 2.102084
1.589000 2.102371
1.590000 2.102658
1.591000 2.102944
1.592000 2.103231
1.593000 2.103518
1.594000 2.103806
1.595000 2.104093
1.596000 2.104380
1.597000 2.104667
1.598000 2.104954
1.599000 2.105242
1.600000 2.105529
1.601000 2.105817
1.602000 2.106104
1.603000 2.106392
1.604000 2.106680
1.605000 2.106967
1.606000 2.107255
1.607000 2.107543
1.608000 2.107831
1.609000 2.108119
1.610000 2.108407
1.611000 2.108695
1.612000 2.108983
1.613000 2.109271
1.614000 2.109559
1.615000 2.109848
1.616000 2.110136
1.617000 2.110424
1.618000 2.110713
1.619000 2.111001
1.620000 2.111290
1.621000 2.111578
1.622000 2.111867
1.623000 2.112155
1.624000 2.112444
1.625000 2.112733
1.626000 2.113021
1.627000 2.113310
1.628000 2.113599
1.629000 2.113888
1.630000 2.114177
1.631000 2.114466
1.632000 2.114755
1.633000 2.115044
1.634000 2.115333
1.635000 2.115622
1.636000 2.115911
1.637000 2.116201
1.638000 2.116490
1.639000 2.116779
1.640000 2.117069
1.641000 2.117358
1.642000 2.117647
1.643000 2.117937
1.644000 2.118226
1.645000 2.118516
1.646000 2.118805
1.647000 2.119095
1.648000 2.119385
1.649000 2.119674
1.650000 2.119964
1.651000 2.120254
1.652000 2.120543
1.653000 2.120833
1.654000 2.121123
1.655000 2.121413
1.656000 2.121703
1.657000 2.121993
1.658000 2.122283
1.659000 2.122572
1.660000 2.122862
1.661000 2.123153
1.662000 2.123443
1.663000 2.123733
1.664000 2.124023
1.665000 2.124313
1.666000 2.124603
1.667000 2.124893
1.668000 2.125183
1.669000 2.125474
1.670000 2.125764
1.671000 2.126054
1.672000 2.126344
1.673000 2.126635
1.674000 2.126925
1.675000 2.127215
1.676000 2.127506
1.677000 2.127796
1.678000 2.128087
1.679000 2.128377
1.680000 2.128667
1.681000 2.128958
1.682000 2.129248
1.683000 2.129539
1.684000 2.129830
1.685000 2.130120
1.686000 2.130411
1.687000 2.130701
1.688000 2.130992
1.689000 2.131282
1.690000 2.131573
1.691000 2.131864
1.692000 2.132154
1.693000 2.132445
1.694000 2.132736
1.695000 2.133026
1.696000 2.133317
1.697000 2.133608
1.698000 2.133899
1.699000 2.134189
1.700000 2.134480
1.701000 2.134771
1.702000 2.135062
1.703000 2.135353
1.704000 2.135643
1.705000 2.135934
1.706000 2.136225
1.707000 2.136516
1.708000 2.136807
1.709000 2.137098
1.710000 2.137389
1.711000 2.137679
1.712000 2.137970
1.713000 2.138261
1.714000 2.138552
1.715000 2.138843
1.716000 2.139134
1.717000 2.139425
1.718000 2.139716
1.719000 2.140007
1.720000 2.140298
1.721000 2.140588
1.722000 2.140879
1.723000 2.141170
1.724000 2.141461
1.725000 2.141752
1.726000 2.142043
1.727000 2.142334
1.728000 2.142625
1.729000 2.142916
1.730000 2.143207
1.731000 2.143498
1.732000 2.143789
1.733000 2.144080
1.734000 2.144371
1.735000 2.144662
1.736000 2.144953
1.737000 2.145244
1.738000 2.145535
1.739000 2.145826
1.740000 2.146117
1.741000 2.146408
1.742000 2.146698
1.743000 2.146989
1.744000 2.147280
1.745000 2.147571
1.746000 2.147862
1.747000 2.148153
1.748000 2.148444
1.749000 2.148735
1.750000 2.149026
1.751000 2.149317
1.752000 2.149608
1.753000 2.149899
1.754000 2.150189
1.755000 2.150480
1.756000 2.150771
1.757000 2.151062
1.758000 2.151353
1.759000 2.151644
1.760000 2.151935
1.761000 2.152225
1.762000 2.152516
1.763000 2.152807
1.764000 2.153098
1.765000 2.153389
1.766000 2.153679
1.767000 2.153970
1.768000 2.154261
1.769000 2.154552
1.770000 2.154842
1.771000 2.155133
1.772000 2.155424
1.773000 2.155715
1.774000 2.156005
1.775000 2.156296
1.776000 2.156587
1.777000 2.156877
1.778000 2.157168
1.779000 2.157458
1.780000 2.157749
1.781000 2.158040
1.782000 2.158330
1.783000 2.158621
1.784000 2.158911
1.785000 2.159202
1.786000 2.159492
1.787000 2.159783
1.788000 2.160073
1.789000 2.160364
1.790000 2.160654
1.791000 2.160945
1.792000 2.161235
1.793000 2.161526
1.794000 2.161816
1.795000 2.162106
1.796000 2.162397
1.797000 2.162687
1.798000 2.162977
1.799000 2.163267
1.800000 2.163558
1.801000 2.163848
1.802000 2.164138
1.803000 2.164428
1.804000 2.164719
1.805000 2.165009
1.806000 2.165299
1.807000 2.165589
1.808000 2.165879
1.809000 2.166169
1.810000 2.166459
1.811000 2.166749
1.812000 2.167039
1.813000 2.167329
1.814000 2.167619
1.815000 2.167909
1.816000 2.168199
1.817000 2.168489
1.818000 2.168779
1.819000 2.169069
1.820000 2.169359
1.821000 2.169648
1.822000 2.169938
1.823000 2.170228
1.824000 2.170518
1.825000 2.170807
1.826000 2.171097
1.827000 2.171387
1.828000 2.171676
1.829000 2.171966
1.830000 2.172255
1.831000 2.172545
1.832000 2.172834
1.833000 2.173124
1.834000 2.173413
1.835000 2.173703
1.836000 2.173992
1.837000 2.174282
1.838000 2.174571
1.839000 2.174860
1.840000 2.175150
1.841000 2.175439
1.842000 2.175728
1.843000 2.176017
1.844000 2.176306
1.845000 2.176596
1.846000 2.176885
1.847000 2.177174
1.848000 2.177463
1.849000 2.177752
1.850000 2.178041
1.851000 2.178330
1.852000 2.178619
1.853000 2.178908
1.854000 2.179196
1.855000 2.179485
1.856000 2.179774
1.857000 2.180063
1.858000 2.180351
1.859000 2.180640
1.860000 2.180929
1.861000 2.181217
1.862000 2.181506
1.863000 2.181795
1.864000 2.182083
1.865000 2.182372
1.866000 2.182660
1.867000 2.182949
1.868000 2.183237
1.869000 2.183525
1.870000 2.183814
1.871000 2.184102
1.872000 2.184390
1.873000 2.184678
1.874000 2.184967
1.875000 2.185255
1.876000 2.185543
1.877000 2.185831
1.878000 2.186119
1.879000 2.186407
1.880000 2.186695
1.881000 2.186983
1.882000 2.187271
1.883000 2.187559
1.884000 2.187846
1.885000 2.188134
1.886000 2.188422
1.887000 2.188710
1.888000 2.188997
1.889000 2.189285
1.890000 2.189572
1.891000 2.189860
1.892000 2.190147
1.893000 2.190435
1.894000 2.190722
1.895000 2.191010
1.896000 2.191297
1.897000 2.191584
1.898000 2.191872
1.899000 2.192159
1.900000 2.192446
1.901000 2.192733
1.902000 2.193020
1.903000 2.193307
1.904000 2.193594
1.905000 2.193881
1.906000 2.194168
1.907000 2.194455
1.908000 2.194742
1.909000 2.195029
1.910000 2.195316
1.911000 2.195602
1.912000 2.195889
1.913000 2.196176
1.914000 2.196462
1.915000 2.196749
1.916000 2.197035
1.917000 2.197322
1.918000 2.197608
1.919000 2.197895
1.920000 2.198181
1.921000 2.198467
1.922000 2.198754
1.923000 2.199040
1.924000 2.199326
1.925000 2.199612
1.926000 2.199898
1.927000 2.200184
1.928000 2.200470
1.929000 2.200756
1.930000 2.201042
1.931000 2.201328
1.932000 2.201614
1.933000 2.201899
1.934000 2.202185
1.935000 2.202471
1.936000 2.202756
1.937000 2.203042
1.938000 2.203328
1.939000 2.203613
1.940000 2.203898
1.941000 2.204184
1.942000 2.204469
1.943000 2.204755
1.944000 2.205040
1.945000 2.205325
1.946000 2.205610
1.947000 2.205895
1.948000 2.206180
1.949000 2.206465
1.950000 2.206750
1.951000 2.207035
1.952000 2.207320
1.953000 2.207605
1.954000 2.207890
1.955000 2.208174
1.956000 2.208459
1.957000 2.208744
1.958000 2.209028
1.959000 2.209313
1.960000 2.209597
1.961000 2.209882
1.962000 2.210166
1.963000 2.210450
1.964000 2.210735
1.965000 2.211019
1.966000 2.211303
1.967000 2.211587
1.968000 2.211871
1.969000 2.212155
1.970000 2.212439
1.971000 2.212723
1.972000 2.213007
1.973000 2.213291
1.974000 2.213575
1.975000 2.213858
1.976000 2.214142
1.977000 2.214426
1.978000 2.214709
1.979000 2.214993
1.980000 2.215276
1.981000 2.215560
1.982000 2.215843
1.983000 2.216126
1.984000 2.216410
1.985000 2.216693
1.986000 2.216976
1.987000 2.217259
1.988000 2.217542
1.989000 2.217825
1.990000 2.218108
1.991000 2.218391
1.992000 2.218674
1.993000 2.218957
1.994000 2.219239
1.995000 2.219522
1.996000 2.219805
1.997000 2.220087
1.998000 2.220370
1.999000 2.220652
2.000000 2.220935
2.001000 2.221217
2.002000 2.221499
2.003000 2.221781
2.004000 2.222064
2.005000 2.222346
2.006000 2.222628
2.007000 2.222910
2.008000 2.223192
2.009000 2.223474
2.010000 2.223756
2.011000 2.224037
2.012000 2.224319
2.013000 2.224601
2.014000 2.224882
2.015000 2.225164
2.016000 2.225446
2.017000 2.225727
2.018000 2.226008
2.019000 2.226290
2.020000 2.226571
2.021000 2.226852
2.022000 2.227134
2.023000 2.227415
2.024000 2.227696
2.025000 2.227977
2.026000 2.228258
2.027000 2.228539
2.028000 2.228820
2.029000 2.229100
2.030000 2.229381
2.031000 2.229662
2.032000 2.229942
2.033000 2.230223
2.034000 2.230503
2.035000 2.230784
2.036000 2.231064
2.037000 2.231345
2.038000 2.231625
2.039000 2.231905
2.040000 2.232185
2.041000 2.232465
2.042000 2.232745
2.043000 2.233025
2.044000 2.233305
2.045000 2.233585
2.046000 2.233865
2.047000 2.234145
2.048000 2.234424
2.049000 2.234704
2.050000 2.234984
2.051000 2.235263
2.052000 2.235543
2.053000 2.235822
2.054000 2.236101
2.055000 2.236381
2.056000 2.236660
2.057000 2.236939
2.058000 2.237218
2.059000 2.237497
2.060000 2.237776
2.061000 2.238055
2.062000 2.238334
2.063000 2.238613
2.064000 2.238891
2.065000 2.239170
2.066000 2.239449
2.067000 2.239727
2.068000 2.240006
2.069000 2.240284
2.070000 2.240563
2.071000 2.240841
2.072000 2.241119
2.073000 2.241397
2.074000 2.241676
2.075000 2.241954
2.076000 2.242232
2.077000 2.242510
2.078000 2.242787
2.079000 2.243065
2.080000 2.243343
2.081000 2.243621
2.082000 2.243898
2.083000 2.244176
2.084000 2.244454
2.085000 2.244731
2.086000 2.245008
2.087000 2.245286
2.088000 2.245563
2.089000 2.245840
2.090000 2.246117
2.091000 2.246395
2.092000 2.246672
2.093000 2.246949
2.094000 2.247225
2.095000 2.247502
2.096000 2.247779
2.097000 2.248056
2.098000 2.248332
2.099000 2.248609
2.100000 2.248886
2.101000 2.249162
2.102000 2.249438
2.103000 2.249715
2.104000 2.249991
2.105000 2.250267
2.106000 2.250543
2.107000 2.250820
2.108000 2.251096
2.109000 2.251371
2.110000 2.251647
2.111000 2.251923
2.112000 2.252199
2.113000 2.252475
2.114000 2.252750
2.115000 2.253026
2.116000 2.253301
2.117000 2.253577
2.118000 2.253852
2.119000 2.254128
2.120000 2.254403
2.121000 2.254678
2.122000 2.254953
2.123000 2.255228
2.124000 2.255503
2.125000 2.255778
2.126000 2.256053
2.127000 2.256328
2.128000 2.256603
2.129000 2.256877
2.130000 2.257152
2.131000 2.257427
2.132000 2.257701
2.133000 2.257975
2.134000 2.258250
2.135000 2.258524
2.136000 2.258798
2.137000 2.259073
2.138000 2.259347
2.139000 2.259621
2.140000 2.259895
2.141000 2.260169
2.142000 2.260442
2.143000 2.260716
2.144000 2.260990
2.145000 2.261264
2.146000 2.261537
2.147000 2.261811
2.148000 2.262084
2.149000 2.262358
2.150000 2.262631
2.151000 2.262904
2.152000 2.263177
2.153000 2.263450
2.154000 2.263723
2.155000 2.263996
2.156000 2.264269
2.157000 2.264542
2.158000 2.264815
2.159000 2.265088
2.160000 2.265360
2.161000 2.265633
2.162000 2.265906
2.163000 2.266178
2.164000 2.266450
2.165000 2.266723
2.166000 2.266995
2.167000 2.267267
2.168000 2.267539
2.169000 2.267811
2.170000 2.268083
2.171000 2.268355
2.172000 2.268627
2.173000 2.268899
2.174000 2.269171
2.175000 2.269442
2.176000 2.269714
2.177000 2.269986
2.178000 2.270257
2.179000 2.270528
2.180000 2.270800
2.181000 2.271071
2.182000 2.271342
2.183000 2.271613
2.184000 2.271884
2.185000 2.272155
2.186000 2.272426
2.187000 2.272697
2.188000 2.272968
2.189000 2.273239
2.190000 2.273509
2.191000 2.273780
2.192000 2.274050
2.193000 2.274321
2.194000 2.274591
2.195000 2.274862
2.196000 2.275132
2.197000 2.275402
2.198000 2.275672
2.199000 2.275942
2.200000 2.276212
2.201000 2.276482
2.202000 2.276752
2.203000 2.277022
2.204000 2.277291
2.205000 2.277561
2.206000 2.277831
2.207000 2.278100
2.208000 2.278370
2.209000 2.278639
2.210000 2.278908
2.211000 2.279178
2.212000 2.279447
2.213000 2.279716
2.214000 2.279985
2.215000 2.280254
2.216000 2.280523
2.217000 2.280792
2.218000 2.281060
2.219000 2.281329
2.220000 2.281598
2.221000 2.281866
2.222000 2.282135
2.223000 2.282403
2.224000 2.282671
2.225000 2.282940
2.226000 2.283208
2.227000 2.283476
2.228000 2.283744
2.229000 2.284012
2.230000 2.284280
2.231000 2.284548
2.232000 2.284816
2.233000 2.285083
2.234000 2.285351
2.235000 2.285619
2.236000 2.285886
2.237000 2.286154
2.238000 2.286421
2.239000 2.286688
2.240000 2.286956
2.241000 2.287223
2.242000 2.287490
2.243000 2.287757
2.244000 2.288024
2.245000 2.288291
2.246000 2.288558
2.247000 2.288824
2.248000 2.289091
2.249000 2.289358
2.250000 2.289624
2.251000 2.289891
2.252000 2.290157
2.253000 2.290424
2.254000 2.290690
2.255000 2.290956
2.256000 2.291222
2.257000 2.291488
2.258000 2.291754
2.259000 2.292020
2.260000 2.292286
2.261000 2.292552
2.262000 2.292818
2.263000 2.293083
2.264000 2.293349
2.265000 2.293614
2.266000 2.293880
2.267000 2.294145
2.268000 2.294410
2.269000 2.294676
2.270000 2.294941
2.271000 2.295206
2.272000 2.295471
2.273000 2.295736
2.274000 2.296001
2.275000 2.296266
2.276000 2.296530
2.277000 2.296795
2.278000 2.297060
2.279000 2.297324
2.280000 2.297589
2.281000 2.297853
2.282000 2.298117
2.283000 2.298382
2.284000 2.298646
2.285000 2.298910
2.286000 2.299174
2.287000 2.299438
2.288000 2.299702
2.289000 2.299966
2.290000 2.300229
2.291000 2.300493
2.292000 2.300757
2.293000 2.301020
2.294000 2.301284
2.295000 2.301547
2.296000 2.301810
2.297000 2.302074
2.298000 2.302337
2.299000 2.302600
2.300000 2.302863
2.301000 2.303126
2.302000 2.303389
2.303000 2.303652
2.304000 2.303915
2.305000 2.304177
2.306000 2.304440
2.307000 2.304703
2.308000 2.304965
2.309000 2.305228
2.310000 2.305490
2.311000 2.305752
2.312000 2.306014
2.313000 2.306277
2.314000 2.306539
2.315000 2.306801
2.316000 2.307063
2.317000 2.307324
2.318000 2.307586
2.319000 2.307848
2.320000 2.308110
2.321000 2.308371
2.322000 2.308633
2.323000 2.308894
2.324000 2.309155
2.325000 2.309417
2.326000 2.309678
2.327000 2.309939
2.328000 2.310200
2.329000 2.310461
2.330000 2.310722
2.331000 2.310983
2.332000 2.311244
2.333000 2.311505
2.334000 2.311765
2.335000 2.312026
2.336000 2.312286
2.337000 2.312547
2.338000 2.312807
2.339000 2.313067
2.340000 2.313328
2.341000 2.313588
2.342000 2.313848
2.343000 2.314108
2.344000 2.314368
2.345000 2.314628
2.346000 2.314888
2.347000 2.315147
2.348000 2.315407
2.349000 2.315667
2.350000 2.315926
2.351000 2.316186
2.352000 2.316445
2.353000 2.316704
2.354000 2.316963
2.355000 2.317223
2.356000 2.317482
2.357000 2.317741
2.358000 2.318000
2.359000 2.318259
2.360000 2.318517
2.361000 2.318776
2.362000 2.319035
2.363000 2.319293
2.364000 2.319552
2.365000 2.319810
2.366000 2.320069
2.367000 2.320327
2.368000 2.320585
2.369000 2.320844
2.370000 2.321102
2.371000 2.321360
2.372000 2.321618
2.373000 2.321875
2.374000 2.322133
2.375000 2.322391
2.376000 2.322649
2.377000 2.322906
2.378000 2.323164
2.379000 2.323421
2.380000 2.323679
2.381000 2.323936
2.382000 2.324193
2.383000 2.324450
2.384000 2.324708
2.385000 2.324965
2.386000 2.325222
2.387000 2.325478
2.388000 2.325735
2.389000 2.325992
2.390000 2.326249
2.391000 2.326505
2.392000 2.326762
2.393000 2.327018
2.394000 2.327275
2.395000 2.327531
2.396000 2.327787
2.397000 2.328043
2.398000 2.328300
2.399000 2.328556
2.400000 2.328812
2.401000 2.329067
2.402000 2.329323
2.403000 2.329579
2.404000 2.329835
2.405000 2.330090
2.406000 2.330346
2.407000 2.330601
2.408000 2.330857
2.409000 2.331112
2.410000 2.331367
2.411000 2.331622
2.412000 2.331878
2.413000 2.332133
2.414000 2.332388
2.415000 2.332642
2.416000 2.332897
2.417000 2.333152
2.418000 2.333407
2.419000 2.333661
2.420000 2.333916
2.421000 2.334170
2.422000 2.334425
2.423000 2.334679
2.424000 2.334933
2.425000 2.335187
2.426000 2.335442
2.427000 2.335696
2.428000 2.335950
2.429000 2.336203
2.430000 2.336457
2.431000 2.336711
2.432000 2.336965
2.433000 2.337218
2.434000 2.337472
2.435000 2.337725
2.436000 2.337979
2.437000 2.338232
2.438000 2.338485
2.439000 2.338738
2.440000 2.338992
2.441000 2.339245
2.442000 2.339498
2.443000 2.339750
2.444000 2.340003
2.445000 2.340256
2.446000 2.340509
2.447000 2.340761
2.448000 2.341014
2.449000 2.341266
2.450000 2.341519
2.451000 2.341771
2.452000 2.342023
2.453000 2.342276
2.454000 2.342528
2.455000 2.342780
2.456000 2.343032
2.457000 2.343284
2.458000 2.343535
2.459000 2.343787
2.460000 2.344039
2.461000 2.344290
2.462000 2.344542
2.463000 2.344793
2.464000 2.345045
2.465000 2.345296
2.466000 2.345547
2.467000 2.345799
2.468000 2.346050
2.469000 2.346301
2.470000 2.346552
2.471000 2.346803
2.472000 2.347053
2.473000 2.347304
2.474000 2.347555
2.475000 2.347806
2.476000 2.348056
2.477000 2.348307
2.478000 2.348557
2.479000 2.348807
2.480000 2.349058
2.481000 2.349308
2.482000 2.349558
2.483000 2.349808
2.484000 2.350058
2.485000 2.350308
2.486000 2.350558
2.487000 2.350807
2.488000 2.351057
2.489000 2.351307
2.490000 2.351556
2.491000 2.351806
2.492000 2.352055
2.493000 2.352304
2.494000 2.352554
2.495000 2.352803
2.496000 2.353052
2.497000 2.353301
2.498000 2.353550
2.499000 2.353799
2.500000 2.354048
2.501000 2.354297
2.502000 2.354545
2.503000 2.354794
2.504000 2.355042
2.505000 2.355291
2.506000 2.355539
2.507000 2.355788
2.508000 2.356036
2.509000 2.356284
2.510000 2.356532
2.511000 2.356780
2.512000 2.357028
2.513000 2.357276
2.514000 2.357524
2.515000 2.357772
2.516000 2.358020
2.517000 2.358267
2.518000 2.358515
2.519000 2.358762
2.520000 2.359010
2.521000 2.359257
2.522000 2.359504
2.523000 2.359751
2.524000 2.359999
2.525000 2.360246
2.526000 2.360493
2.527000 2.360740
2.528000 2.360986
2.529000 2.361233
2.530000 2.361480
2.531000 2.361727
2.532000 2.361973
2.533000 2.362220
2.534000 2.362466
2.535000 2.362712
2.536000 2.362959
2.537000 2.363205
2.538000 2.363451
2.539000 2.363697
2.540000 2.363943
2.541000 2.364189
2.542000 2.364435
2.543000 2.364681
2.544000 2.364926
2.545000 2.365172
2.546000 2.365418
2.547000 2.365663
2.548000 2.365909
2.549000 2.366154
2.550000 2.366399
2.551000 2.366644
2.552000 2.366890
2.553000 2.367135
2.554000 2.367380
2.555000 2.367625
2.556000 2.367869
2.557000 2.368114
2.558000 2.368359
2.559000 2.368604
2.560000 2.368848
2.561000 2.369093
2.562000 2.369337
2.563000 2.369582
2.564000 2.369826
2.565000 2.370070
2.566000 2.370314
2.567000 2.370558
2.568000 2.370802
2.569000 2.371046
2.570000 2.371290
2.571000 2.371534
2.572000 2.371778
2.573000 2.372022
2.574000 2.372265
2.575000 2.372509
2.576000 2.372752
2.577000 2.372996
2.578000 2.373239
2.579000 2.373482
2.580000 2.373725
2.581000 2.373968
2.582000 2.374211
2.583000 2.374454
2.584000 2.374697
2.585000 2.374940
2.586000 2.375183
2.587000 2.375426
2.588000 2.375668
2.589000 2.375911
2.590000 2.376153
2.591000 2.376396
2.592000 2.376638
2.593000 2.376880
2.594000 2.377122
2.595000 2.377365
2.596000 2.377607
2.597000 2.377849
2.598000 2.378091
2.599000 2.378332
2.600000 2.378574
2.601000 2.378816
2.602000 2.379058
2.603000 2.379299
2.604000 2.379541
2.605000 2.379782
2.606000 2.380023
2.607000 2.380265
2.608000 2.380506
2.609000 2.380747
2.610000 2.380988
2.611000 2.381229
2.612000 2.381470
2.613000 2.381711
2.614000 2.381952
2.615000 2.382192
2.616000 2.382433
2.617000 2.382674
2.618000 2.382914
2.619000 2.383155
2.620000 2.383395
2.621000 2.383635
2.622000 2.383876
2.623000 2.384116
2.624000 2.384356
2.625000 2.384596
2.626000 2.384836
2.627000 2.385076
2.628000 2.385316
2.629000 2.385555
2.630000 2.385795
2.631000 2.386035
2.632000 2.386274
2.633000 2.386514
2.634000 2.386753
2.635000 2.386992
2.636000 2.387232
2.637000 2.387471
2.638000 2.387710
2.639000 2.387949
2.640000 2.388188
2.641000 2.388427
2.642000 2.388666
2.643000 2.388905
2.644000 2.389143
2.645000 2.389382
2.646000 2.389621
2.647000 2.389859
2.648000 2.390098
2.649000 2.390336
2.650000 2.390574
2.651000 2.390812
2.652000 2.391051
2.653000 2.391289
2.654000 2.391527
2.655000 2.391765
2.656000 2.392003
2.657000 2.392240
2.658000 2.392478
2.659000 2.392716
2.660000 2.392953
2.661000 2.393191
2.662000 2.393428
2.663000 2.393666
2.664000 2.393903
2.665000 2.394140
2.666000 2.394378
2.667000 2.394615
2.668000 2.394852
2.669000 2.395089
2.670000 2.395326
2.671000 2.395562
2.672000 2.395799
2.673000 2.396036
2.674000 2.396273
2.675000 2.396509
2.676000 2.396746
2.677000 2.396982
2.678000 2.397218
2.679000 2.397455
2.680000 2.397691
2.681000 2.397927
2.682000 2.398163
2.683000 2.398399
2.684000 2.398635
2.685000 2.398871
2.686000 2.399107
2.687000 2.399343
2.688000 2.399578
2.689000 2.399814
2.690000 2.400050
2.691000 2.400285
2.692000 2.400520
2.693000 2.400756
2.694000 2.400991
2.695000 2.401226
2.696000 2.401461
2.697000 2.401696
2.698000 2.401931
2.699000 2.402166
2.700000 2.402401
2.701000 2.402636
2.702000 2.402871
2.703000 2.403105
2.704000 2.403340
2.705000 2.403574
2.706000 2.403809
2.707000 2.404043
2.708000 2.404278
2.709000 2.404512
2.710000 2.404746
2.711000 2.404980
2.712000 2.405214
2.713000 2.405448
2.714000 2.405682
2.715000 2.405916
2.716000 2.406150
2.717000 2.406383
2.718000 2.406617
2.719000 2.406850
2.720000 2.407084
2.721000 2.407317
2.722000 2.407551
2.723000 2.407784
2.724000 2.408017
2.725000 2.408250
2.726000 2.408483
2.727000 2.408717
2.728000 2.408949
2.729000 2.409182
2.730000 2.409415
2.731000 2.409648
2.732000 2.409881
2.733000 2.410113
2.734000 2.410346
2.735000 2.410578
2.736000 2.410811
2.737000 2.411043
2.738000 2.411275
2.739000 2.411507
2.740000 2.411740
2.741000 2.411972
2.742000 2.412204
2.743000 2.412436
2.744000 2.412667
2.745000 2.412899
2.746000 2.413131
2.747000 2.413363
2.748000 2.413594
2.749000 2.413826
2.750000 2.414057
2.751000 2.414289
2.752000 2.414520
2.753000 2.414751
2.754000 2.414982
2.755000 2.415213
2.756000 2.415445
2.757000 2.415676
2.758000 2.415906
2.759000 2.416137
2.760000 2.416368
2.761000 2.416599
2.762000 2.416829
2.763000 2.417060
2.764000 2.417291
2.765000 2.417521
2.766000 2.417751
2.767000 2.417982
2.768000 2.418212
2.769000 2.418442
2.770000 2.418672
2.771000 2.418902
2.772000 2.419132
2.773000 2.419362
2.774000 2.419592
2.775000 2.419822
2.776000 2.420052
2.777000 2.420281
2.778000 2.420511
2.779000 2.420740
2.780000 2.420970
2.781000 2.421199
2.782000 2.421428
2.783000 2.421658
2.784000 2.421887
2.785000 2.422116
2.786000 2.422345
2.787000 2.422574
2.788000 2.422803
2.789000 2.423032
2.790000 2.423260
2.791000 2.423489
2.792000 2.423718
2.793000 2.423946
2.794000 2.424175
2.795000 2.424403
2.796000 2.424632
2.797000 2.424860
2.798000 2.425088
2.799000 2.425316
2.800000 2.425545
2.801000 2.425773
2.802000 2.426001
2.803000 2.426229
2.804000 2.426456
2.805000 2.426684
2.806000 2.426912
2.807000 2.427140
2.808000 2.427367
2.809000 2.427595
2.810000 2.427822
2.811000 2.428049
2.812000 2.428277
2.813000 2.428504
2.814000 2.428731
2.815000 2.428958
2.816000 2.429185
2.817000 2.429412
2.818000 2.429639
2.819000 2.429866
2.820000 2.430093
2.821000 2.430320
2.822000 2.430546
2.823000 2.430773
2.824000 2.430999
2.825000 2.431226
2.826000 2.431452
2.827000 2.431679
2.828000 2.431905
2.829000 2.432131
2.830000 2.432357
2.831000 2.432583
2.832000 2.432809
2.833000 2.433035
2.834000 2.433261
2.835000 2.433487
2.836000 2.433713
2.837000 2.433938
2.838000 2.434164
2.839000 2.434389
2.840000 2.434615
2.841000 2.434840
2.842000 2.435066
2.843000 2.435291
2.844000 2.435516
2.845000 2.435741
2.846000 2.435966
2.847000 2.436191
2.848000 2.436416
2.849000 2.436641
2.850000 2.436866
2.851000 2.437091
2.852000 2.437315
2.853000 2.437540
2.854000 2.437765
2.855000 2.437989
2.856000 2.438213
2.857000 2.438438
2.858000 2.438662
2.859000 2.438886
2.860000 2.439111
2.861000 2.439335
2.862000 2.439559
2.863000 2.439783
2.864000 2.440007
2.865000 2.440230
2.866000 2.440454
2.867000 2.440678
2.868000 2.440901
2.869000 2.441125
2.870000 2.441349
2.871000 2.441572
2.872000 2.441795
2.873000 2.442019
2.874000 2.442242
2.875000 2.442465
2.876000 2.442688
2.877000 2.442911
2.878000 2.443134
2.879000 2.443357
2.880000 2.443580
2.881000 2.443803
2.882000 2.444026
2.883000 2.444248
2.884000 2.444471
2.885000 2.444693
2.886000 2.444916
2.887000 2.445138
2.888000 2.445361
2.889000 2.445583
2.890000 2.445805
2.891000 2.446027
2.892000 2.446249
2.893000 2.446471
2.894000 2.446693
2.895000 2.446915
2.896000 2.447137
2.897000 2.447359
2.898000 2.447581
2.899000 2.447802
2.900000 2.448024
2.901000 2.448245
2.902000 2.448467
2.903000 2.448688
2.904000 2.448910
2.905000 2.449131
2.906000 2.449352
2.907000 2.449573
2.908000 2.449794
2.909000 2.450015
2.910000 2.450236
2.911000 2.450457
2.912000 2.450678
2.913000 2.450899
2.914000 2.451119
2.915000 2.451340
2.916000 2.451560
2.917000 2.451781
2.918000 2.452001
2.919000 2.452222
2.920000 2.452442
2.921000 2.452662
2.922000 2.452882
2.923000 2.453102
2.924000 2.453322
2.925000 2.453542
2.926000 2.453762
2.927000 2.453982
2.928000 2.454202
2.929000 2.454422
2.930000 2.454641
2.931000 2.454861
2.932000 2.455080
2.933000 2.455300
2.934000 2.455519
2.935000 2.455739
2.936000 2.455958
2.937000 2.456177
2.938000 2.456396
2.939000 2.456615
2.940000 2.456834
2.941000 2.457053
2.942000 2.457272
2.943000 2.457491
2.944000 2.457710
2.945000 2.457929
2.946000 2.458147
2.947000 2.458366
2.948000 2.458584
2.949000 2.458803
2.950000 2.459021
2.951000 2.459239
2.952000 2.459458
2.953000 2.459676
2.954000 2.459894
2.955000 2.460112
2.956000 2.460330
2.957000 2.460548
2.958000 2.460766
2.959000 2.460984
2.960000 2.461202
2.961000 2.461419
2.962000 2.461637
2.963000 2.461854
2.964000 2.462072
2.965000 2.462289
2.966000 2.462507
2.967000 2.462724
2.968000 2.462941
2.969000 2.463159
2.970000 2.463376
2.971000 2.463593
2.972000 2.463810
2.973000 2.464027
2.974000 2.464244
2.975000 2.464460
2.976000 2.464677
2.977000 2.464894
2.978000 2.465110
2.979000 2.465327
2.980000 2.465544
2.981000 2.465760
2.982000 2.465976
2.983000 2.466193
2.984000 2.466409
2.985000 2.466625
2.986000 2.466841
2.987000 2.467057
2.988000 2.467273
2.989000 2.467489
2.990000 2.467705
2.991000 2.467921
2.992000 2.468137
2.993000 2.468352
2.994000 2.468568
2.995000 2.468784
2.996000 2.468999
2.997000 2.469215
2.998000 2.469430
2.999000 2.469645
3.000000 2.469861
3.001000 2.470076
3.002000 2.470291
3.003000 2.470506
3.004000 2.470721
3.005000 2.470936
3.006000 2.471151
3.007000 2.471366
3.008000 2.471580
3.009000 2.471795
3.010000 2.472010
3.011000 2.472224
3.012000 2.472439
3.013000 2.472653
3.014000 2.472868
3.015000 2.473082
3.016000 2.473296
3.017000 2.473511
3.018000 2.473725
3.019000 2.473939
3.020000 2.474153
3.021000 2.474367
3.022000 2.474581
3.023000 2.474795
3.024000 2.475008
3.025000 2.475222
3.026000 2.475436
3.027000 2.475649
3.028000 2.475863
3.029000 2.476076
3.030000 2.476290
3.031000 2.476503
3.032000 2.476716
3.033000 2.476930
3.034000 2.477143
3.035000 2.477356
3.036000 2.477569
3.037000 2.477782
3.038000 2.477995
3.039000 2.478208
3.040000 2.478420
3.041000 2.478633
3.042000 2.478846
3.043000 2.479058
3.044000 2.479271
3.045000 2.479483
3.046000 2.479696
3.047000 2.479908
3.048000 2.480121
3.049000 2.480333
3.050000 2.480545
3.051000 2.480757
3.052000 2.480969
3.053000 2.481181
3.054000 2.481393
3.055000 2.481605
3.056000 2.481817
3.057000 2.482029
3.058000 2.482240
3.059000 2.482452
3.060000 2.482664
3.061000 2.482875
3.062000 2.483087
3.063000 2.483298
3.064000 2.483509
3.065000 2.483721
3.066000 2.483932
3.067000 2.484143
3.068000 2.484354
3.069000 2.484565
3.070000 2.484776
3.071000 2.484987
3.072000 2.485198
3.073000 2.485409
3.074000 2.485619
3.075000 2.485830
3.076000 2.486041
3.077000 2.486251
3.078000 2.486462
3.079000 2.486672
3.080000 2.486883
3.081000 2.487093
3.082000 2.487303
3.083000 2.487513
3.084000 2.487723
3.085000 2.487934
3.086000 2.488144
3.087000 2.488354
3.088000 2.488563
3.089000 2.488773
3.090000 2.488983
3.091000 2.489193
3.092000 2.489402
3.093000 2.489612
3.094000 2.489822
3.095000 2.490031
3.096000 2.490240
3.097000 2.490450
3.098000 2.490659
3.099000 2.490868
3.100000 2.491077
3.101000 2.491287
3.102000 2.491496
3.103000 2.491705
3.104000 2.491914
3.105000 2.492122
3.106000 2.492331
3.107000 2.492540
3.108000 2.492749
3.109000 2.492957
3.110000 2.493166
3.111000 2.493375
3.112000 2.493583
3.113000 2.493791
3.114000 2.494000
3.115000 2.494208
3.116000 2.494416
3.117000 2.494624
3.118000 2.494833
3.119000 2.495041
3.120000 2.495249
3.121000 2.495456
3.122000 2.495664
3.123000 2.495872
3.124000 2.496080
3.125000 2.496288
3.126000 2.496495
3.127000 2.496703
3.128000 2.496910
3.129000 2.497118
3.130000 2.497325
3.131000 2.497533
3.132000 2.497740
3.133000 2.497947
3.134000 2.498154
3.135000 2.498361
3.136000 2.498568
3.137000 2.498775
3.138000 2.498982
3.139000 2.499189
3.140000 2.499396
3.141000 2.499603
3.142000 2.499809
3.143000 2.500016
3.144000 2.500223
3.145000 2.500429
3.146000 2.500636
3.147000 2.500842
3.148000 2.501048
3.149000 2.501255
3.150000 2.501461
3.151000 2.501667
3.152000 2.501873
3.153000 2.502079
3.154000 2.502285
3.155000 2.502491
3.156000 2.502697
3.157000 2.502903
3.158000 2.503109
3.159000 2.503314
3.160000 2.503520
3.161000 2.503725
3.162000 2.503931
3.163000 2.504136
3.164000 2.504342
3.165000 2.504547
3.166000 2.504752
3.167000 2.504958
3.168000 2.505163
3.169000 2.505368
3.170000 2.505573
3.171000 2.505778
3.172000 2.505983
3.173000 2.506188
3.174000 2.506393
3.175000 2.506597
3.176000 2.506802
3.177000 2.507007
3.178000 2.507211
3.179000 2.507416
3.180000 2.507620
3.181000 2.507825
3.182000 2.508029
3.183000 2.508234
3.184000 2.508438
3.185000 2.508642
3.186000 2.508846
3.187000 2.509050
3.188000 2.509254
3.189000 2.509458
3.190000 2.509662
3.191000 2.509866
3.192000 2.510070
3.193000 2.510273
3.194000 2.510477
3.195000 2.510681
3.196000 2.510884
3.197000 2.511088
3.198000 2.511291
3.199000 2.511495
3.200000 2.511698
3.201000 2.511901
3.202000 2.512104
3.203000 2.512308
3.204000 2.512511
3.205000 2.512714
3.206000 2.512917
3.207000 2.513120
3.208000 2.513323
3.209000 2.513525
3.210000 2.513728
3.211000 2.513931
3.212000 2.514133
3.213000 2.514336
3.214000 2.514539
3.215000 2.514741
3.216000 2.514943
3.217000 2.515146
3.218000 2.515348
3.219000 2.515550
3.220000 2.515753
3.221000 2.515955
3.222000 2.516157
3.223000 2.516359
3.224000 2.516561
3.225000 2.516763
3.226000 2.516964
3.227000 2.517166
3.228000 2.517368
3.229000 2.517570
3.230000 2.517771
3.231000 2.517973
3.232000 2.518174
3.233000 2.518376
3.234000 2.518577
3.235000 2.518779
3.236000 2.518980
3.237000 2.519181
3.238000 2.519382
3.239000 2.519583
3.240000 2.519784
3.241000 2.519985
3.242000 2.520186
3.243000 2.520387
3.244000 2.520588
3.245000 2.520789
3.246000 2.520990
3.247000 2.521190
3.248000 2.521391
3.249000 2.521591
3.250000 2.521792
3.251000 2.521992
3.252000 2.522193
3.253000 2.522393
3.254000 2.522593
3.255000 2.522793
3.256000 2.522994
3.257000 2.523194
3.258000 2.523394
3.259000 2.523594
3.260000 2.523794
3.261000 2.523994
3.262000 2.524193
3.263000 2.524393
3.264000 2.524593
3.265000 2.524792
3.266000 2.524992
3.267000 2.525192
3.268000 2.525391
3.269000 2.525591
3.270000 2.525790
3.271000 2.525989
3.272000 2.526188
3.273000 2.526388
3.274000 2.526587
3.275000 2.526786
3.276000 2.526985
3.277000 2.527184
3.278000 2.527383
3.279000 2.527582
3.280000 2.527781
3.281000 2.527979
3.282000 2.528178
3.283000 2.528377
3.284000 2.528575
3.285000 2.528774
3.286000 2.528972
3.287000 2.529171
3.288000 2.529369
3.289000 2.529567
3.290000 2.529766
3.291000 2.529964
3.292000 2.530162
3.293000 2.530360
3.294000 2.530558
3.295000 2.530756
3.296000 2.530954
3.297000 2.531152
3.298000 2.531350
3.299000 2.531548
3.300000 2.531745
3.301000 2.531943
3.302000 2.532141
3.303000 2.532338
3.304000 2.532536
3.305000 2.532733
3.306000 2.532930
3.307000 2.533128
3.308000 2.533325
3.309000 2.533522
3.310000 2.533719
3.311000 2.533917
3.312000 2.534114
3.313000 2.534311
3.314000 2.534508
3.315000 2.534704
3.316000 2.534901
3.317000 2.535098
3.318000 2.535295
3.319000 2.535491
3.320000 2.535688
3.321000 2.535885
3.322000 2.536081
3.323000 2.536278
3.324000 2.536474
3.325000 2.536670
3.326000 2.536867
3.327000 2.537063
3.328000 2.537259
3.329000 2.537455
3.330000 2.537651
3.331000 2.537847
3.332000 2.538043
3.333000 2.538239
3.334000 2.538435
3.335000 2.538631
3.336000 2.538826
3.337000 2.539022
3.338000 2.539218
3.339000 2.539413
3.340000 2.539609
3.341000 2.539804
3.342000 2.540000
3.343000 2.540195
3.344000 2.540391
3.345000 2.540586
3.346000 2.540781
3.347000 2.540976
3.348000 2.541171
3.349000 2.541366
3.350000 2.541561
3.351000 2.541756
3.352000 2.541951
3.353000 2.542146
3.354000 2.542341
3.355000 2.542535
3.356000 2.542730
3.357000 2.542925
3.358000 2.543119
3.359000 2.543314
3.360000 2.543508
3.361000 2.543703
3.362000 2.543897
3.363000 2.544091
3.364000 2.544285
3.365000 2.544480
3.366000 2.544674
3.367000 2.544868
3.368000 2.545062
3.369000 2.545256
3.370000 2.545450
3.371000 2.545644
3.372000 2.545837
3.373000 2.546031
3.374000 2.546225
3.375000 2.546419
3.376000 2.546612
3.377000 2.546806
3.378000 2.546999
3.379000 2.547193
3.380000 2.547386
3.381000 2.547579
3.382000 2.547773
3.383000 2.547966
3.384000 2.548159
3.385000 2.548352
3.386000 2.548545
3.387000 2.548738
3.388000 2.548931
3.389000 2.549124
3.390000 2.549317
3.391000 2.549510
3.392000 2.549703
3.393000 2.549895
3.394000 2.550088
3.395000 2.550280
3.396000 2.550473
3.397000 2.550665
3.398000 2.550858
3.399000 2.551050
3.400000 2.551243
3.401000 2.551435
3.402000 2.551627
3.403000 2.551819
3.404000 2.552011
3.405000 2.552203
3.406000 2.552395
3.407000 2.552587
3.408000 2.552779
3.409000 2.552971
3.410000 2.553163
3.411000 2.553355
3.412000 2.553546
3.413000 2.553738
3.414000 2.553930
3.415000 2.554121
3.416000 2.554313
3.417000 2.554504
3.418000 2.554695
3.419000 2.554887
3.420000 2.555078
3.421000 2.555269
3.422000 2.555460
3.423000 2.555652
3.424000 2.555843
3.425000 2.556034
3.426000 2.556225
3.427000 2.556415
3.428000 2.556606
3.429000 2.556797
3.430000 2.556988
3.431000 2.557179
3.432000 2.557369
3.433000 2.557560
3.434000 2.557750
3.435000 2.557941
3.436000 2.558131
3.437000 2.558322
3.438000 2.558512
3.439000 2.558702
3.440000 2.558893
3.441000 2.559083
3.442000 2.559273
3.443000 2.559463
3.444000 2.559653
3.445000 2.559843
3.446000 2.560033
3.447000 2.560223
3.448000 2.560413
3.449000 2.560602
3.450000 2.560792
3.451000 2.560982
3.452000 2.561171
3.453000 2.561361
3.454000 2.561550
3.455000 2.561740
3.456000 2.561929
3.457000 2.562119
3.458000 2.562308
3.459000 2.562497
3.460000 2.562686
3.461000 2.562875
3.462000 2.563065
3.463000 2.563254
3.464000 2.563443
3.465000 2.563632
3.466000 2.563820
3.467000 2.564009
3.468000 2.564198
3.469000 2.564387
3.470000 2.564575
3.471000 2.564764
3.472000 2.564953
3.473000 2.565141
3.474000 2.565330
3.475000 2.565518
3.476000 2.565707
3.477000 2.565895
3.478000 2.566083
3.479000 2.566271
3.480000 2.566460
3.481000 2.566648
3.482000 2.566836
3.483000 2.567024
3.484000 2.567212
3.485000 2.567400
3.486000 2.567587
3.487000 2.567775
3.488000 2.567963
3.489000 2.568151
3.490000 2.568338
3.491000 2.568526
3.492000 2.568714
3.493000 2.568901
3.494000 2.569089
3.495000 2.569276
3.496000 2.569463
3.497000 2.569651
3.498000 2.569838
3.499000 2.570025
3.500000 2.570212
3.501000 2.570399
3.502000 2.570586
3.503000 2.570773
3.504000 2.570960
3.505000 2.571147
3.506000 2.571334
3.507000 2.571521
3.508000 2.571708
3.509000 2.571894
3.510000 2.572081
3.511000 2.572268
3.512000 2.572454
3.513000 2.572641
3.514000 2.572827
3.515000 2.573014
3.516000 2.573200
3.517000 2.573386
3.518000 2.573573
3.519000 2.573759
3.520000 2.573945
3.521000 2.574131
3.522000 2.574317
3.523000 2.574503
3.524000 2.574689
3.525000 2.574875
3.526000 2.575061
3.527000 2.575247
3.528000 2.575432
3.529000 2.575618
3.530000 2.575804
3.531000 2.575989
3.532000 2.576175
3.533000 2.576360
3.534000 2.576546
3.535000 2.576731
3.536000 2.576917
3.537000 2.577102
3.538000 2.577287
3.539000 2.577472
3.540000 2.577657
3.541000 2.577843
3.542000 2.578028
3.543000 2.578213
3.544000 2.578398
3.545000 2.578582
3.546000 2.578767
3.547000 2.578952
3.548000 2.579137
3.549000 2.579322
3.550000 2.579506
3.551000 2.579691
3.552000 2.579875
3.553000 2.580060
3.554000 2.580244
3.555000 2.580429
3.556000 2.580613
3.557000 2.580797
3.558000 2.580982
3.559000 2.581166
3.560000 2.581350
3.561000 2.581534
3.562000 2.581718
3.563000 2.581902
3.564000 2.582086
3.565000 2.582270
3.566000 2.582454
3.567000 2.582638
3.568000 2.582822
3.569000 2.583005
3.570000 2.583189
3.571000 2.583373
3.572000 2.583556
3.573000 2.583740
3.574000 2.583923
3.575000 2.584107
3.576000 2.584290
3.577000 2.584473
3.578000 2.584657
3.579000 2.584840
3.580000 2.585023
3.581000 2.585206
3.582000 2.585389
3.583000 2.585572
3.584000 2.585755
3.585000 2.585938
3.586000 2.586121
3.587000 2.586304
3.588000 2.586487
3.589000 2.586669
3.590000 2.586852
3.591000 2.587035
3.592000 2.587217
3.593000 2.587400
3.594000 2.587582
3.595000 2.587765
3.596000 2.587947
3.597000 2.588130
3.598000 2.588312
3.599000 2.588494
3.600000 2.588676
3.601000 2.588859
3.602000 2.589041
3.603000 2.589223
3.604000 2.589405
3.605000 2.589587
3.606000 2.589769
3.607000 2.589950
3.608000 2.590132
3.609000 2.590314
3.610000 2.590496
3.611000 2.590677
3.612000 2.590859
3.613000 2.591041
3.614000 2.591222
3.615000 2.591404
3.616000 2.591585
3.617000 2.591766
3.618000 2.591948
3.619000 2.592129
3.620000 2.592310
3.621000 2.592492
3.622000 2.592673
3.623000 2.592854
3.624000 2.593035
3.625000 2.593216
3.626000 2.593397
3.627000 2.593578
3.628000 2.593759
3.629000 2.593939
3.630000 2.594120
3.631000 2.594301
3.632000 2.594481
3.633000 2.594662
3.634000 2.594843
3.635000 2.595023
3.636000 2.595204
3.637000 2.595384
3.638000 2.595564
3.639000 2.595745
3.640000 2.595925
3.641000 2.596105
3.642000 2.596286
3.643000 2.596466
3.644000 2.596646
3.645000 2.596826
3.646000 2.597006
3.647000 2.597186
3.648000 2.597366
3.649000 2.597546
3.650000 2.597725
3.651000 2.597905
3.652000 2.598085
3.653000 2.598264
3.654000 2.598444
3.655000 2.598624
3.656000 2.598803
3.657000 2.598983
3.658000 2.599162
3.659000 2.599341
3.660000 2.599521
3.661000 2.599700
3.662000 2.599879
3.663000 2.600059
3.664000 2.600238
3.665000 2.600417
3.666000 2.600596
3.667000 2.600775
3.668000 2.600954
3.669000 2.601133
3.670000 2.601312
3.671000 2.601490
3.672000 2.601669
3.673000 2.601848
3.674000 2.602027
3.675000 2.602205
3.676000 2.602384
3.677000 2.602562
3.678000 2.602741
3.679000 2.602919
3.680000 2.603098
3.681000 2.603276
3.682000 2.603454
3.683000 2.603633
3.684000 2.603811
3.685000 2.603989
3.686000 2.604167
3.687000 2.604345
3.688000 2.604523
3.689000 2.604701
3.690000 2.604879
3.691000 2.605057
3.692000 2.605235
3.693000 2.605412
3.694000 2.605590
3.695000 2.605768
3.696000 2.605946
3.697000 2.606123
3.698000 2.606301
3.699000 2.606478
3.700000 2.606656
3.701000 2.606833
3.702000 2.607010
3.703000 2.607188
3.704000 2.607365
3.705000 2.607542
3.706000 2.607719
3.707000 2.607897
3.708000 2.608074
3.709000 2.608251
3.710000 2.608428
3.711000 2.608605
3.712000 2.608782
3.713000 2.608958
3.714000 2.609135
3.715000 2.609312
3.716000 2.609489
3.717000 2.609665
3.718000 2.609842
3.719000 2.610019
3.720000 2.610195
3.721000 2.610372
3.722000 2.610548
3.723000 2.610725
3.724000 2.610901
3.725000 2.611077
3.726000 2.611253
3.727000 2.611430
3.728000 2.611606
3.729000 2.611782
3.730000 2.611958
3.731000 2.612134
3.732000 2.612310
3.733000 2.612486
3.734000 2.612662
3.735000 2.612838
3.736000 2.613014
3.737000 2.613189
3.738000 2.613365
3.739000 2.613541
3.740000 2.613716
3.741000 2.613892
3.742000 2.614067
3.743000 2.614243
3.744000 2.614418
3.745000 2.614594
3.746000 2.614769
3.747000 2.614944
3.748000 2.615120
3.749000 2.615295
3.750000 2.615470
3.751000 2.615645
3.752000 2.615820
3.753000 2.615995
3.754000 2.616170
3.755000 2.616345
3.756000 2.616520
3.757000 2.616695
3.758000 2.616870
3.759000 2.617044
3.760000 2.617219
3.761000 2.617394
3.762000 2.617568
3.763000 2.617743
3.764000 2.617917
3.765000 2.618092
3.766000 2.618266
3.767000 2.618441
3.768000 2.618615
3.769000 2.618789
3.770000 2.618964
3.771000 2.619138
3.772000 2.619312
3.773000 2.619486
3.774000 2.619660
3.775000 2.619834
3.776000 2.620008
3.777000 2.620182
3.778000 2.620356
3.779000 2.620530
3.780000 2.620704
3.781000 2.620878
3.782000 2.621051
3.783000 2.621225
3.784000 2.621399
3.785000 2.621572
3.786000 2.621746
3.787000 2.621919
3.788000 2.622093
3.789000 2.622266
3.790000 2.622439
3.791000 2.622613
3.792000 2.622786
3.793000 2.622959
3.794000 2.623132
3.795000 2.623306
3.796000 2.623479
3.797000 2.623652
3.798000 2.623825
3.799000 2.623998
3.800000 2.624171
3.801000 2.624343
3.802000 2.624516
3.803000 2.624689
3.804000 2.624862
3.805000 2.625034
3.806000 2.625207
3.807000 2.625380
3.808000 2.625552
3.809000 2.625725
3.810000 2.625897
3.811000 2.626070
3.812000 2.626242
3.813000 2.626414
3.814000 2.626587
3.815000 2.626759
3.816000 2.626931
3.817000 2.627103
3.818000 2.627275
3.819000 2.627447
3.820000 2.627619
3.821000 2.627791
3.822000 2.627963
3.823000 2.628135
3.824000 2.628307
3.825000 2.628479
3.826000 2.628651
3.827000 2.628822
3.828000 2.628994
3.829000 2.629166
3.830000 2.629337
3.831000 2.629509
3.832000 2.629680
3.833000 2.629852
3.834000 2.630023
3.835000 2.630195
3.836000 2.630366
3.837000 2.630537
3.838000 2.630708
3.839000 2.630880
3.840000 2.631051
3.841000 2.631222
3.842000 2.631393
3.843000 2.631564
3.844000 2.631735
3.845000 2.631906
3.846000 2.632077
3.847000 2.632248
3.848000 2.632418
3.849000 2.632589
3.850000 2.632760
3.851000 2.632930
3.852000 2.633101
3.853000 2.633272
3.854000 2.633442
3.855000 2.633613
3.856000 2.633783
3.857000 2.633954
3.858000 2.634124
3.859000 2.634294
3.860000 2.634465
3.861000 2.634635
3.862000 2.634805
3.863000 2.634975
3.864000 2.635145
3.865000 2.635315
3.866000 2.635485
3.867000 2.635655
3.868000 2.635825
3.869000 2.635995
3.870000 2.636165
3.871000 2.636335
3.872000 2.636504
3.873000 2.636674
3.874000 2.636844
3.875000 2.637013
3.876000 2.637183
3.877000 2.637353
3.878000 2.637522
3.879000 2.637692
3.880000 2.637861
3.881000 2.638030
3.882000 2.638200
3.883000 2.638369
3.884000 2.638538
3.885000 2.638707
3.886000 2.638877
3.887000 2.639046
3.888000 2.639215
3.889000 2.639384
3.890000 2.639553
3.891000 2.639722
3.892000 2.639891
3.893000 2.640059
3.894000 2.640228
3.895000 2.640397
3.896000 2.640566
3.897000 2.640734
3.898000 2.640903
3.899000 2.641072
3.900000 2.641240
3.901000 2.641409
3.902000 2.641577
3.903000 2.641746
3.904000 2.641914
3.905000 2.642082
3.906000 2.642251
3.907000 2.642419
3.908000 2.642587
3.909000 2.642755
3.910000 2.642923
3.911000 2.643091
3.912000 2.643260
3.913000 2.643428
3.914000 2.643595
3.915000 2.643763
3.916000 2.643931
3.917000 2.644099
3.918000 2.644267
3.919000 2.644435
3.920000 2.644602
3.921000 2.644770
3.922000 2.644938
3.923000 2.645105
3.924000 2.645273
3.925000 2.645440
3.926000 2.645608
3.927000 2.645775
3.928000 2.645942
3.929000 2.646110
3.930000 2.646277
3.931000 2.646444
3.932000 2.646612
3.933000 2.646779
3.934000 2.646946
3.935000 2.647113
3.936000 2.647280
3.937000 2.647447
3.938000 2.647614
3.939000 2.647781
3.940000 2.647948
3.941000 2.648114
3.942000 2.648281
3.943000 2.648448
3.944000 2.648615
3.945000 2.648781
3.946000 2.648948
3.947000 2.649114
3.948000 2.649281
3.949000 2.649447
3.950000 2.649614
3.951000 2.649780
3.952000 2.649947
3.953000 2.650113
3.954000 2.650279
3.955000 2.650445
3.956000 2.650612
3.957000 2.650778
3.958000 2.650944
3.959000 2.651110
3.960000 2.651276
3.961000 2.651442
3.962000 2.651608
3.963000 2.651774
3.964000 2.651940
3.965000 2.652106
3.966000 2.652271
3.967000 2.652437
3.968000 2.652603
3.969000 2.652768
3.970000 2.652934
3.971000 2.653100
3.972000 2.653265
3.973000 2.653431
3.974000 2.653596
3.975000 2.653761
3.976000 2.653927
3.977000 2.654092
3.978000 2.654257
3.979000 2.654423
3.980000 2.654588
3.981000 2.654753
3.982000 2.654918
3.983000 2.655083
3.984000 2.655248
3.985000 2.655413
3.986000 2.655578
3.987000 2.655743
3.988000 2.655908
3.989000 2.656073
3.990000 2.656238
3.991000 2.656402
3.992000 2.656567
3.993000 2.656732
3.994000 2.656896
3.995000 2.657061
3.996000 2.657225
3.997000 2.657390
3.998000 2.657554
3.999000 2.657719
4.000000 2.657883
4.001000 2.658047
4.002000 2.658212
4.003000 2.658376
4.004000 2.658540
4.005000 2.658704
4.006000 2.658869
4.007000 2.659033
4.008000 2.659197
4.009000 2.659361
4.010000 2.659525
4.011000 2.659689
4.012000 2.659852
4.013000 2.660016
4.014000 2.660180
4.015000 2.660344
4.016000 2.660508
4.017000 2.660671
4.018000 2.660835
4.019000 2.660999
4.020000 2.661162
4.021000 2.661326
4.022000 2.661489
4.023000 2.661653
4.024000 2.661816
4.025000 2.661979
4.026000 2.662143
4.027000 2.662306
4.028000 2.662469
4.029000 2.662632
4.030000 2.662795
4.031000 2.662959
4.032000 2.663122
4.033000 2.663285
4.034000 2.663448
4.035000 2.663611
4.036000 2.663774
4.037000 2.663936
4.038000 2.664099
4.039000 2.664262
4.040000 2.664425
4.041000 2.664588
4.042000 2.664750
4.043000 2.664913
4.044000 2.665075
4.045000 2.665238
4.046000 2.665400
4.047000 2.665563
4.048000 2.665725
4.049000 2.665888
4.050000 2.666050
4.051000 2.666212
4.052000 2.666375
4.053000 2.666537
4.054000 2.666699
4.055000 2.666861
4.056000 2.667023
4.057000 2.667185
4.058000 2.667347
4.059000 2.667509
4.060000 2.667671
4.061000 2.667833
4.062000 2.667995
4.063000 2.668157
4.064000 2.668319
4.065000 2.668481
4.066000 2.668642
4.067000 2.668804
4.068000 2.668966
4.069000 2.669127
4.070000 2.669289
4.071000 2.669450
4.072000 2.669612
4.073000 2.669773
4.074000 2.669935
4.075000 2.670096
4.076000 2.670257
4.077000 2.670419
4.078000 2.670580
4.079000 2.670741
4.080000 2.670902
4.081000 2.671063
4.082000 2.671224
4.083000 2.671385
4.084000 2.671546
4.085000 2.671707
4.086000 2.671868
4.087000 2.672029
4.088000 2.672190
4.089000 2.672351
4.090000 2.672511
4.091000 2.672672
4.092000 2.672833
4.093000 2.672994
4.094000 2.673154
4.095000 2.673315
4.096000 2.673475
4.097000 2.673636
4.098000 2.673796
4.099000 2.673957
4.100000 2.674117
4.101000 2.674277
4.102000 2.674438
4.103000 2.674598
4.104000 2.674758
4.105000 2.674918
4.106000 2.675078
4.107000 2.675238
4.108000 2.675398
4.109000 2.675558
4.110000 2.675718
4.111000 2.675878
4.112000 2.676038
4.113000 2.676198
4.114000 2.676358
4.115000 2.676518
4.116000 2.676678
4.117000 2.676837
4.118000 2.676997
4.119000 2.677157
4.120000 2.677316
4.121000 2.677476
4.122000 2.677635
4.123000 2.677795
4.124000 2.677954
4.125000 2.678113
4.126000 2.678273
4.127000 2.678432
4.128000 2.678591
4.129000 2.678751
4.130000 2.678910
4.131000 2.679069
4.132000 2.679228
4.133000 2.679387
4.134000 2.679546
4.135000 2.679705
4.136000 2.679864
4.137000 2.680023
4.138000 2.680182
4.139000 2.680341
4.140000 2.680500
4.141000 2.680658
4.142000 2.680817
4.143000 2.680976
4.144000 2.681135
4.145000 2.681293
4.146000 2.681452
4.147000 2.681610
4.148000 2.681769
4.149000 2.681927
4.150000 2.682086
4.151000 2.682244
4.152000 2.682402
4.153000 2.682561
4.154000 2.682719
4.155000 2.682877
4.156000 2.683035
4.157000 2.683194
4.158000 2.683352
4.159000 2.683510
4.160000 2.683668
4.161000 2.683826
4.162000 2.683984
4.163000 2.684142
4.164000 2.684300
4.165000 2.684457
4.166000 2.684615
4.167000 2.684773
4.168000 2.684931
4.169000 2.685088
4.170000 2.685246
4.171000 2.685404
4.172000 2.685561
4.173000 2.685719
4.174000 2.685876
4.175000 2.686034
4.176000 2.686191
4.177000 2.686349
4.178000 2.686506
4.179000 2.686663
4.180000 2.686821
4.181000 2.686978
4.182000 2.687135
4.183000 2.687292
4.184000 2.687449
4.185000 2.687607
4.186000 2.687764
4.187000 2.687921
4.188000 2.688078
4.189000 2.688234
4.190000 2.688391
4.191000 2.688548
4.192000 2.688705
4.193000 2.688862
4.194000 2.689019
4.195000 2.689175
4.196000 2.689332
4.197000 2.689489
4.198000 2.689645
4.199000 2.689802
4.200000 2.689958
4.201000 2.690115
4.202000 2.690271
4.203000 2.690428
4.204000 2.690584
4.205000 2.690740
4.206000 2.690897
4.207000 2.691053
4.208000 2.691209
4.209000 2.691365
4.210000 2.691522
4.211000 2.691678
4.212000 2.691834
4.213000 2.691990
4.214000 2.692146
4.215000 2.692302
4.216000 2.692458
4.217000 2.692613
4.218000 2.692769
4.219000 2.692925
4.220000 2.693081
4.221000 2.693237
4.222000 2.693392
4.223000 2.693548
4.224000 2.693704
4.225000 2.693859
4.226000 2.694015
4.227000 2.694170
4.228000 2.694326
4.229000 2.694481
4.230000 2.694637
4.231000 2.694792
4.232000 2.694947
4.233000 2.695103
4.234000 2.695258
4.235000 2.695413
4.236000 2.695568
4.237000 2.695723
4.238000 2.695878
4.239000 2.696034
4.240000 2.696189
4.241000 2.696344
4.242000 2.696499
4.243000 2.696653
4.244000 2.696808
4.245000 2.696963
4.246000 2.697118
4.247000 2.697273
4.248000 2.697428
4.249000 2.697582
4.250000 2.697737
4.251000 2.697891
4.252000 2.698046
4.253000 2.698201
4.254000 2.698355
4.255000 2.698510
4.256000 2.698664
4.257000 2.698818
4.258000 2.698973
4.259000 2.699127
4.260000 2.699281
4.261000 2.699436
4.262000 2.699590
4.263000 2.699744
4.264000 2.699898
4.265000 2.700052
4.266000 2.700206
4.267000 2.700360
4.268000 2.700514
4.269000 2.700668
4.270000 2.700822
4.271000 2.700976
4.272000 2.701130
4.273000 2.701284
4.274000 2.701438
4.275000 2.701591
4.276000 2.701745
4.277000 2.701899
4.278000 2.702052
4.279000 2.702206
4.280000 2.702360
4.281000 2.702513
4.282000 2.702667
4.283000 2.702820
4.284000 2.702973
4.285000 2.703127
4.286000 2.703280
4.287000 2.703434
4.288000 2.703587
4.289000 2.703740
4.290000 2.703893
4.291000 2.704046
4.292000 2.704200
4.293000 2.704353
4.294000 2.704506
4.295000 2.704659
4.296000 2.704812
4.297000 2.704965
4.298000 2.705117
4.299000 2.705270
4.300000 2.705423
4.301000 2.705576
4.302000 2.705729
4.303000 2.705881
4.304000 2.706034
4.305000 2.706187
4.306000 2.706339
4.307000 2.706492
4.308000 2.706645
4.309000 2.706797
4.310000 2.706950
4.311000 2.707102
4.312000 2.707254
4.313000 2.707407
4.314000 2.707559
4.315000 2.707711
4.316000 2.707864
4.317000 2.708016
4.318000 2.708168
4.319000 2.708320
4.320000 2.708472
4.321000 2.708624
4.322000 2.708776
4.323000 2.708928
4.324000 2.709080
4.325000 2.709232
4.326000 2.709384
4.327000 2.709536
4.328000 2.709688
4.329000 2.709840
4.330000 2.709992
4.331000 2.710143
4.332000 2.710295
4.333000 2.710447
4.334000 2.710598
4.335000 2.710750
4.336000 2.710901
4.337000 2.711053
4.338000 2.711204
4.339000 2.711356
4.340000 2.711507
4.341000 2.711659
4.342000 2.711810
4.343000 2.711961
4.344000 2.712112
4.345000 2.712264
4.346000 2.712415
4.347000 2.712566
4.348000 2.712717
4.349000 2.712868
4.350000 2.713019
4.351000 2.713170
4.352000 2.713321
4.353000 2.713472
4.354000 2.713623
4.355000 2.713774
4.356000 2.713925
4.357000 2.714076
4.358000 2.714226
4.359000 2.714377
4.360000 2.714528
4.361000 2.714678
4.362000 2.714829
4.363000 2.714980
4.364000 2.715130
4.365000 2.715281
4.366000 2.715431
4.367000 2.715582
4.368000 2.715732
4.369000 2.715882
4.370000 2.716033
4.371000 2.716183
4.372000 2.716333
4.373000 2.716484
4.374000 2.716634
4.375000 2.716784
4.376000 2.716934
4.377000 2.717084
4.378000 2.717234
4.379000 2.717384
4.380000 2.717534
4.381000 2.717684
4.382000 2.717834
4.383000 2.717984
4.384000 2.718134
4.385000 2.718284
4.386000 2.718433
4.387000 2.718583
4.388000 2.718733
4.389000 2.718883
4.390000 2.719032
4.391000 2.719182
4.392000 2.719331
4.393000 2.719481
4.394000 2.719630
4.395000 2.719780
4.396000 2.719929
4.397000 2.720079
4.398000 2.720228
4.399000 2.720377
4.400000 2.720527
4.401000 2.720676
4.402000 2.720825
4.403000 2.720974
4.404000 2.721124
4.405000 2.721273
4.406000 2.721422
4.407000 2.721571
4.408000 2.721720
4.409000 2.721869
4.410000 2.722018
4.411000 2.722167
4.412000 2.722316
4.413000 2.722464
4.414000 2.722613
4.415000 2.722762
4.416000 2.722911
4.417000 2.723059
4.418000 2.723208
4.419000 2.723357
4.420000 2.723505
4.421000 2.723654
4.422000 2.723802
4.423000 2.723951
4.424000 2.724099
4.425000 2.724248
4.426000 2.724396
4.427000 2.724545
4.428000 2.724693
4.429000 2.724841
4.430000 2.724989
4.431000 2.725138
4.432000 2.725286
4.433000 2.725434
4.434000 2.725582
4.435000 2.725730
4.436000 2.725878
4.437000 2.726026
4.438000 2.726174
4.439000 2.726322
4.440000 2.726470
4.441000 2.726618
4.442000 2.726766
4.443000 2.726914
4.444000 2.727061
4.445000 2.727209
4.446000 2.727357
4.447000 2.727505
4.448000 2.727652
4.449000 2.727800
4.450000 2.727947
4.451000 2.728095
4.452000 2.728242
4.453000 2.728390
4.454000 2.728537
4.455000 2.728685
4.456000 2.728832
4.457000 2.728979
4.458000 2.729127
4.459000 2.729274
4.460000 2.729421
4.461000 2.729568
4.462000 2.729716
4.463000 2.729863
4.464000 2.730010
4.465000 2.730157
4.466000 2.730304
4.467000 2.730451
4.468000 2.730598
4.469000 2.730745
4.470000 2.730892
4.471000 2.731039
4.472000 2.731185
4.473000 2.731332
4.474000 2.731479
4.475000 2.731626
4.476000 2.731772
4.477000 2.731919
4.478000 2.732066
4.479000 2.732212
4.480000 2.732359
4.481000 2.732505
4.482000 2.732652
4.483000 2.732798
4.484000 2.732945
4.485000 2.733091
4.486000 2.733238
4.487000 2.733384
4.488000 2.733530
4.489000 2.733676
4.490000 2.733823
4.491000 2.733969
4.492000 2.734115
4.493000 2.734261
4.494000 2.734407
4.495000 2.734553
4.496000 2.734699
4.497000 2.734845
4.498000 2.734991
4.499000 2.735137
4.500000 2.735283
4.501000 2.735429
4.502000 2.735575
4.503000 2.735721
4.504000 2.735866
4.505000 2.736012
4.506000 2.736158
4.507000 2.736303
4.508000 2.736449
4.509000 2.736595
4.510000 2.736740
4.511000 2.736886
4.512000 2.737031
4.513000 2.737177
4.514000 2.737322
4.515000 2.737468
4.516000 2.737613
4.517000 2.737758
4.518000 2.737903
4.519000 2.738049
4.520000 2.738194
4.521000 2.738339
4.522000 2.738484
4.523000 2.738629
4.524000 2.738775
4.525000 2.738920
4.526000 2.739065
4.527000 2.739210
4.528000 2.739355
4.529000 2.739500
4.530000 2.739644
4.531000 2.739789
4.532000 2.739934
4.533000 2.740079
4.534000 2.740224
4.535000 2.740368
4.536000 2.740513
4.537000 2.740658
4.538000 2.740802
4.539000 2.740947
4.540000 2.741092
4.541000 2.741236
4.542000 2.741381
4.543000 2.741525
4.544000 2.741670
4.545000 2.741814
4.546000 2.741958
4.547000 2.742103
4.548000 2.742247
4.549000 2.742391
4.550000 2.742535
4.551000 2.742680
4.552000 2.742824
4.553000 2.742968
4.554000 2.743112
4.555000 2.743256
4.556000 2.743400
4.557000 2.743544
4.558000 2.743688
4.559000 2.743832
4.560000 2.743976
4.561000 2.744120
4.562000 2.744264
4.563000 2.744408
4.564000 2.744551
4.565000 2.744695
4.566000 2.744839
4.567000 2.744983
4.568000 2.745126
4.569000 2.745270
4.570000 2.745413
4.571000 2.745557
4.572000 2.745701
4.573000 2.745844
4.574000 2.745987
4.575000 2.746131
4.576000 2.746274
4.577000 2.746418
4.578000 2.746561
4.579000 2.746704
4.580000 2.746848
4.581000 2.746991
4.582000 2.747134
4.583000 2.747277
4.584000 2.747420
4.585000 2.747563
4.586000 2.747707
4.587000 2.747850
4.588000 2.747993
4.589000 2.748136
4.590000 2.748278
4.591000 2.748421
4.592000 2.748564
4.593000 2.748707
4.594000 2.748850
4.595000 2.748993
4.596000 2.749135
4.597000 2.749278
4.598000 2.749421
4.599000 2.749564
4.600000 2.749706
4.601000 2.749849
4.602000 2.749991
4.603000 2.750134
4.604000 2.750276
4.605000 2.750419
4.606000 2.750561
4.607000 2.750704
4.608000 2.750846
4.609000 2.750988
4.610000 2.751131
4.611000 2.751273
4.612000 2.751415
4.613000 2.751557
4.614000 2.751700
4.615000 2.751842
4.616000 2.751984
4.617000 2.752126
4.618000 2.752268
4.619000 2.752410
4.620000 2.752552
4.621000 2.752694
4.622000 2.752836
4.623000 2.752978
4.624000 2.753120
4.625000 2.753261
4.626000 2.753403
4.627000 2.753545
4.628000 2.753687
4.629000 2.753828
4.630000 2.753970
4.631000 2.754112
4.632000 2.754253
4.633000 2.754395
4.634000 2.754536
4.635000 2.754678
4.636000 2.754819
4.637000 2.754961
4.638000 2.755102
4.639000 2.755244
4.640000 2.755385
4.641000 2.755526
4.642000 2.755668
4.643000 2.755809
4.644000 2.755950
4.645000 2.756091
4.646000 2.756232
4.647000 2.756374
4.648000 2.756515
4.649000 2.756656
4.650000 2.756797
4.651000 2.756938
4.652000 2.757079
4.653000 2.757220
4.654000 2.757361
4.655000 2.757501
4.656000 2.757642
4.657000 2.757783
4.658000 2.757924
4.659000 2.758065
4.660000 2.758205
4.661000 2.758346
4.662000 2.758487
4.663000 2.758627
4.664000 2.758768
4.665000 2.758908
4.666000 2.759049
4.667000 2.759190
4.668000 2.759330
4.669000 2.759470
4.670000 2.759611
4.671000 2.759751
4.672000 2.759892
4.673000 2.760032
4.674000 2.760172
4.675000 2.760312
4.676000 2.760453
4.677000 2.760593
4.678000 2.760733
4.679000 2.760873
4.680000 2.761013
4.681000 2.761153
4.682000 2.761293
4.683000 2.761433
4.684000 2.761573
4.685000 2.761713
4.686000 2.761853
4.687000 2.761993
4.688000 2.762133
4.689000 2.762273
4.690000 2.762413
4.691000 2.762552
4.692000 2.762692
4.693000 2.762832
4.694000 2.762971
4.695000 2.763111
4.696000 2.763251
4.697000 2.763390
4.698000 2.763530
4.699000 2.763669
4.700000 2.763809
4.701000 2.763948
4.702000 2.764088
4.703000 2.764227
4.704000 2.764366
4.705000 2.764506
4.706000 2.764645
4.707000 2.764784
4.708000 2.764923
4.709000 2.765063
4.710000 2.765202
4.711000 2.765341
4.712000 2.765480
4.713000 2.765619
4.714000 2.765758
4.715000 2.765897
4.716000 2.766036
4.717000 2.766175
4.718000 2.766314
4.719000 2.766453
4.720000 2.766592
4.721000 2.766731
4.722000 2.766870
4.723000 2.767008
4.724000 2.767147
4.725000 2.767286
4.726000 2.767424
4.727000 2.767563
4.728000 2.767702
4.729000 2.767840
4.730000 2.767979
4.731000 2.768117
4.732000 2.768256
4.733000 2.768394
4.734000 2.768533
4.735000 2.768671
4.736000 2.768810
4.737000 2.768948
4.738000 2.769086
4.739000 2.769225
4.740000 2.769363
4.741000 2.769501
4.742000 2.769639
4.743000 2.769777
4.744000 2.769916
4.745000 2.770054
4.746000 2.770192
4.747000 2.770330
4.748000 2.770468
4.749000 2.770606
4.750000 2.770744
4.751000 2.770882
4.752000 2.771020
4.753000 2.771157
4.754000 2.771295
4.755000 2.771433
4.756000 2.771571
4.757000 2.771709
4.758000 2.771846
4.759000 2.771984
4.760000 2.772122
4.761000 2.772259
4.762000 2.772397
4.763000 2.772534
4.764000 2.772672
4.765000 2.772809
4.766000 2.772947
4.767000 2.773084
4.768000 2.773222
4.769000 2.773359
4.770000 2.773496
4.771000 2.773634
4.772000 2.773771
4.773000 2.773908
4.774000 2.774046
4.775000 2.774183
4.776000 2.774320
4.777000 2.774457
4.778000 2.774594
4.779000 2.774731
4.780000 2.774868
4.781000 2.775005
4.782000 2.775142
4.783000 2.775279
4.784000 2.775416
4.785000 2.775553
4.786000 2.775690
4.787000 2.775827
4.788000 2.775964
4.789000 2.776100
4.790000 2.776237
4.791000 2.776374
4.792000 2.776511
4.793000 2.776647
4.794000 2.776784
4.795000 2.776921
4.796000 2.777057
4.797000 2.777194
4.798000 2.777330
4.799000 2.777467
4.800000 2.777603
4.801000 2.777740
4.802000 2.777876
4.803000 2.778012
4.804000 2.778149
4.805000 2.778285
4.806000 2.778421
4.807000 2.778557
4.808000 2.778694
4.809000 2.778830
4.810000 2.778966
4.811000 2.779102
4.812000 2.779238
4.813000 2.779374
4.814000 2.779510
4.815000 2.779646
4.816000 2.779782
4.817000 2.779918
4.818000 2.780054
4.819000 2.780190
4.820000 2.780326
4.821000 2.780462
4.822000 2.780598
4.823000 2.780733
4.824000 2.780869
4.825000 2.781005
4.826000 2.781141
4.827000 2.781276
4.828000 2.781412
4.829000 2.781548
4.830000 2.781683
4.831000 2.781819
4.832000 2.781954
4.833000 2.782090
4.834000 2.782225
4.835000 2.782361
4.836000 2.782496
4.837000 2.782631
4.838000 2.782767
4.839000 2.782902
4.840000 2.783037
4.841000 2.783172
4.842000 2.783308
4.843000 2.783443
4.844000 2.783578
4.845000 2.783713
4.846000 2.783848
4.847000 2.783983
4.848000 2.784118
4.849000 2.784253
4.850000 2.784388
4.851000 2.784523
4.852000 2.784658
4.853000 2.784793
4.854000 2.784928
4.855000 2.785063
4.856000 2.785198
4.857000 2.785333
4.858000 2.785467
4.859000 2.785602
4.860000 2.785737
4.861000 2.785871
4.862000 2.786006
4.863000 2.786141
4.864000 2.786275
4.865000 2.786410
4.866000 2.786544
4.867000 2.786679
4.868000 2.786813
4.869000 2.786948
4.870000 2.787082
4.871000 2.787217
4.872000 2.787351
4.873000 2.787485
4.874000 2.787619
4.875000 2.787754
4.876000 2.787888
4.877000 2.788022
4.878000 2.788156
4.879000 2.788291
4.880000 2.788425
4.881000 2.788559
4.882000 2.788693
4.883000 2.788827
4.884000 2.788961
4.885000 2.789095
4.886000 2.789229
4.887000 2.789363
4.888000 2.789497
4.889000 2.789630
4.890000 2.789764
4.891000 2.789898
4.892000 2.790032
4.893000 2.790166
4.894000 2.790299
4.895000 2.790433
4.896000 2.790567
4.897000 2.790700
4.898000 2.790834
4.899000 2.790967
4.900000 2.791101
4.901000 2.791235
4.902000 2.791368
4.903000 2.791502
4.904000 2.791635
4.905000 2.791768
4.906000 2.791902
4.907000 2.792035
4.908000 2.792168
4.909000 2.792302
4.910000 2.792435
4.911000 2.792568
4.912000 2.792701
4.913000 2.792835
4.914000 2.792968
4.915000 2.793101
4.916000 2.793234
4.917000 2.793367
4.918000 2.793500
4.919000 2.793633
4.920000 2.793766
4.921000 2.793899
4.922000 2.794032
4.923000 2.794165
4.924000 2.794298
4.925000 2.794431
4.926000 2.794563
4.927000 2.794696
4.928000 2.794829
4.929000 2.794962
4.930000 2.795094
4.931000 2.795227
4.932000 2.795360
4.933000 2.795492
4.934000 2.795625
4.935000 2.795757
4.936000 2.795890
4.937000 2.796022
4.938000 2.796155
4.939000 2.796287
4.940000 2.796420
4.941000 2.796552
4.942000 2.796684
4.943000 2.796817
4.944000 2.796949
4.945000 2.797081
4.946000 2.797214
4.947000 2.797346
4.948000 2.797478
4.949000 2.797610
4.950000 2.797742
4.951000 2.797874
4.952000 2.798006
4.953000 2.798139
4.954000 2.798271
4.955000 2.798403
4.956000 2.798535
4.957000 2.798666
4.958000 2.798798
4.959000 2.798930
4.960000 2.799062
4.961000 2.799194
4.962000 2.799326
4.963000 2.799458
4.964000 2.799589
4.965000 2.799721
4.966000 2.799853
4.967000 2.799984
4.968000 2.800116
4.969000 2.800248
4.970000 2.800379
4.971000 2.800511
4.972000 2.800642
4.973000 2.800774
4.974000 2.800905
4.975000 2.801037
4.976000 2.801168
4.977000 2.801299
4.978000 2.801431
4.979000 2.801562
4.980000 2.801693
4.981000 2.801825
4.982000 2.801956
4.983000 2.802087
4.984000 2.802218
4.985000 2.802349
4.986000 2.802481
4.987000 2.802612
4.988000 2.802743
4.989000 2.802874
4.990000 2.803005
4.991000 2.803136
4.992000 2.803267
4.993000 2.803398
4.994000 2.803529
4.995000 2.803660
4.996000 2.803790
4.997000 2.803921
4.998000 2.804052
4.999000 2.804183

0.200000 3.950000
0.201000 3.939224
0.202000 3.928534
0.203000 3.917931
0.204000 3.907413
0.205000 3.896978
0.206000 3.886626
0.207000 3.876356
0.208000 3.866167
0.209000 3.856058
0.210000 3.846028
0.211000 3.836076
0.212000 3.826201
0.213000 3.816402
0.214000 3.806679
0.215000 3.797031
0.216000 3.787456
0.217000 3.777954
0.218000 3.768524
0.219000 3.759165
0.220000 3.749876
0.221000 3.740658
0.222000 3.731508
0.223000 3.722426
0.224000 3.713412
0.225000 3.704464
0.226000 3.695583
0.227000 3.686766
0.228000 3.678014
0.229000 3.669326
0.230000 3.660701
0.231000 3.652138
0.232000 3.643637
0.233000 3.635198
0.234000 3.626819
0.235000 3.618499
0.236000 3.610239
0.237000 3.602038
0.238000 3.593894
0.239000 3.585809
0.240000 3.577780
0.241000 3.569807
0.242000 3.561890
0.243000 3.554028
0.244000 3.546220
0.245000 3.538467
0.246000 3.530767
0.247000 3.523121
0.248000 3.515526
0.249000 3.507984
0.250000 3.500493
0.251000 3.493053
0.252000 3.485663
0.253000 3.478324
0.254000 3.471033
0.255000 3.463792
0.256000 3.456599
0.257000 3.449455
0.258000 3.442358
0.259000 3.435308
0.260000 3.428305
0.261000 3.421348
0.262000 3.414437
0.263000 3.407571
0.264000 3.400750
0.265000 3.393974
0.266000 3.387242
0.267000 3.380554
0.268000 3.373909
0.269000 3.367308
0.270000 3.360748
0.271000 3.354231
0.272000 3.347756
0.273000 3.341322
0.274000 3.334930
0.275000 3.328578
0.276000 3.322266
0.277000 3.315994
0.278000 3.309762
0.279000 3.303569
0.280000 3.297416
0.281000 3.291301
0.282000 3.285224
0.283000 3.279185
0.284000 3.273183
0.285000 3.267219
0.286000 3.261292
0.287000 3.255402
0.288000 3.249548
0.289000 3.243730
0.290000 3.237948
0.291000 3.232201
0.292000 3.226489
0.293000 3.220813
0.294000 3.215171
0.295000 3.209563
0.296000 3.203989
0.297000 3.198449
0.298000 3.192942
0.299000 3.187468
0.300000 3.182028
0.301000 3.176620
0.302000 3.171244
0.303000 3.165900
0.304000 3.160589
0.305000 3.155309
0.306000 3.150060
0.307000 3.144842
0.308000 3.139656
0.309000 3.134500
0.310000 3.129374
0.311000 3.124278
0.312000 3.119212
0.313000 3.114176
0.314000 3.109170
0.315000 3.104192
0.316000 3.099244
0.317000 3.094324
0.318000 3.089433
0.319000 3.084570
0.320000 3.079736
0.321000 3.074929
0.322000 3.070150
0.323000 3.065398
0.324000 3.060674
0.325000 3.055976
0.326000 3.051306
0.327000 3.046662
0.328000 3.042045
0.329000 3.037454
0.330000 3.032889
0.331000 3.028349
0.332000 3.023836
0.333000 3.019348
0.334000 3.014886
0.335000 3.010448
0.336000 3.006036
0.337000 3.001648
0.338000 2.997285
0.339000 2.992946
0.340000 2.988632
0.341000 2.984341
0.342000 2.980075
0.343000 2.975832
0.344000 2.971613
0.345000 2.967417
0.346000 2.963244
0.347000 2.959095
0.348000 2.954968
0.349000 2.950865
0.350000 2.946783
0.351000 2.942724
0.352000 2.938688
0.353000 2.934674
0.354000 2.930681
0.355000 2.926711
0.356000 2.922762
0.357000 2.918834
0.358000 2.914928
0.359000 2.911043
0.360000 2.907180
0.361000 2.903337
0.362000 2.899515
0.363000 2.895714
0.364000 2.891933
0.365000 2.888173
0.366000 2.884432
0.367000 2.880713
0.368000 2.877013
0.369000 2.873332
0.370000 2.869672
0.371000 2.866031
0.372000 2.862410
0.373000 2.858808
0.374000 2.855225
0.375000 2.851662
0.376000 2.848117
0.377000 2.844591
0.378000 2.841084
0.379000 2.837595
0.380000 2.834125
0.381000 2.830674
0.382000 2.827240
0.383000 2.823825
0.384000 2.820428
0.385000 2.817049
0.386000 2.813687
0.387000 2.810343
0.388000 2.807017
0.389000 2.803708
0.390000 2.800417
0.391000 2.797142
0.392000 2.793885
0.393000 2.790645
0.394000 2.787422
0.395000 2.784216
0.396000 2.781026
0.397000 2.777853
0.398000 2.774697
0.399000 2.771557
0.400000 2.768433
0.401000 2.765325
0.402000 2.762234
0.403000 2.759158
0.404000 2.756099
0.405000 2.753055
0.406000 2.750027
0.407000 2.747015
0.408000 2.744018
0.409000 2.741037
0.410000 2.738071
0.411000 2.735120
0.412000 2.732185
0.413000 2.729264
0.414000 2.726359
0.415000 2.723468
0.416000 2.720593
0.417000 2.717732
0.418000 2.714885
0.419000 2.712054
0.420000 2.709236
0.421000 2.706433
0.422000 2.703645
0.423000 2.700870
0.424000 2.698110
0.425000 2.695364
0.426000 2.692632
0.427000 2.689914
0.428000 2.687209
0.429000 2.684518
0.430000 2.681841
0.431000 2.679178
0.432000 2.676528
0.433000 2.673891
0.434000 2.671268
0.435000 2.668658
0.436000 2.666062
0.437000 2.663478
0.438000 2.660908
0.439000 2.658350
0.440000 2.655806
0.441000 2.653274
0.442000 2.650755
0.443000 2.648249
0.444000 2.645755
0.445000 2.643274
0.446000 2.640805
0.447000 2.638349
0.448000 2.635905
0.449000 2.633474
0.450000 2.631055
0.451000 2.628647
0.452000 2.626252
0.453000 2.623869
0.454000 2.621498
0.455000 2.619139
0.456000 2.616792
0.457000 2.614456
0.458000 2.612132
0.459000 2.609820
0.460000 2.607519
0.461000 2.605230
0.462000 2.602952
0.463000 2.600686
0.464000 2.598431
0.465000 2.596187
0.466000 2.593955
0.467000 2.591733
0.468000 2.589523
0.469000 2.587324
0.470000 2.585135
0.471000 2.582958
0.472000 2.580791
0.473000 2.578636
0.474000 2.576491
0.475000 2.574356
0.476000 2.572233
0.477000 2.570120
0.478000 2.568017
0.479000 2.565925
0.480000 2.563843
0.481000 2.561772
0.482000 2.559711
0.483000 2.557660
0.484000 2.555620
0.485000 2.553589
0.486000 2.551569
0.487000 2.549559
0.488000 2.547558
0.489000 2.545568
0.490000 2.543587
0.491000 2.541617
0.492000 2.539656
0.493000 2.537705
0.494000 2.535764
0.495000 2.533832
0.496000 2.531910
0.497000 2.529997
0.498000 2.528094
0.499000 2.526200
0.500000 2.524316
0.501000 2.522441
0.502000 2.520576
0.503000 2.518719
0.504000 2.516872
0.505000 2.515034
0.506000 2.513206
0.507000 2.511386
0.508000 2.509575
0.509000 2.507774
0.510000 2.505981
0.511000 2.504197
0.512000 2.502422
0.513000 2.500656
0.514000 2.498898
0.515000 2.497150
0.516000 2.495410
0.517000 2.493679
0.518000 2.491956
0.519000 2.490242
0.520000 2.488536
0.521000 2.486839
0.522000 2.485150
0.523000 2.483470
0.524000 2.481798
0.525000 2.480134
0.526000 2.478479
0.527000 2.476832
0.528000 2.475193
0.529000 2.473562
0.530000 2.471939
0.531000 2.470325
0.532000 2.468718
0.533000 2.467119
0.534000 2.465529
0.535000 2.463946
0.536000 2.462371
0.537000 2.460804
0.538000 2.459245
0.539000 2.457694
0.540000 2.456150
0.541000 2.454614
0.542000 2.453086
0.543000 2.451565
0.544000 2.450052
0.545000 2.448547
0.546000 2.447049
0.547000 2.445558
0.548000 2.444075
0.549000 2.442600
0.550000 2.441132
0.551000 2.439671
0.552000 2.438217
0.553000 2.436771
0.554000 2.435332
0.555000 2.433900
0.556000 2.432475
0.557000 2.431058
0.558000 2.429647
0.559000 2.428244
0.560000 2.426848
0.561000 2.425458
0.562000 2.424076
0.563000 2.422701
0.564000 2.421332
0.565000 2.419971
0.566000 2.418616
0.567000 2.417268
0.568000 2.415927
0.569000 2.414593
0.570000 2.413265
0.571000 2.411945
0.572000 2.410630
0.573000 2.409323
0.574000 2.408022
0.575000 2.406727
0.576000 2.405440
0.577000 2.404158
0.578000 2.402883
0.579000 2.401615
0.580000 2.400353
0.581000 2.399098
0.582000 2.397848
0.583000 2.396606
0.584000 2.395369
0.585000 2.394139
0.586000 2.392915
0.587000 2.391697
0.588000 2.390486
0.589000 2.389280
0.590000 2.388081
0.591000 2.386888
0.592000 2.385701
0.593000 2.384520
0.594000 2.383345
0.595000 2.382176
0.596000 2.381013
0.597000 2.379856
0.598000 2.378705
0.599000 2.377560
0.600000 2.376421
0.601000 2.375287
0.602000 2.374160
0.603000 2.373038
0.604000 2.371922
0.605000 2.370812
0.606000 2.369707
0.607000 2.368608
0.608000 2.367515
0.609000 2.366428
0.610000 2.365346
0.611000 2.364269
0.612000 2.363199
0.613000 2.362134
0.614000 2.361074
0.615000 2.360020
0.616000 2.358971
0.617000 2.357928
0.618000 2.356890
0.619000 2.355858
0.620000 2.354831
0.621000 2.353809
0.622000 2.352793
0.623000 2.351782
0.624000 2.350776
0.625000 2.349776
0.626000 2.348780
0.627000 2.347790
0.628000 2.346806
0.629000 2.345826
0.630000 2.344852
0.631000 2.343882
0.632000 2.342918
0.633000 2.341959
0.634000 2.341005
0.635000 2.340056
0.636000 2.339112
0.637000 2.338173
0.638000 2.337239
0.639000 2.336310
0.640000 2.335386
0.641000 2.334466
0.642000 2.333552
0.643000 2.332643
0.644000 2.331738
0.645000 2.330838
0.646000 2.329943
0.647000 2.329053
0.648000 2.328168
0.649000 2.327287
0.650000 2.326411
0.651000 2.325540
0.652000 2.324673
0.653000 2.323811
0.654000 2.322954
0.655000 2.322102
0.656000 2.321254
0.657000 2.320410
0.658000 2.319571
0.659000 2.318737
0.660000 2.317907
0.661000 2.317082
0.662000 2.316261
0.663000 2.315445
0.664000 2.314633
0.665000 2.313826
0.666000 2.313023
0.667000 2.312224
0.668000 2.311430
0.669000 2.310640
0.670000 2.309855
0.671000 2.309074
0.672000 2.308297
0.673000 2.307524
0.674000 2.306756
0.675000 2.305992
0.676000 2.305232
0.677000 2.304476
0.678000 2.303725
0.679000 2.302978
0.680000 2.302235
0.681000 2.301496
0.682000 2.300761
0.683000 2.300030
0.684000 2.299304
0.685000 2.298581
0.686000 2.297863
0.687000 2.297148
0.688000 2.296438
0.689000 2.295731
0.690000 2.295029
0.691000 2.294331
0.692000 2.293636
0.693000 2.292946
0.694000 2.292259
0.695000 2.291576
0.696000 2.290898
0.697000 2.290223
0.698000 2.289552
0.699000 2.288884
0.700000 2.288221
0.701000 2.287562
0.702000 2.286906
0.703000 2.286254
0.704000 2.285606
0.705000 2.284961
0.706000 2.284320
0.707000 2.283683
0.708000 2.283050
0.709000 2.282421
0.710000 2.281795
0.711000 2.281172
0.712000 2.280554
0.713000 2.279939
0.714000 2.279327
0.715000 2.278719
0.716000 2.278115
0.717000 2.277515
0.718000 2.276918
0.719000 2.276324
0.720000 2.275734
0.721000 2.275147
0.722000 2.274564
0.723000 2.273985
0.724000 2.273409
0.725000 2.272836
0.726000 2.272267
0.727000 2.271701
0.728000 2.271139
0.729000 2.270580
0.730000 2.270024
0.731000 2.269472
0.732000 2.268923
0.733000 2.268378
0.734000 2.267836
0.735000 2.267297
0.736000 2.266761
0.737000 2.266229
0.738000 2.265700
0.739000 2.265174
0.740000 2.264652
0.741000 2.264132
0.742000 2.263616
0.743000 2.263104
0.744000 2.262594
0.745000 2.262088
0.746000 2.261584
0.747000 2.261084
0.748000 2.260587
0.749000 2.260093
0.750000 2.259602
0.751000 2.259115
0.752000 2.258630
0.753000 2.258149
0.754000 2.257670
0.755000 2.257195
0.756000 2.256723
0.757000 2.256253
0.758000 2.255787
0.759000 2.255324
0.760000 2.254864
0.761000 2.254406
0.762000 2.253952
0.763000 2.253501
0.764000 2.253052
0.765000 2.252607
0.766000 2.252164
0.767000 2.251724
0.768000 2.251288
0.769000 2.250854
0.770000 2.250423
0.771000 2.249995
0.772000 2.249569
0.773000 2.249147
0.774000 2.248727
0.775000 2.248310
0.776000 2.247896
0.777000 2.247485
0.778000 2.247077
0.779000 2.246671
0.780000 2.246268
0.781000 2.245868
0.782000 2.245471
0.783000 2.245076
0.784000 2.244684
0.785000 2.244295
0.786000 2.243908
0.787000 2.243524
0.788000 2.243143
0.789000 2.242764
0.790000 2.242388
0.791000 2.242015
0.792000 2.241644
0.793000 2.241276
0.794000 2.240911
0.795000 2.240548
0.796000 2.240188
0.797000 2.239830
0.798000 2.239475
0.799000 2.239122
0.800000 2.238772
0.801000 2.238425
0.802000 2.238080
0.803000 2.237737
0.804000 2.237397
0.805000 2.237060
0.806000 2.236725
0.807000 2.236393
0.808000 2.236063
0.809000 2.235735
0.810000 2.235410
0.811000 2.235087
0.812000 2.234767
0.813000 2.234449
0.814000 2.234134
0.815000 2.233820
0.816000 2.233510
0.817000 2.233202
0.818000 2.232896
0.819000 2.232592
0.820000 2.232291
0.821000 2.231992
0.822000 2.231695
0.823000 2.231401
0.824000 2.231109
0.825000 2.230820
0.826000 2.230532
0.827000 2.230247
0.828000 2.229964
0.829000 2.229684
0.830000 2.229406
0.831000 2.229130
0.832000 2.228856
0.833000 2.228584
0.834000 2.228315
0.835000 2.228048
0.836000 2.227783
0.837000 2.227520
0.838000 2.227260
0.839000 2.227001
0.840000 2.226745
0.841000 2.226491
0.842000 2.226239
0.843000 2.225989
0.844000 2.225742
0.845000 2.225496
0.846000 2.225253
0.847000 2.225012
0.848000 2.224772
0.849000 2.224535
0.850000 2.224300
0.851000 2.224067
0.852000 2.223837
0.853000 2.223608
0.854000 2.223381
0.855000 2.223156
0.856000 2.222934
0.857000 2.222713
0.858000 2.222494
0.859000 2.222278
0.860000 2.222063
0.861000 2.221850
0.862000 2.221640
0.863000 2.221431
0.864000 2.221224
0.865000 2.221019
0.866000 2.220817
0.867000 2.220616
0.868000 2.220417
0.869000 2.220220
0.870000 2.220025
0.871000 2.219832
0.872000 2.219640
0.873000 2.219451
0.874000 2.219264
0.875000 2.219078
0.876000 2.218894
0.877000 2.218712
0.878000 2.218532
0.879000 2.218354
0.880000 2.218178
0.881000 2.218004
0.882000 2.217831
0.883000 2.217660
0.884000 2.217491
0.885000 2.217324
0.886000 2.217159
0.887000 2.216995
0.888000 2.216833
0.889000 2.216673
0.890000 2.216515
0.891000 2.216359
0.892000 2.216204
0.893000 2.216051
0.894000 2.215900
0.895000 2.215751
0.896000 2.215603
0.897000 2.215457
0.898000 2.215313
0.899000 2.215170
0.900000 2.215029
0.901000 2.214890
0.902000 2.214752
0.903000 2.214617
0.904000 2.214483
0.905000 2.214350
0.906000 2.214219
0.907000 2.214090
0.908000 2.213963
0.909000 2.213837
0.910000 2.213713
0.911000 2.213590
0.912000 2.213469
0.913000 2.213350
0.914000 2.213232
0.915000 2.213116
0.916000 2.213002
0.917000 2.212889
0.918000 2.212778
0.919000 2.212668
0.920000 2.212560
0.921000 2.212453
0.922000 2.212348
0.923000 2.212245
0.924000 2.212143
0.925000 2.212042
0.926000 2.211943
0.927000 2.211846
0.928000 2.211750
0.929000 2.211656
0.930000 2.211563
0.931000 2.211472
0.932000 2.211382
0.933000 2.211294
0.934000 2.211207
0.935000 2.211122
0.936000 2.211038
0.937000 2.210956
0.938000 2.210875
0.939000 2.210796
0.940000 2.210718
0.941000 2.210641
0.942000 2.210566
0.943000 2.210492
0.944000 2.210420
0.945000 2.210349
0.946000 2.210280
0.947000 2.210212
0.948000 2.210146
0.949000 2.210080
0.950000 2.210017
0.951000 2.209954
0.952000 2.209893
0.953000 2.209834
0.954000 2.209776
0.955000 2.209719
0.956000 2.209663
0.957000 2.209609
0.958000 2.209556
0.959000 2.209505
0.960000 2.209455
0.961000 2.209406
0.962000 2.209359
0.963000 2.209313
0.964000 2.209268
0.965000 2.209224
0.966000 2.209182
0.967000 2.209141
0.968000 2.209102
0.969000 2.209064
0.970000 2.209027
0.971000 2.208991
0.972000 2.208957
0.973000 2.208924
0.974000 2.208892
0.975000 2.208861
0.976000 2.208832
0.977000 2.208804
0.978000 2.208777
0.979000 2.208751
0.980000 2.208727
0.981000 2.208704
0.982000 2.208682
0.983000 2.208661
0.984000 2.208642
0.985000 2.208624
0.986000 2.208607
0.987000 2.208591
0.988000 2.208576
0.989000 2.208563
0.990000 2.208551
0.991000 2.208540
0.992000 2.208530
0.993000 2.208521
0.994000 2.208514
0.995000 2.208507
0.996000 2.208502
0.997000 2.208498
0.998000 2.208495
0.999000 2.208494
1.000000 2.208493
1.001000 2.208494
1.002000 2.208495
1.003000 2.208498
1.004000 2.208502
1.005000 2.208507
1.006000 2.208513
1.007000 2.208521
1.008000 2.208529
1.009000 2.208539
1.010000 2.208549
1.011000 2.208561
1.012000 2.208574
1.013000 2.208588
1.014000 2.208603
1.015000 2.208619
1.016000 2.208636
1.017000 2.208654
1.018000 2.208673
1.019000 2.208693
1.020000 2.208715
1.021000 2.208737
1.022000 2.208761
1.023000 2.208785
1.024000 2.208811
1.025000 2.208837
1.026000 2.208865
1.027000 2.208894
1.028000 2.208923
1.029000 2.208954
1.030000 2.208986
1.031000 2.209018
1.032000 2.209052
1.033000 2.209087
1.034000 2.209123
1.035000 2.209159
1.036000 2.209197
1.037000 2.209236
1.038000 2.209275
1.039000 2.209316
1.040000 2.209358
1.041000 2.209400
1.042000 2.209444
1.043000 2.209488
1.044000 2.209534
1.045000 2.209580
1.046000 2.209627
1.047000 2.209676
1.048000 2.209725
1.049000 2.209775
1.050000 2.209826
1.051000 2.209879
1.052000 2.209932
1.053000 2.209985
1.054000 2.210040
1.055000 2.210096
1.056000 2.210153
1.057000 2.210210
1.058000 2.210269
1.059000 2.210328
1.060000 2.210389
1.061000 2.210450
1.062000 2.210512
1.063000 2.210575
1.064000 2.210639
1.065000 2.210703
1.066000 2.210769
1.067000 2.210836
1.068000 2.210903
1.069000 2.210971
1.070000 2.211040
1.071000 2.211110
1.072000 2.211181
1.073000 2.211253
1.074000 2.211325
1.075000 2.211399
1.076000 2.211473
1.077000 2.211548
1.078000 2.211624
1.079000 2.211700
1.080000 2.211778
1.081000 2.211856
1.082000 2.211936
1.083000 2.212016
1.084000 2.212096
1.085000 2.212178
1.086000 2.212260
1.087000 2.212344
1.088000 2.212428
1.089000 2.212513
1.090000 2.212598
1.091000 2.212685
1.092000 2.212772
1.093000 2.212860
1.094000 2.212949
1.095000 2.213038
1.096000 2.213129
1.097000 2.213220
1.098000 2.213312
1.099000 2.213404
1.100000 2.213498
1.101000 2.213592
1.102000 2.213687
1.103000 2.213783
1.104000 2.213879
1.105000 2.213976
1.106000 2.214074
1.107000 2.214173
1.108000 2.214273
1.109000 2.214373
1.110000 2.214474
1.111000 2.214575
1.112000 2.214678
1.113000 2.214781
1.114000 2.214885
1.115000 2.214989
1.116000 2.215094
1.117000 2.215200
1.118000 2.215307
1.119000 2.215415
1.120000 2.215523
1.121000 2.215631
1.122000 2.215741
1.123000 2.215851
1.124000 2.215962
1.125000 2.216074
1.126000 2.216186
1.127000 2.216299
1.128000 2.216412
1.129000 2.216527
1.130000 2.216642
1.131000 2.216757
1.132000 2.216874
1.133000 2.216991
1.134000 2.217108
1.135000 2.217227
1.136000 2.217346
1.137000 2.217465
1.138000 2.217586
1.139000 2.217707
1.140000 2.217828
1.141000 2.217951
1.142000 2.218073
1.143000 2.218197
1.144000 2.218321
1.145000 2.218446
1.146000 2.218571
1.147000 2.218698
1.148000 2.218824
1.149000 2.218952
1.150000 2.219080
1.151000 2.219208
1.152000 2.219337
1.153000 2.219467
1.154000 2.219598
1.155000 2.219729
1.156000 2.219860
1.157000 2.219993
1.158000 2.220125
1.159000 2.220259
1.160000 2.220393
1.161000 2.220528
1.162000 2.220663
1.163000 2.220799
1.164000 2.220935
1.165000 2.221072
1.166000 2.221210
1.167000 2.221348
1.168000 2.221487
1.169000 2.221626
1.170000 2.221766
1.171000 2.221906
1.172000 2.222047
1.173000 2.222189
1.174000 2.222331
1.175000 2.222474
1.176000 2.222617
1.177000 2.222761
1.178000 2.222905
1.179000 2.223050
1.180000 2.223196
1.181000 2.223342
1.182000 2.223489
1.183000 2.223636
1.184000 2.223784
1.185000 2.223932
1.186000 2.224081
1.187000 2.224230
1.188000 2.224380
1.189000 2.224530
1.190000 2.224681
1.191000 2.224832
1.192000 2.224984
1.193000 2.225137
1.194000 2.225290
1.195000 2.225443
1.196000 2.225597
1.197000 2.225752
1.198000 2.225907
1.199000 2.226062
1.200000 2.226219
1.201000 2.226375
1.202000 2.226532
1.203000 2.226690
1.204000 2.226848
1.205000 2.227006
1.206000 2.227165
1.207000 2.227325
1.208000 2.227485
1.209000 2.227646
1.210000 2.227807
1.211000 2.227968
1.212000 2.228130
1.213000 2.228292
1.214000 2.228455
1.215000 2.228619
1.216000 2.228783
1.217000 2.228947
1.218000 2.229112
1.219000 2.229277
1.220000 2.229443
1.221000 2.229609
1.222000 2.229776
1.223000 2.229943
1.224000 2.230111
1.225000 2.230279
1.226000 2.230447
1.227000 2.230616
1.228000 2.230786
1.229000 2.230955
1.230000 2.231126
1.231000 2.231297
1.232000 2.231468
1.233000 2.231639
1.234000 2.231811
1.235000 2.231984
1.236000 2.232157
1.237000 2.232330
1.238000 2.232504
1.239000 2.232678
1.240000 2.232853
1.241000 2.233028
1.242000 2.233204
1.243000 2.233380
1.244000 2.233556
1.245000 2.233733
1.246000 2.233910
1.247000 2.234088
1.248000 2.234266
1.249000 2.234444
1.250000 2.234623
1.251000 2.234802
1.252000 2.234982
1.253000 2.235162
1.254000 2.235342
1.255000 2.235523
1.256000 2.235705
1.257000 2.235886
1.258000 2.236068
1.259000 2.236251
1.260000 2.236434
1.261000 2.236617
1.262000 2.236801
1.263000 2.236985
1.264000 2.237169
1.265000 2.237354
1.266000 2.237539
1.267000 2.237725
1.268000 2.237910
1.269000 2.238097
1.270000 2.238283
1.271000 2.238471
1.272000 2.238658
1.273000 2.238846
1.274000 2.239034
1.275000 2.239223
1.276000 2.239411
1.277000 2.239601
1.278000 2.239790
1.279000 2.239980
1.280000 2.240171
1.281000 2.240361
1.282000 2.240553
1.283000 2.240744
1.284000 2.240936
1.285000 2.241128
1.286000 2.241320
1.287000 2.241513
1.288000 2.241706
1.289000 2.241900
1.290000 2.242094
1.291000 2.242288
1.292000 2.242483
1.293000 2.242678
1.294000 2.242873
1.295000 2.243068
1.296000 2.243264
1.297000 2.243461
1.298000 2.243657
1.299000 2.243854
1.300000 2.244051
1.301000 2.244249
1.302000 2.244447
1.303000 2.244645
1.304000 2.244844
1.305000 2.245042
1.306000 2.245242
1.307000 2.245441
1.308000 2.245641
1.309000 2.245841
1.310000 2.246042
1.311000 2.246242
1.312000 2.246443
1.313000 2.246645
1.314000 2.246847
1.315000 2.247049
1.316000 2.247251
1.317000 2.247454
1.318000 2.247657
1.319000 2.247860
1.320000 2.248063
1.321000 2.248267
1.322000 2.248471
1.323000 2.248676
1.324000 2.248880
1.325000 2.249086
1.326000 2.249291
1.327000 2.249496
1.328000 2.249702
1.329000 2.249909
1.330000 2.250115
1.331000 2.250322
1.332000 2.250529
1.333000 2.250736
1.334000 2.250944
1.335000 2.251152
1.336000 2.251360
1.337000 2.251568
1.338000 2.251777
1.339000 2.251986
1.340000 2.252196
1.341000 2.252405
1.342000 2.252615
1.343000 2.252825
1.344000 2.253035
1.345000 2.253246
1.346000 2.253457
1.347000 2.253668
1.348000 2.253880
1.349000 2.254091
1.350000 2.254303
1.351000 2.254516
1.352000 2.254728
1.353000 2.254941
1.354000 2.255154
1.355000 2.255367
1.356000 2.255581
1.357000 2.255795
1.358000 2.256009
1.359000 2.256223
1.360000 2.256438
1.361000 2.256652
1.362000 2.256867
1.363000 2.257083
1.364000 2.257298
1.365000 2.257514
1.366000 2.257730
1.367000 2.257946
1.368000 2.258163
1.369000 2.258380
1.370000 2.258597
1.371000 2.258814
1.372000 2.259031
1.373000 2.259249
1.374000 2.259467
1.375000 2.259685
1.376000 2.259904
1.377000 2.260122
1.378000 2.260341
1.379000 2.260560
1.380000 2.260780
1.381000 2.260999
1.382000 2.261219
1.383000 2.261439
1.384000 2.261659
1.385000 2.261880
1.386000 2.262100
1.387000 2.262321
1.388000 2.262543
1.389000 2.262764
1.390000 2.262985
1.391000 2.263207
1.392000 2.263429
1.393000 2.263651
1.394000 2.263874
1.395000 2.264097
1.396000 2.264319
1.397000 2.264543
1.398000 2.264766
1.399000 2.264989
1.400000 2.265213
1.401000 2.265437
1.402000 2.265661
1.403000 2.265885
1.404000 2.266110
1.405000 2.266335
1.406000 2.266559
1.407000 2.266785
1.408000 2.267010
1.409000 2.267235
1.410000 2.267461
1.411000 2.267687
1.412000 2.267913
1.413000 2.268140
1.414000 2.268366
1.415000 2.268593
1.416000 2.268820
1.417000 2.269047
1.418000 2.269274
1.419000 2.269501
1.420000 2.269729
1.421000 2.269957
1.422000 2.270185
1.423000 2.270413
1.424000 2.270642
1.425000 2.270870
1.426000 2.271099
1.427000 2.271328
1.428000 2.271557
1.429000 2.271786
1.430000 2.272016
1.431000 2.272246
1.432000 2.272475
1.433000 2.272705
1.434000 2.272936
1.435000 2.273166
1.436000 2.273396
1.437000 2.273627
1.438000 2.273858
1.439000 2.274089
1.440000 2.274320
1.441000 2.274552
1.442000 2.274783
1.443000 2.275015
1.444000 2.275247
1.445000 2.275479
1.446000 2.275711
1.447000 2.275944
1.448000 2.276176
1.449000 2.276409
1.450000 2.276642
1.451000 2.276875
1.452000 2.277108
1.453000 2.277342
1.454000 2.277575
1.455000 2.277809
1.456000 2.278043
1.457000 2.278277
1.458000 2.278511
1.459000 2.278745
1.460000 2.278980
1.461000 2.279214
1.462000 2.279449
1.463000 2.279684
1.464000 2.279919
1.465000 2.280154
1.466000 2.280390
1.467000 2.280625
1.468000 2.280861
1.469000 2.281097
1.470000 2.281332
1.471000 2.281569
1.472000 2.281805
1.473000 2.282041
1.474000 2.282278
1.475000 2.282514
1.476000 2.282751
1.477000 2.282988
1.478000 2.283225
1.479000 2.283463
1.480000 2.283700
1.481000 2.283937
1.482000 2.284175
1.483000 2.284413
1.484000 2.284651
1.485000 2.284889
1.486000 2.285127
1.487000 2.285365
1.488000 2.285604
1.489000 2.285842
1.490000 2.286081
1.491000 2.286320
1.492000 2.286559
1.493000 2.286798
1.494000 2.287037
1.495000 2.287277
1.496000 2.287516
1.497000 2.287756
1.498000 2.287995
1.499000 2.288235
1.500000 2.288475
1.501000 2.288715
1.502000 2.288956
1.503000 2.289196
1.504000 2.289436
1.505000 2.289677
1.506000 2.289918
1.507000 2.290159
1.508000 2.290400
1.509000 2.290641
1.510000 2.290882
1.511000 2.291123
1.512000 2.291364
1.513000 2.291606
1.514000 2.291848
1.515000 2.292089
1.516000 2.292331
1.517000 2.292573
1.518000 2.292815
1.519000 2.293058
1.520000 2.293300
1.521000 2.293542
1.522000 2.293785
1.523000 2.294027
1.524000 2.294270
1.525000 2.294513
1.526000 2.294756
1.527000 2.294999
1.528000 2.295242
1.529000 2.295486
1.530000 2.295729
1.531000 2.295972
1.532000 2.296216
1.533000 2.296460
1.534000 2.296703
1.535000 2.296947
1.536000 2.297191
1.537000 2.297435
1.538000 2.297680
1.539000 2.297924
1.540000 2.298168
1.541000 2.298413
1.542000 2.298657
1.543000 2.298902
1.544000 2.299147
1.545000 2.299392
1.546000 2.299637
1.547000 2.299882
1.548000 2.300127
1.549000 2.300372
1.550000 2.300617
1.551000 2.300863
1.552000 2.301108
1.553000 2.301354
1.554000 2.301600
1.555000 2.301845
1.556000 2.302091
1.557000 2.302337
1.558000 2.302583
1.559000 2.302829
1.560000 2.303076
1.561000 2.303322
1.562000 2.303568
1.563000 2.303815
1.564000 2.304061
1.565000 2.304308
1.566000 2.304555
1.567000 2.304801
1.568000 2.305048
1.569000 2.305295
1.570000 2.305542
1.571000 2.305789
1.572000 2.306037
1.573000 2.306284
1.574000 2.306531
1.575000 2.306779
1.576000 2.307026
1.577000 2.307274
1.578000 2.307522
1.579000 2.307769
1.580000 2.308017
1.581000 2.308265
1.582000 2.308513
1.583000 2.308761
1.584000 2.309009
1.585000 2.309257
1.586000 2.309506
1.587000 2.309754
1.588000 2.310002
1.589000 2.310251
1.590000 2.310499
1.591000 2.310748
1.592000 2.310997
1.593000 2.311245
1.594000 2.311494
1.595000 2.311743
1.596000 2.311992
1.597000 2.312241
1.598000 2.312490
1.599000 2.312739
1.600000 2.312989
1.601000 2.313238
1.602000 2.313487
1.603000 2.313737
1.604000 2.313986
1.605000 2.314236
1.606000 2.314485
1.607000 2.314735
1.608000 2.314985
1.609000 2.315234
1.610000 2.315484
1.611000 2.315734
1.612000 2.315984
1.613000 2.316234
1.614000 2.316484
1.615000 2.316734
1.616000 2.316984
1.617000 2.317235
1.618000 2.317485
1.619000 2.317735
1.620000 2.317986
1.621000 2.318236
1.622000 2.318487
1.623000 2.318737
1.624000 2.318988
1.625000 2.319239
1.626000 2.319489
1.627000 2.319740
1.628000 2.319991
1.629000 2.320242
1.630000 2.320493
1.631000 2.320744
1.632000 2.320995
1.633000 2.321246
1.634000 2.321497
1.635000 2.321748
1.636000 2.322000
1.637000 2.322251
1.638000 2.322502
1.639000 2.322754
1.640000 2.323005
1.641000 2.323257
1.642000 2.323508
1.643000 2.323760
1.644000 2.324011
1.645000 2.324263
1.646000 2.324515
1.647000 2.324767
1.648000 2.325018
1.649000 2.325270
1.650000 2.325522
1.651000 2.325774
1.652000 2.326026
1.653000 2.326278
1.654000 2.326530
1.655000 2.326782
1.656000 2.327034
1.657000 2.327287
1.658000 2.327539
1.659000 2.327791
1.660000 2.328043
1.661000 2.328296
1.662000 2.328548
1.663000 2.328800
1.664000 2.329053
1.665000 2.329305
1.666000 2.329558
1.667000 2.329810
1.668000 2.330063
1.669000 2.330316
1.670000 2.330568
1.671000 2.330821
1.672000 2.331074
1.673000 2.331327
1.674000 2.331579
1.675000 2.331832
1.676000 2.332085
1.677000 2.332338
1.678000 2.332591
1.679000 2.332844
1.680000 2.333097
1.681000 2.333350
1.682000 2.333603
1.683000 2.333856
1.684000 2.334109
1.685000 2.334362
1.686000 2.334616
1.687000 2.334869
1.688000 2.335122
1.689000 2.335375
1.690000 2.335629
1.691000 2.335882
1.692000 2.336135
1.693000 2.336389
1.694000 2.336642
1.695000 2.336895
1.696000 2.337149
1.697000 2.337402
1.698000 2.337656
1.699000 2.337909
1.700000 2.338163
1.701000 2.338416
1.702000 2.338670
1.703000 2.338924
1.704000 2.339177
1.705000 2.339431
1.706000 2.339685
1.707000 2.339938
1.708000 2.340192
1.709000 2.340446
1.710000 2.340700
1.711000 2.340953
1.712000 2.341207
1.713000 2.341461
1.714000 2.341715
1.715000 2.341969
1.716000 2.342223
1.717000 2.342477
1.718000 2.342731
1.719000 2.342985
1.720000 2.343239
1.721000 2.343493
1.722000 2.343747
1.723000 2.344001
1.724000 2.344255
1.725000 2.344509
1.726000 2.344763
1.727000 2.345017
1.728000 2.345271
1.729000 2.345525
1.730000 2.345779
1.731000 2.346033
1.732000 2.346288
1.733000 2.346542
1.734000 2.346796
1.735000 2.347050
1.736000 2.347304
1.737000 2.347559
1.738000 2.347813
1.739000 2.348067
1.740000 2.348321
1.741000 2.348576
1.742000 2.348830
1.743000 2.349084
1.744000 2.349338
1.745000 2.349593
1.746000 2.349847
1.747000 2.350101
1.748000 2.350356
1.749000 2.350610
1.750000 2.350865
1.751000 2.351119
1.752000 2.351373
1.753000 2.351628
1.754000 2.351882
1.755000 2.352137
1.756000 2.352391
1.757000 2.352645
1.758000 2.352900
1.759000 2.353154
1.760000 2.353409
1.761000 2.353663
1.762000 2.353918
1.763000 2.354172
1.764000 2.354427
1.765000 2.354681
1.766000 2.354936
1.767000 2.355190
1.768000 2.355444
1.769000 2.355699
1.770000 2.355953
1.771000 2.356208
1.772000 2.356462
1.773000 2.356717
1.774000 2.356971
1.775000 2.357226
1.776000 2.357480
1.777000 2.357735
1.778000 2.357990
1.779000 2.358244
1.780000 2.358499
1.781000 2.358753
1.782000 2.359008
1.783000 2.359262
1.784000 2.359517
1.785000 2.359771
1.786000 2.360026
1.787000 2.360280
1.788000 2.360535
1.789000 2.360789
1.790000 2.361044
1.791000 2.361298
1.792000 2.361553
1.793000 2.361807
1.794000 2.362062
1.795000 2.362316
1.796000 2.362571
1.797000 2.362825
1.798000 2.363080
1.799000 2.363334
1.800000 2.363589
1.801000 2.363843
1.802000 2.364098
1.803000 2.364352
1.804000 2.364607
1.805000 2.364861
1.806000 2.365116
1.807000 2.365370
1.808000 2.365624
1.809000 2.365879
1.810000 2.366133
1.811000 2.366388
1.812000 2.366642
1.813000 2.366897
1.814000 2.367151
1.815000 2.367405
1.816000 2.367660
1.817000 2.367914
1.818000 2.368169
1.819000 2.368423
1.820000 2.368677
1.821000 2.368932
1.822000 2.369186
1.823000 2.369440
1.824000 2.369695
1.825000 2.369949
1.826000 2.370203
1.827000 2.370458
1.828000 2.370712
1.829000 2.370966
1.830000 2.371220
1.831000 2.371475
1.832000 2.371729
1.833000 2.371983
1.834000 2.372237
1.835000 2.372492
1.836000 2.372746
1.837000 2.373000
1.838000 2.373254
1.839000 2.373508
1.840000 2.373762
1.841000 2.374017
1.842000 2.374271
1.843000 2.374525
1.844000 2.374779
1.845000 2.375033
1.846000 2.375287
1.847000 2.375541
1.848000 2.375795
1.849000 2.376049
1.850000 2.376303
1.851000 2.376557
1.852000 2.376811
1.853000 2.377065
1.854000 2.377319
1.855000 2.377573
1.856000 2.377827
1.857000 2.378081
1.858000 2.378335
1.859000 2.378589
1.860000 2.378843
1.861000 2.379096
1.862000 2.379350
1.863000 2.379604
1.864000 2.379858
1.865000 2.380112
1.866000 2.380365
1.867000 2.380619
1.868000 2.380873
1.869000 2.381127
1.870000 2.381380
1.871000 2.381634
1.872000 2.381888
1.873000 2.382141
1.874000 2.382395
1.875000 2.382648
1.876000 2.382902
1.877000 2.383156
1.878000 2.383409
1.879000 2.383663
1.880000 2.383916
1.881000 2.384170
1.882000 2.384423
1.883000 2.384677
1.884000 2.384930
1.885000 2.385183
1.886000 2.385437
1.887000 2.385690
1.888000 2.385943
1.889000 2.386197
1.890000 2.386450
1.891000 2.386703
1.892000 2.386957
1.893000 2.387210
1.894000 2.387463
1.895000 2.387716
1.896000 2.387969
1.897000 2.388222
1.898000 2.388476
1.899000 2.388729
1.900000 2.388982
1.901000 2.389235
1.902000 2.389488
1.903000 2.389741
1.904000 2.389994
1.905000 2.390247
1.906000 2.390500
1.907000 2.390753
1.908000 2.391005
1.909000 2.391258
1.910000 2.391511
1.911000 2.391764
1.912000 2.392017
1.913000 2.392269
1.914000 2.392522
1.915000 2.392775
1.916000 2.393027
1.917000 2.393280
1.918000 2.393533
1.919000 2.393785
1.920000 2.394038
1.921000 2.394290
1.922000 2.394543
1.923000 2.394795
1.924000 2.395048
1.925000 2.395300
1.926000 2.395553
1.927000 2.395805
1.928000 2.396057
1.929000 2.396310
1.930000 2.396562
1.931000 2.396814
1.932000 2.397067
1.933000 2.397319
1.934000 2.397571
1.935000 2.397823
1.936000 2.398075
1.937000 2.398327
1.938000 2.398579
1.939000 2.398831
1.940000 2.399083
1.941000 2.399335
1.942000 2.399587
1.943000 2.399839
1.944000 2.400091
1.945000 2.400343
1.946000 2.400595
1.947000 2.400847
1.948000 2.401099
1.949000 2.401350
1.950000 2.401602
1.951000 2.401854
1.952000 2.402105
1.953000 2.402357
1.954000 2.402609
1.955000 2.402860
1.956000 2.403112
1.957000 2.403363
1.958000 2.403615
1.959000 2.403866
1.960000 2.404117
1.961000 2.404369
1.962000 2.404620
1.963000 2.404871
1.964000 2.405123
1.965000 2.405374
1.966000 2.405625
1.967000 2.405876
1.968000 2.406127
1.969000 2.406379
1.970000 2.406630
1.971000 2.406881
1.972000 2.407132
1.973000 2.407383
1.974000 2.407634
1.975000 2.407884
1.976000 2.408135
1.977000 2.408386
1.978000 2.408637
1.979000 2.408888
1.980000 2.409139
1.981000 2.409389
1.982000 2.409640
1.983000 2.409891
1.984000 2.410141
1.985000 2.410392
1.986000 2.410642
1.987000 2.410893
1.988000 2.411143
1.989000 2.411394
1.990000 2.411644
1.991000 2.411894
1.992000 2.412145
1.993000 2.412395
1.994000 2.412645
1.995000 2.412895
1.996000 2.413146
1.997000 2.413396
1.998000 2.413646
1.999000 2.413896
2.000000 2.414146
2.001000 2.414396
2.002000 2.414646
2.003000 2.414896
2.004000 2.415146
2.005000 2.415395
2.006000 2.415645
2.007000 2.415895
2.008000 2.416145
2.009000 2.416394
2.010000 2.416644
2.011000 2.416894
2.012000 2.417143
2.013000 2.417393
2.014000 2.417642
2.015000 2.417892
2.016000 2.418141
2.017000 2.418391
2.018000 2.418640
2.019000 2.418889
2.020000 2.419139
2.021000 2.419388
2.022000 2.419637
2.023000 2.419886
2.024000 2.420135
2.025000 2.420384
2.026000 2.420633
2.027000 2.420882
2.028000 2.421131
2.029000 2.421380
2.030000 2.421629
2.031000 2.421878
2.032000 2.422127
2.033000 2.422376
2.034000 2.422624
2.035000 2.422873
2.036000 2.423122
2.037000 2.423370
2.038000 2.423619
2.039000 2.423867
2.040000 2.424116
2.041000 2.424364
2.042000 2.424613
2.043000 2.424861
2.044000 2.425109
2.045000 2.425358
2.046000 2.425606
2.047000 2.425854
2.048000 2.426102
2.049000 2.426350
2.050000 2.426598
2.051000 2.426846
2.052000 2.427094
2.053000 2.427342
2.054000 2.427590
2.055000 2.427838
2.056000 2.428086
2.057000 2.428334
2.058000 2.428582
2.059000 2.428829
2.060000 2.429077
2.061000 2.429325
2.062000 2.429572
2.063000 2.429820
2.064000 2.430067
2.065000 2.430315
2.066000 2.430562
2.067000 2.430809
2.068000 2.431057
2.069000 2.431304
2.070000 2.431551
2.071000 2.431798
2.072000 2.432045
2.073000 2.432293
2.074000 2.432540
2.075000 2.432787
2.076000 2.433034
2.077000 2.433280
2.078000 2.433527
2.079000 2.433774
2.080000 2.434021
2.081000 2.434268
2.082000 2.434514
2.083000 2.434761
2.084000 2.435008
2.085000 2.435254
2.086000 2.435501
2.087000 2.435747
2.088000 2.435994
2.089000 2.436240
2.090000 2.436486
2.091000 2.436733
2.092000 2.436979
2.093000 2.437225
2.094000 2.437471
2.095000 2.437718
2.096000 2.437964
2.097000 2.438210
2.098000 2.438456
2.099000 2.438702
2.100000 2.438948
2.101000 2.439193
2.102000 2.439439
2.103000 2.439685
2.104000 2.439931
2.105000 2.440176
2.106000 2.440422
2.107000 2.440668
2.108000 2.440913
2.109000 2.441159
2.110000 2.441404
2.111000 2.441649
2.112000 2.441895
2.113000 2.442140
2.114000 2.442385
2.115000 2.442631
2.116000 2.442876
2.117000 2.443121
2.118000 2.443366
2.119000 2.443611
2.120000 2.443856
2.121000 2.444101
2.122000 2.444346
2.123000 2.444590
2.124000 2.444835
2.125000 2.445080
2.126000 2.445325
2.127000 2.445569
2.128000 2.445814
2.129000 2.446059
2.130000 2.446303
2.131000 2.446547
2.132000 2.446792
2.133000 2.447036
2.134000 2.447281
2.135000 2.447525
2.136000 2.447769
2.137000 2.448013
2.138000 2.448257
2.139000 2.448501
2.140000 2.448745
2.141000 2.448989
2.142000 2.449233
2.143000 2.449477
2.144000 2.449721
2.145000 2.449965
2.146000 2.450209
2.147000 2.450452
2.148000 2.450696
2.149000 2.450940
2.150000 2.451183
2.151000 2.451427
2.152000 2.451670
2.153000 2.451913
2.154000 2.452157
2.155000 2.452400
2.156000 2.452643
2.157000 2.452887
2.158000 2.453130
2.159000 2.453373
2.160000 2.453616
2.161000 2.453859
2.162000 2.454102
2.163000 2.454345
2.164000 2.454588
2.165000 2.454830
2.166000 2.455073
2.167000 2.455316
2.168000 2.455559
2.169000 2.455801
2.170000 2.456044
2.171000 2.456286
2.172000 2.456529
2.173000 2.456771
2.174000 2.457013
2.175000 2.457256
2.176000 2.457498
2.177000 2.457740
2.178000 2.457982
2.179000 2.458225
2.180000 2.458467
2.181000 2.458709
2.182000 2.458951
2.183000 2.459192
2.184000 2.459434
2.185000 2.459676
2.186000 2.459918
2.187000 2.460160
2.188000 2.460401
2.189000 2.460643
2.190000 2.460884
2.191000 2.461126
2.192000 2.461367
2.193000 2.461609
2.194000 2.461850
2.195000 2.462091
2.196000 2.462333
2.197000 2.462574
2.198000 2.462815
2.199000 2.463056
2.200000 2.463297
2.201000 2.463538
2.202000 2.463779
2.203000 2.464020
2.204000 2.464261
2.205000 2.464502
2.206000 2.464742
2.207000 2.464983
2.208000 2.465224
2.209000 2.465464
2.210000 2.465705
2.211000 2.465945
2.212000 2.466186
2.213000 2.466426
2.214000 2.466667
2.215000 2.466907
2.216000 2.467147
2.217000 2.467387
2.218000 2.467627
2.219000 2.467867
2.220000 2.468107
2.221000 2.468347
2.222000 2.468587
2.223000 2.468827
2.224000 2.469067
2.225000 2.469307
2.226000 2.469546
2.227000 2.469786
2.228000 2.470026
2.229000 2.470265
2.230000 2.470505
2.231000 2.470744
2.232000 2.470984
2.233000 2.471223
2.234000 2.471462
2.235000 2.471701
2.236000 2.471941
2.237000 2.472180
2.238000 2.472419
2.239000 2.472658
2.240000 2.472897
2.241000 2.473136
2.242000 2.473375
2.243000 2.473613
2.244000 2.473852
2.245000 2.474091
2.246000 2.474330
2.247000 2.474568
2.248000 2.474807
2.249000 2.475045
2.250000 2.475284
2.251000 2.475522
2.252000 2.475760
2.253000 2.475999
2.254000 2.476237
2.255000 2.476475
2.256000 2.476713
2.257000 2.476951
2.258000 2.477189
2.259000 2.477427
2.260000 2.477665
2.261000 2.477903
2.262000 2.478141
2.263000 2.478379
2.264000 2.478616
2.265000 2.478854
2.266000 2.479091
2.267000 2.479329
2.268000 2.479566
2.269000 2.479804
2.270000 2.480041
2.271000 2.480279
2.272000 2.480516
2.273000 2.480753
2.274000 2.480990
2.275000 2.481227
2.276000 2.481464
2.277000 2.481701
2.278000 2.481938
2.279000 2.482175
2.280000 2.482412
2.281000 2.482649
2.282000 2.482886
2.283000 2.483122
2.284000 2.483359
2.285000 2.483595
2.286000 2.483832
2.287000 2.484068
2.288000 2.484305
2.289000 2.484541
2.290000 2.484777
2.291000 2.485014
2.292000 2.485250
2.293000 2.485486
2.294000 2.485722
2.295000 2.485958
2.296000 2.486194
2.297000 2.486430
2.298000 2.486666
2.299000 2.486902
2.300000 2.487137
2.301000 2.487373
2.302000 2.487609
2.303000 2.487844
2.304000 2.488080
2.305000 2.488315
2.306000 2.488551
2.307000 2.488786
2.308000 2.489021
2.309000 2.489257
2.310000 2.489492
2.311000 2.489727
2.312000 2.489962
2.313000 2.490197
2.314000 2.490432
2.315000 2.490667
2.316000 2.490902
2.317000 2.491137
2.318000 2.491371
2.319000 2.491606
2.320000 2.491841
2.321000 2.492075
2.322000 2.492310
2.323000 2.492544
2.324000 2.492779
2.325000 2.493013
2.326000 2.493248
2.327000 2.493482
2.328000 2.493716
2.329000 2.493950
2.330000 2.494184
2.331000 2.494418
2.332000 2.494652
2.333000 2.494886
2.334000 2.495120
2.335000 2.495354
2.336000 2.495588
2.337000 2.495821
2.338000 2.496055
2.339000 2.496289
2.340000 2.496522
2.341000 2.496756
2.342000 2.496989
2.343000 2.497223
2.344000 2.497456
2.345000 2.497689
2.346000 2.497922
2.347000 2.498155
2.348000 2.498389
2.349000 2.498622
2.350000 2.498855
2.351000 2.499088
2.352000 2.499320
2.353000 2.499553
2.354000 2.499786
2.355000 2.500019
2.356000 2.500251
2.357000 2.500484
2.358000 2.500717
2.359000 2.500949
2.360000 2.501181
2.361000 2.501414
2.362000 2.501646
2.363000 2.501878
2.364000 2.502111
2.365000 2.502343
2.366000 2.502575
2.367000 2.502807
2.368000 2.503039
2.369000 2.503271
2.370000 2.503503
2.371000 2.503734
2.372000 2.503966
2.373000 2.504198
2.374000 2.504430
2.375000 2.504661
2.376000 2.504893
2.377000 2.505124
2.378000 2.505356
2.379000 2.505587
2.380000 2.505818
2.381000 2.506050
2.382000 2.506281
2.383000 2.506512
2.384000 2.506743
2.385000 2.506974
2.386000 2.507205
2.387000 2.507436
2.388000 2.507667
2.389000 2.507898
2.390000 2.508128
2.391000 2.508359
2.392000 2.508590
2.393000 2.508820
2.394000 2.509051
2.395000 2.509281
2.396000 2.509512
2.397000 2.509742
2.398000 2.509972
2.399000 2.510203
2.400000 2.510433
2.401000 2.510663
2.402000 2.510893
2.403000 2.511123
2.404000 2.511353
2.405000 2.511583
2.406000 2.511813
2.407000 2.512042
2.408000 2.512272
2.409000 2.512502
2.410000 2.512731
2.411000 2.512961
2.412000 2.513191
2.413000 2.513420
2.414000 2.513649
2.415000 2.513879
2.416000 2.514108
2.417000 2.514337
2.418000 2.514566
2.419000 2.514795
2.420000 2.515025
2.421000 2.515254
2.422000 2.515482
2.423000 2.515711
2.424000 2.515940
2.425000 2.516169
2.426000 2.516398
2.427000 2.516626
2.428000 2.516855
2.429000 2.517083
2.430000 2.517312
2.431000 2.517540
2.432000 2.517769
2.433000 2.517997
2.434000 2.518225
2.435000 2.518454
2.436000 2.518682
2.437000 2.518910
2.438000 2.519138
2.439000 2.519366
2.440000 2.519594
2.441000 2.519822
2.442000 2.520049
2.443000 2.520277
2.444000 2.520505
2.445000 2.520732
2.446000 2.520960
2.447000 2.521187
2.448000 2.521415
2.449000 2.521642
2.450000 2.521870
2.451000 2.522097
2.452000 2.522324
2.453000 2.522551
2.454000 2.522779
2.455000 2.523006
2.456000 2.523233
2.457000 2.523460
2.458000 2.523686
2.459000 2.523913
2.460000 2.524140
2.461000 2.524367
2.462000 2.524593
2.463000 2.524820
2.464000 2.525047
2.465000 2.525273
2.466000 2.525500
2.467000 2.525726
2.468000 2.525952
2.469000 2.526178
2.470000 2.526405
2.471000 2.526631
2.472000 2.526857
2.473000 2.527083
2.474000 2.527309
2.475000 2.527535
2.476000 2.527761
2.477000 2.527987
2.478000 2.528212
2.479000 2.528438
2.480000 2.528664
2.481000 2.528889
2.482000 2.529115
2.483000 2.529340
2.484000 2.529566
2.485000 2.529791
2.486000 2.530016
2.487000 2.530242
2.488000 2.530467
2.489000 2.530692
2.490000 2.530917
2.491000 2.531142
2.492000 2.531367
2.493000 2.531592
2.494000 2.531817
2.495000 2.532041
2.496000 2.532266
2.497000 2.532491
2.498000 2.532715
2.499000 2.532940
2.500000 2.533164
2.501000 2.533389
2.502000 2.533613
2.503000 2.533838
2.504000 2.534062
2.505000 2.534286
2.506000 2.534510
2.507000 2.534734
2.508000 2.534958
2.509000 2.535182
2.510000 2.535406
2.511000 2.535630
2.512000 2.535854
2.513000 2.536078
2.514000 2.536301
2.515000 2.536525
2.516000 2.536749
2.517000 2.536972
2.518000 2.537196
2.519000 2.537419
2.520000 2.537642
2.521000 2.537866
2.522000 2.538089
2.523000 2.538312
2.524000 2.538535
2.525000 2.538758
2.526000 2.538981
2.527000 2.539204
2.528000 2.539427
2.529000 2.539650
2.530000 2.539873
2.531000 2.540095
2.532000 2.540318
2.533000 2.540541
2.534000 2.540763
2.535000 2.540986
2.536000 2.541208
2.537000 2.541431
2.538000 2.541653
2.539000 2.541875
2.540000 2.542097
2.541000 2.542319
2.542000 2.542542
2.543000 2.542764
2.544000 2.542986
2.545000 2.543208
2.546000 2.543429
2.547000 2.543651
2.548000 2.543873
2.549000 2.544095
2.550000 2.544316
2.551000 2.544538
2.552000 2.544759
2.553000 2.544981
2.554000 2.545202
2.555000 2.545424
2.556000 2.545645
2.557000 2.545866
2.558000 2.546087
2.559000 2.546308
2.560000 2.546529
2.561000 2.546750
2.562000 2.546971
2.563000 2.547192
2.564000 2.547413
2.565000 2.547634
2.566000 2.547855
2.567000 2.548075
2.568000 2.548296
2.569000 2.548516
2.570000 2.548737
2.571000 2.548957
2.572000 2.549178
2.573000 2.549398
2.574000 2.549618
2.575000 2.549839
2.576000 2.550059
2.577000 2.550279
2.578000 2.550499
2.579000 2.550719
2.580000 2.550939
2.581000 2.551159
2.582000 2.551378
2.583000 2.551598
2.584000 2.551818
2.585000 2.552038
2.586000 2.552257
2.587000 2.552477
2.588000 2.552696
2.589000 2.552915
2.590000 2.553135
2.591000 2.553354
2.592000 2.553573
2.593000 2.553793
2.594000 2.554012
2.595000 2.554231
2.596000 2.554450
2.597000 2.554669
2.598000 2.554888
2.599000 2.555106
2.600000 2.555325
2.601000 2.555544
2.602000 2.555763
2.603000 2.555981
2.604000 2.556200
2.605000 2.556418
2.606000 2.556637
2.607000 2.556855
2.608000 2.557073
2.609000 2.557292
2.610000 2.557510
2.611000 2.557728
2.612000 2.557946
2.613000 2.558164
2.614000 2.558382
2.615000 2.558600
2.616000 2.558818
2.617000 2.559036
2.618000 2.559253
2.619000 2.559471
2.620000 2.559689
2.621000 2.559906
2.622000 2.560124
2.623000 2.560341
2.624000 2.560559
2.625000 2.560776
2.626000 2.560993
2.627000 2.561211
2.628000 2.561428
2.629000 2.561645
2.630000 2.561862
2.631000 2.562079
2.632000 2.562296
2.633000 2.562513
2.634000 2.562730
2.635000 2.562947
2.636000 2.563163
2.637000 2.563380
2.638000 2.563597
2.639000 2.563813
2.640000 2.564030
2.641000 2.564246
2.642000 2.564462
2.643000 2.564679
2.644000 2.564895
2.645000 2.565111
2.646000 2.565327
2.647000 2.565544
2.648000 2.565760
2.649000 2.565976
2.650000 2.566191
2.651000 2.566407
2.652000 2.566623
2.653000 2.566839
2.654000 2.567055
2.655000 2.567270
2.656000 2.567486
2.657000 2.567701
2.658000 2.567917
2.659000 2.568132
2.660000 2.568348
2.661000 2.568563
2.662000 2.568778
2.663000 2.568993
2.664000 2.569209
2.665000 2.569424
2.666000 2.569639
2.667000 2.569854
2.668000 2.570069
2.669000 2.570283
2.670000 2.570498
2.671000 2.570713
2.672000 2.570928
2.673000 2.571142
2.674000 2.571357
2.675000 2.571571
2.676000 2.571786
2.677000 2.572000
2.678000 2.572215
2.679000 2.572429
2.680000 2.572643
2.681000 2.572857
2.682000 2.573071
2.683000 2.573285
2.684000 2.573499
2.685000 2.573713
2.686000 2.573927
2.687000 2.574141
2.688000 2.574355
2.689000 2.574569
2.690000 2.574782
2.691000 2.574996
2.692000 2.575210
2.693000 2.575423
2.694000 2.575636
2.695000 2.575850
2.696000 2.576063
2.697000 2.576276
2.698000 2.576490
2.699000 2.576703
2.700000 2.576916
2.701000 2.577129
2.702000 2.577342
2.703000 2.577555
2.704000 2.577768
2.705000 2.577981
2.706000 2.578193
2.707000 2.578406
2.708000 2.578619
2.709000 2.578831
2.710000 2.579044
2.711000 2.579256
2.712000 2.579469
2.713000 2.579681
2.714000 2.579893
2.715000 2.580106
2.716000 2.580318
2.717000 2.580530
2.718000 2.580742
2.719000 2.580954
2.720000 2.581166
2.721000 2.581378
2.722000 2.581590
2.723000 2.581802
2.724000 2.582014
2.725000 2.582225
2.726000 2.582437
2.727000 2.582648
2.728000 2.582860
2.729000 2.583071
2.730000 2.583283
2.731000 2.583494
2.732000 2.583706
2.733000 2.583917
2.734000 2.584128
2.735000 2.584339
2.736000 2.584550
2.737000 2.584761
2.738000 2.584972
2.739000 2.585183
2.740000 2.585394
2.741000 2.585605
2.742000 2.585816
2.743000 2.586026
2.744000 2.586237
2.745000 2.586447
2.746000 2.586658
2.747000 2.586868
2.748000 2.587079
2.749000 2.587289
2.750000 2.587499
2.751000 2.587710
2.752000 2.587920
2.753000 2.588130
2.754000 2.588340
2.755000 2.588550
2.756000 2.588760
2.757000 2.588970
2.758000 2.589180
2.759000 2.589390
2.760000 2.589599
2.761000 2.589809
2.762000 2.590019
2.763000 2.590228
2.764000 2.590438
2.765000 2.590647
2.766000 2.590857
2.767000 2.591066
2.768000 2.591275
2.769000 2.591485
2.770000 2.591694
2.771000 2.591903
2.772000 2.592112
2.773000 2.592321
2.774000 2.592530
2.775000 2.592739
2.776000 2.592948
2.777000 2.593156
2.778000 2.593365
2.779000 2.593574
2.780000 2.593782
2.781000 2.593991
2.782000 2.594200
2.783000 2.594408
2.784000 2.594616
2.785000 2.594825
2.786000 2.595033
2.787000 2.595241
2.788000 2.595450
2.789000 2.595658
2.790000 2.595866
2.791000 2.596074
2.792000 2.596282
2.793000 2.596490
2.794000 2.596697
2.795000 2.596905
2.796000 2.597113
2.797000 2.597321
2.798000 2.597528
2.799000 2.597736
2.800000 2.597943
2.801000 2.598151
2.802000 2.598358
2.803000 2.598566
2.804000 2.598773
2.805000 2.598980
2.806000 2.599187
2.807000 2.599394
2.808000 2.599602
2.809000 2.599809
2.810000 2.600016
2.811000 2.600222
2.812000 2.600429
2.813000 2.600636
2.814000 2.600843
2.815000 2.601050
2.816000 2.601256
2.817000 2.601463
2.818000 2.601669
2.819000 2.601876
2.820000 2.602082
2.821000 2.602289
2.822000 2.602495
2.823000 2.602701
2.824000 2.602907
2.825000 2.603113
2.826000 2.603320
2.827000 2.603526
2.828000 2.603732
2.829000 2.603937
2.830000 2.604143
2.831000 2.604349
2.832000 2.604555
2.833000 2.604761
2.834000 2.604966
2.835000 2.605172
2.836000 2.605377
2.837000 2.605583
2.838000 2.605788
2.839000 2.605994
2.840000 2.606199
2.841000 2.606404
2.842000 2.606609
2.843000 2.606815
2.844000 2.607020
2.845000 2.607225
2.846000 2.607430
2.847000 2.607635
2.848000 2.607840
2.849000 2.608044
2.850000 2.608249
2.851000 2.608454
2.852000 2.608659
2.853000 2.608863
2.854000 2.609068
2.855000 2.609272
2.856000 2.609477
2.857000 2.609681
2.858000 2.609885
2.859000 2.610090
2.860000 2.610294
2.861000 2.610498
2.862000 2.610702
2.863000 2.610906
2.864000 2.611110
2.865000 2.611314
2.866000 2.611518
2.867000 2.611722
2.868000 2.611926
2.869000 2.612129
2.870000 2.612333
2.871000 2.612537
2.872000 2.612740
2.873000 2.612944
2.874000 2.613147
2.875000 2.613351
2.876000 2.613554
2.877000 2.613757
2.878000 2.613961
2.879000 2.614164
2.880000 2.614367
2.881000 2.614570
2.882000 2.614773
2.883000 2.614976
2.884000 2.615179
2.885000 2.615382
2.886000 2.615585
2.887000 2.615787
2.888000 2.615990
2.889000 2.616193
2.890000 2.616395
2.891000 2.616598
2.892000 2.616800
2.893000 2.617003
2.894000 2.617205
2.895000 2.617408
2.896000 2.617610
2.897000 2.617812
2.898000 2.618014
2.899000 2.618216
2.900000 2.618418
2.901000 2.618620
2.902000 2.618822
2.903000 2.619024
2.904000 2.619226
2.905000 2.619428
2.906000 2.619630
2.907000 2.619831
2.908000 2.620033
2.909000 2.620234
2.910000 2.620436
2.911000 2.620637
2.912000 2.620839
2.913000 2.621040
2.914000 2.621242
2.915000 2.621443
2.916000 2.621644
2.917000 2.621845
2.918000 2.622046
2.919000 2.622247
2.920000 2.622448
2.921000 2.622649
2.922000 2.622850
2.923000 2.623051
2.924000 2.623252
2.925000 2.623452
2.926000 2.623653
2.927000 2.623854
2.928000 2.624054
2.929000 2.624255
2.930000 2.624455
2.931000 2.624655
2.932000 2.624856
2.933000 2.625056
2.934000 2.625256
2.935000 2.625457
2.936000 2.625657
2.937000 2.625857
2.938000 2.626057
2.939000 2.626257
2.940000 2.626457
2.941000 2.626656
2.942000 2.626856
2.943000 2.627056
2.944000 2.627256
2.945000 2.627455
2.946000 2.627655
2.947000 2.627855
2.948000 2.628054
2.949000 2.628253
2.950000 2.628453
2.951000 2.628652
2.952000 2.628851
2.953000 2.629051
2.954000 2.629250
2.955000 2.629449
2.956000 2.629648
2.957000 2.629847
2.958000 2.630046
2.959000 2.630245
2.960000 2.630444
2.961000 2.630642
2.962000 2.630841
2.963000 2.631040
2.964000 2.631239
2.965000 2.631437
2.966000 2.631636
2.967000 2.631834
2.968000 2.632033
2.969000 2.632231
2.970000 2.632429
2.971000 2.632628
2.972000 2.632826
2.973000 2.633024
2.974000 2.633222
2.975000 2.633420
2.976000 2.633618
2.977000 2.633816
2.978000 2.634014
2.979000 2.634212
2.980000 2.634410
2.981000 2.634607
2.982000 2.634805
2.983000 2.635003
2.984000 2.635200
2.985000 2.635398
2.986000 2.635595
2.987000 2.635793
2.988000 2.635990
2.989000 2.636187
2.990000 2.636385
2.991000 2.636582
2.992000 2.636779
2.993000 2.636976
2.994000 2.637173
2.995000 2.637370
2.996000 2.637567
2.997000 2.637764
2.998000 2.637961
2.999000 2.638158
3.000000 2.638354
3.001000 2.638551
3.002000 2.638748
3.003000 2.638944
3.004000 2.639141
3.005000 2.639337
3.006000 2.639534
3.007000 2.639730
3.008000 2.639926
3.009000 2.640123
3.010000 2.640319
3.011000 2.640515
3.012000 2.640711
3.013000 2.640907
3.014000 2.641103
3.015000 2.641299
3.016000 2.641495
3.017000 2.641691
3.018000 2.641887
3.019000 2.642083
3.020000 2.642278
3.021000 2.642474
3.022000 2.642669
3.023000 2.642865
3.024000 2.643060
3.025000 2.643256
3.026000 2.643451
3.027000 2.643647
3.028000 2.643842
3.029000 2.644037
3.030000 2.644232
3.031000 2.644427
3.032000 2.644623
3.033000 2.644818
3.034000 2.645013
3.035000 2.645207
3.036000 2.645402
3.037000 2.645597
3.038000 2.645792
3.039000 2.645987
3.040000 2.646181
3.041000 2.646376
3.042000 2.646570
3.043000 2.646765
3.044000 2.646959
3.045000 2.647154
3.046000 2.647348
3.047000 2.647542
3.048000 2.647737
3.049000 2.647931
3.050000 2.648125
3.051000 2.648319
3.052000 2.648513
3.053000 2.648707
3.054000 2.648901
3.055000 2.649095
3.056000 2.649289
3.057000 2.649483
3.058000 2.649676
3.059000 2.649870
3.060000 2.650064
3.061000 2.650257
3.062000 2.650451
3.063000 2.650644
3.064000 2.650838
3.065000 2.651031
3.066000 2.651224
3.067000 2.651418
3.068000 2.651611
3.069000 2.651804
3.070000 2.651997
3.071000 2.652190
3.072000 2.652383
3.073000 2.652576
3.074000 2.652769
3.075000 2.652962
3.076000 2.653155
3.077000 2.653347
3.078000 2.653540
3.079000 2.653733
3.080000 2.653925
3.081000 2.654118
3.082000 2.654310
3.083000 2.654503
3.084000 2.654695
3.085000 2.654888
3.086000 2.655080
3.087000 2.655272
3.088000 2.655464
3.089000 2.655656
3.090000 2.655849
3.091000 2.656041
3.092000 2.656233
3.093000 2.656425
3.094000 2.656616
3.095000 2.656808
3.096000 2.657000
3.097000 2.657192
3.098000 2.657383
3.099000 2.657575
3.100000 2.657767
3.101000 2.657958
3.102000 2.658150
3.103000 2.658341
3.104000 2.658533
3.105000 2.658724
3.106000 2.658915
3.107000 2.659106
3.108000 2.659298
3.109000 2.659489
3.110000 2.659680
3.111000 2.659871
3.112000 2.660062
3.113000 2.660253
3.114000 2.660444
3.115000 2.660634
3.116000 2.660825
3.117000 2.661016
3.118000 2.661207
3.119000 2.661397
3.120000 2.661588
3.121000 2.661778
3.122000 2.661969
3.123000 2.662159
3.124000 2.662350
3.125000 2.662540
3.126000 2.662730
3.127000 2.662920
3.128000 2.663111
3.129000 2.663301
3.130000 2.663491
3.131000 2.663681
3.132000 2.663871
3.133000 2.664061
3.134000 2.664251
3.135000 2.664440
3.136000 2.664630
3.137000 2.664820
3.138000 2.665009
3.139000 2.665199
3.140000 2.665389
3.141000 2.665578
3.142000 2.665768
3.143000 2.665957
3.144000 2.666146
3.145000 2.666336
3.146000 2.666525
3.147000 2.666714
3.148000 2.666903
3.149000 2.667093
3.150000 2.667282
3.151000 2.667471
3.152000 2.667660
3.153000 2.667849
3.154000 2.668037
3.155000 2.668226
3.156000 2.668415
3.157000 2.668604
3.158000 2.668792
3.159000 2.668981
3.160000 2.669170
3.161000 2.669358
3.162000 2.669547
3.163000 2.669735
3.164000 2.669923
3.165000 2.670112
3.166000 2.670300
3.167000 2.670488
3.168000 2.670676
3.169000 2.670864
3.170000 2.671053
3.171000 2.671241
3.172000 2.671429
3.173000 2.671616
3.174000 2.671804
3.175000 2.671992
3.176000 2.672180
3.177000 2.672368
3.178000 2.672555
3.179000 2.672743
3.180000 2.672931
3.181000 2.673118
3.182000 2.673306
3.183000 2.673493
3.184000 2.673680
3.185000 2.673868
3.186000 2.674055
3.187000 2.674242
3.188000 2.674429
3.189000 2.674617
3.190000 2.674804
3.191000 2.674991
3.192000 2.675178
3.193000 2.675365
3.194000 2.675552
3.195000 2.675738
3.196000 2.675925
3.197000 2.676112
3.198000 2.676299
3.199000 2.676485
3.200000 2.676672
3.201000 2.676858
3.202000 2.677045
3.203000 2.677231
3.204000 2.677418
3.205000 2.677604
3.206000 2.677790
3.207000 2.677977
3.208000 2.678163
3.209000 2.678349
3.210000 2.678535
3.211000 2.678721
3.212000 2.678907
3.213000 2.679093
3.214000 2.679279
3.215000 2.679465
3.216000 2.679651
3.217000 2.679836
3.218000 2.680022
3.219000 2.680208
3.220000 2.680393
3.221000 2.680579
3.222000 2.680765
3.223000 2.680950
3.224000 2.681135
3.225000 2.681321
3.226000 2.681506
3.227000 2.681691
3.228000 2.681877
3.229000 2.682062
3.230000 2.682247
3.231000 2.682432
3.232000 2.682617
3.233000 2.682802
3.234000 2.682987
3.235000 2.683172
3.236000 2.683357
3.237000 2.683542
3.238000 2.683726
3.239000 2.683911
3.240000 2.684096
3.241000 2.684280
3.242000 2.684465
3.243000 2.684649
3.244000 2.684834
3.245000 2.685018
3.246000 2.685203
3.247000 2.685387
3.248000 2.685571
3.249000 2.685755
3.250000 2.685939
3.251000 2.686124
3.252000 2.686308
3.253000 2.686492
3.254000 2.686676
3.255000 2.686860
3.256000 2.687043
3.257000 2.687227
3.258000 2.687411
3.259000 2.687595
3.260000 2.687778
3.261000 2.687962
3.262000 2.688146
3.263000 2.688329
3.264000 2.688513
3.265000 2.688696
3.266000 2.688880
3.267000 2.689063
3.268000 2.689246
3.269000 2.689429
3.270000 2.689613
3.271000 2.689796
3.272000 2.689979
3.273000 2.690162
3.274000 2.690345
3.275000 2.690528
3.276000 2.690711
3.277000 2.690894
3.278000 2.691077
3.279000 2.691259
3.280000 2.691442
3.281000 2.691625
3.282000 2.691807
3.283000 2.691990
3.284000 2.692173
3.285000 2.692355
3.286000 2.692537
3.287000 2.692720
3.288000 2.692902
3.289000 2.693085
3.290000 2.693267
3.291000 2.693449
3.292000 2.693631
3.293000 2.693813
3.294000 2.693995
3.295000 2.694177
3.296000 2.694359
3.297000 2.694541
3.298000 2.694723
3.299000 2.694905
3.300000 2.695087
3.301000 2.695268
3.302000 2.695450
3.303000 2.695632
3.304000 2.695813
3.305000 2.695995
3.306000 2.696176
3.307000 2.696358
3.308000 2.696539
3.309000 2.696721
3.310000 2.696902
3.311000 2.697083
3.312000 2.697264
3.313000 2.697446
3.314000 2.697627
3.315000 2.697808
3.316000 2.697989
3.317000 2.698170
3.318000 2.698351
3.319000 2.698532
3.320000 2.698712
3.321000 2.698893
3.322000 2.699074
3.323000 2.699255
3.324000 2.699435
3.325000 2.699616
3.326000 2.699796
3.327000 2.699977
3.328000 2.700157
3.329000 2.700338
3.330000 2.700518
3.331000 2.700698
3.332000 2.700879
3.333000 2.701059
3.334000 2.701239
3.335000 2.701419
3.336000 2.701599
3.337000 2.701779
3.338000 2.701959
3.339000 2.702139
3.340000 2.702319
3.341000 2.702499
3.342000 2.702679
3.343000 2.702859
3.344000 2.703038
3.345000 2.703218
3.346000 2.703398
3.347000 2.703577
3.348000 2.703757
3.349000 2.703936
3.350000 2.704116
3.351000 2.704295
3.352000 2.704474
3.353000 2.704654
3.354000 2.704833
3.355000 2.705012
3.356000 2.705191
3.357000 2.705370
3.358000 2.705549
3.359000 2.705729
3.360000 2.705907
3.361000 2.706086
3.362000 2.706265
3.363000 2.706444
3.364000 2.706623
3.365000 2.706802
3.366000 2.706980
3.367000 2.707159
3.368000 2.707338
3.369000 2.707516
3.370000 2.707695
3.371000 2.707873
3.372000 2.708052
3.373000 2.708230
3.374000 2.708408
3.375000 2.708586
3.376000 2.708765
3.377000 2.708943
3.378000 2.709121
3.379000 2.709299
3.380000 2.709477
3.381000 2.709655
3.382000 2.709833
3.383000 2.710011
3.384000 2.710189
3.385000 2.710367
3.386000 2.710545
3.387000 2.710722
3.388000 2.710900
3.389000 2.711078
3.390000 2.711255
3.391000 2.711433
3.392000 2.711610
3.393000 2.711788
3.394000 2.711965
3.395000 2.712142
3.396000 2.712320
3.397000 2.712497
3.398000 2.712674
3.399000 2.712851
3.400000 2.713029
3.401000 2.713206
3.402000 2.713383
3.403000 2.713560
3.404000 2.713737
3.405000 2.713914
3.406000 2.714090
3.407000 2.714267
3.408000 2.714444
3.409000 2.714621
3.410000 2.714797
3.411000 2.714974
3.412000 2.715151
3.413000 2.715327
3.414000 2.715504
3.415000 2.715680
3.416000 2.715857
3.417000 2.716033
3.418000 2.716209
3.419000 2.716385
3.420000 2.716562
3.421000 2.716738
3.422000 2.716914
3.423000 2.717090
3.424000 2.717266
3.425000 2.717442
3.426000 2.717618
3.427000 2.717794
3.428000 2.717970
3.429000 2.718146
3.430000 2.718321
3.431000 2.718497
3.432000 2.718673
3.433000 2.718848
3.434000 2.719024
3.435000 2.719200
3.436000 2.719375
3.437000 2.719551
3.438000 2.719726
3.439000 2.719901
3.440000 2.720077
3.441000 2.720252
3.442000 2.720427
3.443000 2.720602
3.444000 2.720778
3.445000 2.720953
3.446000 2.721128
3.447000 2.721303
3.448000 2.721478
3.449000 2.721653
3.450000 2.721827
3.451000 2.722002
3.452000 2.722177
3.453000 2.722352
3.454000 2.722527
3.455000 2.722701
3.456000 2.722876
3.457000 2.723050
3.458000 2.723225
3.459000 2.723399
3.460000 2.723574
3.461000 2.723748
3.462000 2.723922
3.463000 2.724097
3.464000 2.724271
3.465000 2.724445
3.466000 2.724619
3.467000 2.724794
3.468000 2.724968
3.469000 2.725142
3.470000 2.725316
3.471000 2.725490
3.472000 2.725663
3.473000 2.725837
3.474000 2.726011
3.475000 2.726185
3.476000 2.726359
3.477000 2.726532
3.478000 2.726706
3.479000 2.726879
3.480000 2.727053
3.481000 2.727226
3.482000 2.727400
3.483000 2.727573
3.484000 2.727747
3.485000 2.727920
3.486000 2.728093
3.487000 2.728267
3.488000 2.728440
3.489000 2.728613
3.490000 2.728786
3.491000 2.728959
3.492000 2.729132
3.493000 2.729305
3.494000 2.729478
3.495000 2.729651
3.496000 2.729824
3.497000 2.729996
3.498000 2.730169
3.499000 2.730342
3.500000 2.730515
3.501000 2.730687
3.502000 2.730860
3.503000 2.731032
3.504000 2.731205
3.505000 2.731377
3.506000 2.731550
3.507000 2.731722
3.508000 2.731894
3.509000 2.732066
3.510000 2.732239
3.511000 2.732411
3.512000 2.732583
3.513000 2.732755
3.514000 2.732927
3.515000 2.733099
3.516000 2.733271
3.517000 2.733443
3.518000 2.733615
3.519000 2.733787
3.520000 2.733959
3.521000 2.734130
3.522000 2.734302
3.523000 2.734474
3.524000 2.734645
3.525000 2.734817
3.526000 2.734988
3.527000 2.735160
3.528000 2.735331
3.529000 2.735503
3.530000 2.735674
3.531000 2.735845
3.532000 2.736017
3.533000 2.736188
3.534000 2.736359
3.535000 2.736530
3.536000 2.736701
3.537000 2.736872
3.538000 2.737043
3.539000 2.737214
3.540000 2.737385
3.541000 2.737556
3.542000 2.737727
3.543000 2.737898
3.544000 2.738068
3.545000 2.738239
3.546000 2.738410
3.547000 2.738580
3.548000 2.738751
3.549000 2.738921
3.550000 2.739092
3.551000 2.739262
3.552000 2.739433
3.553000 2.739603
3.554000 2.739773
3.555000 2.739944
3.556000 2.740114
3.557000 2.740284
3.558000 2.740454
3.559000 2.740624
3.560000 2.740794
3.561000 2.740964
3.562000 2.741134
3.563000 2.741304
3.564000 2.741474
3.565000 2.741644
3.566000 2.741814
3.567000 2.741984
3.568000 2.742153
3.569000 2.742323
3.570000 2.742493
3.571000 2.742662
3.572000 2.742832
3.573000 2.743001
3.574000 2.743171
3.575000 2.743340
3.576000 2.743509
3.577000 2.743679
3.578000 2.743848
3.579000 2.744017
3.580000 2.744186
3.581000 2.744356
3.582000 2.744525
3.583000 2.744694
3.584000 2.744863
3.585000 2.745032
3.586000 2.745201
3.587000 2.745370
3.588000 2.745539
3.589000 2.745707
3.590000 2.745876
3.591000 2.746045
3.592000 2.746214
3.593000 2.746382
3.594000 2.746551
3.595000 2.746719
3.596000 2.746888
3.597000 2.747056
3.598000 2.747225
3.599000 2.747393
3.600000 2.747562
3.601000 2.747730
3.602000 2.747898
3.603000 2.748066
3.604000 2.748235
3.605000 2.748403
3.606000 2.748571
3.607000 2.748739
3.608000 2.748907
3.609000 2.749075
3.610000 2.749243
3.611000 2.749411
3.612000 2.749579
3.613000 2.749746
3.614000 2.749914
3.615000 2.750082
3.616000 2.750249
3.617000 2.750417
3.618000 2.750585
3.619000 2.750752
3.620000 2.750920
3.621000 2.751087
3.622000 2.751255
3.623000 2.751422
3.624000 2.751589
3.625000 2.751757
3.626000 2.751924
3.627000 2.752091
3.628000 2.752258
3.629000 2.752425
3.630000 2.752593
3.631000 2.752760
3.632000 2.752927
3.633000 2.753094
3.634000 2.753261
3.635000 2.753427
3.636000 2.753594
3.637000 2.753761
3.638000 2.753928
3.639000 2.754095
3.640000 2.754261
3.641000 2.754428
3.642000 2.754594
3.643000 2.754761
3.644000 2.754927
3.645000 2.755094
3.646000 2.755260
3.647000 2.755427
3.648000 2.755593
3.649000 2.755759
3.650000 2.755926
3.651000 2.756092
3.652000 2.756258
3.653000 2.756424
3.654000 2.756590
3.655000 2.756756
3.656000 2.756922
3.657000 2.757088
3.658000 2.757254
3.659000 2.757420
3.660000 2.757586
3.661000 2.757752
3.662000 2.757918
3.663000 2.758083
3.664000 2.758249
3.665000 2.758415
3.666000 2.758580
3.667000 2.758746
3.668000 2.758911
3.669000 2.759077
3.670000 2.759242
3.671000 2.759408
3.672000 2.759573
3.673000 2.759738
3.674000 2.759904
3.675000 2.760069
3.676000 2.760234
3.677000 2.760399
3.678000 2.760564
3.679000 2.760729
3.680000 2.760894
3.681000 2.761059
3.682000 2.761224
3.683000 2.761389
3.684000 2.761554
3.685000 2.761719
3.686000 2.761884
3.687000 2.762048
3.688000 2.762213
3.689000 2.762378
3.690000 2.762542
3.691000 2.762707
3.692000 2.762871
3.693000 2.763036
3.694000 2.763200
3.695000 2.763365
3.696000 2.763529
3.697000 2.763693
3.698000 2.763858
3.699000 2.764022
3.700000 2.764186
3.701000 2.764350
3.702000 2.764515
3.703000 2.764679
3.704000 2.764843
3.705000 2.765007
3.706000 2.765171
3.707000 2.765335
3.708000 2.765498
3.709000 2.765662
3.710000 2.765826
3.711000 2.765990
3.712000 2.766154
3.713000 2.766317
3.714000 2.766481
3.715000 2.766644
3.716000 2.766808
3.717000 2.766972
3.718000 2.767135
3.719000 2.767298
3.720000 2.767462
3.721000 2.767625
3.722000 2.767789
3.723000 2.767952
3.724000 2.768115
3.725000 2.768278
3.726000 2.768441
3.727000 2.768605
3.728000 2.768768
3.729000 2.768931
3.730000 2.769094
3.731000 2.769257
3.732000 2.769420
3.733000 2.769582
3.734000 2.769745
3.735000 2.769908
3.736000 2.770071
3.737000 2.770233
3.738000 2.770396
3.739000 2.770559
3.740000 2.770721
3.741000 2.770884
3.742000 2.771046
3.743000 2.771209
3.744000 2.771371
3.745000 2.771534
3.746000 2.771696
3.747000 2.771858
3.748000 2.772021
3.749000 2.772183
3.750000 2.772345
3.751000 2.772507
3.752000 2.772669
3.753000 2.772832
3.754000 2.772994
3.755000 2.773156
3.756000 2.773318
3.757000 2.773479
3.758000 2.773641
3.759000 2.773803
3.760000 2.773965
3.761000 2.774127
3.762000 2.774288
3.763000 2.774450
3.764000 2.774612
3.765000 2.774773
3.766000 2.774935
3.767000 2.775096
3.768000 2.775258
3.769000 2.775419
3.770000 2.775581
3.771000 2.775742
3.772000 2.775903
3.773000 2.776065
3.774000 2.776226
3.775000 2.776387
3.776000 2.776548
3.777000 2.776709
3.778000 2.776871
3.779000 2.777032
3.780000 2.777193
3.781000 2.777354
3.782000 2.777514
3.783000 2.777675
3.784000 2.777836
3.785000 2.777997
3.786000 2.778158
3.787000 2.778319
3.788000 2.778479
3.789000 2.778640
3.790000 2.778801
3.791000 2.778961
3.792000 2.779122
3.793000 2.779282
3.794000 2.779443
3.795000 2.779603
3.796000 2.779763
3.797000 2.779924
3.798000 2.780084
3.799000 2.780244
3.800000 2.780404
3.801000 2.780565
3.802000 2.780725
3.803000 2.780885
3.804000 2.781045
3.805000 2.781205
3.806000 2.781365
3.807000 2.781525
3.808000 2.781685
3.809000 2.781845
3.810000 2.782005
3.811000 2.782164
3.812000 2.782324
3.813000 2.782484
3.814000 2.782644
3.815000 2.782803
3.816000 2.782963
3.817000 2.783122
3.818000 2.783282
3.819000 2.783441
3.820000 2.783601
3.821000 2.783760
3.822000 2.783920
3.823000 2.784079
3.824000 2.784238
3.825000 2.784397
3.826000 2.784557
3.827000 2.784716
3.828000 2.784875
3.829000 2.785034
3.830000 2.785193
3.831000 2.785352
3.832000 2.785511
3.833000 2.785670
3.834000 2.785829
3.835000 2.785988
3.836000 2.786147
3.837000 2.786305
3.838000 2.786464
3.839000 2.786623
3.840000 2.786782
3.841000 2.786940
3.842000 2.787099
3.843000 2.787257
3.844000 2.787416
3.845000 2.787574
3.846000 2.787733
3.847000 2.787891
3.848000 2.788050
3.849000 2.788208
3.850000 2.788366
3.851000 2.788524
3.852000 2.788683
3.853000 2.788841
3.854000 2.788999
3.855000 2.789157
3.856000 2.789315
3.857000 2.789473
3.858000 2.789631
3.859000 2.789789
3.860000 2.789947
3.861000 2.790105
3.862000 2.790263
3.863000 2.790420
3.864000 2.790578
3.865000 2.790736
3.866000 2.790894
3.867000 2.791051
3.868000 2.791209
3.869000 2.791366
3.870000 2.791524
3.871000 2.791681
3.872000 2.791839
3.873000 2.791996
3.874000 2.792154
3.875000 2.792311
3.876000 2.792468
3.877000 2.792625
3.878000 2.792783
3.879000 2.792940
3.880000 2.793097
3.881000 2.793254
3.882000 2.793411
3.883000 2.793568
3.884000 2.793725
3.885000 2.793882
3.886000 2.794039
3.887000 2.794196
3.888000 2.794353
3.889000 2.794510
3.890000 2.794666
3.891000 2.794823
3.892000 2.794980
3.893000 2.795136
3.894000 2.795293
3.895000 2.795450
3.896000 2.795606
3.897000 2.795763
3.898000 2.795919
3.899000 2.796076
3.900000 2.796232
3.901000 2.796388
3.902000 2.796545
3.903000 2.796701
3.904000 2.796857
3.905000 2.797013
3.906000 2.797170
3.907000 2.797326
3.908000 2.797482
3.909000 2.797638
3.910000 2.797794
3.911000 2.797950
3.912000 2.798106
3.913000 2.798262
3.914000 2.798418
3.915000 2.798573
3.916000 2.798729
3.917000 2.798885
3.918000 2.799041
3.919000 2.799196
3.920000 2.799352
3.921000 2.799508
3.922000 2.799663
3.923000 2.799819
3.924000 2.799974
3.925000 2.800130
3.926000 2.800285
3.927000 2.800440
3.928000 2.800596
3.929000 2.800751
3.930000 2.800906
3.931000 2.801062
3.932000 2.801217
3.933000 2.801372
3.934000 2.801527
3.935000 2.801682
3.936000 2.801837
3.937000 2.801992
3.938000 2.802147
3.939000 2.802302
3.940000 2.802457
3.941000 2.802612
3.942000 2.802767
3.943000 2.802921
3.944000 2.803076
3.945000 2.803231
3.946000 2.803386
3.947000 2.803540
3.948000 2.803695
3.949000 2.803849
3.950000 2.804004
3.951000 2.804158
3.952000 2.804313
3.953000 2.804467
3.954000 2.804622
3.955000 2.804776
3.956000 2.804930
3.957000 2.805085
3.958000 2.805239
3.959000 2.805393
3.960000 2.805547
3.961000 2.805701
3.962000 2.805855
3.963000 2.806009
3.964000 2.806163
3.965000 2.806317
3.966000 2.806471
3.967000 2.806625
3.968000 2.806779
3.969000 2.806933
3.970000 2.807087
3.971000 2.807240
3.972000 2.807394
3.973000 2.807548
3.974000 2.807702
3.975000 2.807855
3.976000 2.808009
3.977000 2.808162
3.978000 2.808316
3.979000 2.808469
3.980000 2.808623
3.981000 2.808776
3.982000 2.808929
3.983000 2.809083
3.984000 2.809236
3.985000 2.809389
3.986000 2.809542
3.987000 2.809696
3.988000 2.809849
3.989000 2.810002
3.990000 2.810155
3.991000 2.810308
3.992000 2.810461
3.993000 2.810614
3.994000 2.810767
3.995000 2.810920
3.996000 2.811073
3.997000 2.811225
3.998000 2.811378
3.999000 2.811531
4.000000 2.811684
4.001000 2.811836
4.002000 2.811989
4.003000 2.812142
4.004000 2.812294
4.005000 2.812447
4.006000 2.812599
4.007000 2.812752
4.008000 2.812904
4.009000 2.813056
4.010000 2.813209
4.011000 2.813361
4.012000 2.813513
4.013000 2.813666
4.014000 2.813818
4.015000 2.813970
4.016000 2.814122
4.017000 2.814274
4.018000 2.814426
4.019000 2.814578
4.020000 2.814730
4.021000 2.814882
4.022000 2.815034
4.023000 2.815186
4.024000 2.815338
4.025000 2.815490
4.026000 2.815641
4.027000 2.815793
4.028000 2.815945
4.029000 2.816096
4.030000 2.816248
4.031000 2.816400
4.032000 2.816551
4.033000 2.816703
4.034000 2.816854
4.035000 2.817006
4.036000 2.817157
4.037000 2.817308
4.038000 2.817460
4.039000 2.817611
4.040000 2.817762
4.041000 2.817914
4.042000 2.818065
4.043000 2.818216
4.044000 2.818367
4.045000 2.818518
4.046000 2.818669
4.047000 2.818820
4.048000 2.818971
4.049000 2.819122
4.050000 2.819273
4.051000 2.819424
4.052000 2.819575
4.053000 2.819726
4.054000 2.819876
4.055000 2.820027
4.056000 2.820178
4.057000 2.820328
4.058000 2.820479
4.059000 2.820630
4.060000 2.820780
4.061000 2.820931
4.062000 2.821081
4.063000 2.821232
4.064000 2.821382
4.065000 2.821533
4.066000 2.821683
4.067000 2.821833
4.068000 2.821983
4.069000 2.822134
4.070000 2.822284
4.071000 2.822434
4.072000 2.822584
4.073000 2.822734
4.074000 2.822884
4.075000 2.823034
4.076000 2.823184
4.077000 2.823334
4.078000 2.823484
4.079000 2.823634
4.080000 2.823784
4.081000 2.823934
4.082000 2.824084
4.083000 2.824233
4.084000 2.824383
4.085000 2.824533
4.086000 2.824682
4.087000 2.824832
4.088000 2.824982
4.089000 2.825131
4.090000 2.825281
4.091000 2.825430
4.092000 2.825580
4.093000 2.825729
4.094000 2.825878
4.095000 2.826028
4.096000 2.826177
4.097000 2.826326
4.098000 2.826475
4.099000 2.826625
4.100000 2.826774
4.101000 2.826923
4.102000 2.827072
4.103000 2.827221
4.104000 2.827370
4.105000 2.827519
4.106000 2.827668
4.107000 2.827817
4.108000 2.827966
4.109000 2.828115
4.110000 2.828264
4.111000 2.828412
4.112000 2.828561
4.113000 2.828710
4.114000 2.828858
4.115000 2.829007
4.116000 2.829156
4.117000 2.829304
4.118000 2.829453
4.119000 2.829601
4.120000 2.829750
4.121000 2.829898
4.122000 2.830047
4.123000 2.830195
4.124000 2.830343
4.125000 2.830492
4.126000 2.830640
4.127000 2.830788
4.128000 2.830936
4.129000 2.831084
4.130000 2.831232
4.131000 2.831381
4.132000 2.831529
4.133000 2.831677
4.134000 2.831825
4.135000 2.831973
4.136000 2.832120
4.137000 2.832268
4.138000 2.832416
4.139000 2.832564
4.140000 2.832712
4.141000 2.832860
4.142000 2.833007
4.143000 2.833155
4.144000 2.833303
4.145000 2.833450
4.146000 2.833598
4.147000 2.833745
4.148000 2.833893
4.149000 2.834040
4.150000 2.834188
4.151000 2.834335
4.152000 2.834482
4.153000 2.834630
4.154000 2.834777
4.155000 2.834924
4.156000 2.835072
4.157000 2.835219
4.158000 2.835366
4.159000 2.835513
4.160000 2.835660
4.161000 2.835807
4.162000 2.835954
4.163000 2.836101
4.164000 2.836248
4.165000 2.836395
4.166000 2.836542
4.167000 2.836689
4.168000 2.836836
4.169000 2.836983
4.170000 2.837129
4.171000 2.837276
4.172000 2.837423
4.173000 2.837569
4.174000 2.837716
4.175000 2.837863
4.176000 2.838009
4.177000 2.838156
4.178000 2.838302
4.179000 2.838449
4.180000 2.838595
4.181000 2.838741
4.182000 2.838888
4.183000 2.839034
4.184000 2.839180
4.185000 2.839327
4.186000 2.839473
4.187000 2.839619
4.188000 2.839765
4.189000 2.839911
4.190000 2.840057
4.191000 2.840203
4.192000 2.840349
4.193000 2.840495
4.194000 2.840641
4.195000 2.840787
4.196000 2.840933
4.197000 2.841079
4.198000 2.841225
4.199000 2.841371
4.200000 2.841516
4.201000 2.841662
4.202000 2.841808
4.203000 2.841953
4.204000 2.842099
4.205000 2.842245
4.206000 2.842390
4.207000 2.842536
4.208000 2.842681
4.209000 2.842827
4.210000 2.842972
4.211000 2.843117
4.212000 2.843263
4.213000 2.843408
4.214000 2.843553
4.215000 2.843699
4.216000 2.843844
4.217000 2.843989
4.218000 2.844134
4.219000 2.844279
4.220000 2.844424
4.221000 2.844569
4.222000 2.844714
4.223000 2.844859
4.224000 2.845004
4.225000 2.845149
4.226000 2.845294
4.227000 2.845439
4.228000 2.845584
4.229000 2.845729
4.230000 2.845873
4.231000 2.846018
4.232000 2.846163
4.233000 2.846307
4.234000 2.846452
4.235000 2.846597
4.236000 2.846741
4.237000 2.846886
4.238000 2.847030
4.239000 2.847175
4.240000 2.847319
4.241000 2.847463
4.242000 2.847608
4.243000 2.847752
4.244000 2.847896
4.245000 2.848041
4.246000 2.848185
4.247000 2.848329
4.248000 2.848473
4.249000 2.848617
4.250000 2.848761
4.251000 2.848905
4.252000 2.849049
4.253000 2.849193
4.254000 2.849337
4.255000 2.849481
4.256000 2.849625
4.257000 2.849769
4.258000 2.849913
4.259000 2.850057
4.260000 2.850201
4.261000 2.850344
4.262000 2.850488
4.263000 2.850632
4.264000 2.850775
4.265000 2.850919
4.266000 2.851062
4.267000 2.851206
4.268000 2.851349
4.269000 2.851493
4.270000 2.851636
4.271000 2.851780
4.272000 2.851923
4.273000 2.852066
4.274000 2.852210
4.275000 2.852353
4.276000 2.852496
4.277000 2.852640
4.278000 2.852783
4.279000 2.852926
4.280000 2.853069
4.281000 2.853212
4.282000 2.853355
4.283000 2.853498
4.284000 2.853641
4.285000 2.853784
4.286000 2.853927
4.287000 2.854070
4.288000 2.854213
4.289000 2.854356
4.290000 2.854498
4.291000 2.854641
4.292000 2.854784
4.293000 2.854926
4.294000 2.855069
4.295000 2.855212
4.296000 2.855354
4.297000 2.855497
4.298000 2.855639
4.299000 2.855782
4.300000 2.855924
4.301000 2.856067
4.302000 2.856209
4.303000 2.856352
4.304000 2.856494
4.305000 2.856636
4.306000 2.856779
4.307000 2.856921
4.308000 2.857063
4.309000 2.857205
4.310000 2.857347
4.311000 2.857489
4.312000 2.857632
4.313000 2.857774
4.314000 2.857916
4.315000 2.858058
4.316000 2.858200
4.317000 2.858341
4.318000 2.858483
4.319000 2.858625
4.320000 2.858767
4.321000 2.858909
4.322000 2.859051
4.323000 2.859192
4.324000 2.859334
4.325000 2.859476
4.326000 2.859617
4.327000 2.859759
4.328000 2.859900
4.329000 2.860042
4.330000 2.860184
4.331000 2.860325
4.332000 2.860466
4.333000 2.860608
4.334000 2.860749
4.335000 2.860891
4.336000 2.861032
4.337000 2.861173
4.338000 2.861314
4.339000 2.861456
4.340000 2.861597
4.341000 2.861738
4.342000 2.861879
4.343000 2.862020
4.344000 2.862161
4.345000 2.862302
4.346000 2.862443
4.347000 2.862584
4.348000 2.862725
4.349000 2.862866
4.350000 2.863007
4.351000 2.863148
4.352000 2.863289
4.353000 2.863429
4.354000 2.863570
4.355000 2.863711
4.356000 2.863852
4.357000 2.863992
4.358000 2.864133
4.359000 2.864273
4.360000 2.864414
4.361000 2.864555
4.362000 2.864695
4.363000 2.864835
4.364000 2.864976
4.365000 2.865116
4.366000 2.865257
4.367000 2.865397
4.368000 2.865537
4.369000 2.865678
4.370000 2.865818
4.371000 2.865958
4.372000 2.866098
4.373000 2.866238
4.374000 2.866378
4.375000 2.866519
4.376000 2.866659
4.377000 2.866799
4.378000 2.866939
4.379000 2.867079
4.380000 2.867219
4.381000 2.867358
4.382000 2.867498
4.383000 2.867638
4.384000 2.867778
4.385000 2.867918
4.386000 2.868057
4.387000 2.868197
4.388000 2.868337
4.389000 2.868477
4.390000 2.868616
4.391000 2.868756
4.392000 2.868895
4.393000 2.869035
4.394000 2.869174
4.395000 2.869314
4.396000 2.869453
4.397000 2.869593
4.398000 2.869732
4.399000 2.869871
4.400000 2.870011
4.401000 2.870150
4.402000 2.870289
4.403000 2.870428
4.404000 2.870568
4.405000 2.870707
4.406000 2.870846
4.407000 2.870985
4.408000 2.871124
4.409000 2.871263
4.410000 2.871402
4.411000 2.871541
4.412000 2.871680
4.413000 2.871819
4.414000 2.871958
4.415000 2.872097
4.416000 2.872235
4.417000 2.872374
4.418000 2.872513
4.419000 2.872652
4.420000 2.872790
4.421000 2.872929
4.422000 2.873068
4.423000 2.873206
4.424000 2.873345
4.425000 2.873483
4.426000 2.873622
4.427000 2.873760
4.428000 2.873899
4.429000 2.874037
4.430000 2.874176
4.431000 2.874314
4.432000 2.874452
4.433000 2.874591
4.434000 2.874729
4.435000 2.874867
4.436000 2.875005
4.437000 2.875143
4.438000 2.875282
4.439000 2.875420
4.440000 2.875558
4.441000 2.875696
4.442000 2.875834
4.443000 2.875972
4.444000 2.876110
4.445000 2.876248
4.446000 2.876386
4.447000 2.876523
4.448000 2.876661
4.449000 2.876799
4.450000 2.876937
4.451000 2.877075
4.452000 2.877212
4.453000 2.877350
4.454000 2.877488
4.455000 2.877625
4.456000 2.877763
4.457000 2.877900
4.458000 2.878038
4.459000 2.878175
4.460000 2.878313
4.461000 2.878450
4.462000 2.878588
4.463000 2.878725
4.464000 2.878862
4.465000 2.879000
4.466000 2.879137
4.467000 2.879274
4.468000 2.879412
4.469000 2.879549
4.470000 2.879686
4.471000 2.879823
4.472000 2.879960
4.473000 2.880097
4.474000 2.880234
4.475000 2.880371
4.476000 2.880508
4.477000 2.880645
4.478000 2.880782
4.479000 2.880919
4.480000 2.881056
4.481000 2.881193
4.482000 2.881330
4.483000 2.881466
4.484000 2.881603
4.485000 2.881740
4.486000 2.881877
4.487000 2.882013
4.488000 2.882150
4.489000 2.882286
4.490000 2.882423
4.491000 2.882560
4.492000 2.882696
4.493000 2.882833
4.494000 2.882969
4.495000 2.883105
4.496000 2.883242
4.497000 2.883378
4.498000 2.883514
4.499000 2.883651
4.500000 2.883787
4.501000 2.883923
4.502000 2.884059
4.503000 2.884196
4.504000 2.884332
4.505000 2.884468
4.506000 2.884604
4.507000 2.884740
4.508000 2.884876
4.509000 2.885012
4.510000 2.885148
4.511000 2.885284
4.512000 2.885420
4.513000 2.885556
4.514000 2.885692
4.515000 2.885828
4.516000 2.885963
4.517000 2.886099
4.518000 2.886235
4.519000 2.886370
4.520000 2.886506
4.521000 2.886642
4.522000 2.886777
4.523000 2.886913
4.524000 2.887049
4.525000 2.887184
4.526000 2.887320
4.527000 2.887455
4.528000 2.887591
4.529000 2.887726
4.530000 2.887861
4.531000 2.887997
4.532000 2.888132
4.533000 2.888267
4.534000 2.888403
4.535000 2.888538
4.536000 2.888673
4.537000 2.888808
4.538000 2.888943
4.539000 2.889078
4.540000 2.889213
4.541000 2.889349
4.542000 2.889484
4.543000 2.889619
4.544000 2.889754
4.545000 2.889888
4.546000 2.890023
4.547000 2.890158
4.548000 2.890293
4.549000 2.890428
4.550000 2.890563
4.551000 2.890697
4.552000 2.890832
4.553000 2.890967
4.554000 2.891102
4.555000 2.891236
4.556000 2.891371
4.557000 2.891505
4.558000 2.891640
4.559000 2.891774
4.560000 2.891909
4.561000 2.892043
4.562000 2.892178
4.563000 2.892312
4.564000 2.892447
4.565000 2.892581
4.566000 2.892715
4.567000 2.892850
4.568000 2.892984
4.569000 2.893118
4.570000 2.893252
4.571000 2.893387
4.572000 2.893521
4.573000 2.893655
4.574000 2.893789
4.575000 2.893923
4.576000 2.894057
4.577000 2.894191
4.578000 2.894325
4.579000 2.894459
4.580000 2.894593
4.581000 2.894727
4.582000 2.894861
4.583000 2.894994
4.584000 2.895128
4.585000 2.895262
4.586000 2.895396
4.587000 2.895529
4.588000 2.895663
4.589000 2.895797
4.590000 2.895930
4.591000 2.896064
4.592000 2.896198
4.593000 2.896331
4.594000 2.896465
4.595000 2.896598
4.596000 2.896732
4.597000 2.896865
4.598000 2.896998
4.599000 2.897132
4.600000 2.897265
4.601000 2.897398
4.602000 2.897532
4.603000 2.897665
4.604000 2.897798
4.605000 2.897931
4.606000 2.898065
4.607000 2.898198
4.608000 2.898331
4.609000 2.898464
4.610000 2.898597
4.611000 2.898730
4.612000 2.898863
4.613000 2.898996
4.614000 2.899129
4.615000 2.899262
4.616000 2.899395
4.617000 2.899528
4.618000 2.899660
4.619000 2.899793
4.620000 2.899926
4.621000 2.900059
4.622000 2.900191
4.623000 2.900324
4.624000 2.900457
4.625000 2.900589
4.626000 2.900722
4.627000 2.900855
4.628000 2.900987
4.629000 2.901120
4.630000 2.901252
4.631000 2.901385
4.632000 2.901517
4.633000 2.901649
4.634000 2.901782
4.635000 2.901914
4.636000 2.902046
4.637000 2.902179
4.638000 2.902311
4.639000 2.902443
4.640000 2.902575
4.641000 2.902708
4.642000 2.902840
4.643000 2.902972
4.644000 2.903104
4.645000 2.903236
4.646000 2.903368
4.647000 2.903500
4.648000 2.903632
4.649000 2.903764
4.650000 2.903896
4.651000 2.904028
4.652000 2.904160
4.653000 2.904291
4.654000 2.904423
4.655000 2.904555
4.656000 2.904687
4.657000 2.904818
4.658000 2.904950
4.659000 2.905082
4.660000 2.905213
4.661000 2.905345
4.662000 2.905477
4.663000 2.905608
4.664000 2.905740
4.665000 2.905871
4.666000 2.906003
4.667000 2.906134
4.668000 2.906266
4.669000 2.906397
4.670000 2.906528
4.671000 2.906660
4.672000 2.906791
4.673000 2.906922
4.674000 2.907053
4.675000 2.907185
4.676000 2.907316
4.677000 2.907447
4.678000 2.907578
4.679000 2.907709
4.680000 2.907840
4.681000 2.907971
4.682000 2.908102
4.683000 2.908233
4.684000 2.908364
4.685000 2.908495
4.686000 2.908626
4.687000 2.908757
4.688000 2.908888
4.689000 2.909019
4.690000 2.909150
4.691000 2.909280
4.692000 2.909411
4.693000 2.909542
4.694000 2.909672
4.695000 2.909803
4.696000 2.909934
4.697000 2.910064
4.698000 2.910195
4.699000 2.910325
4.700000 2.910456
4.701000 2.910586
4.702000 2.910717
4.703000 2.910847
4.704000 2.910978
4.705000 2.911108
4.706000 2.911238
4.707000 2.911369
4.708000 2.911499
4.709000 2.911629
4.710000 2.911760
4.711000 2.911890
4.712000 2.912020
4.713000 2.912150
4.714000 2.912280
4.715000 2.912410
4.716000 2.912541
4.717000 2.912671
4.718000 2.912801
4.719000 2.912931
4.720000 2.913061
4.721000 2.913191
4.722000 2.913320
4.723000 2.913450
4.724000 2.913580
4.725000 2.913710
4.726000 2.913840
4.727000 2.913970
4.728000 2.914099
4.729000 2.914229
4.730000 2.914359
4.731000 2.914488
4.732000 2.914618
4.733000 2.914748
4.734000 2.914877
4.735000 2.915007
4.736000 2.915136
4.737000 2.915266
4.738000 2.915395
4.739000 2.915525
4.740000 2.915654
4.741000 2.915784
4.742000 2.915913
4.743000 2.916042
4.744000 2.916172
4.745000 2.916301
4.746000 2.916430
4.747000 2.916559
4.748000 2.916689
4.749000 2.916818
4.750000 2.916947
4.751000 2.917076
4.752000 2.917205
4.753000 2.917334
4.754000 2.917463
4.755000 2.917592
4.756000 2.917721
4.757000 2.917850
4.758000 2.917979
4.759000 2.918108
4.760000 2.918237
4.761000 2.918366
4.762000 2.918495
4.763000 2.918623
4.764000 2.918752
4.765000 2.918881
4.766000 2.919010
4.767000 2.919138
4.768000 2.919267
4.769000 2.919396
4.770000 2.919524
4.771000 2.919653
4.772000 2.919781
4.773000 2.919910
4.774000 2.920038
4.775000 2.920167
4.776000 2.920295
4.777000 2.920424
4.778000 2.920552
4.779000 2.920680
4.780000 2.920809
4.781000 2.920937
4.782000 2.921065
4.783000 2.921194
4.784000 2.921322
4.785000 2.921450
4.786000 2.921578
4.787000 2.921706
4.788000 2.921835
4.789000 2.921963
4.790000 2.922091
4.791000 2.922219
4.792000 2.922347
4.793000 2.922475
4.794000 2.922603
4.795000 2.922731
4.796000 2.922859
4.797000 2.922986
4.798000 2.923114
4.799000 2.923242
4.800000 2.923370
4.801000 2.923498
4.802000 2.923625
4.803000 2.923753
4.804000 2.923881
4.805000 2.924009
4.806000 2.924136
4.807000 2.924264
4.808000 2.924391
4.809000 2.924519
4.810000 2.924646
4.811000 2.924774
4.812000 2.924901
4.813000 2.925029
4.814000 2.925156
4.815000 2.925284
4.816000 2.925411
4.817000 2.925538
4.818000 2.925666
4.819000 2.925793
4.820000 2.925920
4.821000 2.926048
4.822000 2.926175
4.823000 2.926302
4.824000 2.926429
4.825000 2.926556
4.826000 2.926683
4.827000 2.926810
4.828000 2.926938
4.829000 2.927065
4.830000 2.927192
4.831000 2.927319
4.832000 2.927446
4.833000 2.927572
4.834000 2.927699
4.835000 2.927826
4.836000 2.927953
4.837000 2.928080
4.838000 2.928207
4.839000 2.928333
4.840000 2.928460
4.841000 2.928587
4.842000 2.928714
4.843000 2.928840
4.844000 2.928967
4.845000 2.929094
4.846000 2.929220
4.847000 2.929347
4.848000 2.929473
4.849000 2.929600
4.850000 2.929726
4.851000 2.929853
4.852000 2.929979
4.853000 2.930105
4.854000 2.930232
4.855000 2.930358
4.856000 2.930485
4.857000 2.930611
4.858000 2.930737
4.859000 2.930863
4.860000 2.930990
4.861000 2.931116
4.862000 2.931242
4.863000 2.931368
4.864000 2.931494
4.865000 2.931620
4.866000 2.931746
4.867000 2.931872
4.868000 2.931998
4.869000 2.932124
4.870000 2.932250
4.871000 2.932376
4.872000 2.932502
4.873000 2.932628
4.874000 2.932754
4.875000 2.932880
4.876000 2.933005
4.877000 2.933131
4.878000 2.933257
4.879000 2.933383
4.880000 2.933508
4.881000 2.933634
4.882000 2.933760
4.883000 2.933885
4.884000 2.934011
4.885000 2.934137
4.886000 2.934262
4.887000 2.934388
4.888000 2.934513
4.889000 2.934639
4.890000 2.934764
4.891000 2.934889
4.892000 2.935015
4.893000 2.935140
4.894000 2.935265
4.895000 2.935391
4.896000 2.935516
4.897000 2.935641
4.898000 2.935767
4.899000 2.935892
4.900000 2.936017
4.901000 2.936142
4.902000 2.936267
4.903000 2.936392
4.904000 2.936517
4.905000 2.936642
4.906000 2.936768
4.907000 2.936893
4.908000 2.937017
4.909000 2.937142
4.910000 2.937267
4.911000 2.937392
4.912000 2.937517
4.913000 2.937642
4.914000 2.937767
4.915000 2.937892
4.916000 2.938016
4.917000 2.938141
4.918000 2.938266
4.919000 2.938391
4.920000 2.938515
4.921000 2.938640
4.922000 2.938764
4.923000 2.938889
4.924000 2.939014
4.925000 2.939138
4.926000 2.939263
4.927000 2.939387
4.928000 2.939512
4.929000 2.939636
4.930000 2.939760
4.931000 2.939885
4.932000 2.940009
4.933000 2.940134
4.934000 2.940258
4.935000 2.940382
4.936000 2.940506
4.937000 2.940631
4.938000 2.940755
4.939000 2.940879
4.940000 2.941003
4.941000 2.941127
4.942000 2.941251
4.943000 2.941376
4.944000 2.941500
4.945000 2.941624
4.946000 2.941748
4.947000 2.941872
4.948000 2.941996
4.949000 2.942120
4.950000 2.942243
4.951000 2.942367
4.952000 2.942491
4.953000 2.942615
4.954000 2.942739
4.955000 2.942863
4.956000 2.942986
4.957000 2.943110
4.958000 2.943234
4.959000 2.943357
4.960000 2.943481
4.961000 2.943605
4.962000 2.943728
4.963000 2.943852
4.964000 2.943975
4.965000 2.944099
4.966000 2.944222
4.967000 2.944346
4.968000 2.944469
4.969000 2.944593
4.970000 2.944716
4.971000 2.944840
4.972000 2.944963
4.973000 2.945086
4.974000 2.945210
4.975000 2.945333
4.976000 2.945456
4.977000 2.945579
4.978000 2.945703
4.979000 2.945826
4.980000 2.945949
4.981000 2.946072
4.982000 2.946195
4.983000 2.946318
4.984000 2.946441
4.985000 2.946564
4.986000 2.946687
4.987000 2.946810
4.988000 2.946933
4.989000 2.947056
4.990000 2.947179
4.991000 2.947302
4.992000 2.947425
4.993000 2.947548
4.994000 2.947670
4.995000 2.947793
4.996000 2.947916
4.997000 2.948039
4.998000 2.948161
4.999000 2.948284

0.200000 0.003000
0.201000 0.003122
0.202000 0.003247
0.203000 0.003376
0.204000 0.003508
0.205000 0.003644
0.206000 0.003784
0.207000 0.003927
0.208000 0.004075
0.209000 0.004226
0.210000 0.004381
0.211000 0.004540
0.212000 0.004703
0.213000 0.004870
0.214000 0.005041
0.215000 0.005216
0.216000 0.005395
0.217000 0.005578
0.218000 0.005766
0.219000 0.005958
0.220000 0.006154
0.221000 0.006355
0.222000 0.006559
0.223000 0.006769
0.224000 0.006982
0.225000 0.007201
0.226000 0.007423
0.227000 0.007651
0.228000 0.007883
0.229000 0.008119
0.230000 0.008360
0.231000 0.008606
0.232000 0.008856
0.233000 0.009111
0.234000 0.009371
0.235000 0.009636
0.236000 0.009905
0.237000 0.010179
0.238000 0.010458
0.239000 0.010742
0.240000 0.011031
0.241000 0.011324
0.242000 0.011623
0.243000 0.011926
0.244000 0.012234
0.245000 0.012548
0.246000 0.012866
0.247000 0.013189
0.248000 0.013517
0.249000 0.013850
0.250000 0.014188
0.251000 0.014531
0.252000 0.014880
0.253000 0.015233
0.254000 0.015591
0.255000 0.015954
0.256000 0.016322
0.257000 0.016695
0.258000 0.017074
0.259000 0.017457
0.260000 0.017845
0.261000 0.018238
0.262000 0.018637
0.263000 0.019040
0.264000 0.019449
0.265000 0.019862
0.266000 0.020280
0.267000 0.020704
0.268000 0.021132
0.269000 0.021566
0.270000 0.022004
0.271000 0.022448
0.272000 0.022896
0.273000 0.023349
0.274000 0.023807
0.275000 0.024271
0.276000 0.024739
0.277000 0.025212
0.278000 0.025690
0.279000 0.026172
0.280000 0.026660
0.281000 0.027152
0.282000 0.027650
0.283000 0.028152
0.284000 0.028659
0.285000 0.029170
0.286000 0.029687
0.287000 0.030208
0.288000 0.030733
0.289000 0.031264
0.290000 0.031799
0.291000 0.032339
0.292000 0.032883
0.293000 0.033432
0.294000 0.033986
0.295000 0.034544
0.296000 0.035106
0.297000 0.035673
0.298000 0.036245
0.299000 0.036821
0.300000 0.037401
0.301000 0.037986
0.302000 0.038575
0.303000 0.039169
0.304000 0.039767
0.305000 0.040369
0.306000 0.040975
0.307000 0.041586
0.308000 0.042200
0.309000 0.042819
0.310000 0.043442
0.311000 0.044069
0.312000 0.044700
0.313000 0.045335
0.314000 0.045974
0.315000 0.046618
0.316000 0.047265
0.317000 0.047915
0.318000 0.048570
0.319000 0.049229
0.320000 0.049891
0.321000 0.050557
0.322000 0.051227
0.323000 0.051901
0.324000 0.052578
0.325000 0.053259
0.326000 0.053943
0.327000 0.054631
0.328000 0.055323
0.329000 0.056018
0.330000 0.056716
0.331000 0.057418
0.332000 0.058123
0.333000 0.058832
0.334000 0.059544
0.335000 0.060259
0.336000 0.060977
0.337000 0.061699
0.338000 0.062423
0.339000 0.063151
0.340000 0.063882
0.341000 0.064616
0.342000 0.065353
0.343000 0.066093
0.344000 0.066836
0.345000 0.067582
0.346000 0.068330
0.347000 0.069082
0.348000 0.069836
0.349000 0.070593
0.350000 0.071353
0.351000 0.072115
0.352000 0.072880
0.353000 0.073648
0.354000 0.074418
0.355000 0.075191
0.356000 0.075966
0.357000 0.076744
0.358000 0.077524
0.359000 0.078307
0.360000 0.079092
0.361000 0.079879
0.362000 0.080668
0.363000 0.081460
0.364000 0.082254
0.365000 0.083050
0.366000 0.083848
0.367000 0.084649
0.368000 0.085451
0.369000 0.086256
0.370000 0.087062
0.371000 0.087870
0.372000 0.088681
0.373000 0.089493
0.374000 0.090307
0.375000 0.091123
0.376000 0.091941
0.377000 0.092760
0.378000 0.093581
0.379000 0.094404
0.380000 0.095228
0.381000 0.096054
0.382000 0.096882
0.383000 0.097711
0.384000 0.098542
0.385000 0.099374
0.386000 0.100207
0.387000 0.101042
0.388000 0.101879
0.389000 0.102716
0.390000 0.103555
0.391000 0.104396
0.392000 0.105237
0.393000 0.106080
0.394000 0.106924
0.395000 0.107769
0.396000 0.108615
0.397000 0.109462
0.398000 0.110310
0.399000 0.111160
0.400000 0.112010
0.401000 0.112861
0.402000 0.113713
0.403000 0.114566
0.404000 0.115420
0.405000 0.116275
0.406000 0.117130
0.407000 0.117987
0.408000 0.118844
0.409000 0.119701
0.410000 0.120560
0.411000 0.121419
0.412000 0.122279
0.413000 0.123139
0.414000 0.124000
0.415000 0.124861
0.416000 0.125723
0.417000 0.126586
0.418000 0.127448
0.419000 0.128312
0.420000 0.129175
0.421000 0.130039
0.422000 0.130904
0.423000 0.131769
0.424000 0.132634
0.425000 0.133499
0.426000 0.134364
0.427000 0.135230
0.428000 0.136096
0.429000 0.136962
0.430000 0.137828
0.431000 0.138694
0.432000 0.139561
0.433000 0.140427
0.434000 0.141294
0.435000 0.142160
0.436000 0.143027
0.437000 0.143893
0.438000 0.144759
0.439000 0.145626
0.440000 0.146492
0.441000 0.147358
0.442000 0.148223
0.443000 0.149089
0.444000 0.149955
0.445000 0.150820
0.446000 0.151685
0.447000 0.152549
0.448000 0.153414
0.449000 0.154278
0.450000 0.155141
0.451000 0.156005
0.452000 0.156868
0.453000 0.157730
0.454000 0.158592
0.455000 0.159454
0.456000 0.160315
0.457000 0.161176
0.458000 0.162036
0.459000 0.162896
0.460000 0.163755
0.461000 0.164614
0.462000 0.165471
0.463000 0.166329
0.464000 0.167186
0.465000 0.168042
0.466000 0.168897
0.467000 0.169752
0.468000 0.170606
0.469000 0.171459
0.470000 0.172311
0.471000 0.173163
0.472000 0.174014
0.473000 0.174864
0.474000 0.175714
0.475000 0.176562
0.476000 0.177410
0.477000 0.178257
0.478000 0.179103
0.479000 0.179948
0.480000 0.180792
0.481000 0.181635
0.482000 0.182477
0.483000 0.183319
0.484000 0.184159
0.485000 0.184998
0.486000 0.185836
0.487000 0.186674
0.488000 0.187510
0.489000 0.188345
0.490000 0.189179
0.491000 0.190012
0.492000 0.190844
0.493000 0.191674
0.494000 0.192504
0.495000 0.193333
0.496000 0.194160
0.497000 0.194986
0.498000 0.195811
0.499000 0.196635
0.500000 0.197457
0.501000 0.198278
0.502000 0.199098
0.503000 0.199917
0.504000 0.200735
0.505000 0.201551
0.506000 0.202366
0.507000 0.203179
0.508000 0.203991
0.509000 0.204802
0.510000 0.205612
0.511000 0.206420
0.512000 0.207227
0.513000 0.208032
0.514000 0.208837
0.515000 0.209639
0.516000 0.210440
0.517000 0.211240
0.518000 0.212039
0.519000 0.212836
0.520000 0.213631
0.521000 0.214425
0.522000 0.215217
0.523000 0.216008
0.524000 0.216798
0.525000 0.217586
0.526000 0.218372
0.527000 0.219157
0.528000 0.219941
0.529000 0.220723
0.530000 0.221503
0.531000 0.222282
0.532000 0.223059
0.533000 0.223834
0.534000 0.224608
0.535000 0.225380
0.536000 0.226151
0.537000 0.226920
0.538000 0.227687
0.539000 0.228453
0.540000 0.229217
0.541000 0.229980
0.542000 0.230741
0.543000 0.231500
0.544000 0.232257
0.545000 0.233013
0.546000 0.233767
0.547000 0.234519
0.548000 0.235270
0.549000 0.236019
0.550000 0.236766
0.551000 0.237511
0.552000 0.238255
0.553000 0.238997
0.554000 0.239737
0.555000 0.240475
0.556000 0.241212
0.557000 0.241947
0.558000 0.242680
0.559000 0.243411
0.560000 0.244140
0.561000 0.244868
0.562000 0.245594
0.563000 0.246318
0.564000 0.247040
0.565000 0.247760
0.566000 0.248478
0.567000 0.249195
0.568000 0.249910
0.569000 0.250623
0.570000 0.251334
0.571000 0.252043
0.572000 0.252750
0.573000 0.253456
0.574000 0.254159
0.575000 0.254861
0.576000 0.255561
0.577000 0.256259
0.578000 0.256955
0.579000 0.257649
0.580000 0.258341
0.581000 0.259031
0.582000 0.259720
0.583000 0.260406
0.584000 0.261091
0.585000 0.261773
0.586000 0.262454
0.587000 0.263132
0.588000 0.263809
0.589000 0.264484
0.590000 0.265157
0.591000 0.265828
0.592000 0.266496
0.593000 0.267163
0.594000 0.267828
0.595000 0.268491
0.596000 0.269152
0.597000 0.269812
0.598000 0.270469
0.599000 0.271124
0.600000 0.271777
0.601000 0.272428
0.602000 0.273077
0.603000 0.273724
0.604000 0.274369
0.605000 0.275012
0.606000 0.275654
0.607000 0.276293
0.608000 0.276930
0.609000 0.277565
0.610000 0.278198
0.611000 0.278829
0.612000 0.279458
0.613000 0.280085
0.614000 0.280710
0.615000 0.281333
0.616000 0.281954
0.617000 0.282573
0.618000 0.283190
0.619000 0.283805
0.620000 0.284418
0.621000 0.285028
0.622000 0.285637
0.623000 0.286244
0.624000 0.286849
0.625000 0.287451
0.626000 0.288052
0.627000 0.288650
0.628000 0.289247
0.629000 0.289841
0.630000 0.290434
0.631000 0.291024
0.632000 0.291612
0.633000 0.292199
0.634000 0.292783
0.635000 0.293365
0.636000 0.293945
0.637000 0.294523
0.638000 0.295099
0.639000 0.295673
0.640000 0.296245
0.641000 0.296815
0.642000 0.297383
0.643000 0.297948
0.644000 0.298512
0.645000 0.299073
0.646000 0.299633
0.647000 0.300190
0.648000 0.300746
0.649000 0.301299
0.650000 0.301850
0.651000 0.302400
0.652000 0.302947
0.653000 0.303492
0.654000 0.304035
0.655000 0.304576
0.656000 0.305115
0.657000 0.305652
0.658000 0.306186
0.659000 0.306719
0.660000 0.307250
0.661000 0.307778
0.662000 0.308305
0.663000 0.308829
0.664000 0.309352
0.665000 0.309872
0.666000 0.310391
0.667000 0.310907
0.668000 0.311421
0.669000 0.311933
0.670000 0.312443
0.671000 0.312951
0.672000 0.313457
0.673000 0.313961
0.674000 0.314463
0.675000 0.314963
0.676000 0.315461
0.677000 0.315956
0.678000 0.316450
0.679000 0.316942
0.680000 0.317431
0.681000 0.317919
0.682000 0.318404
0.683000 0.318888
0.684000 0.319369
0.685000 0.319849
0.686000 0.320326
0.687000 0.320802
0.688000 0.321275
0.689000 0.321746
0.690000 0.322215
0.691000 0.322682
0.692000 0.323148
0.693000 0.323611
0.694000 0.324072
0.695000 0.324531
0.696000 0.324988
0.697000 0.325443
0.698000 0.325896
0.699000 0.326347
0.700000 0.326796
0.701000 0.327243
0.702000 0.327688
0.703000 0.328131
0.704000 0.328572
0.705000 0.329011
0.706000 0.329448
0.707000 0.329883
0.708000 0.330316
0.709000 0.330747
0.710000 0.331176
0.711000 0.331603
0.712000 0.332028
0.713000 0.332451
0.714000 0.332872
0.715000 0.333291
0.716000 0.333708
0.717000 0.334123
0.718000 0.334536
0.719000 0.334947
0.720000 0.335357
0.721000 0.335764
0.722000 0.336169
0.723000 0.336572
0.724000 0.336974
0.725000 0.337373
0.726000 0.337770
0.727000 0.338166
0.728000 0.338559
0.729000 0.338951
0.730000 0.339340
0.731000 0.339728
0.732000 0.340114
0.733000 0.340497
0.734000 0.340879
0.735000 0.341259
0.736000 0.341637
0.737000 0.342013
0.738000 0.342387
0.739000 0.342759
0.740000 0.343130
0.741000 0.343498
0.742000 0.343864
0.743000 0.344229
0.744000 0.344592
0.745000 0.344952
0.746000 0.345311
0.747000 0.345668
0.748000 0.346023
0.749000 0.346376
0.750000 0.346728
0.751000 0.347077
0.752000 0.347424
0.753000 0.347770
0.754000 0.348114
0.755000 0.348456
0.756000 0.348796
0.757000 0.349134
0.758000 0.349470
0.759000 0.349805
0.760000 0.350137
0.761000 0.350468
0.762000 0.350797
0.763000 0.351124
0.764000 0.351449
0.765000 0.351772
0.766000 0.352094
0.767000 0.352413
0.768000 0.352731
0.769000 0.353047
0.770000 0.353361
0.771000 0.353674
0.772000 0.353984
0.773000 0.354293
0.774000 0.354600
0.775000 0.354905
0.776000 0.355208
0.777000 0.355510
0.778000 0.355810
0.779000 0.356107
0.780000 0.356404
0.781000 0.356698
0.782000 0.356991
0.783000 0.357281
0.784000 0.357570
0.785000 0.357858
0.786000 0.358143
0.787000 0.358427
0.788000 0.358709
0.789000 0.358989
0.790000 0.359268
0.791000 0.359544
0.792000 0.359819
0.793000 0.360093
0.794000 0.360364
0.795000 0.360634
0.796000 0.360902
0.797000 0.361168
0.798000 0.361433
0.799000 0.361696
0.800000 0.361957
0.801000 0.362217
0.802000 0.362474
0.803000 0.362730
0.804000 0.362985
0.805000 0.363237
0.806000 0.363488
0.807000 0.363738
0.808000 0.363985
0.809000 0.364231
0.810000 0.364476
0.811000 0.364718
0.812000 0.364959
0.813000 0.365198
0.814000 0.365436
0.815000 0.365672
0.816000 0.365906
0.817000 0.366139
0.818000 0.366370
0.819000 0.366599
0.820000 0.366827
0.821000 0.367053
0.822000 0.367278
0.823000 0.367501
0.824000 0.367722
0.825000 0.367941
0.826000 0.368159
0.827000 0.368376
0.828000 0.368591
0.829000 0.368804
0.830000 0.369016
0.831000 0.369226
0.832000 0.369434
0.833000 0.369641
0.834000 0.369846
0.835000 0.370050
0.836000 0.370252
0.837000 0.370453
0.838000 0.370652
0.839000 0.370849
0.840000 0.371045
0.841000 0.371239
0.842000 0.371432
0.843000 0.371624
0.844000 0.371813
0.845000 0.372002
0.846000 0.372188
0.847000 0.372373
0.848000 0.372557
0.849000 0.372739
0.850000 0.372920
0.851000 0.373099
0.852000 0.373276
0.853000 0.373453
0.854000 0.373627
0.855000 0.373800
0.856000 0.373972
0.857000 0.374142
0.858000 0.374311
0.859000 0.374478
0.860000 0.374644
0.861000 0.374808
0.862000 0.374971
0.863000 0.375132
0.864000 0.375292
0.865000 0.375450
0.866000 0.375607
0.867000 0.375763
0.868000 0.375917
0.869000 0.376070
0.870000 0.376221
0.871000 0.376371
0.872000 0.376519
0.873000 0.376666
0.874000 0.376812
0.875000 0.376956
0.876000 0.377099
0.877000 0.377240
0.878000 0.377380
0.879000 0.377519
0.880000 0.377656
0.881000 0.377792
0.882000 0.377926
0.883000 0.378059
0.884000 0.378191
0.885000 0.378321
0.886000 0.378450
0.887000 0.378578
0.888000 0.378704
0.889000 0.378829
0.890000 0.378953
0.891000 0.379075
0.892000 0.379196
0.893000 0.379315
0.894000 0.379434
0.895000 0.379550
0.896000 0.379666
0.897000 0.379780
0.898000 0.379893
0.899000 0.380005
0.900000 0.380115
0.901000 0.380224
0.902000 0.380332
0.903000 0.380439
0.904000 0.380544
0.905000 0.380648
0.906000 0.380750
0.907000 0.380852
0.908000 0.380952
0.909000 0.381051
0.910000 0.381148
0.911000 0.381244
0.912000 0.381339
0.913000 0.381433
0.914000 0.381526
0.915000 0.381617
0.916000 0.381707
0.917000 0.381796
0.918000 0.381884
0.919000 0.381970
0.920000 0.382055
0.921000 0.382139
0.922000 0.382222
0.923000 0.382303
0.924000 0.382384
0.925000 0.382463
0.926000 0.382541
0.927000 0.382618
0.928000 0.382693
0.929000 0.382768
0.930000 0.382841
0.931000 0.382913
0.932000 0.382984
0.933000 0.383053
0.934000 0.383122
0.935000 0.383189
0.936000 0.383255
0.937000 0.383321
0.938000 0.383384
0.939000 0.383447
0.940000 0.383509
0.941000 0.383569
0.942000 0.383629
0.943000 0.383687
0.944000 0.383744
0.945000 0.383800
0.946000 0.383855
0.947000 0.383909
0.948000 0.383961
0.949000 0.384013
0.950000 0.384063
0.951000 0.384113
0.952000 0.384161
0.953000 0.384208
0.954000 0.384254
0.955000 0.384299
0.956000 0.384343
0.957000 0.384386
0.958000 0.384428
0.959000 0.384469
0.960000 0.384509
0.961000 0.384547
0.962000 0.384585
0.963000 0.384621
0.964000 0.384657
0.965000 0.384691
0.966000 0.384725
0.967000 0.384757
0.968000 0.384788
0.969000 0.384819
0.970000 0.384848
0.971000 0.384876
0.972000 0.384904
0.973000 0.384930
0.974000 0.384955
0.975000 0.384980
0.976000 0.385003
0.977000 0.385025
0.978000 0.385046
0.979000 0.385067
0.980000 0.385086
0.981000 0.385104
0.982000 0.385122
0.983000 0.385138
0.984000 0.385154
0.985000 0.385168
0.986000 0.385181
0.987000 0.385194
0.988000 0.385206
0.989000 0.385216
0.990000 0.385226
0.991000 0.385235
0.992000 0.385243
0.993000 0.385249
0.994000 0.385255
0.995000 0.385260
0.996000 0.385265
0.997000 0.385268
0.998000 0.385270
0.999000 0.385271
1.000000 0.385272
1.001000 0.385271
1.002000 0.385270
1.003000 0.385268
1.004000 0.385265
1.005000 0.385261
1.006000 0.385256
1.007000 0.385250
1.008000 0.385243
1.009000 0.385236
1.010000 0.385227
1.011000 0.385218
1.012000 0.385208
1.013000 0.385197
1.014000 0.385185
1.015000 0.385172
1.016000 0.385158
1.017000 0.385144
1.018000 0.385129
1.019000 0.385113
1.020000 0.385096
1.021000 0.385078
1.022000 0.385059
1.023000 0.385040
1.024000 0.385019
1.025000 0.384998
1.026000 0.384976
1.027000 0.384954
1.028000 0.384930
1.029000 0.384906
1.030000 0.384881
1.031000 0.384855
1.032000 0.384828
1.033000 0.384800
1.034000 0.384772
1.035000 0.384743
1.036000 0.384713
1.037000 0.384682
1.038000 0.384651
1.039000 0.384619
1.040000 0.384586
1.041000 0.384552
1.042000 0.384517
1.043000 0.384482
1.044000 0.384446
1.045000 0.384409
1.046000 0.384372
1.047000 0.384333
1.048000 0.384294
1.049000 0.384255
1.050000 0.384214
1.051000 0.384173
1.052000 0.384131
1.053000 0.384088
1.054000 0.384045
1.055000 0.384001
1.056000 0.383956
1.057000 0.383910
1.058000 0.383864
1.059000 0.383817
1.060000 0.383769
1.061000 0.383721
1.062000 0.383672
1.063000 0.383622
1.064000 0.383571
1.065000 0.383520
1.066000 0.383468
1.067000 0.383416
1.068000 0.383362
1.069000 0.383308
1.070000 0.383254
1.071000 0.383199
1.072000 0.383143
1.073000 0.383086
1.074000 0.383029
1.075000 0.382971
1.076000 0.382912
1.077000 0.382853
1.078000 0.382793
1.079000 0.382733
1.080000 0.382671
1.081000 0.382610
1.082000 0.382547
1.083000 0.382484
1.084000 0.382420
1.085000 0.382356
1.086000 0.382291
1.087000 0.382225
1.088000 0.382159
1.089000 0.382092
1.090000 0.382025
1.091000 0.381957
1.092000 0.381888
1.093000 0.381819
1.094000 0.381749
1.095000 0.381678
1.096000 0.381607
1.097000 0.381536
1.098000 0.381463
1.099000 0.381390
1.100000 0.381317
1.101000 0.381243
1.102000 0.381168
1.103000 0.381093
1.104000 0.381017
1.105000 0.380941
1.106000 0.380864
1.107000 0.380787
1.108000 0.380709
1.109000 0.380630
1.110000 0.380551
1.111000 0.380471
1.112000 0.380391
1.113000 0.380310
1.114000 0.380228
1.115000 0.380147
1.116000 0.380064
1.117000 0.379981
1.118000 0.379898
1.119000 0.379813
1.120000 0.379729
1.121000 0.379644
1.122000 0.379558
1.123000 0.379472
1.124000 0.379385
1.125000 0.379298
1.126000 0.379210
1.127000 0.379122
1.128000 0.379033
1.129000 0.378944
1.130000 0.378854
1.131000 0.378763
1.132000 0.378673
1.133000 0.378581
1.134000 0.378489
1.135000 0.378397
1.136000 0.378304
1.137000 0.378211
1.138000 0.378117
1.139000 0.378023
1.140000 0.377928
1.141000 0.377833
1.142000 0.377737
1.143000 0.377641
1.144000 0.377544
1.145000 0.377447
1.146000 0.377350
1.147000 0.377252
1.148000 0.377153
1.149000 0.377054
1.150000 0.376955
1.151000 0.376855
1.152000 0.376754
1.153000 0.376654
1.154000 0.376552
1.155000 0.376451
1.156000 0.376349
1.157000 0.376246
1.158000 0.376143
1.159000 0.376039
1.160000 0.375936
1.161000 0.375831
1.162000 0.375726
1.163000 0.375621
1.164000 0.375516
1.165000 0.375410
1.166000 0.375303
1.167000 0.375196
1.168000 0.375089
1.169000 0.374981
1.170000 0.374873
1.171000 0.374765
1.172000 0.374656
1.173000 0.374546
1.174000 0.374437
1.175000 0.374326
1.176000 0.374216
1.177000 0.374105
1.178000 0.373994
1.179000 0.373882
1.180000 0.373770
1.181000 0.373657
1.182000 0.373544
1.183000 0.373431
1.184000 0.373317
1.185000 0.373203
1.186000 0.373089
1.187000 0.372974
1.188000 0.372859
1.189000 0.372743
1.190000 0.372627
1.191000 0.372511
1.192000 0.372394
1.193000 0.372277
1.194000 0.372160
1.195000 0.372042
1.196000 0.371924
1.197000 0.371806
1.198000 0.371687
1.199000 0.371568
1.200000 0.371448
1.201000 0.371328
1.202000 0.371208
1.203000 0.371087
1.204000 0.370966
1.205000 0.370845
1.206000 0.370724
1.207000 0.370602
1.208000 0.370480
1.209000 0.370357
1.210000 0.370234
1.211000 0.370111
1.212000 0.369987
1.213000 0.369863
1.214000 0.369739
1.215000 0.369615
1.216000 0.369490
1.217000 0.369365
1.218000 0.369239
1.219000 0.369113
1.220000 0.368987
1.221000 0.368861
1.222000 0.368734
1.223000 0.368607
1.224000 0.368480
1.225000 0.368352
1.226000 0.368224
1.227000 0.368096
1.228000 0.367967
1.229000 0.367838
1.230000 0.367709
1.231000 0.367580
1.232000 0.367450
1.233000 0.367320
1.234000 0.367190
1.235000 0.367059
1.236000 0.366928
1.237000 0.366797
1.238000 0.366666
1.239000 0.366534
1.240000 0.366402
1.241000 0.366270
1.242000 0.366137
1.243000 0.366004
1.244000 0.365871
1.245000 0.365738
1.246000 0.365604
1.247000 0.365471
1.248000 0.365336
1.249000 0.365202
1.250000 0.365067
1.251000 0.364932
1.252000 0.364797
1.253000 0.364662
1.254000 0.364526
1.255000 0.364390
1.256000 0.364254
1.257000 0.364118
1.258000 0.363981
1.259000 0.363844
1.260000 0.363707
1.261000 0.363569
1.262000 0.363432
1.263000 0.363294
1.264000 0.363156
1.265000 0.363017
1.266000 0.362879
1.267000 0.362740
1.268000 0.362601
1.269000 0.362462
1.270000 0.362322
1.271000 0.362182
1.272000 0.362042
1.273000 0.361902
1.274000 0.361762
1.275000 0.361621
1.276000 0.361480
1.277000 0.361339
1.278000 0.361198
1.279000 0.361056
1.280000 0.360915
1.281000 0.360773
1.282000 0.360631
1.283000 0.360488
1.284000 0.360346
1.285000 0.360203
1.286000 0.360060
1.287000 0.359917
1.288000 0.359773
1.289000 0.359630
1.290000 0.359486
1.291000 0.359342
1.292000 0.359198
1.293000 0.359053
1.294000 0.358909
1.295000 0.358764
1.296000 0.358619
1.297000 0.358474
1.298000 0.358329
1.299000 0.358183
1.300000 0.358037
1.301000 0.357891
1.302000 0.357745
1.303000 0.357599
1.304000 0.357453
1.305000 0.357306
1.306000 0.357159
1.307000 0.357012
1.308000 0.356865
1.309000 0.356718
1.310000 0.356570
1.311000 0.356423
1.312000 0.356275
1.313000 0.356127
1.314000 0.355979
1.315000 0.355830
1.316000 0.355682
1.317000 0.355533
1.318000 0.355384
1.319000 0.355235
1.320000 0.355086
1.321000 0.354937
1.322000 0.354787
1.323000 0.354638
1.324000 0.354488
1.325000 0.354338
1.326000 0.354188
1.327000 0.354037
1.328000 0.353887
1.329000 0.353736
1.330000 0.353586
1.331000 0.353435
1.332000 0.353284
1.333000 0.353133
1.334000 0.352982
1.335000 0.352830
1.336000 0.352678
1.337000 0.352527
1.338000 0.352375
1.339000 0.352223
1.340000 0.352071
1.341000 0.351919
1.342000 0.351766
1.343000 0.351614
1.344000 0.351461
1.345000 0.351308
1.346000 0.351155
1.347000 0.351002
1.348000 0.350849
1.349000 0.350696
1.350000 0.350542
1.351000 0.350389
1.352000 0.350235
1.353000 0.350081
1.354000 0.349927
1.355000 0.349773
1.356000 0.349619
1.357000 0.349465
1.358000 0.349310
1.359000 0.349156
1.360000 0.349001
1.361000 0.348846
1.362000 0.348692
1.363000 0.348537
1.364000 0.348381
1.365000 0.348226
1.366000 0.348071
1.367000 0.347916
1.368000 0.347760
1.369000 0.347604
1.370000 0.347449
1.371000 0.347293
1.372000 0.347137
1.373000 0.346981
1.374000 0.346825
1.375000 0.346668
1.376000 0.346512
1.377000 0.346356
1.378000 0.346199
1.379000 0.346042
1.380000 0.345886
1.381000 0.345729
1.382000 0.345572
1.383000 0.345415
1.384000 0.345258
1.385000 0.345100
1.386000 0.344943
1.387000 0.344786
1.388000 0.344628
1.389000 0.344471
1.390000 0.344313
1.391000 0.344155
1.392000 0.343997
1.393000 0.343840
1.394000 0.343682
1.395000 0.343524
1.396000 0.343365
1.397000 0.343207
1.398000 0.343049
1.399000 0.342890
1.400000 0.342732
1.401000 0.342573
1.402000 0.342415
1.403000 0.342256
1.404000 0.342097
1.405000 0.341938
1.406000 0.341780
1.407000 0.341621
1.408000 0.341461
1.409000 0.341302
1.410000 0.341143
1.411000 0.340984
1.412000 0.340825
1.413000 0.340665
1.414000 0.340506
1.415000 0.340346
1.416000 0.340187
1.417000 0.340027
1.418000 0.339867
1.419000 0.339707
1.420000 0.339547
1.421000 0.339388
1.422000 0.339228
1.423000 0.339068
1.424000 0.338907
1.425000 0.338747
1.426000 0.338587
1.427000 0.338427
1.428000 0.338267
1.429000 0.338106
1.430000 0.337946
1.431000 0.337785
1.432000 0.337625
1.433000 0.337464
1.434000 0.337304
1.435000 0.337143
1.436000 0.336982
1.437000 0.336821
1.438000 0.336660
1.439000 0.336500
1.440000 0.336339
1.441000 0.336178
1.442000 0.336017
1.443000 0.335856
1.444000 0.335695
1.445000 0.335533
1.446000 0.335372
1.447000 0.335211
1.448000 0.335050
1.449000 0.334888
1.450000 0.334727
1.451000 0.334566
1.452000 0.334404
1.453000 0.334243
1.454000 0.334081
1.455000 0.333920
1.456000 0.333758
1.457000 0.333597
1.458000 0.333435
1.459000 0.333273
1.460000 0.333112
1.461000 0.332950
1.462000 0.332788
1.463000 0.332626
1.464000 0.332465
1.465000 0.332303
1.466000 0.332141
1.467000 0.331979
1.468000 0.331817
1.469000 0.331655
1.470000 0.331493
1.471000 0.331331
1.472000 0.331169
1.473000 0.331007
1.474000 0.330845
1.475000 0.330683
1.476000 0.330521
1.477000 0.330358
1.478000 0.330196
1.479000 0.330034
1.480000 0.329872
1.481000 0.329710
1.482000 0.329547
1.483000 0.329385
1.484000 0.329223
1.485000 0.329060
1.486000 0.328898
1.487000 0.328736
1.488000 0.328573
1.489000 0.328411
1.490000 0.328249
1.491000 0.328086
1.492000 0.327924
1.493000 0.327761
1.494000 0.327599
1.495000 0.327437
1.496000 0.327274
1.497000 0.327112
1.498000 0.326949
1.499000 0.326787
1.500000 0.326624
1.501000 0.326462
1.502000 0.326299
1.503000 0.326137
1.504000 0.325974
1.505000 0.325812
1.506000 0.325649
1.507000 0.325486
1.508000 0.325324
1.509000 0.325161
1.510000 0.324999
1.511000 0.324836
1.512000 0.324674
1.513000 0.324511
1.514000 0.324349
1.515000 0.324186
1.516000 0.324023
1.517000 0.323861
1.518000 0.323698
1.519000 0.323536
1.520000 0.323373
1.521000 0.323211
1.522000 0.323048
1.523000 0.322885
1.524000 0.322723
1.525000 0.322560
1.526000 0.322398
1.527000 0.322235
1.528000 0.322073
1.529000 0.321910
1.530000 0.321748
1.531000 0.321585
1.532000 0.321423
1.533000 0.321260
1.534000 0.321098
1.535000 0.320935
1.536000 0.320773
1.537000 0.320610
1.538000 0.320448
1.539000 0.320285
1.540000 0.320123
1.541000 0.319961
1.542000 0.319798
1.543000 0.319636
1.544000 0.319473
1.545000 0.319311
1.546000 0.319149
1.547000 0.318986
1.548000 0.318824
1.549000 0.318662
1.550000 0.318499
1.551000 0.318337
1.552000 0.318175
1.553000 0.318013
1.554000 0.317850
1.555000 0.317688
1.556000 0.317526
1.557000 0.317364
1.558000 0.317202
1.559000 0.317039
1.560000 0.316877
1.561000 0.316715
1.562000 0.316553
1.563000 0.316391
1.564000 0.316229
1.565000 0.316067
1.566000 0.315905
1.567000 0.315743
1.568000 0.315581
1.569000 0.315419
1.570000 0.315257
1.571000 0.315095
1.572000 0.314933
1.573000 0.314772
1.574000 0.314610
1.575000 0.314448
1.576000 0.314286
1.577000 0.314125
1.578000 0.313963
1.579000 0.313801
1.580000 0.313640
1.581000 0.313478
1.582000 0.313316
1.583000 0.313155
1.584000 0.312993
1.585000 0.312832
1.586000 0.312670
1.587000 0.312509
1.588000 0.312347
1.589000 0.312186
1.590000 0.312025
1.591000 0.311863
1.592000 0.311702
1.593000 0.311541
1.594000 0.311379
1.595000 0.311218
1.596000 0.311057
1.597000 0.310896
1.598000 0.310735
1.599000 0.310574
1.600000 0.310413
1.601000 0.310252
1.602000 0.310091
1.603000 0.309930
1.604000 0.309769
1.605000 0.309608
1.606000 0.309447
1.607000 0.309286
1.608000 0.309126
1.609000 0.308965
1.610000 0.308804
1.611000 0.308644
1.612000 0.308483
1.613000 0.308322
1.614000 0.308162
1.615000 0.308001
1.616000 0.307841
1.617000 0.307681
1.618000 0.307520
1.619000 0.307360
1.620000 0.307200
1.621000 0.307039
1.622000 0.306879
1.623000 0.306719
1.624000 0.306559
1.625000 0.306399
1.626000 0.306239
1.627000 0.306079
1.628000 0.305919
1.629000 0.305759
1.630000 0.305599
1.631000 0.305439
1.632000 0.305279
1.633000 0.305120
1.634000 0.304960
1.635000 0.304800
1.636000 0.304641
1.637000 0.304481
1.638000 0.304321
1.639000 0.304162
1.640000 0.304003
1.641000 0.303843
1.642000 0.303684
1.643000 0.303525
1.644000 0.303365
1.645000 0.303206
1.646000 0.303047
1.647000 0.302888
1.648000 0.302729
1.649000 0.302570
1.650000 0.302411
1.651000 0.302252
1.652000 0.302093
1.653000 0.301934
1.654000 0.301775
1.655000 0.301617
1.656000 0.301458
1.657000 0.301299
1.658000 0.301141
1.659000 0.300982
1.660000 0.300824
1.661000 0.300665
1.662000 0.300507
1.663000 0.300349
1.664000 0.300191
1.665000 0.300032
1.666000 0.299874
1.667000 0.299716
1.668000 0.299558
1.669000 0.299400
1.670000 0.299242
1.671000 0.299084
1.672000 0.298926
1.673000 0.298769
1.674000 0.298611
1.675000 0.298453
1.676000 0.298296
1.677000 0.298138
1.678000 0.297980
1.679000 0.297823
1.680000 0.297666
1.681000 0.297508
1.682000 0.297351
1.683000 0.297194
1.684000 0.297036
1.685000 0.296879
1.686000 0.296722
1.687000 0.296565
1.688000 0.296408
1.689000 0.296251
1.690000 0.296095
1.691000 0.295938
1.692000 0.295781
1.693000 0.295624
1.694000 0.295468
1.695000 0.295311
1.696000 0.295155
1.697000 0.294998
1.698000 0.294842
1.699000 0.294686
1.700000 0.294529
1.701000 0.294373
1.702000 0.294217
1.703000 0.294061
1.704000 0.293905
1.705000 0.293749
1.706000 0.293593
1.707000 0.293437
1.708000 0.293281
1.709000 0.293126
1.710000 0.292970
1.711000 0.292814
1.712000 0.292659
1.713000 0.292503
1.714000 0.292348
1.715000 0.292193
1.716000 0.292037
1.717000 0.291882
1.718000 0.291727
1.719000 0.291572
1.720000 0.291417
1.721000 0.291262
1.722000 0.291107
1.723000 0.290952
1.724000 0.290797
1.725000 0.290643
1.726000 0.290488
1.727000 0.290333
1.728000 0.290179
1.729000 0.290024
1.730000 0.289870
1.731000 0.289716
1.732000 0.289561
1.733000 0.289407
1.734000 0.289253
1.735000 0.289099
1.736000 0.288945
1.737000 0.288791
1.738000 0.288637
1.739000 0.288483
1.740000 0.288329
1.741000 0.288176
1.742000 0.288022
1.743000 0.287868
1.744000 0.287715
1.745000 0.287562
1.746000 0.287408
1.747000 0.287255
1.748000 0.287102
1.749000 0.286948
1.750000 0.286795
1.751000 0.286642
1.752000 0.286489
1.753000 0.286337
1.754000 0.286184
1.755000 0.286031
1.756000 0.285878
1.757000 0.285726
1.758000 0.285573
1.759000 0.285421
1.760000 0.285268
1.761000 0.285116
1.762000 0.284964
1.763000 0.284811
1.764000 0.284659
1.765000 0.284507
1.766000 0.284355
1.767000 0.284203
1.768000 0.284051
1.769000 0.283900
1.770000 0.283748
1.771000 0.283596
1.772000 0.283445
1.773000 0.283293
1.774000 0.283142
1.775000 0.282990
1.776000 0.282839
1.777000 0.282688
1.778000 0.282536
1.779000 0.282385
1.780000 0.282234
1.781000 0.282083
1.782000 0.281933
1.783000 0.281782
1.784000 0.281631
1.785000 0.281480
1.786000 0.281330
1.787000 0.281179
1.788000 0.281029
1.789000 0.280878
1.790000 0.280728
1.791000 0.280578
1.792000 0.280428
1.793000 0.280278
1.794000 0.280128
1.795000 0.279978
1.796000 0.279828
1.797000 0.279678
1.798000 0.279528
1.799000 0.279378
1.800000 0.279229
1.801000 0.279079
1.802000 0.278930
1.803000 0.278781
1.804000 0.278631
1.805000 0.278482
1.806000 0.278333
1.807000 0.278184
1.808000 0.278035
1.809000 0.277886
1.810000 0.277737
1.811000 0.277588
1.812000 0.277440
1.813000 0.277291
1.814000 0.277142
1.815000 0.276994
1.816000 0.276845
1.817000 0.276697
1.818000 0.276549
1.819000 0.276401
1.820000 0.276253
1.821000 0.276105
1.822000 0.275957
1.823000 0.275809
1.824000 0.275661
1.825000 0.275513
1.826000 0.275365
1.827000 0.275218
1.828000 0.275070
1.829000 0.274923
1.830000 0.274776
1.831000 0.274628
1.832000 0.274481
1.833000 0.274334
1.834000 0.274187
1.835000 0.274040
1.836000 0.273893
1.837000 0.273746
1.838000 0.273599
1.839000 0.273453
1.840000 0.273306
1.841000 0.273160
1.842000 0.273013
1.843000 0.272867
1.844000 0.272720
1.845000 0.272574
1.846000 0.272428
1.847000 0.272282
1.848000 0.272136
1.849000 0.271990
1.850000 0.271844
1.851000 0.271698
1.852000 0.271553
1.853000 0.271407
1.854000 0.271262
1.855000 0.271116
1.856000 0.270971
1.857000 0.270825
1.858000 0.270680
1.859000 0.270535
1.860000 0.270390
1.861000 0.270245
1.862000 0.270100
1.863000 0.269955
1.864000 0.269811
1.865000 0.269666
1.866000 0.269521
1.867000 0.269377
1.868000 0.269232
1.869000 0.269088
1.870000 0.268944
1.871000 0.268799
1.872000 0.268655
1.873000 0.268511
1.874000 0.268367
1.875000 0.268223
1.876000 0.268079
1.877000 0.267936
1.878000 0.267792
1.879000 0.267648
1.880000 0.267505
1.881000 0.267362
1.882000 0.267218
1.883000 0.267075
1.884000 0.266932
1.885000 0.266789
1.886000 0.266646
1.887000 0.266503
1.888000 0.266360
1.889000 0.266217
1.890000 0.266074
1.891000 0.265931
1.892000 0.265789
1.893000 0.265646
1.894000 0.265504
1.895000 0.265362
1.896000 0.265219
1.897000 0.265077
1.898000 0.264935
1.899000 0.264793
1.900000 0.264651
1.901000 0.264509
1.902000 0.264368
1.903000 0.264226
1.904000 0.264084
1.905000 0.263943
1.906000 0.263801
1.907000 0.263660
1.908000 0.263519
1.909000 0.263377
1.910000 0.263236
1.911000 0.263095
1.912000 0.262954
1.913000 0.262813
1.914000 0.262672
1.915000 0.262532
1.916000 0.262391
1.917000 0.262250
1.918000 0.262110
1.919000 0.261969
1.920000 0.261829
1.921000 0.261689
1.922000 0.261549
1.923000 0.261409
1.924000 0.261269
1.925000 0.261129
1.926000 0.260989
1.927000 0.260849
1.928000 0.260709
1.929000 0.260570
1.930000 0.260430
1.931000 0.260291
1.932000 0.260151
1.933000 0.260012
1.934000 0.259873
1.935000 0.259734
1.936000 0.259594
1.937000 0.259456
1.938000 0.259317
1.939000 0.259178
1.940000 0.259039
1.941000 0.258900
1.942000 0.258762
1.943000 0.258623
1.944000 0.258485
1.945000 0.258347
1.946000 0.258208
1.947000 0.258070
1.948000 0.257932
1.949000 0.257794
1.950000 0.257656
1.951000 0.257518
1.952000 0.257380
1.953000 0.257243
1.954000 0.257105
1.955000 0.256968
1.956000 0.256830
1.957000 0.256693
1.958000 0.256555
1.959000 0.256418
1.960000 0.256281
1.961000 0.256144
1.962000 0.256007
1.963000 0.255870
1.964000 0.255733
1.965000 0.255597
1.966000 0.255460
1.967000 0.255323
1.968000 0.255187
1.969000 0.255051
1.970000 0.254914
1.971000 0.254778
1.972000 0.254642
1.973000 0.254506
1.974000 0.254370
1.975000 0.254234
1.976000 0.254098
1.977000 0.253962
1.978000 0.253827
1.979000 0.253691
1.980000 0.253555
1.981000 0.253420
1.982000 0.253285
1.983000 0.253149
1.984000 0.253014
1.985000 0.252879
1.986000 0.252744
1.987000 0.252609
1.988000 0.252474
1.989000 0.252339
1.990000 0.252205
1.991000 0.252070
1.992000 0.251936
1.993000 0.251801
1.994000 0.251667
1.995000 0.251532
1.996000 0.251398
1.997000 0.251264
1.998000 0.251130
1.999000 0.250996
2.000000 0.250862
2.001000 0.250728
2.002000 0.250595
2.003000 0.250461
2.004000 0.250327
2.005000 0.250194
2.006000 0.250060
2.007000 0.249927
2.008000 0.249794
2.009000 0.249661
2.010000 0.249528
2.011000 0.249395
2.012000 0.249262
2.013000 0.249129
2.014000 0.248996
2.015000 0.248863
2.016000 0.248731
2.017000 0.248598
2.018000 0.248466
2.019000 0.248334
2.020000 0.248201
2.021000 0.248069
2.022000 0.247937
2.023000 0.247805
2.024000 0.247673
2.025000 0.247541
2.026000 0.247409
2.027000 0.247278
2.028000 0.247146
2.029000 0.247014
2.030000 0.246883
2.031000 0.246752
2.032000 0.246620
2.033000 0.246489
2.034000 0.246358
2.035000 0.246227
2.036000 0.246096
2.037000 0.245965
2.038000 0.245834
2.039000 0.245703
2.040000 0.245573
2.041000 0.245442
2.042000 0.245312
2.043000 0.245181
2.044000 0.245051
2.045000 0.244921
2.046000 0.244790
2.047000 0.244660
2.048000 0.244530
2.049000 0.244400
2.050000 0.244271
2.051000 0.244141
2.052000 0.244011
2.053000 0.243882
2.054000 0.243752
2.055000 0.243623
2.056000 0.243493
2.057000 0.243364
2.058000 0.243235
2.059000 0.243106
2.060000 0.242977
2.061000 0.242848
2.062000 0.242719
2.063000 0.242590
2.064000 0.242461
2.065000 0.242333
2.066000 0.242204
2.067000 0.242076
2.068000 0.241947
2.069000 0.241819
2.070000 0.241691
2.071000 0.241562
2.072000 0.241434
2.073000 0.241306
2.074000 0.241178
2.075000 0.241051
2.076000 0.240923
2.077000 0.240795
2.078000 0.240668
2.079000 0.240540
2.080000 0.240413
2.081000 0.240285
2.082000 0.240158
2.083000 0.240031
2.084000 0.239904
2.085000 0.239777
2.086000 0.239650
2.087000 0.239523
2.088000 0.239396
2.089000 0.239269
2.090000 0.239143
2.091000 0.239016
2.092000 0.238890
2.093000 0.238763
2.094000 0.238637
2.095000 0.238511
2.096000 0.238385
2.097000 0.238259
2.098000 0.238133
2.099000 0.238007
2.100000 0.237881
2.101000 0.237755
2.102000 0.237629
2.103000 0.237504
2.104000 0.237378
2.105000 0.237253
2.106000 0.237128
2.107000 0.237002
2.108000 0.236877
2.109000 0.236752
2.110000 0.236627
2.111000 0.236502
2.112000 0.236377
2.113000 0.236252
2.114000 0.236128
2.115000 0.236003
2.116000 0.235878
2.117000 0.235754
2.118000 0.235630
2.119000 0.235505
2.120000 0.235381
2.121000 0.235257
2.122000 0.235133
2.123000 0.235009
2.124000 0.234885
2.125000 0.234761
2.126000 0.234637
2.127000 0.234514
2.128000 0.234390
2.129000 0.234267
2.130000 0.234143
2.131000 0.234020
2.132000 0.233896
2.133000 0.233773
2.134000 0.233650
2.135000 0.233527
2.136000 0.233404
2.137000 0.233281
2.138000 0.233158
2.139000 0.233036
2.140000 0.232913
2.141000 0.232790
2.142000 0.232668
2.143000 0.232546
2.144000 0.232423
2.145000 0.232301
2.146000 0.232179
2.147000 0.232057
2.148000 0.231935
2.149000 0.231813
2.150000 0.231691
2.151000 0.231569
2.152000 0.231447
2.153000 0.231326
2.154000 0.231204
2.155000 0.231083
2.156000 0.230961
2.157000 0.230840
2.158000 0.230719
2.159000 0.230598
2.160000 0.230477
2.161000 0.230356
2.162000 0.230235
2.163000 0.230114
2.164000 0.229993
2.165000 0.229872
2.166000 0.229752
2.167000 0.229631
2.168000 0.229511
2.169000 0.229390
2.170000 0.229270
2.171000 0.229150
2.172000 0.229030
2.173000 0.228910
2.174000 0.228790
2.175000 0.228670
2.176000 0.228550
2.177000 0.228430
2.178000 0.228311
2.179000 0.228191
2.180000 0.228072
2.181000 0.227952
2.182000 0.227833
2.183000 0.227713
2.184000 0.227594
2.185000 0.227475
2.186000 0.227356
2.187000 0.227237
2.188000 0.227118
2.189000 0.226999
2.190000 0.226881
2.191000 0.226762
2.192000 0.226643
2.193000 0.226525
2.194000 0.226407
2.195000 0.226288
2.196000 0.226170
2.197000 0.226052
2.198000 0.225934
2.199000 0.225816
2.200000 0.225698
2.201000 0.225580
2.202000 0.225462
2.203000 0.225344
2.204000 0.225227
2.205000 0.225109
2.206000 0.224991
2.207000 0.224874
2.208000 0.224757
2.209000 0.224639
2.210000 0.224522
2.211000 0.224405
2.212000 0.224288
2.213000 0.224171
2.214000 0.224054
2.215000 0.223937
2.216000 0.223821
2.217000 0.223704
2.218000 0.223587
2.219000 0.223471
2.220000 0.223355
2.221000 0.223238
2.222000 0.223122
2.223000 0.223006
2.224000 0.222890
2.225000 0.222774
2.226000 0.222658
2.227000 0.222542
2.228000 0.222426
2.229000 0.222310
2.230000 0.222194
2.231000 0.222079
2.232000 0.221963
2.233000 0.221848
2.234000 0.221733
2.235000 0.221617
2.236000 0.221502
2.237000 0.221387
2.238000 0.221272
2.239000 0.221157
2.240000 0.221042
2.241000 0.220927
2.242000 0.220812
2.243000 0.220698
2.244000 0.220583
2.245000 0.220469
2.246000 0.220354
2.247000 0.220240
2.248000 0.220126
2.249000 0.220011
2.250000 0.219897
2.251000 0.219783
2.252000 0.219669
2.253000 0.219555
2.254000 0.219441
2.255000 0.219328
2.256000 0.219214
2.257000 0.219100
2.258000 0.218987
2.259000 0.218873
2.260000 0.218760
2.261000 0.218647
2.262000 0.218533
2.263000 0.218420
2.264000 0.218307
2.265000 0.218194
2.266000 0.218081
2.267000 0.217968
2.268000 0.217855
2.269000 0.217743
2.270000 0.217630
2.271000 0.217517
2.272000 0.217405
2.273000 0.217293
2.274000 0.217180
2.275000 0.217068
2.276000 0.216956
2.277000 0.216844
2.278000 0.216732
2.279000 0.216620
2.280000 0.216508
2.281000 0.216396
2.282000 0.216284
2.283000 0.216172
2.284000 0.216061
2.285000 0.215949
2.286000 0.215838
2.287000 0.215726
2.288000 0.215615
2.289000 0.215504
2.290000 0.215393
2.291000 0.215282
2.292000 0.215171
2.293000 0.215060
2.294000 0.214949
2.295000 0.214838
2.296000 0.214727
2.297000 0.214617
2.298000 0.214506
2.299000 0.214396
2.300000 0.214285
2.301000 0.214175
2.302000 0.214065
2.303000 0.213954
2.304000 0.213844
2.305000 0.213734
2.306000 0.213624
2.307000 0.213514
2.308000 0.213404
2.309000 0.213295
2.310000 0.213185
2.311000 0.213075
2.312000 0.212966
2.313000 0.212856
2.314000 0.212747
2.315000 0.212638
2.316000 0.212528
2.317000 0.212419
2.318000 0.212310
2.319000 0.212201
2.320000 0.212092
2.321000 0.211983
2.322000 0.211874
2.323000 0.211766
2.324000 0.211657
2.325000 0.211548
2.326000 0.211440
2.327000 0.211331
2.328000 0.211223
2.329000 0.211115
2.330000 0.211006
2.331000 0.210898
2.332000 0.210790
2.333000 0.210682
2.334000 0.210574
2.335000 0.210466
2.336000 0.210358
2.337000 0.210251
2.338000 0.210143
2.339000 0.210035
2.340000 0.209928
2.341000 0.209820
2.342000 0.209713
2.343000 0.209606
2.344000 0.209499
2.345000 0.209391
2.346000 0.209284
2.347000 0.209177
2.348000 0.209070
2.349000 0.208963
2.350000 0.208857
2.351000 0.208750
2.352000 0.208643
2.353000 0.208537
2.354000 0.208430
2.355000 0.208324
2.356000 0.208217
2.357000 0.208111
2.358000 0.208005
2.359000 0.207899
2.360000 0.207792
2.361000 0.207686
2.362000 0.207581
2.363000 0.207475
2.364000 0.207369
2.365000 0.207263
2.366000 0.207157
2.367000 0.207052
2.368000 0.206946
2.369000 0.206841
2.370000 0.206735
2.371000 0.206630
2.372000 0.206525
2.373000 0.206420
2.374000 0.206315
2.375000 0.206210
2.376000 0.206105
2.377000 0.206000
2.378000 0.205895
2.379000 0.205790
2.380000 0.205685
2.381000 0.205581
2.382000 0.205476
2.383000 0.205372
2.384000 0.205267
2.385000 0.205163
2.386000 0.205059
2.387000 0.204955
2.388000 0.204851
2.389000 0.204746
2.390000 0.204642
2.391000 0.204539
2.392000 0.204435
2.393000 0.204331
2.394000 0.204227
2.395000 0.204124
2.396000 0.204020
2.397000 0.203917
2.398000 0.203813
2.399000 0.203710
2.400000 0.203606
2.401000 0.203503
2.402000 0.203400
2.403000 0.203297
2.404000 0.203194
2.405000 0.203091
2.406000 0.202988
2.407000 0.202885
2.408000 0.202783
2.409000 0.202680
2.410000 0.202577
2.411000 0.202475
2.412000 0.202372
2.413000 0.202270
2.414000 0.202168
2.415000 0.202065
2.416000 0.201963
2.417000 0.201861
2.418000 0.201759
2.419000 0.201657
2.420000 0.201555
2.421000 0.201453
2.422000 0.201351
2.423000 0.201250
2.424000 0.201148
2.425000 0.201047
2.426000 0.200945
2.427000 0.200844
2.428000 0.200742
2.429000 0.200641
2.430000 0.200540
2.431000 0.200439
2.432000 0.200337
2.433000 0.200236
2.434000 0.200135
2.435000 0.200035
2.436000 0.199934
2.437000 0.199833
2.438000 0.199732
2.439000 0.199632
2.440000 0.199531
2.441000 0.199431
2.442000 0.199330
2.443000 0.199230
2.444000 0.199130
2.445000 0.199029
2.446000 0.198929
2.447000 0.198829
2.448000 0.198729
2.449000 0.198629
2.450000 0.198529
2.451000 0.198429
2.452000 0.198330
2.453000 0.198230
2.454000 0.198130
2.455000 0.198031
2.456000 0.197931
2.457000 0.197832
2.458000 0.197733
2.459000 0.197633
2.460000 0.197534
2.461000 0.197435
2.462000 0.197336
2.463000 0.197237
2.464000 0.197138
2.465000 0.197039
2.466000 0.196940
2.467000 0.196841
2.468000 0.196743
2.469000 0.196644
2.470000 0.196546
2.471000 0.196447
2.472000 0.196349
2.473000 0.196250
2.474000 0.196152
2.475000 0.196054
2.476000 0.195956
2.477000 0.195858
2.478000 0.195759
2.479000 0.195662
2.480000 0.195564
2.481000 0.195466
2.482000 0.195368
2.483000 0.195270
2.484000 0.195173
2.485000 0.195075
2.486000 0.194978
2.487000 0.194880
2.488000 0.194783
2.489000 0.194686
2.490000 0.194588
2.491000 0.194491
2.492000 0.194394
2.493000 0.194297
2.494000 0.194200
2.495000 0.194103
2.496000 0.194006
2.497000 0.193909
2.498000 0.193813
2.499000 0.193716
2.500000 0.193619
2.501000 0.193523
2.502000 0.193426
2.503000 0.193330
2.504000 0.193234
2.505000 0.193137
2.506000 0.193041
2.507000 0.192945
2.508000 0.192849
2.509000 0.192753
2.510000 0.192657
2.511000 0.192561
2.512000 0.192465
2.513000 0.192370
2.514000 0.192274
2.515000 0.192178
2.516000 0.192083
2.517000 0.191987
2.518000 0.191892
2.519000 0.191797
2.520000 0.191701
2.521000 0.191606
2.522000 0.191511
2.523000 0.191416
2.524000 0.191321
2.525000 0.191226
2.526000 0.191131
2.527000 0.191036
2.528000 0.190941
2.529000 0.190846
2.530000 0.190752
2.531000 0.190657
2.532000 0.190563
2.533000 0.190468
2.534000 0.190374
2.535000 0.190279
2.536000 0.190185
2.537000 0.190091
2.538000 0.189997
2.539000 0.189903
2.540000 0.189809
2.541000 0.189715
2.542000 0.189621
2.543000 0.189527
2.544000 0.189433
2.545000 0.189339
2.546000 0.189246
2.547000 0.189152
2.548000 0.189059
2.549000 0.188965
2.550000 0.188872
2.551000 0.188778
2.552000 0.188685
2.553000 0.188592
2.554000 0.188499
2.555000 0.188406
2.556000 0.188313
2.557000 0.188220
2.558000 0.188127
2.559000 0.188034
2.560000 0.187941
2.561000 0.187848
2.562000 0.187756
2.563000 0.187663
2.564000 0.187571
2.565000 0.187478
2.566000 0.187386
2.567000 0.187293
2.568000 0.187201
2.569000 0.187109
2.570000 0.187017
2.571000 0.186925
2.572000 0.186833
2.573000 0.186741
2.574000 0.186649
2.575000 0.186557
2.576000 0.186465
2.577000 0.186373
2.578000 0.186282
2.579000 0.186190
2.580000 0.186098
2.581000 0.186007
2.582000 0.185916
2.583000 0.185824
2.584000 0.185733
2.585000 0.185642
2.586000 0.185550
2.587000 0.185459
2.588000 0.185368
2.589000 0.185277
2.590000 0.185186
2.591000 0.185095
2.592000 0.185005
2.593000 0.184914
2.594000 0.184823
2.595000 0.184733
2.596000 0.184642
2.597000 0.184551
2.598000 0.184461
2.599000 0.184371
2.600000 0.184280
2.601000 0.184190
2.602000 0.184100
2.603000 0.184010
2.604000 0.183920
2.605000 0.183830
2.606000 0.183740
2.607000 0.183650
2.608000 0.183560
2.609000 0.183470
2.610000 0.183380
2.611000 0.183291
2.612000 0.183201
2.613000 0.183111
2.614000 0.183022
2.615000 0.182933
2.616000 0.182843
2.617000 0.182754
2.618000 0.182665
2.619000 0.182575
2.620000 0.182486
2.621000 0.182397
2.622000 0.182308
2.623000 0.182219
2.624000 0.182130
2.625000 0.182042
2.626000 0.181953
2.627000 0.181864
2.628000 0.181775
2.629000 0.181687
2.630000 0.181598
2.631000 0.181510
2.632000 0.181421
2.633000 0.181333
2.634000 0.181245
2.635000 0.181156
2.636000 0.181068
2.637000 0.180980
2.638000 0.180892
2.639000 0.180804
2.640000 0.180716
2.641000 0.180628
2.642000 0.180540
2.643000 0.180453
2.644000 0.180365
2.645000 0.180277
2.646000 0.180190
2.647000 0.180102
2.648000 0.180015
2.649000 0.179927
2.650000 0.179840
2.651000 0.179753
2.652000 0.179665
2.653000 0.179578
2.654000 0.179491
2.655000 0.179404
2.656000 0.179317
2.657000 0.179230
2.658000 0.179143
2.659000 0.179056
2.660000 0.178969
2.661000 0.178883
2.662000 0.178796
2.663000 0.178709
2.664000 0.178623
2.665000 0.178536
2.666000 0.178450
2.667000 0.178364
2.668000 0.178277
2.669000 0.178191
2.670000 0.178105
2.671000 0.178019
2.672000 0.177933
2.673000 0.177846
2.674000 0.177761
2.675000 0.177675
2.676000 0.177589
2.677000 0.177503
2.678000 0.177417
2.679000 0.177331
2.680000 0.177246
2.681000 0.177160
2.682000 0.177075
2.683000 0.176989
2.684000 0.176904
2.685000 0.176819
2.686000 0.176733
2.687000 0.176648
2.688000 0.176563
2.689000 0.176478
2.690000 0.176393
2.691000 0.176308
2.692000 0.176223
2.693000 0.176138
2.694000 0.176053
2.695000 0.175968
2.696000 0.175883
2.697000 0.175799
2.698000 0.175714
2.699000 0.175630
2.700000 0.175545
2.701000 0.175461
2.702000 0.175376
2.703000 0.175292
2.704000 0.175208
2.705000 0.175123
2.706000 0.175039
2.707000 0.174955
2.708000 0.174871
2.709000 0.174787
2.710000 0.174703
2.711000 0.174619
2.712000 0.174535
2.713000 0.174452
2.714000 0.174368
2.715000 0.174284
2.716000 0.174201
2.717000 0.174117
2.718000 0.174034
2.719000 0.173950
2.720000 0.173867
2.721000 0.173783
2.722000 0.173700
2.723000 0.173617
2.724000 0.173534
2.725000 0.173451
2.726000 0.173368
2.727000 0.173285
2.728000 0.173202
2.729000 0.173119
2.730000 0.173036
2.731000 0.172953
2.732000 0.172870
2.733000 0.172788
2.734000 0.172705
2.735000 0.172622
2.736000 0.172540
2.737000 0.172457
2.738000 0.172375
2.739000 0.172293
2.740000 0.172210
2.741000 0.172128
2.742000 0.172046
2.743000 0.171964
2.744000 0.171882
2.745000 0.171800
2.746000 0.171718
2.747000 0.171636
2.748000 0.171554
2.749000 0.171472
2.750000 0.171391
2.751000 0.171309
2.752000 0.171227
2.753000 0.171146
2.754000 0.171064
2.755000 0.170983
2.756000 0.170901
2.757000 0.170820
2.758000 0.170738
2.759000 0.170657
2.760000 0.170576
2.761000 0.170495
2.762000 0.170414
2.763000 0.170333
2.764000 0.170252
2.765000 0.170171
2.766000 0.170090
2.767000 0.170009
2.768000 0.169928
2.769000 0.169848
2.770000 0.169767
2.771000 0.169686
2.772000 0.169606
2.773000 0.169525
2.774000 0.169445
2.775000 0.169364
2.776000 0.169284
2.777000 0.169204
2.778000 0.169123
2.779000 0.169043
2.780000 0.168963
2.781000 0.168883
2.782000 0.168803
2.783000 0.168723
2.784000 0.168643
2.785000 0.168563
2.786000 0.168483
2.787000 0.168403
2.788000 0.168324
2.789000 0.168244
2.790000 0.168164
2.791000 0.168085
2.792000 0.168005
2.793000 0.167926
2.794000 0.167847
2.795000 0.167767
2.796000 0.167688
2.797000 0.167609
2.798000 0.167529
2.799000 0.167450
2.800000 0.167371
2.801000 0.167292
2.802000 0.167213
2.803000 0.167134
2.804000 0.167055
2.805000 0.166976
2.806000 0.166898
2.807000 0.166819
2.808000 0.166740
2.809000 0.166662
2.810000 0.166583
2.811000 0.166505
2.812000 0.166426
2.813000 0.166348
2.814000 0.166269
2.815000 0.166191
2.816000 0.166113
2.817000 0.166034
2.818000 0.165956
2.819000 0.165878
2.820000 0.165800
2.821000 0.165722
2.822000 0.165644
2.823000 0.165566
2.824000 0.165488
2.825000 0.165411
2.826000 0.165333
2.827000 0.165255
2.828000 0.165178
2.829000 0.165100
2.830000 0.165022
2.831000 0.164945
2.832000 0.164867
2.833000 0.164790
2.834000 0.164713
2.835000 0.164635
2.836000 0.164558
2.837000 0.164481
2.838000 0.164404
2.839000 0.164327
2.840000 0.164250
2.841000 0.164173
2.842000 0.164096
2.843000 0.164019
2.844000 0.163942
2.845000 0.163865
2.846000 0.163788
2.847000 0.163712
2.848000 0.163635
2.849000 0.163559
2.850000 0.163482
2.851000 0.163405
2.852000 0.163329
2.853000 0.163253
2.854000 0.163176
2.855000 0.163100
2.856000 0.163024
2.857000 0.162948
2.858000 0.162871
2.859000 0.162795
2.860000 0.162719
2.861000 0.162643
2.862000 0.162567
2.863000 0.162492
2.864000 0.162416
2.865000 0.162340
2.866000 0.162264
2.867000 0.162188
2.868000 0.162113
2.869000 0.162037
2.870000 0.161962
2.871000 0.161886
2.872000 0.161811
2.873000 0.161735
2.874000 0.161660
2.875000 0.161585
2.876000 0.161509
2.877000 0.161434
2.878000 0.161359
2.879000 0.161284
2.880000 0.161209
2.881000 0.161134
2.882000 0.161059
2.883000 0.160984
2.884000 0.160909
2.885000 0.160834
2.886000 0.160760
2.887000 0.160685
2.888000 0.160610
2.889000 0.160536
2.890000 0.160461
2.891000 0.160387
2.892000 0.160312
2.893000 0.160238
2.894000 0.160163
2.895000 0.160089
2.896000 0.160015
2.897000 0.159940
2.898000 0.159866
2.899000 0.159792
2.900000 0.159718
2.901000 0.159644
2.902000 0.159570
2.903000 0.159496
2.904000 0.159422
2.905000 0.159348
2.906000 0.159275
2.907000 0.159201
2.908000 0.159127
2.909000 0.159054
2.910000 0.158980
2.911000 0.158906
2.912000 0.158833
2.913000 0.158759
2.914000 0.158686
2.915000 0.158613
2.916000 0.158539
2.917000 0.158466
2.918000 0.158393
2.919000 0.158320
2.920000 0.158247
2.921000 0.158173
2.922000 0.158100
2.923000 0.158027
2.924000 0.157955
2.925000 0.157882
2.926000 0.157809
2.927000 0.157736
2.928000 0.157663
2.929000 0.157591
2.930000 0.157518
2.931000 0.157445
2.932000 0.157373
2.933000 0.157300
2.934000 0.157228
2.935000 0.157155
2.936000 0.157083
2.937000 0.157011
2.938000 0.156938
2.939000 0.156866
2.940000 0.156794
2.941000 0.156722
2.942000 0.156650
2.943000 0.156578
2.944000 0.156506
2.945000 0.156434
2.946000 0.156362
2.947000 0.156290
2.948000 0.156218
2.949000 0.156146
2.950000 0.156075
2.951000 0.156003
2.952000 0.155931
2.953000 0.155860
2.954000 0.155788
2.955000 0.155717
2.956000 0.155645
2.957000 0.155574
2.958000 0.155503
2.959000 0.155431
2.960000 0.155360
2.961000 0.155289
2.962000 0.155218
2.963000 0.155147
2.964000 0.155076
2.965000 0.155005
2.966000 0.154934
2.967000 0.154863
2.968000 0.154792
2.969000 0.154721
2.970000 0.154650
2.971000 0.154579
2.972000 0.154509
2.973000 0.154438
2.974000 0.154367
2.975000 0.154297
2.976000 0.154226
2.977000 0.154156
2.978000 0.154085
2.979000 0.154015
2.980000 0.153945
2.981000 0.153874
2.982000 0.153804
2.983000 0.153734
2.984000 0.153664
2.985000 0.153594
2.986000 0.153524
2.987000 0.153454
2.988000 0.153384
2.989000 0.153314
2.990000 0.153244
2.991000 0.153174
2.992000 0.153104
2.993000 0.153035
2.994000 0.152965
2.995000 0.152895
2.996000 0.152826
2.997000 0.152756
2.998000 0.152686
2.999000 0.152617
3.000000 0.152548
3.001000 0.152478
3.002000 0.152409
3.003000 0.152339
3.004000 0.152270
3.005000 0.152201
3.006000 0.152132
3.007000 0.152063
3.008000 0.151994
3.009000 0.151925
3.010000 0.151856
3.011000 0.151787
3.012000 0.151718
3.013000 0.151649
3.014000 0.151580
3.015000 0.151511
3.016000 0.151443
3.017000 0.151374
3.018000 0.151305
3.019000 0.151237
3.020000 0.151168
3.021000 0.151100
3.022000 0.151031
3.023000 0.150963
3.024000 0.150894
3.025000 0.150826
3.026000 0.150758
3.027000 0.150689
3.028000 0.150621
3.029000 0.150553
3.030000 0.150485
3.031000 0.150417
3.032000 0.150349
3.033000 0.150281
3.034000 0.150213
3.035000 0.150145
3.036000 0.150077
3.037000 0.150009
3.038000 0.149942
3.039000 0.149874
3.040000 0.149806
3.041000 0.149739
3.042000 0.149671
3.043000 0.149604
3.044000 0.149536
3.045000 0.149469
3.046000 0.149401
3.047000 0.149334
3.048000 0.149266
3.049000 0.149199
3.050000 0.149132
3.051000 0.149065
3.052000 0.148998
3.053000 0.148930
3.054000 0.148863
3.055000 0.148796
3.056000 0.148729
3.057000 0.148662
3.058000 0.148595
3.059000 0.148529
3.060000 0.148462
3.061000 0.148395
3.062000 0.148328
3.063000 0.148262
3.064000 0.148195
3.065000 0.148128
3.066000 0.148062
3.067000 0.147995
3.068000 0.147929
3.069000 0.147862
3.070000 0.147796
3.071000 0.147730
3.072000 0.147663
3.073000 0.147597
3.074000 0.147531
3.075000 0.147465
3.076000 0.147399
3.077000 0.147332
3.078000 0.147266
3.079000 0.147200
3.080000 0.147134
3.081000 0.147068
3.082000 0.147003
3.083000 0.146937
3.084000 0.146871
3.085000 0.146805
3.086000 0.146739
3.087000 0.146674
3.088000 0.146608
3.089000 0.146543
3.090000 0.146477
3.091000 0.146411
3.092000 0.146346
3.093000 0.146281
3.094000 0.146215
3.095000 0.146150
3.096000 0.146085
3.097000 0.146019
3.098000 0.145954
3.099000 0.145889
3.100000 0.145824
3.101000 0.145759
3.102000 0.145694
3.103000 0.145629
3.104000 0.145564
3.105000 0.145499
3.106000 0.145434
3.107000 0.145369
3.108000 0.145304
3.109000 0.145239
3.110000 0.145175
3.111000 0.145110
3.112000 0.145045
3.113000 0.144981
3.114000 0.144916
3.115000 0.144852
3.116000 0.144787
3.117000 0.144723
3.118000 0.144658
3.119000 0.144594
3.120000 0.144530
3.121000 0.144465
3.122000 0.144401
3.123000 0.144337
3.124000 0.144273
3.125000 0.144209
3.126000 0.144145
3.127000 0.144081
3.128000 0.144017
3.129000 0.143953
3.130000 0.143889
3.131000 0.143825
3.132000 0.143761
3.133000 0.143697
3.134000 0.143633
3.135000 0.143570
3.136000 0.143506
3.137000 0.143442
3.138000 0.143379
3.139000 0.143315
3.140000 0.143252
3.141000 0.143188
3.142000 0.143125
3.143000 0.143062
3.144000 0.142998
3.145000 0.142935
3.146000 0.142872
3.147000 0.142808
3.148000 0.142745
3.149000 0.142682
3.150000 0.142619
3.151000 0.142556
3.152000 0.142493
3.153000 0.142430
3.154000 0.142367
3.155000 0.142304
3.156000 0.142241
3.157000 0.142178
3.158000 0.142116
3.159000 0.142053
3.160000 0.141990
3.161000 0.141927
3.162000 0.141865
3.163000 0.141802
3.164000 0.141740
3.165000 0.141677
3.166000 0.141615
3.167000 0.141552
3.168000 0.141490
3.169000 0.141427
3.170000 0.141365
3.171000 0.141303
3.172000 0.141241
3.173000 0.141178
3.174000 0.141116
3.175000 0.141054
3.176000 0.140992
3.177000 0.140930
3.178000 0.140868
3.179000 0.140806
3.180000 0.140744
3.181000 0.140682
3.182000 0.140620
3.183000 0.140559
3.184000 0.140497
3.185000 0.140435
3.186000 0.140373
3.187000 0.140312
3.188000 0.140250
3.189000 0.140188
3.190000 0.140127
3.191000 0.140065
3.192000 0.140004
3.193000 0.139943
3.194000 0.139881
3.195000 0.139820
3.196000 0.139758
3.197000 0.139697
3.198000 0.139636
3.199000 0.139575
3.200000 0.139514
3.201000 0.139453
3.202000 0.139391
3.203000 0.139330
3.204000 0.139269
3.205000 0.139208
3.206000 0.139148
3.207000 0.139087
3.208000 0.139026
3.209000 0.138965
3.210000 0.138904
3.211000 0.138843
3.212000 0.138783
3.213000 0.138722
3.214000 0.138661
3.215000 0.138601
3.216000 0.138540
3.217000 0.138480
3.218000 0.138419
3.219000 0.138359
3.220000 0.138299
3.221000 0.138238
3.222000 0.138178
3.223000 0.138118
3.224000 0.138057
3.225000 0.137997
3.226000 0.137937
3.227000 0.137877
3.228000 0.137817
3.229000 0.137757
3.230000 0.137697
3.231000 0.137637
3.232000 0.137577
3.233000 0.137517
3.234000 0.137457
3.235000 0.137397
3.236000 0.137337
3.237000 0.137278
3.238000 0.137218
3.239000 0.137158
3.240000 0.137098
3.241000 0.137039
3.242000 0.136979
3.243000 0.136920
3.244000 0.136860
3.245000 0.136801
3.246000 0.136741
3.247000 0.136682
3.248000 0.136623
3.249000 0.136563
3.250000 0.136504
3.251000 0.136445
3.252000 0.136386
3.253000 0.136326
3.254000 0.136267
3.255000 0.136208
3.256000 0.136149
3.257000 0.136090
3.258000 0.136031
3.259000 0.135972
3.260000 0.135913
3.261000 0.135854
3.262000 0.135796
3.263000 0.135737
3.264000 0.135678
3.265000 0.135619
3.266000 0.135561
3.267000 0.135502
3.268000 0.135443
3.269000 0.135385
3.270000 0.135326
3.271000 0.135268
3.272000 0.135209
3.273000 0.135151
3.274000 0.135092
3.275000 0.135034
3.276000 0.134976
3.277000 0.134917
3.278000 0.134859
3.279000 0.134801
3.280000 0.134743
3.281000 0.134685
3.282000 0.134626
3.283000 0.134568
3.284000 0.134510
3.285000 0.134452
3.286000 0.134394
3.287000 0.134336
3.288000 0.134278
3.289000 0.134221
3.290000 0.134163
3.291000 0.134105
3.292000 0.134047
3.293000 0.133990
3.294000 0.133932
3.295000 0.133874
3.296000 0.133817
3.297000 0.133759
3.298000 0.133701
3.299000 0.133644
3.300000 0.133586
3.301000 0.133529
3.302000 0.133472
3.303000 0.133414
3.304000 0.133357
3.305000 0.133300
3.306000 0.133242
3.307000 0.133185
3.308000 0.133128
3.309000 0.133071
3.310000 0.133014
3.311000 0.132957
3.312000 0.132900
3.313000 0.132843
3.314000 0.132786
3.315000 0.132729
3.316000 0.132672
3.317000 0.132615
3.318000 0.132558
3.319000 0.132501
3.320000 0.132444
3.321000 0.132388
3.322000 0.132331
3.323000 0.132274
3.324000 0.132218
3.325000 0.132161
3.326000 0.132105
3.327000 0.132048
3.328000 0.131992
3.329000 0.131935
3.330000 0.131879
3.331000 0.131822
3.332000 0.131766
3.333000 0.131710
3.334000 0.131653
3.335000 0.131597
3.336000 0.131541
3.337000 0.131485
3.338000 0.131429
3.339000 0.131373
3.340000 0.131316
3.341000 0.131260
3.342000 0.131204
3.343000 0.131148
3.344000 0.131092
3.345000 0.131037
3.346000 0.130981
3.347000 0.130925
3.348000 0.130869
3.349000 0.130813
3.350000 0.130758
3.351000 0.130702
3.352000 0.130646
3.353000 0.130591
3.354000 0.130535
3.355000 0.130479
3.356000 0.130424
3.357000 0.130368
3.358000 0.130313
3.359000 0.130258
3.360000 0.130202
3.361000 0.130147
3.362000 0.130091
3.363000 0.130036
3.364000 0.129981
3.365000 0.129926
3.366000 0.129871
3.367000 0.129815
3.368000 0.129760
3.369000 0.129705
3.370000 0.129650
3.371000 0.129595
3.372000 0.129540
3.373000 0.129485
3.374000 0.129430
3.375000 0.129375
3.376000 0.129320
3.377000 0.129266
3.378000 0.129211
3.379000 0.129156
3.380000 0.129101
3.381000 0.129047
3.382000 0.128992
3.383000 0.128937
3.384000 0.128883
3.385000 0.128828
3.386000 0.128774
3.387000 0.128719
3.388000 0.128665
3.389000 0.128610
3.390000 0.128556
3.391000 0.128502
3.392000 0.128447
3.393000 0.128393
3.394000 0.128339
3.395000 0.128285
3.396000 0.128230
3.397000 0.128176
3.398000 0.128122
3.399000 0.128068
3.400000 0.128014
3.401000 0.127960
3.402000 0.127906
3.403000 0.127852
3.404000 0.127798
3.405000 0.127744
3.406000 0.127690
3.407000 0.127637
3.408000 0.127583
3.409000 0.127529
3.410000 0.127475
3.411000 0.127422
3.412000 0.127368
3.413000 0.127314
3.414000 0.127261
3.415000 0.127207
3.416000 0.127154
3.417000 0.127100
3.418000 0.127047
3.419000 0.126993
3.420000 0.126940
3.421000 0.126886
3.422000 0.126833
3.423000 0.126780
3.424000 0.126726
3.425000 0.126673
3.426000 0.126620
3.427000 0.126567
3.428000 0.126514
3.429000 0.126461
3.430000 0.126407
3.431000 0.126354
3.432000 0.126301
3.433000 0.126248
3.434000 0.126195
3.435000 0.126143
3.436000 0.126090
3.437000 0.126037
3.438000 0.125984
3.439000 0.125931
3.440000 0.125878
3.441000 0.125826
3.442000 0.125773
3.443000 0.125720
3.444000 0.125668
3.445000 0.125615
3.446000 0.125562
3.447000 0.125510
3.448000 0.125457
3.449000 0.125405
3.450000 0.125353
3.451000 0.125300
3.452000 0.125248
3.453000 0.125195
3.454000 0.125143
3.455000 0.125091
3.456000 0.125039
3.457000 0.124986
3.458000 0.124934
3.459000 0.124882
3.460000 0.124830
3.461000 0.124778
3.462000 0.124726
3.463000 0.124674
3.464000 0.124622
3.465000 0.124570
3.466000 0.124518
3.467000 0.124466
3.468000 0.124414
3.469000 0.124362
3.470000 0.124310
3.471000 0.124258
3.472000 0.124207
3.473000 0.124155
3.474000 0.124103
3.475000 0.124052
3.476000 0.124000
3.477000 0.123948
3.478000 0.123897
3.479000 0.123845
3.480000 0.123794
3.481000 0.123742
3.482000 0.123691
3.483000 0.123639
3.484000 0.123588
3.485000 0.123537
3.486000 0.123485
3.487000 0.123434
3.488000 0.123383
3.489000 0.123332
3.490000 0.123280
3.491000 0.123229
3.492000 0.123178
3.493000 0.123127
3.494000 0.123076
3.495000 0.123025
3.496000 0.122974
3.497000 0.122923
3.498000 0.122872
3.499000 0.122821
3.500000 0.122770
3.501000 0.122719
3.502000 0.122668
3.503000 0.122618
3.504000 0.122567
3.505000 0.122516
3.506000 0.122465
3.507000 0.122415
3.508000 0.122364
3.509000 0.122313
3.510000 0.122263
3.511000 0.122212
3.512000 0.122162
3.513000 0.122111
3.514000 0.122061
3.515000 0.122010
3.516000 0.121960
3.517000 0.121910
3.518000 0.121859
3.519000 0.121809
3.520000 0.121759
3.521000 0.121708
3.522000 0.121658
3.523000 0.121608
3.524000 0.121558
3.525000 0.121508
3.526000 0.121458
3.527000 0.121407
3.528000 0.121357
3.529000 0.121307
3.530000 0.121257
3.531000 0.121207
3.532000 0.121158
3.533000 0.121108
3.534000 0.121058
3.535000 0.121008
3.536000 0.120958
3.537000 0.120908
3.538000 0.120859
3.539000 0.120809
3.540000 0.120759
3.541000 0.120709
3.542000 0.120660
3.543000 0.120610
3.544000 0.120561
3.545000 0.120511
3.546000 0.120462
3.547000 0.120412
3.548000 0.120363
3.549000 0.120313
3.550000 0.120264
3.551000 0.120214
3.552000 0.120165
3.553000 0.120116
3.554000 0.120067
3.555000 0.120017
3.556000 0.119968
3.557000 0.119919
3.558000 0.119870
3.559000 0.119821
3.560000 0.119771
3.561000 0.119722
3.562000 0.119673
3.563000 0.119624
3.564000 0.119575
3.565000 0.119526
3.566000 0.119477
3.567000 0.119429
3.568000 0.119380
3.569000 0.119331
3.570000 0.119282
3.571000 0.119233
3.572000 0.119184
3.573000 0.119136
3.574000 0.119087
3.575000 0.119038
3.576000 0.118990
3.577000 0.118941
3.578000 0.118893
3.579000 0.118844
3.580000 0.118795
3.581000 0.118747
3.582000 0.118699
3.583000 0.118650
3.584000 0.118602
3.585000 0.118553
3.586000 0.118505
3.587000 0.118457
3.588000 0.118408
3.589000 0.118360
3.590000 0.118312
3.591000 0.118264
3.592000 0.118215
3.593000 0.118167
3.594000 0.118119
3.595000 0.118071
3.596000 0.118023
3.597000 0.117975
3.598000 0.117927
3.599000 0.117879
3.600000 0.117831
3.601000 0.117783
3.602000 0.117735
3.603000 0.117687
3.604000 0.117639
3.605000 0.117592
3.606000 0.117544
3.607000 0.117496
3.608000 0.117448
3.609000 0.117401
3.610000 0.117353
3.611000 0.117305
3.612000 0.117258
3.613000 0.117210
3.614000 0.117162
3.615000 0.117115
3.616000 0.117067
3.617000 0.117020
3.618000 0.116972
3.619000 0.116925
3.620000 0.116878
3.621000 0.116830
3.622000 0.116783
3.623000 0.116736
3.624000 0.116688
3.625000 0.116641
3.626000 0.116594
3.627000 0.116547
3.628000 0.116500
3.629000 0.116452
3.630000 0.116405
3.631000 0.116358
3.632000 0.116311
3.633000 0.116264
3.634000 0.116217
3.635000 0.116170
3.636000 0.116123
3.637000 0.116076
3.638000 0.116029
3.639000 0.115982
3.640000 0.115936
3.641000 0.115889
3.642000 0.115842
3.643000 0.115795
3.644000 0.115748
3.645000 0.115702
3.646000 0.115655
3.647000 0.115608
3.648000 0.115562
3.649000 0.115515
3.650000 0.115469
3.651000 0.115422
3.652000 0.115376
3.653000 0.115329
3.654000 0.115283
3.655000 0.115236
3.656000 0.115190
3.657000 0.115143
3.658000 0.115097
3.659000 0.115051
3.660000 0.115004
3.661000 0.114958
3.662000 0.114912
3.663000 0.114866
3.664000 0.114819
3.665000 0.114773
3.666000 0.114727
3.667000 0.114681
3.668000 0.114635
3.669000 0.114589
3.670000 0.114543
3.671000 0.114497
3.672000 0.114451
3.673000 0.114405
3.674000 0.114359
3.675000 0.114313
3.676000 0.114267
3.677000 0.114221
3.678000 0.114176
3.679000 0.114130
3.680000 0.114084
3.681000 0.114038
3.682000 0.113993
3.683000 0.113947
3.684000 0.113901
3.685000 0.113856
3.686000 0.113810
3.687000 0.113764
3.688000 0.113719
3.689000 0.113673
3.690000 0.113628
3.691000 0.113582
3.692000 0.113537
3.693000 0.113492
3.694000 0.113446
3.695000 0.113401
3.696000 0.113355
3.697000 0.113310
3.698000 0.113265
3.699000 0.113220
3.700000 0.113174
3.701000 0.113129
3.702000 0.113084
3.703000 0.113039
3.704000 0.112994
3.705000 0.112949
3.706000 0.112904
3.707000 0.112858
3.708000 0.112813
3.709000 0.112768
3.710000 0.112724
3.711000 0.112679
3.712000 0.112634
3.713000 0.112589
3.714000 0.112544
3.715000 0.112499
3.716000 0.112454
3.717000 0.112409
3.718000 0.112365
3.719000 0.112320
3.720000 0.112275
3.721000 0.112231
3.722000 0.112186
3.723000 0.112141
3.724000 0.112097
3.725000 0.112052
3.726000 0.112007
3.727000 0.111963
3.728000 0.111918
3.729000 0.111874
3.730000 0.111829
3.731000 0.111785
3.732000 0.111741
3.733000 0.111696
3.734000 0.111652
3.735000 0.111608
3.736000 0.111563
3.737000 0.111519
3.738000 0.111475
3.739000 0.111431
3.740000 0.111386
3.741000 0.111342
3.742000 0.111298
3.743000 0.111254
3.744000 0.111210
3.745000 0.111166
3.746000 0.111122
3.747000 0.111078
3.748000 0.111034
3.749000 0.110990
3.750000 0.110946
3.751000 0.110902
3.752000 0.110858
3.753000 0.110814
3.754000 0.110770
3.755000 0.110726
3.756000 0.110683
3.757000 0.110639
3.758000 0.110595
3.759000 0.110551
3.760000 0.110508
3.761000 0.110464
3.762000 0.110420
3.763000 0.110377
3.764000 0.110333
3.765000 0.110290
3.766000 0.110246
3.767000 0.110203
3.768000 0.110159
3.769000 0.110116
3.770000 0.110072
3.771000 0.110029
3.772000 0.109985
3.773000 0.109942
3.774000 0.109899
3.775000 0.109855
3.776000 0.109812
3.777000 0.109769
3.778000 0.109725
3.779000 0.109682
3.780000 0.109639
3.781000 0.109596
3.782000 0.109553
3.783000 0.109510
3.784000 0.109467
3.785000 0.109423
3.786000 0.109380
3.787000 0.109337
3.788000 0.109294
3.789000 0.109251
3.790000 0.109208
3.791000 0.109166
3.792000 0.109123
3.793000 0.109080
3.794000 0.109037
3.795000 0.108994
3.796000 0.108951
3.797000 0.108909
3.798000 0.108866
3.799000 0.108823
3.800000 0.108780
3.801000 0.108738
3.802000 0.108695
3.803000 0.108652
3.804000 0.108610
3.805000 0.108567
3.806000 0.108525
3.807000 0.108482
3.808000 0.108440
3.809000 0.108397
3.810000 0.108355
3.811000 0.108312
3.812000 0.108270
3.813000 0.108227
3.814000 0.108185
3.815000 0.108143
3.816000 0.108100
3.817000 0.108058
3.818000 0.108016
3.819000 0.107974
3.820000 0.107931
3.821000 0.107889
3.822000 0.107847
3.823000 0.107805
3.824000 0.107763
3.825000 0.107721
3.826000 0.107679
3.827000 0.107636
3.828000 0.107594
3.829000 0.107552
3.830000 0.107510
3.831000 0.107469
3.832000 0.107427
3.833000 0.107385
3.834000 0.107343
3.835000 0.107301
3.836000 0.107259
3.837000 0.107217
3.838000 0.107176
3.839000 0.107134
3.840000 0.107092
3.841000 0.107050
3.842000 0.107009
3.843000 0.106967
3.844000 0.106925
3.845000 0.106884
3.846000 0.106842
3.847000 0.106800
3.848000 0.106759
3.849000 0.106717
3.850000 0.106676
3.851000 0.106634
3.852000 0.106593
3.853000 0.106551
3.854000 0.106510
3.855000 0.106469
3.856000 0.106427
3.857000 0.106386
3.858000 0.106345
3.859000 0.106303
3.860000 0.106262
3.861000 0.106221
3.862000 0.106180
3.863000 0.106138
3.864000 0.106097
3.865000 0.106056
3.866000 0.106015
3.867000 0.105974
3.868000 0.105933
3.869000 0.105892
3.870000 0.105851
3.871000 0.105810
3.872000 0.105769
3.873000 0.105728
3.874000 0.105687
3.875000 0.105646
3.876000 0.105605
3.877000 0.105564
3.878000 0.105523
3.879000 0.105482
3.880000 0.105442
3.881000 0.105401
3.882000 0.105360
3.883000 0.105319
3.884000 0.105279
3.885000 0.105238
3.886000 0.105197
3.887000 0.105157
3.888000 0.105116
3.889000 0.105075
3.890000 0.105035
3.891000 0.104994
3.892000 0.104954
3.893000 0.104913
3.894000 0.104873
3.895000 0.104832
3.896000 0.104792
3.897000 0.104751
3.898000 0.104711
3.899000 0.104671
3.900000 0.104630
3.901000 0.104590
3.902000 0.104550
3.903000 0.104509
3.904000 0.104469
3.905000 0.104429
3.906000 0.104389
3.907000 0.104348
3.908000 0.104308
3.909000 0.104268
3.910000 0.104228
3.911000 0.104188
3.912000 0.104148
3.913000 0.104108
3.914000 0.104068
3.915000 0.104028
3.916000 0.103988
3.917000 0.103948
3.918000 0.103908
3.919000 0.103868
3.920000 0.103828
3.921000 0.103788
3.922000 0.103748
3.923000 0.103708
3.924000 0.103669
3.925000 0.103629
3.926000 0.103589
3.927000 0.103549
3.928000 0.103509
3.929000 0.103470
3.930000 0.103430
3.931000 0.103390
3.932000 0.103351
3.933000 0.103311
3.934000 0.103272
3.935000 0.103232
3.936000 0.103193
3.937000 0.103153
3.938000 0.103113
3.939000 0.103074
3.940000 0.103035
3.941000 0.102995
3.942000 0.102956
3.943000 0.102916
3.944000 0.102877
3.945000 0.102838
3.946000 0.102798
3.947000 0.102759
3.948000 0.102720
3.949000 0.102680
3.950000 0.102641
3.951000 0.102602
3.952000 0.102563
3.953000 0.102524
3.954000 0.102484
3.955000 0.102445
3.956000 0.102406
3.957000 0.102367
3.958000 0.102328
3.959000 0.102289
3.960000 0.102250
3.961000 0.102211
3.962000 0.102172
3.963000 0.102133
3.964000 0.102094
3.965000 0.102055
3.966000 0.102016
3.967000 0.101977
3.968000 0.101939
3.969000 0.101900
3.970000 0.101861
3.971000 0.101822
3.972000 0.101783
3.973000 0.101745
3.974000 0.101706
3.975000 0.101667
3.976000 0.101629
3.977000 0.101590
3.978000 0.101551
3.979000 0.101513
3.980000 0.101474
3.981000 0.101436
3.982000 0.101397
3.983000 0.101359
3.984000 0.101320
3.985000 0.101282
3.986000 0.101243
3.987000 0.101205
3.988000 0.101166
3.989000 0.101128
3.990000 0.101089
3.991000 0.101051
3.992000 0.101013
3.993000 0.100974
3.994000 0.100936
3.995000 0.100898
3.996000 0.100860
3.997000 0.100821
3.998000 0.100783
3.999000 0.100745
4.000000 0.100707
4.001000 0.100669
4.002000 0.100631
4.003000 0.100593
4.004000 0.100554
4.005000 0.100516
4.006000 0.100478
4.007000 0.100440
4.008000 0.100402
4.009000 0.100364
4.010000 0.100326
4.011000 0.100288
4.012000 0.100251
4.013000 0.100213
4.014000 0.100175
4.015000 0.100137
4.016000 0.100099
4.017000 0.100061
4.018000 0.100024
4.019000 0.099986
4.020000 0.099948
4.021000 0.099910
4.022000 0.099873
4.023000 0.099835
4.024000 0.099797
4.025000 0.099760
4.026000 0.099722
4.027000 0.099684
4.028000 0.099647
4.029000 0.099609
4.030000 0.099572
4.031000 0.099534
4.032000 0.099497
4.033000 0.099459
4.034000 0.099422
4.035000 0.099384
4.036000 0.099347
4.037000 0.099310
4.038000 0.099272
4.039000 0.099235
4.040000 0.099198
4.041000 0.099160
4.042000 0.099123
4.043000 0.099086
4.044000 0.099048
4.045000 0.099011
4.046000 0.098974
4.047000 0.098937
4.048000 0.098900
4.049000 0.098862
4.050000 0.098825
4.051000 0.098788
4.052000 0.098751
4.053000 0.098714
4.054000 0.098677
4.055000 0.098640
4.056000 0.098603
4.057000 0.098566
4.058000 0.098529
4.059000 0.098492
4.060000 0.098455
4.061000 0.098418
4.062000 0.098381
4.063000 0.098345
4.064000 0.098308
4.065000 0.098271
4.066000 0.098234
4.067000 0.098197
4.068000 0.098161
4.069000 0.098124
4.070000 0.098087
4.071000 0.098050
4.072000 0.098014
4.073000 0.097977
4.074000 0.097940
4.075000 0.097904
4.076000 0.097867
4.077000 0.097831
4.078000 0.097794
4.079000 0.097758
4.080000 0.097721
4.081000 0.097685
4.082000 0.097648
4.083000 0.097612
4.084000 0.097575
4.085000 0.097539
4.086000 0.097502
4.087000 0.097466
4.088000 0.097430
4.089000 0.097393
4.090000 0.097357
4.091000 0.097321
4.092000 0.097284
4.093000 0.097248
4.094000 0.097212
4.095000 0.097176
4.096000 0.097139
4.097000 0.097103
4.098000 0.097067
4.099000 0.097031
4.100000 0.096995
4.101000 0.096959
4.102000 0.096923
4.103000 0.096887
4.104000 0.096850
4.105000 0.096814
4.106000 0.096778
4.107000 0.096742
4.108000 0.096706
4.109000 0.096671
4.110000 0.096635
4.111000 0.096599
4.112000 0.096563
4.113000 0.096527
4.114000 0.096491
4.115000 0.096455
4.116000 0.096419
4.117000 0.096384
4.118000 0.096348
4.119000 0.096312
4.120000 0.096276
4.121000 0.096241
4.122000 0.096205
4.123000 0.096169
4.124000 0.096134
4.125000 0.096098
4.126000 0.096062
4.127000 0.096027
4.128000 0.095991
4.129000 0.095956
4.130000 0.095920
4.131000 0.095885
4.132000 0.095849
4.133000 0.095814
4.134000 0.095778
4.135000 0.095743
4.136000 0.095707
4.137000 0.095672
4.138000 0.095637
4.139000 0.095601
4.140000 0.095566
4.141000 0.095530
4.142000 0.095495
4.143000 0.095460
4.144000 0.095425
4.145000 0.095389
4.146000 0.095354
4.147000 0.095319
4.148000 0.095284
4.149000 0.095249
4.150000 0.095213
4.151000 0.095178
4.152000 0.095143
4.153000 0.095108
4.154000 0.095073
4.155000 0.095038
4.156000 0.095003
4.157000 0.094968
4.158000 0.094933
4.159000 0.094898
4.160000 0.094863
4.161000 0.094828
4.162000 0.094793
4.163000 0.094758
4.164000 0.094723
4.165000 0.094688
4.166000 0.094653
4.167000 0.094619
4.168000 0.094584
4.169000 0.094549
4.170000 0.094514
4.171000 0.094479
4.172000 0.094445
4.173000 0.094410
4.174000 0.094375
4.175000 0.094341
4.176000 0.094306
4.177000 0.094271
4.178000 0.094237
4.179000 0.094202
4.180000 0.094167
4.181000 0.094133
4.182000 0.094098
4.183000 0.094064
4.184000 0.094029
4.185000 0.093995
4.186000 0.093960
4.187000 0.093926
4.188000 0.093891
4.189000 0.093857
4.190000 0.093823
4.191000 0.093788
4.192000 0.093754
4.193000 0.093719
4.194000 0.093685
4.195000 0.093651
4.196000 0.093616
4.197000 0.093582
4.198000 0.093548
4.199000 0.093514
4.200000 0.093479
4.201000 0.093445
4.202000 0.093411
4.203000 0.093377
4.204000 0.093343
4.205000 0.093309
4.206000 0.093274
4.207000 0.093240
4.208000 0.093206
4.209000 0.093172
4.210000 0.093138
4.211000 0.093104
4.212000 0.093070
4.213000 0.093036
4.214000 0.093002
4.215000 0.092968
4.216000 0.092934
4.217000 0.092900
4.218000 0.092867
4.219000 0.092833
4.220000 0.092799
4.221000 0.092765
4.222000 0.092731
4.223000 0.092697
4.224000 0.092664
4.225000 0.092630
4.226000 0.092596
4.227000 0.092562
4.228000 0.092529
4.229000 0.092495
4.230000 0.092461
4.231000 0.092428
4.232000 0.092394
4.233000 0.092360
4.234000 0.092327
4.235000 0.092293
4.236000 0.092260
4.237000 0.092226
4.238000 0.092192
4.239000 0.092159
4.240000 0.092125
4.241000 0.092092
4.242000 0.092058
4.243000 0.092025
4.244000 0.091992
4.245000 0.091958
4.246000 0.091925
4.247000 0.091891
4.248000 0.091858
4.249000 0.091825
4.250000 0.091791
4.251000 0.091758
4.252000 0.091725
4.253000 0.091692
4.254000 0.091658
4.255000 0.091625
4.256000 0.091592
4.257000 0.091559
4.258000 0.091525
4.259000 0.091492
4.260000 0.091459
4.261000 0.091426
4.262000 0.091393
4.263000 0.091360
4.264000 0.091327
4.265000 0.091294
4.266000 0.091261
4.267000 0.091228
4.268000 0.091195
4.269000 0.091162
4.270000 0.091129
4.271000 0.091096
4.272000 0.091063
4.273000 0.091030
4.274000 0.090997
4.275000 0.090964
4.276000 0.090931
4.277000 0.090898
4.278000 0.090866
4.279000 0.090833
4.280000 0.090800
4.281000 0.090767
4.282000 0.090734
4.283000 0.090702
4.284000 0.090669
4.285000 0.090636
4.286000 0.090604
4.287000 0.090571
4.288000 0.090538
4.289000 0.090506
4.290000 0.090473
4.291000 0.090440
4.292000 0.090408
4.293000 0.090375
4.294000 0.090343
4.295000 0.090310
4.296000 0.090278
4.297000 0.090245
4.298000 0.090213
4.299000 0.090180
4.300000 0.090148
4.301000 0.090115
4.302000 0.090083
4.303000 0.090050
4.304000 0.090018
4.305000 0.089986
4.306000 0.089953
4.307000 0.089921
4.308000 0.089889
4.309000 0.089856
4.310000 0.089824
4.311000 0.089792
4.312000 0.089760
4.313000 0.089727
4.314000 0.089695
4.315000 0.089663
4.316000 0.089631
4.317000 0.089599
4.318000 0.089566
4.319000 0.089534
4.320000 0.089502
4.321000 0.089470
4.322000 0.089438
4.323000 0.089406
4.324000 0.089374
4.325000 0.089342
4.326000 0.089310
4.327000 0.089278
4.328000 0.089246
4.329000 0.089214
4.330000 0.089182
4.331000 0.089150
4.332000 0.089118
4.333000 0.089086
4.334000 0.089054
4.335000 0.089023
4.336000 0.088991
4.337000 0.088959
4.338000 0.088927
4.339000 0.088895
4.340000 0.088864
4.341000 0.088832
4.342000 0.088800
4.343000 0.088768
4.344000 0.088737
4.345000 0.088705
4.346000 0.088673
4.347000 0.088642
4.348000 0.088610
4.349000 0.088578
4.350000 0.088547
4.351000 0.088515
4.352000 0.088484
4.353000 0.088452
4.354000 0.088420
4.355000 0.088389
4.356000 0.088357
4.357000 0.088326
4.358000 0.088294
4.359000 0.088263
4.360000 0.088232
4.361000 0.088200
4.362000 0.088169
4.363000 0.088137
4.364000 0.088106
4.365000 0.088075
4.366000 0.088043
4.367000 0.088012
4.368000 0.087981
4.369000 0.087949
4.370000 0.087918
4.371000 0.087887
4.372000 0.087856
4.373000 0.087824
4.374000 0.087793
4.375000 0.087762
4.376000 0.087731
4.377000 0.087700
4.378000 0.087668
4.379000 0.087637
4.380000 0.087606
4.381000 0.087575
4.382000 0.087544
4.383000 0.087513
4.384000 0.087482
4.385000 0.087451
4.386000 0.087420
4.387000 0.087389
4.388000 0.087358
4.389000 0.087327
4.390000 0.087296
4.391000 0.087265
4.392000 0.087234
4.393000 0.087203
4.394000 0.087172
4.395000 0.087141
4.396000 0.087110
4.397000 0.087080
4.398000 0.087049
4.399000 0.087018
4.400000 0.086987
4.401000 0.086956
4.402000 0.086926
4.403000 0.086895
4.404000 0.086864
4.405000 0.086833
4.406000 0.086803
4.407000 0.086772
4.408000 0.086741
4.409000 0.086711
4.410000 0.086680
4.411000 0.086650
4.412000 0.086619
4.413000 0.086588
4.414000 0.086558
4.415000 0.086527
4.416000 0.086497
4.417000 0.086466
4.418000 0.086436
4.419000 0.086405
4.420000 0.086375
4.421000 0.086344
4.422000 0.086314
4.423000 0.086283
4.424000 0.086253
4.425000 0.086222
4.426000 0.086192
4.427000 0.086162
4.428000 0.086131
4.429000 0.086101
4.430000 0.086071
4.431000 0.086040
4.432000 0.086010
4.433000 0.085980
4.434000 0.085950
4.435000 0.085919
4.436000 0.085889
4.437000 0.085859
4.438000 0.085829
4.439000 0.085799
4.440000 0.085768
4.441000 0.085738
4.442000 0.085708
4.443000 0.085678
4.444000 0.085648
4.445000 0.085618
4.446000 0.085588
4.447000 0.085558
4.448000 0.085528
4.449000 0.085498
4.450000 0.085468
4.451000 0.085438
4.452000 0.085408
4.453000 0.085378
4.454000 0.085348
4.455000 0.085318
4.456000 0.085288
4.457000 0.085258
4.458000 0.085228
4.459000 0.085198
4.460000 0.085168
4.461000 0.085139
4.462000 0.085109
4.463000 0.085079
4.464000 0.085049
4.465000 0.085019
4.466000 0.084990
4.467000 0.084960
4.468000 0.084930
4.469000 0.084900
4.470000 0.084871
4.471000 0.084841
4.472000 0.084811
4.473000 0.084782
4.474000 0.084752
4.475000 0.084722
4.476000 0.084693
4.477000 0.084663
4.478000 0.084634
4.479000 0.084604
4.480000 0.084575
4.481000 0.084545
4.482000 0.084516
4.483000 0.084486
4.484000 0.084457
4.485000 0.084427
4.486000 0.084398
4.487000 0.084368
4.488000 0.084339
4.489000 0.084309
4.490000 0.084280
4.491000 0.084251
4.492000 0.084221
4.493000 0.084192
4.494000 0.084162
4.495000 0.084133
4.496000 0.084104
4.497000 0.084075
4.498000 0.084045
4.499000 0.084016
4.500000 0.083987
4.501000 0.083958
4.502000 0.083928
4.503000 0.083899
4.504000 0.083870
4.505000 0.083841
4.506000 0.083812
4.507000 0.083782
4.508000 0.083753
4.509000 0.083724
4.510000 0.083695
4.511000 0.083666
4.512000 0.083637
4.513000 0.083608
4.514000 0.083579
4.515000 0.083550
4.516000 0.083521
4.517000 0.083492
4.518000 0.083463
4.519000 0.083434
4.520000 0.083405
4.521000 0.083376
4.522000 0.083347
4.523000 0.083318
4.524000 0.083289
4.525000 0.083260
4.526000 0.083232
4.527000 0.083203
4.528000 0.083174
4.529000 0.083145
4.530000 0.083116
4.531000 0.083088
4.532000 0.083059
4.533000 0.083030
4.534000 0.083001
4.535000 0.082973
4.536000 0.082944
4.537000 0.082915
4.538000 0.082886
4.539000 0.082858
4.540000 0.082829
4.541000 0.082800
4.542000 0.082772
4.543000 0.082743
4.544000 0.082715
4.545000 0.082686
4.546000 0.082657
4.547000 0.082629
4.548000 0.082600
4.549000 0.082572
4.550000 0.082543
4.551000 0.082515
4.552000 0.082486
4.553000 0.082458
4.554000 0.082429
4.555000 0.082401
4.556000 0.082373
4.557000 0.082344
4.558000 0.082316
4.559000 0.082287
4.560000 0.082259
4.561000 0.082231
4.562000 0.082202
4.563000 0.082174
4.564000 0.082146
4.565000 0.082117
4.566000 0.082089
4.567000 0.082061
4.568000 0.082033
4.569000 0.082004
4.570000 0.081976
4.571000 0.081948
4.572000 0.081920
4.573000 0.081892
4.574000 0.081863
4.575000 0.081835
4.576000 0.081807
4.577000 0.081779
4.578000 0.081751
4.579000 0.081723
4.580000 0.081695
4.581000 0.081667
4.582000 0.081639
4.583000 0.081611
4.584000 0.081583
4.585000 0.081555
4.586000 0.081527
4.587000 0.081499
4.588000 0.081471
4.589000 0.081443
4.590000 0.081415
4.591000 0.081387
4.592000 0.081359
4.593000 0.081331
4.594000 0.081303
4.595000 0.081275
4.596000 0.081247
4.597000 0.081220
4.598000 0.081192
4.599000 0.081164
4.600000 0.081136
4.601000 0.081108
4.602000 0.081081
4.603000 0.081053
4.604000 0.081025
4.605000 0.080997
4.606000 0.080970
4.607000 0.080942
4.608000 0.080914
4.609000 0.080887
4.610000 0.080859
4.611000 0.080831
4.612000 0.080804
4.613000 0.080776
4.614000 0.080748
4.615000 0.080721
4.616000 0.080693
4.617000 0.080666
4.618000 0.080638
4.619000 0.080611
4.620000 0.080583
4.621000 0.080556
4.622000 0.080528
4.623000 0.080501
4.624000 0.080473
4.625000 0.080446
4.626000 0.080418
4.627000 0.080391
4.628000 0.080363
4.629000 0.080336
4.630000 0.080309
4.631000 0.080281
4.632000 0.080254
4.633000 0.080227
4.634000 0.080199
4.635000 0.080172
4.636000 0.080145
4.637000 0.080117
4.638000 0.080090
4.639000 0.080063
4.640000 0.080036
4.641000 0.080008
4.642000 0.079981
4.643000 0.079954
4.644000 0.079927
4.645000 0.079900
4.646000 0.079872
4.647000 0.079845
4.648000 0.079818
4.649000 0.079791
4.650000 0.079764
4.651000 0.079737
4.652000 0.079710
4.653000 0.079683
4.654000 0.079656
4.655000 0.079629
4.656000 0.079602
4.657000 0.079575
4.658000 0.079548
4.659000 0.079521
4.660000 0.079494
4.661000 0.079467
4.662000 0.079440
4.663000 0.079413
4.664000 0.079386
4.665000 0.079359
4.666000 0.079332
4.667000 0.079305
4.668000 0.079278
4.669000 0.079251
4.670000 0.079225
4.671000 0.079198
4.672000 0.079171
4.673000 0.079144
4.674000 0.079117
4.675000 0.079091
4.676000 0.079064
4.677000 0.079037
4.678000 0.079010
4.679000 0.078984
4.680000 0.078957
4.681000 0.078930
4.682000 0.078904
4.683000 0.078877
4.684000 0.078850
4.685000 0.078824
4.686000 0.078797
4.687000 0.078770
4.688000 0.078744
4.689000 0.078717
4.690000 0.078691
4.691000 0.078664
4.692000 0.078637
4.693000 0.078611
4.694000 0.078584
4.695000 0.078558
4.696000 0.078531
4.697000 0.078505
4.698000 0.078478
4.699000 0.078452
4.700000 0.078426
4.701000 0.078399
4.702000 0.078373
4.703000 0.078346
4.704000 0.078320
4.705000 0.078294
4.706000 0.078267
4.707000 0.078241
4.708000 0.078215
4.709000 0.078188
4.710000 0.078162
4.711000 0.078136
4.712000 0.078109
4.713000 0.078083
4.714000 0.078057
4.715000 0.078031
4.716000 0.078004
4.717000 0.077978
4.718000 0.077952
4.719000 0.077926
4.720000 0.077900
4.721000 0.077873
4.722000 0.077847
4.723000 0.077821
4.724000 0.077795
4.725000 0.077769
4.726000 0.077743
4.727000 0.077717
4.728000 0.077691
4.729000 0.077664
4.730000 0.077638
4.731000 0.077612
4.732000 0.077586
4.733000 0.077560
4.734000 0.077534
4.735000 0.077508
4.736000 0.077482
4.737000 0.077456
4.738000 0.077430
4.739000 0.077405
4.740000 0.077379
4.741000 0.077353
4.742000 0.077327
4.743000 0.077301
4.744000 0.077275
4.745000 0.077249
4.746000 0.077223
4.747000 0.077198
4.748000 0.077172
4.749000 0.077146
4.750000 0.077120
4.751000 0.077094
4.752000 0.077069
4.753000 0.077043
4.754000 0.077017
4.755000 0.076991
4.756000 0.076966
4.757000 0.076940
4.758000 0.076914
4.759000 0.076889
4.760000 0.076863
4.761000 0.076837
4.762000 0.076812
4.763000 0.076786
4.764000 0.076760
4.765000 0.076735
4.766000 0.076709
4.767000 0.076684
4.768000 0.076658
4.769000 0.076632
4.770000 0.076607
4.771000 0.076581
4.772000 0.076556
4.773000 0.076530
4.774000 0.076505
4.775000 0.076479
4.776000 0.076454
4.777000 0.076428
4.778000 0.076403
4.779000 0.076378
4.780000 0.076352
4.781000 0.076327
4.782000 0.076301
4.783000 0.076276
4.784000 0.076251
4.785000 0.076225
4.786000 0.076200
4.787000 0.076175
4.788000 0.076149
4.789000 0.076124
4.790000 0.076099
4.791000 0.076073
4.792000 0.076048
4.793000 0.076023
4.794000 0.075998
4.795000 0.075972
4.796000 0.075947
4.797000 0.075922
4.798000 0.075897
4.799000 0.075872
4.800000 0.075846
4.801000 0.075821
4.802000 0.075796
4.803000 0.075771
4.804000 0.075746
4.805000 0.075721
4.806000 0.075696
4.807000 0.075671
4.808000 0.075645
4.809000 0.075620
4.810000 0.075595
4.811000 0.075570
4.812000 0.075545
4.813000 0.075520
4.814000 0.075495
4.815000 0.075470
4.816000 0.075445
4.817000 0.075420
4.818000 0.075395
4.819000 0.075370
4.820000 0.075346
4.821000 0.075321
4.822000 0.075296
4.823000 0.075271
4.824000 0.075246
4.825000 0.075221
4.826000 0.075196
4.827000 0.075171
4.828000 0.075147
4.829000 0.075122
4.830000 0.075097
4.831000 0.075072
4.832000 0.075047
4.833000 0.075023
4.834000 0.074998
4.835000 0.074973
4.836000 0.074948
4.837000 0.074924
4.838000 0.074899
4.839000 0.074874
4.840000 0.074850
4.841000 0.074825
4.842000 0.074800
4.843000 0.074776
4.844000 0.074751
4.845000 0.074726
4.846000 0.074702
4.847000 0.074677
4.848000 0.074653
4.849000 0.074628
4.850000 0.074603
4.851000 0.074579
4.852000 0.074554
4.853000 0.074530
4.854000 0.074505
4.855000 0.074481
4.856000 0.074456
4.857000 0.074432
4.858000 0.074407
4.859000 0.074383
4.860000 0.074358
4.861000 0.074334
4.862000 0.074310
4.863000 0.074285
4.864000 0.074261
4.865000 0.074236
4.866000 0.074212
4.867000 0.074188
4.868000 0.074163
4.869000 0.074139
4.870000 0.074115
4.871000 0.074090
4.872000 0.074066
4.873000 0.074042
4.874000 0.074017
4.875000 0.073993
4.876000 0.073969
4.877000 0.073945
4.878000 0.073920
4.879000 0.073896
4.880000 0.073872
4.881000 0.073848
4.882000 0.073824
4.883000 0.073799
4.884000 0.073775
4.885000 0.073751
4.886000 0.073727
4.887000 0.073703
4.888000 0.073679
4.889000 0.073655
4.890000 0.073631
4.891000 0.073606
4.892000 0.073582
4.893000 0.073558
4.894000 0.073534
4.895000 0.073510
4.896000 0.073486
4.897000 0.073462
4.898000 0.073438
4.899000 0.073414
4.900000 0.073390
4.901000 0.073366
4.902000 0.073342
4.903000 0.073318
4.904000 0.073294
4.905000 0.073271
4.906000 0.073247
4.907000 0.073223
4.908000 0.073199
4.909000 0.073175
4.910000 0.073151
4.911000 0.073127
4.912000 0.073103
4.913000 0.073080
4.914000 0.073056
4.915000 0.073032
4.916000 0.073008
4.917000 0.072984
4.918000 0.072961
4.919000 0.072937
4.920000 0.072913
4.921000 0.072889
4.922000 0.072866
4.923000 0.072842
4.924000 0.072818
4.925000 0.072795
4.926000 0.072771
4.927000 0.072747
4.928000 0.072724
4.929000 0.072700
4.930000 0.072676
4.931000 0.072653
4.932000 0.072629
4.933000 0.072605
4.934000 0.072582
4.935000 0.072558
4.936000 0.072535
4.937000 0.072511
4.938000 0.072488
4.939000 0.072464
4.940000 0.072441
4.941000 0.072417
4.942000 0.072394
4.943000 0.072370
4.944000 0.072347
4.945000 0.072323
4.946000 0.072300
4.947000 0.072276
4.948000 0.072253
4.949000 0.072229
4.950000 0.072206
4.951000 0.072183
4.952000 0.072159
4.953000 0.072136
4.954000 0.072112
4.955000 0.072089
4.956000 0.072066
4.957000 0.072042
4.958000 0.072019
4.959000 0.071996
4.960000 0.071973
4.961000 0.071949
4.962000 0.071926
4.963000 0.071903
4.964000 0.071879
4.965000 0.071856
4.966000 0.071833
4.967000 0.071810
4.968000 0.071787
4.969000 0.071763
4.970000 0.071740
4.971000 0.071717
4.972000 0.071694
4.973000 0.071671
4.974000 0.071648
4.975000 0.071624
4.976000 0.071601
4.977000 0.071578
4.978000 0.071555
4.979000 0.071532
4.980000 0.071509
4.981000 0.071486
4.982000 0.071463
4.983000 0.071440
4.984000 0.071417
4.985000 0.071394
4.986000 0.071371
4.987000 0.071348
4.988000 0.071325
4.989000 0.071302
4.990000 0.071279
4.991000 0.071256
4.992000 0.071233
4.993000 0.071210
4.994000 0.071187
4.995000 0.071164
4.996000 0.071141
4.997000 0.071118
4.998000 0.071095
4.999000 0.071073

0.200000 0.004000
0.201000 0.004162
0.202000 0.004329
0.203000 0.004501
0.204000 0.004678
0.205000 0.004859
0.206000 0.005045
0.207000 0.005237
0.208000 0.005433
0.209000 0.005634
0.210000 0.005841
0.211000 0.006053
0.212000 0.006270
0.213000 0.006493
0.214000 0.006721
0.215000 0.006954
0.216000 0.007193
0.217000 0.007438
0.218000 0.007688
0.219000 0.007944
0.220000 0.008205
0.221000 0.008473
0.222000 0.008746
0.223000 0.009025
0.224000 0.009310
0.225000 0.009601
0.226000 0.009898
0.227000 0.010201
0.228000 0.010510
0.229000 0.010826
0.230000 0.011147
0.231000 0.011475
0.232000 0.011809
0.233000 0.012149
0.234000 0.012495
0.235000 0.012848
0.236000 0.013207
0.237000 0.013573
0.238000 0.013945
0.239000 0.014323
0.240000 0.014708
0.241000 0.015100
0.242000 0.015498
0.243000 0.015902
0.244000 0.016314
0.245000 0.016731
0.246000 0.017156
0.247000 0.017587
0.248000 0.018024
0.249000 0.018468
0.250000 0.018919
0.251000 0.019377
0.252000 0.019841
0.253000 0.020312
0.254000 0.020790
0.255000 0.021274
0.256000 0.021765
0.257000 0.022263
0.258000 0.022767
0.259000 0.023278
0.260000 0.023796
0.261000 0.024321
0.262000 0.024852
0.263000 0.025390
0.264000 0.025935
0.265000 0.026487
0.266000 0.027045
0.267000 0.027610
0.268000 0.028181
0.269000 0.028759
0.270000 0.029344
0.271000 0.029936
0.272000 0.030534
0.273000 0.031139
0.274000 0.031750
0.275000 0.032368
0.276000 0.032993
0.277000 0.033624
0.278000 0.034261
0.279000 0.034906
0.280000 0.035556
0.281000 0.036213
0.282000 0.036877
0.283000 0.037547
0.284000 0.038223
0.285000 0.038906
0.286000 0.039595
0.287000 0.040291
0.288000 0.040993
0.289000 0.041701
0.290000 0.042415
0.291000 0.043136
0.292000 0.043863
0.293000 0.044595
0.294000 0.045334
0.295000 0.046080
0.296000 0.046831
0.297000 0.047588
0.298000 0.048351
0.299000 0.049121
0.300000 0.049896
0.301000 0.050677
0.302000 0.051464
0.303000 0.052256
0.304000 0.053055
0.305000 0.053859
0.306000 0.054669
0.307000 0.055485
0.308000 0.056306
0.309000 0.057133
0.310000 0.057965
0.311000 0.058803
0.312000 0.059647
0.313000 0.060495
0.314000 0.061350
0.315000 0.062209
0.316000 0.063074
0.317000 0.063944
0.318000 0.064820
0.319000 0.065700
0.320000 0.066586
0.321000 0.067477
0.322000 0.068373
0.323000 0.069274
0.324000 0.070180
0.325000 0.071090
0.326000 0.072006
0.327000 0.072926
0.328000 0.073852
0.329000 0.074782
0.330000 0.075717
0.331000 0.076656
0.332000 0.077600
0.333000 0.078548
0.334000 0.079501
0.335000 0.080459
0.336000 0.081421
0.337000 0.082387
0.338000 0.083358
0.339000 0.084333
0.340000 0.085312
0.341000 0.086295
0.342000 0.087283
0.343000 0.088275
0.344000 0.089270
0.345000 0.090270
0.346000 0.091274
0.347000 0.092281
0.348000 0.093293
0.349000 0.094308
0.350000 0.095327
0.351000 0.096350
0.352000 0.097376
0.353000 0.098406
0.354000 0.099440
0.355000 0.100477
0.356000 0.101518
0.357000 0.102562
0.358000 0.103610
0.359000 0.104661
0.360000 0.105715
0.361000 0.106772
0.362000 0.107833
0.363000 0.108897
0.364000 0.109964
0.365000 0.111034
0.366000 0.112107
0.367000 0.113184
0.368000 0.114263
0.369000 0.115345
0.370000 0.116430
0.371000 0.117517
0.372000 0.118608
0.373000 0.119701
0.374000 0.120797
0.375000 0.121896
0.376000 0.122997
0.377000 0.124100
0.378000 0.125207
0.379000 0.126315
0.380000 0.127426
0.381000 0.128540
0.382000 0.129656
0.383000 0.130774
0.384000 0.131894
0.385000 0.133017
0.386000 0.134142
0.387000 0.135269
0.388000 0.136397
0.389000 0.137529
0.390000 0.138662
0.391000 0.139797
0.392000 0.140933
0.393000 0.142072
0.394000 0.143213
0.395000 0.144355
0.396000 0.145500
0.397000 0.146645
0.398000 0.147793
0.399000 0.148942
0.400000 0.150093
0.401000 0.151246
0.402000 0.152399
0.403000 0.153555
0.404000 0.154712
0.405000 0.155870
0.406000 0.157030
0.407000 0.158191
0.408000 0.159353
0.409000 0.160517
0.410000 0.161682
0.411000 0.162848
0.412000 0.164015
0.413000 0.165183
0.414000 0.166352
0.415000 0.167523
0.416000 0.168694
0.417000 0.169867
0.418000 0.171040
0.419000 0.172214
0.420000 0.173389
0.421000 0.174565
0.422000 0.175742
0.423000 0.176919
0.424000 0.178098
0.425000 0.179277
0.426000 0.180456
0.427000 0.181637
0.428000 0.182818
0.429000 0.183999
0.430000 0.185181
0.431000 0.186364
0.432000 0.187547
0.433000 0.188730
0.434000 0.189914
0.435000 0.191098
0.436000 0.192283
0.437000 0.193468
0.438000 0.194653
0.439000 0.195838
0.440000 0.197024
0.441000 0.198210
0.442000 0.199396
0.443000 0.200582
0.444000 0.201769
0.445000 0.202955
0.446000 0.204142
0.447000 0.205328
0.448000 0.206515
0.449000 0.207702
0.450000 0.208888
0.451000 0.210075
0.452000 0.211261
0.453000 0.212447
0.454000 0.213633
0.455000 0.214819
0.456000 0.216005
0.457000 0.217190
0.458000 0.218375
0.459000 0.219560
0.460000 0.220745
0.461000 0.221929
0.462000 0.223113
0.463000 0.224296
0.464000 0.225479
0.465000 0.226662
0.466000 0.227844
0.467000 0.229026
0.468000 0.230207
0.469000 0.231387
0.470000 0.232567
0.471000 0.233747
0.472000 0.234926
0.473000 0.236104
0.474000 0.237282
0.475000 0.238459
0.476000 0.239635
0.477000 0.240811
0.478000 0.241985
0.479000 0.243160
0.480000 0.244333
0.481000 0.245505
0.482000 0.246677
0.483000 0.247848
0.484000 0.249018
0.485000 0.250187
0.486000 0.251355
0.487000 0.252523
0.488000 0.253689
0.489000 0.254854
0.490000 0.256019
0.491000 0.257182
0.492000 0.258344
0.493000 0.259506
0.494000 0.260666
0.495000 0.261825
0.496000 0.262984
0.497000 0.264141
0.498000 0.265296
0.499000 0.266451
0.500000 0.267605
0.501000 0.268757
0.502000 0.269908
0.503000 0.271058
0.504000 0.272207
0.505000 0.273355
0.506000 0.274501
0.507000 0.275646
0.508000 0.276789
0.509000 0.277932
0.510000 0.279073
0.511000 0.280212
0.512000 0.281350
0.513000 0.282487
0.514000 0.283623
0.515000 0.284757
0.516000 0.285889
0.517000 0.287021
0.518000 0.288150
0.519000 0.289278
0.520000 0.290405
0.521000 0.291530
0.522000 0.292654
0.523000 0.293776
0.524000 0.294897
0.525000 0.296016
0.526000 0.297133
0.527000 0.298249
0.528000 0.299364
0.529000 0.300476
0.530000 0.301587
0.531000 0.302697
0.532000 0.303804
0.533000 0.304910
0.534000 0.306015
0.535000 0.307117
0.536000 0.308218
0.537000 0.309318
0.538000 0.310415
0.539000 0.311511
0.540000 0.312605
0.541000 0.313697
0.542000 0.314787
0.543000 0.315876
0.544000 0.316963
0.545000 0.318048
0.546000 0.319131
0.547000 0.320212
0.548000 0.321292
0.549000 0.322369
0.550000 0.323445
0.551000 0.324519
0.552000 0.325591
0.553000 0.326661
0.554000 0.327729
0.555000 0.328795
0.556000 0.329859
0.557000 0.330921
0.558000 0.331982
0.559000 0.333040
0.560000 0.334096
0.561000 0.335151
0.562000 0.336203
0.563000 0.337253
0.564000 0.338301
0.565000 0.339348
0.566000 0.340392
0.567000 0.341434
0.568000 0.342474
0.569000 0.343512
0.570000 0.344548
0.571000 0.345582
0.572000 0.346613
0.573000 0.347643
0.574000 0.348670
0.575000 0.349696
0.576000 0.350719
0.577000 0.351740
0.578000 0.352759
0.579000 0.353776
0.580000 0.354790
0.581000 0.355803
0.582000 0.356813
0.583000 0.357821
0.584000 0.358827
0.585000 0.359830
0.586000 0.360832
0.587000 0.361831
0.588000 0.362828
0.589000 0.363823
0.590000 0.364815
0.591000 0.365805
0.592000 0.366793
0.593000 0.367779
0.594000 0.368762
0.595000 0.369743
0.596000 0.370722
0.597000 0.371698
0.598000 0.372673
0.599000 0.373645
0.600000 0.374614
0.601000 0.375581
0.602000 0.376546
0.603000 0.377509
0.604000 0.378469
0.605000 0.379427
0.606000 0.380382
0.607000 0.381335
0.608000 0.382286
0.609000 0.383234
0.610000 0.384180
0.611000 0.385124
0.612000 0.386065
0.613000 0.387004
0.614000 0.387940
0.615000 0.388874
0.616000 0.389806
0.617000 0.390735
0.618000 0.391661
0.619000 0.392586
0.620000 0.393507
0.621000 0.394427
0.622000 0.395344
0.623000 0.396258
0.624000 0.397170
0.625000 0.398079
0.626000 0.398986
0.627000 0.399891
0.628000 0.400793
0.629000 0.401692
0.630000 0.402589
0.631000 0.403484
0.632000 0.404376
0.633000 0.405266
0.634000 0.406153
0.635000 0.407037
0.636000 0.407919
0.637000 0.408799
0.638000 0.409675
0.639000 0.410550
0.640000 0.411422
0.641000 0.412291
0.642000 0.413158
0.643000 0.414022
0.644000 0.414883
0.645000 0.415743
0.646000 0.416599
0.647000 0.417453
0.648000 0.418304
0.649000 0.419153
0.650000 0.419999
0.651000 0.420843
0.652000 0.421684
0.653000 0.422522
0.654000 0.423358
0.655000 0.424191
0.656000 0.425022
0.657000 0.425850
0.658000 0.426675
0.659000 0.427498
0.660000 0.428318
0.661000 0.429136
0.662000 0.429951
0.663000 0.430763
0.664000 0.431573
0.665000 0.432380
0.666000 0.433184
0.667000 0.433986
0.668000 0.434785
0.669000 0.435582
0.670000 0.436375
0.671000 0.437167
0.672000 0.437955
0.673000 0.438741
0.674000 0.439524
0.675000 0.440305
0.676000 0.441082
0.677000 0.441858
0.678000 0.442630
0.679000 0.443400
0.680000 0.444167
0.681000 0.444932
0.682000 0.445694
0.683000 0.446453
0.684000 0.447209
0.685000 0.447963
0.686000 0.448714
0.687000 0.449463
0.688000 0.450208
0.689000 0.450951
0.690000 0.451692
0.691000 0.452429
0.692000 0.453164
0.693000 0.453897
0.694000 0.454626
0.695000 0.455353
0.696000 0.456077
0.697000 0.456798
0.698000 0.457517
0.699000 0.458233
0.700000 0.458946
0.701000 0.459657
0.702000 0.460365
0.703000 0.461070
0.704000 0.461772
0.705000 0.462472
0.706000 0.463169
0.707000 0.463863
0.708000 0.464555
0.709000 0.465244
0.710000 0.465930
0.711000 0.466613
0.712000 0.467294
0.713000 0.467972
0.714000 0.468647
0.715000 0.469319
0.716000 0.469989
0.717000 0.470656
0.718000 0.471320
0.719000 0.471982
0.720000 0.472641
0.721000 0.473297
0.722000 0.473950
0.723000 0.474601
0.724000 0.475249
0.725000 0.475894
0.726000 0.476536
0.727000 0.477176
0.728000 0.477813
0.729000 0.478447
0.730000 0.479078
0.731000 0.479707
0.732000 0.480333
0.733000 0.480956
0.734000 0.481577
0.735000 0.482194
0.736000 0.482809
0.737000 0.483422
0.738000 0.484031
0.739000 0.484638
0.740000 0.485242
0.741000 0.485843
0.742000 0.486442
0.743000 0.487038
0.744000 0.487631
0.745000 0.488221
0.746000 0.488809
0.747000 0.489394
0.748000 0.489976
0.749000 0.490556
0.750000 0.491132
0.751000 0.491706
0.752000 0.492277
0.753000 0.492846
0.754000 0.493412
0.755000 0.493975
0.756000 0.494535
0.757000 0.495093
0.758000 0.495648
0.759000 0.496200
0.760000 0.496749
0.761000 0.497296
0.762000 0.497840
0.763000 0.498381
0.764000 0.498920
0.765000 0.499455
0.766000 0.499988
0.767000 0.500519
0.768000 0.501046
0.769000 0.501571
0.770000 0.502094
0.771000 0.502613
0.772000 0.503130
0.773000 0.503644
0.774000 0.504155
0.775000 0.504664
0.776000 0.505170
0.777000 0.505673
0.778000 0.506174
0.779000 0.506672
0.780000 0.507167
0.781000 0.507659
0.782000 0.508149
0.783000 0.508636
0.784000 0.509120
0.785000 0.509602
0.786000 0.510081
0.787000 0.510557
0.788000 0.511031
0.789000 0.511502
0.790000 0.511970
0.791000 0.512436
0.792000 0.512899
0.793000 0.513359
0.794000 0.513816
0.795000 0.514271
0.796000 0.514724
0.797000 0.515173
0.798000 0.515620
0.799000 0.516064
0.800000 0.516506
0.801000 0.516945
0.802000 0.517381
0.803000 0.517815
0.804000 0.518246
0.805000 0.518674
0.806000 0.519100
0.807000 0.519523
0.808000 0.519943
0.809000 0.520361
0.810000 0.520776
0.811000 0.521189
0.812000 0.521599
0.813000 0.522006
0.814000 0.522411
0.815000 0.522813
0.816000 0.523212
0.817000 0.523609
0.818000 0.524004
0.819000 0.524395
0.820000 0.524784
0.821000 0.525171
0.822000 0.525555
0.823000 0.525936
0.824000 0.526315
0.825000 0.526691
0.826000 0.527064
0.827000 0.527435
0.828000 0.527804
0.829000 0.528169
0.830000 0.528533
0.831000 0.528893
0.832000 0.529251
0.833000 0.529607
0.834000 0.529960
0.835000 0.530310
0.836000 0.530658
0.837000 0.531004
0.838000 0.531347
0.839000 0.531687
0.840000 0.532025
0.841000 0.532360
0.842000 0.532693
0.843000 0.533023
0.844000 0.533351
0.845000 0.533676
0.846000 0.533999
0.847000 0.534319
0.848000 0.534637
0.849000 0.534952
0.850000 0.535265
0.851000 0.535575
0.852000 0.535883
0.853000 0.536188
0.854000 0.536491
0.855000 0.536791
0.856000 0.537089
0.857000 0.537385
0.858000 0.537678
0.859000 0.537968
0.860000 0.538256
0.861000 0.538542
0.862000 0.538825
0.863000 0.539106
0.864000 0.539384
0.865000 0.539660
0.866000 0.539934
0.867000 0.540205
0.868000 0.540474
0.869000 0.540740
0.870000 0.541004
0.871000 0.541266
0.872000 0.541525
0.873000 0.541782
0.874000 0.542036
0.875000 0.542288
0.876000 0.542538
0.877000 0.542785
0.878000 0.543030
0.879000 0.543272
0.880000 0.543513
0.881000 0.543751
0.882000 0.543986
0.883000 0.544219
0.884000 0.544450
0.885000 0.544679
0.886000 0.544905
0.887000 0.545129
0.888000 0.545351
0.889000 0.545570
0.890000 0.545787
0.891000 0.546002
0.892000 0.546214
0.893000 0.546424
0.894000 0.546632
0.895000 0.546838
0.896000 0.547041
0.897000 0.547243
0.898000 0.547441
0.899000 0.547638
0.900000 0.547832
0.901000 0.548025
0.902000 0.548215
0.903000 0.548402
0.904000 0.548588
0.905000 0.548771
0.906000 0.548952
0.907000 0.549131
0.908000 0.549308
0.909000 0.549482
0.910000 0.549654
0.911000 0.549824
0.912000 0.549992
0.913000 0.550158
0.914000 0.550322
0.915000 0.550483
0.916000 0.550643
0.917000 0.550800
0.918000 0.550955
0.919000 0.551108
0.920000 0.551258
0.921000 0.551407
0.922000 0.551554
0.923000 0.551698
0.924000 0.551840
0.925000 0.551980
0.926000 0.552119
0.927000 0.552255
0.928000 0.552389
0.929000 0.552520
0.930000 0.552650
0.931000 0.552778
0.932000 0.552904
0.933000 0.553027
0.934000 0.553149
0.935000 0.553269
0.936000 0.553386
0.937000 0.553502
0.938000 0.553615
0.939000 0.553727
0.940000 0.553836
0.941000 0.553944
0.942000 0.554049
0.943000 0.554153
0.944000 0.554254
0.945000 0.554354
0.946000 0.554451
0.947000 0.554547
0.948000 0.554641
0.949000 0.554732
0.950000 0.554822
0.951000 0.554910
0.952000 0.554996
0.953000 0.555080
0.954000 0.555162
0.955000 0.555242
0.956000 0.555321
0.957000 0.555397
0.958000 0.555471
0.959000 0.555544
0.960000 0.555615
0.961000 0.555683
0.962000 0.555750
0.963000 0.555816
0.964000 0.555879
0.965000 0.555940
0.966000 0.556000
0.967000 0.556058
0.968000 0.556113
0.969000 0.556168
0.970000 0.556220
0.971000 0.556270
0.972000 0.556319
0.973000 0.556366
0.974000 0.556411
0.975000 0.556454
0.976000 0.556496
0.977000 0.556535
0.978000 0.556573
0.979000 0.556610
0.980000 0.556644
0.981000 0.556677
0.982000 0.556708
0.983000 0.556737
0.984000 0.556764
0.985000 0.556790
0.986000 0.556814
0.987000 0.556837
0.988000 0.556857
0.989000 0.556876
0.990000 0.556894
0.991000 0.556909
0.992000 0.556923
0.993000 0.556936
0.994000 0.556946
0.995000 0.556955
0.996000 0.556963
0.997000 0.556968
0.998000 0.556972
0.999000 0.556975
1.000000 0.556976
1.001000 0.556975
1.002000 0.556972
1.003000 0.556968
1.004000 0.556963
1.005000 0.556956
1.006000 0.556947
1.007000 0.556936
1.008000 0.556924
1.009000 0.556911
1.010000 0.556896
1.011000 0.556879
1.012000 0.556861
1.013000 0.556841
1.014000 0.556820
1.015000 0.556798
1.016000 0.556773
1.017000 0.556748
1.018000 0.556720
1.019000 0.556691
1.020000 0.556661
1.021000 0.556629
1.022000 0.556596
1.023000 0.556562
1.024000 0.556525
1.025000 0.556488
1.026000 0.556449
1.027000 0.556408
1.028000 0.556366
1.029000 0.556323
1.030000 0.556278
1.031000 0.556232
1.032000 0.556184
1.033000 0.556135
1.034000 0.556084
1.035000 0.556032
1.036000 0.555979
1.037000 0.555924
1.038000 0.555868
1.039000 0.555811
1.040000 0.555752
1.041000 0.555692
1.042000 0.555630
1.043000 0.555568
1.044000 0.555503
1.045000 0.555438
1.046000 0.555371
1.047000 0.555303
1.048000 0.555233
1.049000 0.555163
1.050000 0.555090
1.051000 0.555017
1.052000 0.554942
1.053000 0.554866
1.054000 0.554789
1.055000 0.554710
1.056000 0.554631
1.057000 0.554550
1.058000 0.554467
1.059000 0.554384
1.060000 0.554299
1.061000 0.554213
1.062000 0.554125
1.063000 0.554037
1.064000 0.553947
1.065000 0.553856
1.066000 0.553764
1.067000 0.553671
1.068000 0.553576
1.069000 0.553480
1.070000 0.553383
1.071000 0.553285
1.072000 0.553186
1.073000 0.553085
1.074000 0.552984
1.075000 0.552881
1.076000 0.552777
1.077000 0.552672
1.078000 0.552566
1.079000 0.552458
1.080000 0.552350
1.081000 0.552240
1.082000 0.552130
1.083000 0.552018
1.084000 0.551905
1.085000 0.551791
1.086000 0.551676
1.087000 0.551560
1.088000 0.551442
1.089000 0.551324
1.090000 0.551205
1.091000 0.551084
1.092000 0.550963
1.093000 0.550840
1.094000 0.550716
1.095000 0.550592
1.096000 0.550466
1.097000 0.550339
1.098000 0.550211
1.099000 0.550083
1.100000 0.549953
1.101000 0.549822
1.102000 0.549690
1.103000 0.549557
1.104000 0.549423
1.105000 0.549289
1.106000 0.549153
1.107000 0.549016
1.108000 0.548878
1.109000 0.548740
1.110000 0.548600
1.111000 0.548459
1.112000 0.548318
1.113000 0.548175
1.114000 0.548032
1.115000 0.547888
1.116000 0.547742
1.117000 0.547596
1.118000 0.547449
1.119000 0.547301
1.120000 0.547152
1.121000 0.547002
1.122000 0.546851
1.123000 0.546700
1.124000 0.546547
1.125000 0.546394
1.126000 0.546239
1.127000 0.546084
1.128000 0.545928
1.129000 0.545771
1.130000 0.545613
1.131000 0.545455
1.132000 0.545295
1.133000 0.545135
1.134000 0.544974
1.135000 0.544812
1.136000 0.544649
1.137000 0.544486
1.138000 0.544321
1.139000 0.544156
1.140000 0.543990
1.141000 0.543823
1.142000 0.543655
1.143000 0.543487
1.144000 0.543318
1.145000 0.543148
1.146000 0.542977
1.147000 0.542805
1.148000 0.542633
1.149000 0.542460
1.150000 0.542286
1.151000 0.542111
1.152000 0.541936
1.153000 0.541760
1.154000 0.541583
1.155000 0.541405
1.156000 0.541227
1.157000 0.541048
1.158000 0.540868
1.159000 0.540687
1.160000 0.540506
1.161000 0.540324
1.162000 0.540142
1.163000 0.539958
1.164000 0.539774
1.165000 0.539589
1.166000 0.539404
1.167000 0.539218
1.168000 0.539031
1.169000 0.538844
1.170000 0.538655
1.171000 0.538467
1.172000 0.538277
1.173000 0.538087
1.174000 0.537896
1.175000 0.537705
1.176000 0.537513
1.177000 0.537320
1.178000 0.537127
1.179000 0.536933
1.180000 0.536738
1.181000 0.536543
1.182000 0.536347
1.183000 0.536151
1.184000 0.535953
1.185000 0.535756
1.186000 0.535557
1.187000 0.535359
1.188000 0.535159
1.189000 0.534959
1.190000 0.534758
1.191000 0.534557
1.192000 0.534355
1.193000 0.534153
1.194000 0.533950
1.195000 0.533746
1.196000 0.533542
1.197000 0.533337
1.198000 0.533132
1.199000 0.532926
1.200000 0.532720
1.201000 0.532513
1.202000 0.532306
1.203000 0.532098
1.204000 0.531889
1.205000 0.531680
1.206000 0.531471
1.207000 0.531261
1.208000 0.531050
1.209000 0.530839
1.210000 0.530627
1.211000 0.530415
1.212000 0.530203
1.213000 0.529989
1.214000 0.529776
1.215000 0.529562
1.216000 0.529347
1.217000 0.529132
1.218000 0.528916
1.219000 0.528700
1.220000 0.528484
1.221000 0.528267
1.222000 0.528049
1.223000 0.527831
1.224000 0.527613
1.225000 0.527394
1.226000 0.527175
1.227000 0.526955
1.228000 0.526735
1.229000 0.526514
1.230000 0.526293
1.231000 0.526071
1.232000 0.525849
1.233000 0.525627
1.234000 0.525404
1.235000 0.525181
1.236000 0.524957
1.237000 0.524733
1.238000 0.524509
1.239000 0.524284
1.240000 0.524058
1.241000 0.523833
1.242000 0.523607
1.243000 0.523380
1.244000 0.523153
1.245000 0.522926
1.246000 0.522698
1.247000 0.522470
1.248000 0.522241
1.249000 0.522013
1.250000 0.521783
1.251000 0.521554
1.252000 0.521324
1.253000 0.521093
1.254000 0.520863
1.255000 0.520631
1.256000 0.520400
1.257000 0.520168
1.258000 0.519936
1.259000 0.519704
1.260000 0.519471
1.261000 0.519237
1.262000 0.519004
1.263000 0.518770
1.264000 0.518536
1.265000 0.518301
1.266000 0.518066
1.267000 0.517831
1.268000 0.517596
1.269000 0.517360
1.270000 0.517124
1.271000 0.516887
1.272000 0.516650
1.273000 0.516413
1.274000 0.516176
1.275000 0.515938
1.276000 0.515700
1.277000 0.515462
1.278000 0.515223
1.279000 0.514984
1.280000 0.514745
1.281000 0.514505
1.282000 0.514266
1.283000 0.514026
1.284000 0.513785
1.285000 0.513545
1.286000 0.513304
1.287000 0.513063
1.288000 0.512821
1.289000 0.512579
1.290000 0.512337
1.291000 0.512095
1.292000 0.511853
1.293000 0.511610
1.294000 0.511367
1.295000 0.511123
1.296000 0.510880
1.297000 0.510636
1.298000 0.510392
1.299000 0.510148
1.300000 0.509903
1.301000 0.509659
1.302000 0.509414
1.303000 0.509168
1.304000 0.508923
1.305000 0.508677
1.306000 0.508431
1.307000 0.508185
1.308000 0.507939
1.309000 0.507692
1.310000 0.507445
1.311000 0.507198
1.312000 0.506951
1.313000 0.506704
1.314000 0.506456
1.315000 0.506208
1.316000 0.505960
1.317000 0.505712
1.318000 0.505463
1.319000 0.505215
1.320000 0.504966
1.321000 0.504717
1.322000 0.504468
1.323000 0.504218
1.324000 0.503968
1.325000 0.503719
1.326000 0.503469
1.327000 0.503218
1.328000 0.502968
1.329000 0.502718
1.330000 0.502467
1.331000 0.502216
1.332000 0.501965
1.333000 0.501714
1.334000 0.501462
1.335000 0.501211
1.336000 0.500959
1.337000 0.500707
1.338000 0.500455
1.339000 0.500203
1.340000 0.499951
1.341000 0.499698
1.342000 0.499445
1.343000 0.499193
1.344000 0.498940
1.345000 0.498687
1.346000 0.498433
1.347000 0.498180
1.348000 0.497926
1.349000 0.497673
1.350000 0.497419
1.351000 0.497165
1.352000 0.496911
1.353000 0.496657
1.354000 0.496402
1.355000 0.496148
1.356000 0.495893
1.357000 0.495639
1.358000 0.495384
1.359000 0.495129
1.360000 0.494874
1.361000 0.494619
1.362000 0.494363
1.363000 0.494108
1.364000 0.493852
1.365000 0.493597
1.366000 0.493341
1.367000 0.493085
1.368000 0.492829
1.369000 0.492573
1.370000 0.492317
1.371000 0.492061
1.372000 0.491805
1.373000 0.491548
1.374000 0.491292
1.375000 0.491035
1.376000 0.490778
1.377000 0.490521
1.378000 0.490264
1.379000 0.490007
1.380000 0.489750
1.381000 0.489493
1.382000 0.489236
1.383000 0.488979
1.384000 0.488721
1.385000 0.488464
1.386000 0.488206
1.387000 0.487949
1.388000 0.487691
1.389000 0.487433
1.390000 0.487175
1.391000 0.486917
1.392000 0.486659
1.393000 0.486401
1.394000 0.486143
1.395000 0.485885
1.396000 0.485627
1.397000 0.485369
1.398000 0.485110
1.399000 0.484852
1.400000 0.484593
1.401000 0.484335
1.402000 0.484076
1.403000 0.483818
1.404000 0.483559
1.405000 0.483300
1.406000 0.483041
1.407000 0.482783
1.408000 0.482524
1.409000 0.482265
1.410000 0.482006
1.411000 0.481747
1.412000 0.481488
1.413000 0.481229
1.414000 0.480970
1.415000 0.480710
1.416000 0.480451
1.417000 0.480192
1.418000 0.479933
1.419000 0.479674
1.420000 0.479414
1.421000 0.479155
1.422000 0.478896
1.423000 0.478636
1.424000 0.478377
1.425000 0.478117
1.426000 0.477858
1.427000 0.477598
1.428000 0.477339
1.429000 0.477079
1.430000 0.476820
1.431000 0.476560
1.432000 0.476301
1.433000 0.476041
1.434000 0.475782
1.435000 0.475522
1.436000 0.475262
1.437000 0.475003
1.438000 0.474743
1.439000 0.474484
1.440000 0.474224
1.441000 0.473964
1.442000 0.473705
1.443000 0.473445
1.444000 0.473185
1.445000 0.472926
1.446000 0.472666
1.447000 0.472406
1.448000 0.472147
1.449000 0.471887
1.450000 0.471627
1.451000 0.471368
1.452000 0.471108
1.453000 0.470849
1.454000 0.470589
1.455000 0.470329
1.456000 0.470070
1.457000 0.469810
1.458000 0.469551
1.459000 0.469291
1.460000 0.469031
1.461000 0.468772
1.462000 0.468512
1.463000 0.468253
1.464000 0.467994
1.465000 0.467734
1.466000 0.467475
1.467000 0.467215
1.468000 0.466956
1.469000 0.466696
1.470000 0.466437
1.471000 0.466178
1.472000 0.465919
1.473000 0.465659
1.474000 0.465400
1.475000 0.465141
1.476000 0.464882
1.477000 0.464623
1.478000 0.464363
1.479000 0.464104
1.480000 0.463845
1.481000 0.463586
1.482000 0.463327
1.483000 0.463068
1.484000 0.462810
1.485000 0.462551
1.486000 0.462292
1.487000 0.462033
1.488000 0.461774
1.489000 0.461516
1.490000 0.461257
1.491000 0.460998
1.492000 0.460740
1.493000 0.460481
1.494000 0.460223
1.495000 0.459964
1.496000 0.459706
1.497000 0.459448
1.498000 0.459189
1.499000 0.458931
1.500000 0.458673
1.501000 0.458415
1.502000 0.458157
1.503000 0.457899
1.504000 0.457641
1.505000 0.457383
1.506000 0.457125
1.507000 0.456867
1.508000 0.456609
1.509000 0.456352
1.510000 0.456094
1.511000 0.455836
1.512000 0.455579
1.513000 0.455321
1.514000 0.455064
1.515000 0.454807
1.516000 0.454549
1.517000 0.454292
1.518000 0.454035
1.519000 0.453778
1.520000 0.453521
1.521000 0.453264
1.522000 0.453007
1.523000 0.452750
1.524000 0.452493
1.525000 0.452236
1.526000 0.451980
1.527000 0.451723
1.528000 0.451467
1.529000 0.451210
1.530000 0.450954
1.531000 0.450698
1.532000 0.450441
1.533000 0.450185
1.534000 0.449929
1.535000 0.449673
1.536000 0.449417
1.537000 0.449161
1.538000 0.448906
1.539000 0.448650
1.540000 0.448394
1.541000 0.448139
1.542000 0.447883
1.543000 0.447628
1.544000 0.447373
1.545000 0.447117
1.546000 0.446862
1.547000 0.446607
1.548000 0.446352
1.549000 0.446097
1.550000 0.445843
1.551000 0.445588
1.552000 0.445333
1.553000 0.445079
1.554000 0.444824
1.555000 0.444570
1.556000 0.444315
1.557000 0.444061
1.558000 0.443807
1.559000 0.443553
1.560000 0.443299
1.561000 0.443045
1.562000 0.442791
1.563000 0.442538
1.564000 0.442284
1.565000 0.442031
1.566000 0.441777
1.567000 0.441524
1.568000 0.441271
1.569000 0.441017
1.570000 0.440764
1.571000 0.440511
1.572000 0.440259
1.573000 0.440006
1.574000 0.439753
1.575000 0.439501
1.576000 0.439248
1.577000 0.438996
1.578000 0.438743
1.579000 0.438491
1.580000 0.438239
1.581000 0.437987
1.582000 0.437735
1.583000 0.437483
1.584000 0.437232
1.585000 0.436980
1.586000 0.436729
1.587000 0.436477
1.588000 0.436226
1.589000 0.435975
1.590000 0.435724
1.591000 0.435473
1.592000 0.435222
1.593000 0.434971
1.594000 0.434720
1.595000 0.434470
1.596000 0.434219
1.597000 0.433969
1.598000 0.433719
1.599000 0.433469
1.600000 0.433219
1.601000 0.432969
1.602000 0.432719
1.603000 0.432469
1.604000 0.432219
1.605000 0.431970
1.606000 0.431721
1.607000 0.431471
1.608000 0.431222
1.609000 0.430973
1.610000 0.430724
1.611000 0.430475
1.612000 0.430227
1.613000 0.429978
1.614000 0.429729
1.615000 0.429481
1.616000 0.429233
1.617000 0.428985
1.618000 0.428736
1.619000 0.428489
1.620000 0.428241
1.621000 0.427993
1.622000 0.427745
1.623000 0.427498
1.624000 0.427250
1.625000 0.427003
1.626000 0.426756
1.627000 0.426509
1.628000 0.426262
1.629000 0.426015
1.630000 0.425769
1.631000 0.425522
1.632000 0.425276
1.633000 0.425029
1.634000 0.424783
1.635000 0.424537
1.636000 0.424291
1.637000 0.424045
1.638000 0.423799
1.639000 0.423554
1.640000 0.423308
1.641000 0.423063
1.642000 0.422818
1.643000 0.422573
1.644000 0.422328
1.645000 0.422083
1.646000 0.421838
1.647000 0.421593
1.648000 0.421349
1.649000 0.421104
1.650000 0.420860
1.651000 0.420616
1.652000 0.420372
1.653000 0.420128
1.654000 0.419884
1.655000 0.419640
1.656000 0.419397
1.657000 0.419154
1.658000 0.418910
1.659000 0.418667
1.660000 0.418424
1.661000 0.418181
1.662000 0.417938
1.663000 0.417696
1.664000 0.417453
1.665000 0.417211
1.666000 0.416968
1.667000 0.416726
1.668000 0.416484
1.669000 0.416242
1.670000 0.416001
1.671000 0.415759
1.672000 0.415517
1.673000 0.415276
1.674000 0.415035
1.675000 0.414794
1.676000 0.414553
1.677000 0.414312
1.678000 0.414071
1.679000 0.413830
1.680000 0.413590
1.681000 0.413350
1.682000 0.413109
1.683000 0.412869
1.684000 0.412629
1.685000 0.412390
1.686000 0.412150
1.687000 0.411910
1.688000 0.411671
1.689000 0.411432
1.690000 0.411192
1.691000 0.410953
1.692000 0.410714
1.693000 0.410476
1.694000 0.410237
1.695000 0.409998
1.696000 0.409760
1.697000 0.409522
1.698000 0.409284
1.699000 0.409046
1.700000 0.408808
1.701000 0.408570
1.702000 0.408333
1.703000 0.408095
1.704000 0.407858
1.705000 0.407621
1.706000 0.407384
1.707000 0.407147
1.708000 0.406910
1.709000 0.406673
1.710000 0.406437
1.711000 0.406201
1.712000 0.405964
1.713000 0.405728
1.714000 0.405492
1.715000 0.405256
1.716000 0.405021
1.717000 0.404785
1.718000 0.404550
1.719000 0.404315
1.720000 0.404079
1.721000 0.403844
1.722000 0.403610
1.723000 0.403375
1.724000 0.403140
1.725000 0.402906
1.726000 0.402671
1.727000 0.402437
1.728000 0.402203
1.729000 0.401969
1.730000 0.401736
1.731000 0.401502
1.732000 0.401268
1.733000 0.401035
1.734000 0.400802
1.735000 0.400569
1.736000 0.400336
1.737000 0.400103
1.738000 0.399870
1.739000 0.399638
1.740000 0.399406
1.741000 0.399173
1.742000 0.398941
1.743000 0.398709
1.744000 0.398478
1.745000 0.398246
1.746000 0.398014
1.747000 0.397783
1.748000 0.397552
1.749000 0.397321
1.750000 0.397090
1.751000 0.396859
1.752000 0.396628
1.753000 0.396397
1.754000 0.396167
1.755000 0.395937
1.756000 0.395707
1.757000 0.395477
1.758000 0.395247
1.759000 0.395017
1.760000 0.394788
1.761000 0.394558
1.762000 0.394329
1.763000 0.394100
1.764000 0.393871
1.765000 0.393642
1.766000 0.393413
1.767000 0.393185
1.768000 0.392956
1.769000 0.392728
1.770000 0.392500
1.771000 0.392272
1.772000 0.392044
1.773000 0.391816
1.774000 0.391589
1.775000 0.391361
1.776000 0.391134
1.777000 0.390907
1.778000 0.390680
1.779000 0.390453
1.780000 0.390226
1.781000 0.390000
1.782000 0.389773
1.783000 0.389547
1.784000 0.389321
1.785000 0.389095
1.786000 0.388869
1.787000 0.388643
1.788000 0.388418
1.789000 0.388192
1.790000 0.387967
1.791000 0.387742
1.792000 0.387517
1.793000 0.387292
1.794000 0.387067
1.795000 0.386843
1.796000 0.386618
1.797000 0.386394
1.798000 0.386170
1.799000 0.385946
1.800000 0.385722
1.801000 0.385498
1.802000 0.385275
1.803000 0.385051
1.804000 0.384828
1.805000 0.384605
1.806000 0.384382
1.807000 0.384159
1.808000 0.383936
1.809000 0.383714
1.810000 0.383491
1.811000 0.383269
1.812000 0.383047
1.813000 0.382825
1.814000 0.382603
1.815000 0.382382
1.816000 0.382160
1.817000 0.381939
1.818000 0.381717
1.819000 0.381496
1.820000 0.381275
1.821000 0.381055
1.822000 0.380834
1.823000 0.380613
1.824000 0.380393
1.825000 0.380173
1.826000 0.379953
1.827000 0.379733
1.828000 0.379513
1.829000 0.379293
1.830000 0.379074
1.831000 0.378854
1.832000 0.378635
1.833000 0.378416
1.834000 0.378197
1.835000 0.377978
1.836000 0.377760
1.837000 0.377541
1.838000 0.377323
1.839000 0.377105
1.840000 0.376887
1.841000 0.376669
1.842000 0.376451
1.843000 0.376233
1.844000 0.376016
1.845000 0.375799
1.846000 0.375581
1.847000 0.375364
1.848000 0.375148
1.849000 0.374931
1.850000 0.374714
1.851000 0.374498
1.852000 0.374281
1.853000 0.374065
1.854000 0.373849
1.855000 0.373633
1.856000 0.373418
1.857000 0.373202
1.858000 0.372987
1.859000 0.372771
1.860000 0.372556
1.861000 0.372341
1.862000 0.372126
1.863000 0.371912
1.864000 0.371697
1.865000 0.371483
1.866000 0.371268
1.867000 0.371054
1.868000 0.370840
1.869000 0.370626
1.870000 0.370413
1.871000 0.370199
1.872000 0.369986
1.873000 0.369772
1.874000 0.369559
1.875000 0.369346
1.876000 0.369134
1.877000 0.368921
1.878000 0.368708
1.879000 0.368496
1.880000 0.368284
1.881000 0.368072
1.882000 0.367860
1.883000 0.367648
1.884000 0.367436
1.885000 0.367225
1.886000 0.367013
1.887000 0.366802
1.888000 0.366591
1.889000 0.366380
1.890000 0.366169
1.891000 0.365959
1.892000 0.365748
1.893000 0.365538
1.894000 0.365328
1.895000 0.365118
1.896000 0.364908
1.897000 0.364698
1.898000 0.364488
1.899000 0.364279
1.900000 0.364069
1.901000 0.363860
1.902000 0.363651
1.903000 0.363442
1.904000 0.363233
1.905000 0.363025
1.906000 0.362816
1.907000 0.362608
1.908000 0.362400
1.909000 0.362192
1.910000 0.361984
1.911000 0.361776
1.912000 0.361569
1.913000 0.361361
1.914000 0.361154
1.915000 0.360947
1.916000 0.360740
1.917000 0.360533
1.918000 0.360326
1.919000 0.360119
1.920000 0.359913
1.921000 0.359707
1.922000 0.359500
1.923000 0.359294
1.924000 0.359089
1.925000 0.358883
1.926000 0.358677
1.927000 0.358472
1.928000 0.358267
1.929000 0.358061
1.930000 0.357856
1.931000 0.357651
1.932000 0.357447
1.933000 0.357242
1.934000 0.357038
1.935000 0.356833
1.936000 0.356629
1.937000 0.356425
1.938000 0.356221
1.939000 0.356018
1.940000 0.355814
1.941000 0.355611
1.942000 0.355407
1.943000 0.355204
1.944000 0.355001
1.945000 0.354798
1.946000 0.354596
1.947000 0.354393
1.948000 0.354191
1.949000 0.353988
1.950000 0.353786
1.951000 0.353584
1.952000 0.353382
1.953000 0.353181
1.954000 0.352979
1.955000 0.352778
1.956000 0.352576
1.957000 0.352375
1.958000 0.352174
1.959000 0.351973
1.960000 0.351773
1.961000 0.351572
1.962000 0.351372
1.963000 0.351171
1.964000 0.350971
1.965000 0.350771
1.966000 0.350571
1.967000 0.350372
1.968000 0.350172
1.969000 0.349973
1.970000 0.349773
1.971000 0.349574
1.972000 0.349375
1.973000 0.349176
1.974000 0.348978
1.975000 0.348779
1.976000 0.348581
1.977000 0.348382
1.978000 0.348184
1.979000 0.347986
1.980000 0.347788
1.981000 0.347591
1.982000 0.347393
1.983000 0.347196
1.984000 0.346998
1.985000 0.346801
1.986000 0.346604
1.987000 0.346407
1.988000 0.346210
1.989000 0.346014
1.990000 0.345817
1.991000 0.345621
1.992000 0.345425
1.993000 0.345229
1.994000 0.345033
1.995000 0.344837
1.996000 0.344642
1.997000 0.344446
1.998000 0.344251
1.999000 0.344056
2.000000 0.343861
2.001000 0.343666
2.002000 0.343471
2.003000 0.343276
2.004000 0.343082
2.005000 0.342887
2.006000 0.342693
2.007000 0.342499
2.008000 0.342305
2.009000 0.342111
2.010000 0.341918
2.011000 0.341724
2.012000 0.341531
2.013000 0.341338
2.014000 0.341144
2.015000 0.340952
2.016000 0.340759
2.017000 0.340566
2.018000 0.340373
2.019000 0.340181
2.020000 0.339989
2.021000 0.339797
2.022000 0.339605
2.023000 0.339413
2.024000 0.339221
2.025000 0.339030
2.026000 0.338838
2.027000 0.338647
2.028000 0.338456
2.029000 0.338265
2.030000 0.338074
2.031000 0.337883
2.032000 0.337692
2.033000 0.337502
2.034000 0.337312
2.035000 0.337121
2.036000 0.336931
2.037000 0.336742
2.038000 0.336552
2.039000 0.336362
2.040000 0.336173
2.041000 0.335983
2.042000 0.335794
2.043000 0.335605
2.044000 0.335416
2.045000 0.335227
2.046000 0.335039
2.047000 0.334850
2.048000 0.334662
2.049000 0.334473
2.050000 0.334285
2.051000 0.334097
2.052000 0.333909
2.053000 0.333722
2.054000 0.333534
2.055000 0.333347
2.056000 0.333159
2.057000 0.332972
2.058000 0.332785
2.059000 0.332598
2.060000 0.332411
2.061000 0.332225
2.062000 0.332038
2.063000 0.331852
2.064000 0.331666
2.065000 0.331480
2.066000 0.331294
2.067000 0.331108
2.068000 0.330922
2.069000 0.330737
2.070000 0.330551
2.071000 0.330366
2.072000 0.330181
2.073000 0.329996
2.074000 0.329811
2.075000 0.329626
2.076000 0.329442
2.077000 0.329257
2.078000 0.329073
2.079000 0.328889
2.080000 0.328705
2.081000 0.328521
2.082000 0.328337
2.083000 0.328153
2.084000 0.327970
2.085000 0.327786
2.086000 0.327603
2.087000 0.327420
2.088000 0.327237
2.089000 0.327054
2.090000 0.326871
2.091000 0.326689
2.092000 0.326506
2.093000 0.326324
2.094000 0.326142
2.095000 0.325960
2.096000 0.325778
2.097000 0.325596
2.098000 0.325415
2.099000 0.325233
2.100000 0.325052
2.101000 0.324870
2.102000 0.324689
2.103000 0.324508
2.104000 0.324327
2.105000 0.324147
2.106000 0.323966
2.107000 0.323786
2.108000 0.323605
2.109000 0.323425
2.110000 0.323245
2.111000 0.323065
2.112000 0.322885
2.113000 0.322706
2.114000 0.322526
2.115000 0.322347
2.116000 0.322168
2.117000 0.321988
2.118000 0.321809
2.119000 0.321631
2.120000 0.321452
2.121000 0.321273
2.122000 0.321095
2.123000 0.320916
2.124000 0.320738
2.125000 0.320560
2.126000 0.320382
2.127000 0.320204
2.128000 0.320027
2.129000 0.319849
2.130000 0.319672
2.131000 0.319494
2.132000 0.319317
2.133000 0.319140
2.134000 0.318963
2.135000 0.318786
2.136000 0.318610
2.137000 0.318433
2.138000 0.318257
2.139000 0.318081
2.140000 0.317905
2.141000 0.317729
2.142000 0.317553
2.143000 0.317377
2.144000 0.317201
2.145000 0.317026
2.146000 0.316850
2.147000 0.316675
2.148000 0.316500
2.149000 0.316325
2.150000 0.316150
2.151000 0.315976
2.152000 0.315801
2.153000 0.315627
2.154000 0.315452
2.155000 0.315278
2.156000 0.315104
2.157000 0.314930
2.158000 0.314756
2.159000 0.314583
2.160000 0.314409
2.161000 0.314236
2.162000 0.314062
2.163000 0.313889
2.164000 0.313716
2.165000 0.313543
2.166000 0.313370
2.167000 0.313198
2.168000 0.313025
2.169000 0.312853
2.170000 0.312680
2.171000 0.312508
2.172000 0.312336
2.173000 0.312164
2.174000 0.311993
2.175000 0.311821
2.176000 0.311649
2.177000 0.311478
2.178000 0.311307
2.179000 0.311136
2.180000 0.310965
2.181000 0.310794
2.182000 0.310623
2.183000 0.310452
2.184000 0.310282
2.185000 0.310111
2.186000 0.309941
2.187000 0.309771
2.188000 0.309601
2.189000 0.309431
2.190000 0.309261
2.191000 0.309092
2.192000 0.308922
2.193000 0.308753
2.194000 0.308584
2.195000 0.308414
2.196000 0.308245
2.197000 0.308077
2.198000 0.307908
2.199000 0.307739
2.200000 0.307571
2.201000 0.307402
2.202000 0.307234
2.203000 0.307066
2.204000 0.306898
2.205000 0.306730
2.206000 0.306562
2.207000 0.306395
2.208000 0.306227
2.209000 0.306060
2.210000 0.305892
2.211000 0.305725
2.212000 0.305558
2.213000 0.305391
2.214000 0.305224
2.215000 0.305058
2.216000 0.304891
2.217000 0.304725
2.218000 0.304559
2.219000 0.304392
2.220000 0.304226
2.221000 0.304060
2.222000 0.303895
2.223000 0.303729
2.224000 0.303563
2.225000 0.303398
2.226000 0.303233
2.227000 0.303067
2.228000 0.302902
2.229000 0.302737
2.230000 0.302573
2.231000 0.302408
2.232000 0.302243
2.233000 0.302079
2.234000 0.301915
2.235000 0.301750
2.236000 0.301586
2.237000 0.301422
2.238000 0.301258
2.239000 0.301095
2.240000 0.300931
2.241000 0.300768
2.242000 0.300604
2.243000 0.300441
2.244000 0.300278
2.245000 0.300115
2.246000 0.299952
2.247000 0.299789
2.248000 0.299627
2.249000 0.299464
2.250000 0.299302
2.251000 0.299139
2.252000 0.298977
2.253000 0.298815
2.254000 0.298653
2.255000 0.298491
2.256000 0.298330
2.257000 0.298168
2.258000 0.298007
2.259000 0.297845
2.260000 0.297684
2.261000 0.297523
2.262000 0.297362
2.263000 0.297201
2.264000 0.297041
2.265000 0.296880
2.266000 0.296719
2.267000 0.296559
2.268000 0.296399
2.269000 0.296239
2.270000 0.296079
2.271000 0.295919
2.272000 0.295759
2.273000 0.295599
2.274000 0.295440
2.275000 0.295280
2.276000 0.295121
2.277000 0.294962
2.278000 0.294803
2.279000 0.294644
2.280000 0.294485
2.281000 0.294326
2.282000 0.294167
2.283000 0.294009
2.284000 0.293851
2.285000 0.293692
2.286000 0.293534
2.287000 0.293376
2.288000 0.293218
2.289000 0.293060
2.290000 0.292903
2.291000 0.292745
2.292000 0.292588
2.293000 0.292430
2.294000 0.292273
2.295000 0.292116
2.296000 0.291959
2.297000 0.291802
2.298000 0.291645
2.299000 0.291489
2.300000 0.291332
2.301000 0.291176
2.302000 0.291020
2.303000 0.290863
2.304000 0.290707
2.305000 0.290551
2.306000 0.290395
2.307000 0.290240
2.308000 0.290084
2.309000 0.289929
2.310000 0.289773
2.311000 0.289618
2.312000 0.289463
2.313000 0.289308
2.314000 0.289153
2.315000 0.288998
2.316000 0.288843
2.317000 0.288689
2.318000 0.288534
2.319000 0.288380
2.320000 0.288226
2.321000 0.288072
2.322000 0.287918
2.323000 0.287764
2.324000 0.287610
2.325000 0.287456
2.326000 0.287303
2.327000 0.287149
2.328000 0.286996
2.329000 0.286843
2.330000 0.286690
2.331000 0.286537
2.332000 0.286384
2.333000 0.286231
2.334000 0.286078
2.335000 0.285926
2.336000 0.285773
2.337000 0.285621
2.338000 0.285469
2.339000 0.285317
2.340000 0.285165
2.341000 0.285013
2.342000 0.284861
2.343000 0.284710
2.344000 0.284558
2.345000 0.284407
2.346000 0.284255
2.347000 0.284104
2.348000 0.283953
2.349000 0.283802
2.350000 0.283651
2.351000 0.283500
2.352000 0.283350
2.353000 0.283199
2.354000 0.283049
2.355000 0.282898
2.356000 0.282748
2.357000 0.282598
2.358000 0.282448
2.359000 0.282298
2.360000 0.282149
2.361000 0.281999
2.362000 0.281849
2.363000 0.281700
2.364000 0.281551
2.365000 0.281401
2.366000 0.281252
2.367000 0.281103
2.368000 0.280954
2.369000 0.280806
2.370000 0.280657
2.371000 0.280508
2.372000 0.280360
2.373000 0.280212
2.374000 0.280063
2.375000 0.279915
2.376000 0.279767
2.377000 0.279619
2.378000 0.279471
2.379000 0.279324
2.380000 0.279176
2.381000 0.279029
2.382000 0.278881
2.383000 0.278734
2.384000 0.278587
2.385000 0.278440
2.386000 0.278293
2.387000 0.278146
2.388000 0.277999
2.389000 0.277853
2.390000 0.277706
2.391000 0.277560
2.392000 0.277414
2.393000 0.277267
2.394000 0.277121
2.395000 0.276975
2.396000 0.276830
2.397000 0.276684
2.398000 0.276538
2.399000 0.276393
2.400000 0.276247
2.401000 0.276102
2.402000 0.275957
2.403000 0.275811
2.404000 0.275666
2.405000 0.275522
2.406000 0.275377
2.407000 0.275232
2.408000 0.275088
2.409000 0.274943
2.410000 0.274799
2.411000 0.274654
2.412000 0.274510
2.413000 0.274366
2.414000 0.274222
2.415000 0.274078
2.416000 0.273935
2.417000 0.273791
2.418000 0.273647
2.419000 0.273504
2.420000 0.273361
2.421000 0.273217
2.422000 0.273074
2.423000 0.272931
2.424000 0.272788
2.425000 0.272646
2.426000 0.272503
2.427000 0.272360
2.428000 0.272218
2.429000 0.272076
2.430000 0.271933
2.431000 0.271791
2.432000 0.271649
2.433000 0.271507
2.434000 0.271365
2.435000 0.271223
2.436000 0.271082
2.437000 0.270940
2.438000 0.270799
2.439000 0.270657
2.440000 0.270516
2.441000 0.270375
2.442000 0.270234
2.443000 0.270093
2.444000 0.269952
2.445000 0.269811
2.446000 0.269671
2.447000 0.269530
2.448000 0.269390
2.449000 0.269250
2.450000 0.269109
2.451000 0.268969
2.452000 0.268829
2.453000 0.268689
2.454000 0.268550
2.455000 0.268410
2.456000 0.268270
2.457000 0.268131
2.458000 0.267991
2.459000 0.267852
2.460000 0.267713
2.461000 0.267574
2.462000 0.267435
2.463000 0.267296
2.464000 0.267157
2.465000 0.267018
2.466000 0.266880
2.467000 0.266741
2.468000 0.266603
2.469000 0.266465
2.470000 0.266326
2.471000 0.266188
2.472000 0.266050
2.473000 0.265912
2.474000 0.265775
2.475000 0.265637
2.476000 0.265499
2.477000 0.265362
2.478000 0.265224
2.479000 0.265087
2.480000 0.264950
2.481000 0.264813
2.482000 0.264676
2.483000 0.264539
2.484000 0.264402
2.485000 0.264266
2.486000 0.264129
2.487000 0.263992
2.488000 0.263856
2.489000 0.263720
2.490000 0.263584
2.491000 0.263447
2.492000 0.263311
2.493000 0.263176
2.494000 0.263040
2.495000 0.262904
2.496000 0.262768
2.497000 0.262633
2.498000 0.262498
2.499000 0.262362
2.500000 0.262227
2.501000 0.262092
2.502000 0.261957
2.503000 0.261822
2.504000 0.261687
2.505000 0.261552
2.506000 0.261418
2.507000 0.261283
2.508000 0.261149
2.509000 0.261014
2.510000 0.260880
2.511000 0.260746
2.512000 0.260612
2.513000 0.260478
2.514000 0.260344
2.515000 0.260211
2.516000 0.260077
2.517000 0.259943
2.518000 0.259810
2.519000 0.259676
2.520000 0.259543
2.521000 0.259410
2.522000 0.259277
2.523000 0.259144
2.524000 0.259011
2.525000 0.258878
2.526000 0.258746
2.527000 0.258613
2.528000 0.258481
2.529000 0.258348
2.530000 0.258216
2.531000 0.258084
2.532000 0.257952
2.533000 0.257819
2.534000 0.257688
2.535000 0.257556
2.536000 0.257424
2.537000 0.257292
2.538000 0.257161
2.539000 0.257029
2.540000 0.256898
2.541000 0.256767
2.542000 0.256636
2.543000 0.256504
2.544000 0.256374
2.545000 0.256243
2.546000 0.256112
2.547000 0.255981
2.548000 0.255851
2.549000 0.255720
2.550000 0.255590
2.551000 0.255459
2.552000 0.255329
2.553000 0.255199
2.554000 0.255069
2.555000 0.254939
2.556000 0.254809
2.557000 0.254679
2.558000 0.254550
2.559000 0.254420
2.560000 0.254291
2.561000 0.254161
2.562000 0.254032
2.563000 0.253903
2.564000 0.253774
2.565000 0.253645
2.566000 0.253516
2.567000 0.253387
2.568000 0.253258
2.569000 0.253130
2.570000 0.253001
2.571000 0.252873
2.572000 0.252744
2.573000 0.252616
2.574000 0.252488
2.575000 0.252360
2.576000 0.252232
2.577000 0.252104
2.578000 0.251976
2.579000 0.251848
2.580000 0.251721
2.581000 0.251593
2.582000 0.251466
2.583000 0.251338
2.584000 0.251211
2.585000 0.251084
2.586000 0.250957
2.587000 0.250830
2.588000 0.250703
2.589000 0.250576
2.590000 0.250449
2.591000 0.250323
2.592000 0.250196
2.593000 0.250070
2.594000 0.249943
2.595000 0.249817
2.596000 0.249691
2.597000 0.249565
2.598000 0.249439
2.599000 0.249313
2.600000 0.249187
2.601000 0.249061
2.602000 0.248936
2.603000 0.248810
2.604000 0.248685
2.605000 0.248559
2.606000 0.248434
2.607000 0.248309
2.608000 0.248184
2.609000 0.248059
2.610000 0.247934
2.611000 0.247809
2.612000 0.247684
2.613000 0.247560
2.614000 0.247435
2.615000 0.247311
2.616000 0.247186
2.617000 0.247062
2.618000 0.246938
2.619000 0.246814
2.620000 0.246690
2.621000 0.246566
2.622000 0.246442
2.623000 0.246318
2.624000 0.246194
2.625000 0.246071
2.626000 0.245947
2.627000 0.245824
2.628000 0.245701
2.629000 0.245577
2.630000 0.245454
2.631000 0.245331
2.632000 0.245208
2.633000 0.245085
2.634000 0.244963
2.635000 0.244840
2.636000 0.244717
2.637000 0.244595
2.638000 0.244472
2.639000 0.244350
2.640000 0.244228
2.641000 0.244105
2.642000 0.243983
2.643000 0.243861
2.644000 0.243739
2.645000 0.243618
2.646000 0.243496
2.647000 0.243374
2.648000 0.243253
2.649000 0.243131
2.650000 0.243010
2.651000 0.242888
2.652000 0.242767
2.653000 0.242646
2.654000 0.242525
2.655000 0.242404
2.656000 0.242283
2.657000 0.242162
2.658000 0.242041
2.659000 0.241921
2.660000 0.241800
2.661000 0.241680
2.662000 0.241559
2.663000 0.241439
2.664000 0.241319
2.665000 0.241199
2.666000 0.241079
2.667000 0.240959
2.668000 0.240839
2.669000 0.240719
2.670000 0.240600
2.671000 0.240480
2.672000 0.240360
2.673000 0.240241
2.674000 0.240122
2.675000 0.240002
2.676000 0.239883
2.677000 0.239764
2.678000 0.239645
2.679000 0.239526
2.680000 0.239407
2.681000 0.239289
2.682000 0.239170
2.683000 0.239051
2.684000 0.238933
2.685000 0.238814
2.686000 0.238696
2.687000 0.238578
2.688000 0.238460
2.689000 0.238341
2.690000 0.238223
2.691000 0.238105
2.692000 0.237988
2.693000 0.237870
2.694000 0.237752
2.695000 0.237635
2.696000 0.237517
2.697000 0.237400
2.698000 0.237282
2.699000 0.237165
2.700000 0.237048
2.701000 0.236931
2.702000 0.236814
2.703000 0.236697
2.704000 0.236580
2.705000 0.236463
2.706000 0.236347
2.707000 0.236230
2.708000 0.236113
2.709000 0.235997
2.710000 0.235881
2.711000 0.235764
2.712000 0.235648
2.713000 0.235532
2.714000 0.235416
2.715000 0.235300
2.716000 0.235184
2.717000 0.235068
2.718000 0.234953
2.719000 0.234837
2.720000 0.234722
2.721000 0.234606
2.722000 0.234491
2.723000 0.234375
2.724000 0.234260
2.725000 0.234145
2.726000 0.234030
2.727000 0.233915
2.728000 0.233800
2.729000 0.233685
2.730000 0.233571
2.731000 0.233456
2.732000 0.233341
2.733000 0.233227
2.734000 0.233112
2.735000 0.232998
2.736000 0.232884
2.737000 0.232770
2.738000 0.232656
2.739000 0.232542
2.740000 0.232428
2.741000 0.232314
2.742000 0.232200
2.743000 0.232086
2.744000 0.231973
2.745000 0.231859
2.746000 0.231746
2.747000 0.231632
2.748000 0.231519
2.749000 0.231406
2.750000 0.231293
2.751000 0.231180
2.752000 0.231067
2.753000 0.230954
2.754000 0.230841
2.755000 0.230728
2.756000 0.230616
2.757000 0.230503
2.758000 0.230390
2.759000 0.230278
2.760000 0.230166
2.761000 0.230053
2.762000 0.229941
2.763000 0.229829
2.764000 0.229717
2.765000 0.229605
2.766000 0.229493
2.767000 0.229382
2.768000 0.229270
2.769000 0.229158
2.770000 0.229047
2.771000 0.228935
2.772000 0.228824
2.773000 0.228712
2.774000 0.228601
2.775000 0.228490
2.776000 0.228379
2.777000 0.228268
2.778000 0.228157
2.779000 0.228046
2.780000 0.227935
2.781000 0.227825
2.782000 0.227714
2.783000 0.227603
2.784000 0.227493
2.785000 0.227382
2.786000 0.227272
2.787000 0.227162
2.788000 0.227052
2.789000 0.226942
2.790000 0.226832
2.791000 0.226722
2.792000 0.226612
2.793000 0.226502
2.794000 0.226392
2.795000 0.226283
2.796000 0.226173
2.797000 0.226064
2.798000 0.225954
2.799000 0.225845
2.800000 0.225736
2.801000 0.225626
2.802000 0.225517
2.803000 0.225408
2.804000 0.225299
2.805000 0.225190
2.806000 0.225082
2.807000 0.224973
2.808000 0.224864
2.809000 0.224756
2.810000 0.224647
2.811000 0.224539
2.812000 0.224430
2.813000 0.224322
2.814000 0.224214
2.815000 0.224106
2.816000 0.223998
2.817000 0.223890
2.818000 0.223782
2.819000 0.223674
2.820000 0.223566
2.821000 0.223459
2.822000 0.223351
2.823000 0.223243
2.824000 0.223136
2.825000 0.223029
2.826000 0.222921
2.827000 0.222814
2.828000 0.222707
2.829000 0.222600
2.830000 0.222493
2.831000 0.222386
2.832000 0.222279
2.833000 0.222172
2.834000 0.222066
2.835000 0.221959
2.836000 0.221852
2.837000 0.221746
2.838000 0.221639
2.839000 0.221533
2.840000 0.221427
2.841000 0.221321
2.842000 0.221214
2.843000 0.221108
2.844000 0.221002
2.845000 0.220897
2.846000 0.220791
2.847000 0.220685
2.848000 0.220579
2.849000 0.220474
2.850000 0.220368
2.851000 0.220263
2.852000 0.220157
2.853000 0.220052
2.854000 0.219947
2.855000 0.219841
2.856000 0.219736
2.857000 0.219631
2.858000 0.219526
2.859000 0.219421
2.860000 0.219317
2.861000 0.219212
2.862000 0.219107
2.863000 0.219003
2.864000 0.218898
2.865000 0.218794
2.866000 0.218689
2.867000 0.218585
2.868000 0.218481
2.869000 0.218376
2.870000 0.218272
2.871000 0.218168
2.872000 0.218064
2.873000 0.217961
2.874000 0.217857
2.875000 0.217753
2.876000 0.217649
2.877000 0.217546
2.878000 0.217442
2.879000 0.217339
2.880000 0.217235
2.881000 0.217132
2.882000 0.217029
2.883000 0.216926
2.884000 0.216822
2.885000 0.216719
2.886000 0.216616
2.887000 0.216514
2.888000 0.216411
2.889000 0.216308
2.890000 0.216205
2.891000 0.216103
2.892000 0.216000
2.893000 0.215898
2.894000 0.215795
2.895000 0.215693
2.896000 0.215591
2.897000 0.215488
2.898000 0.215386
2.899000 0.215284
2.900000 0.215182
2.901000 0.215080
2.902000 0.214979
2.903000 0.214877
2.904000 0.214775
2.905000 0.214673
2.906000 0.214572
2.907000 0.214470
2.908000 0.214369
2.909000 0.214268
2.910000 0.214166
2.911000 0.214065
2.912000 0.213964
2.913000 0.213863
2.914000 0.213762
2.915000 0.213661
2.916000 0.213560
2.917000 0.213459
2.918000 0.213358
2.919000 0.213258
2.920000 0.213157
2.921000 0.213057
2.922000 0.212956
2.923000 0.212856
2.924000 0.212755
2.925000 0.212655
2.926000 0.212555
2.927000 0.212455
2.928000 0.212355
2.929000 0.212255
2.930000 0.212155
2.931000 0.212055
2.932000 0.211955
2.933000 0.211856
2.934000 0.211756
2.935000 0.211656
2.936000 0.211557
2.937000 0.211457
2.938000 0.211358
2.939000 0.211259
2.940000 0.211159
2.941000 0.211060
2.942000 0.210961
2.943000 0.210862
2.944000 0.210763
2.945000 0.210664
2.946000 0.210565
2.947000 0.210467
2.948000 0.210368
2.949000 0.210269
2.950000 0.210171
2.951000 0.210072
2.952000 0.209974
2.953000 0.209875
2.954000 0.209777
2.955000 0.209679
2.956000 0.209581
2.957000 0.209483
2.958000 0.209384
2.959000 0.209287
2.960000 0.209189
2.961000 0.209091
2.962000 0.208993
2.963000 0.208895
2.964000 0.208798
2.965000 0.208700
2.966000 0.208603
2.967000 0.208505
2.968000 0.208408
2.969000 0.208310
2.970000 0.208213
2.971000 0.208116
2.972000 0.208019
2.973000 0.207922
2.974000 0.207825
2.975000 0.207728
2.976000 0.207631
2.977000 0.207534
2.978000 0.207438
2.979000 0.207341
2.980000 0.207244
2.981000 0.207148
2.982000 0.207051
2.983000 0.206955
2.984000 0.206859
2.985000 0.206762
2.986000 0.206666
2.987000 0.206570
2.988000 0.206474
2.989000 0.206378
2.990000 0.206282
2.991000 0.206186
2.992000 0.206090
2.993000 0.205994
2.994000 0.205899
2.995000 0.205803
2.996000 0.205708
2.997000 0.205612
2.998000 0.205517
2.999000 0.205421
3.000000 0.205326
3.001000 0.205231
3.002000 0.205136
3.003000 0.205040
3.004000 0.204945
3.005000 0.204850
3.006000 0.204755
3.007000 0.204661
3.008000 0.204566
3.009000 0.204471
3.010000 0.204376
3.011000 0.204282
3.012000 0.204187
3.013000 0.204093
3.014000 0.203998
3.015000 0.203904
3.016000 0.203810
3.017000 0.203716
3.018000 0.203621
3.019000 0.203527
3.020000 0.203433
3.021000 0.203339
3.022000 0.203245
3.023000 0.203151
3.024000 0.203058
3.025000 0.202964
3.026000 0.202870
3.027000 0.202777
3.028000 0.202683
3.029000 0.202590
3.030000 0.202496
3.031000 0.202403
3.032000 0.202310
3.033000 0.202216
3.034000 0.202123
3.035000 0.202030
3.036000 0.201937
3.037000 0.201844
3.038000 0.201751
3.039000 0.201658
3.040000 0.201566
3.041000 0.201473
3.042000 0.201380
3.043000 0.201288
3.044000 0.201195
3.045000 0.201103
3.046000 0.201010
3.047000 0.200918
3.048000 0.200826
3.049000 0.200733
3.050000 0.200641
3.051000 0.200549
3.052000 0.200457
3.053000 0.200365
3.054000 0.200273
3.055000 0.200181
3.056000 0.200089
3.057000 0.199998
3.058000 0.199906
3.059000 0.199814
3.060000 0.199723
3.061000 0.199631
3.062000 0.199540
3.063000 0.199449
3.064000 0.199357
3.065000 0.199266
3.066000 0.199175
3.067000 0.199084
3.068000 0.198993
3.069000 0.198902
3.070000 0.198811
3.071000 0.198720
3.072000 0.198629
3.073000 0.198538
3.074000 0.198447
3.075000 0.198357
3.076000 0.198266
3.077000 0.198176
3.078000 0.198085
3.079000 0.197995
3.080000 0.197904
3.081000 0.197814
3.082000 0.197724
3.083000 0.197634
3.084000 0.197544
3.085000 0.197453
3.086000 0.197363
3.087000 0.197274
3.088000 0.197184
3.089000 0.197094
3.090000 0.197004
3.091000 0.196914
3.092000 0.196825
3.093000 0.196735
3.094000 0.196646
3.095000 0.196556
3.096000 0.196467
3.097000 0.196377
3.098000 0.196288
3.099000 0.196199
3.100000 0.196110
3.101000 0.196021
3.102000 0.195932
3.103000 0.195843
3.104000 0.195754
3.105000 0.195665
3.106000 0.195576
3.107000 0.195487
3.108000 0.195399
3.109000 0.195310
3.110000 0.195221
3.111000 0.195133
3.112000 0.195044
3.113000 0.194956
3.114000 0.194868
3.115000 0.194779
3.116000 0.194691
3.117000 0.194603
3.118000 0.194515
3.119000 0.194427
3.120000 0.194339
3.121000 0.194251
3.122000 0.194163
3.123000 0.194075
3.124000 0.193987
3.125000 0.193900
3.126000 0.193812
3.127000 0.193724
3.128000 0.193637
3.129000 0.193549
3.130000 0.193462
3.131000 0.193375
3.132000 0.193287
3.133000 0.193200
3.134000 0.193113
3.135000 0.193026
3.136000 0.192939
3.137000 0.192852
3.138000 0.192765
3.139000 0.192678
3.140000 0.192591
3.141000 0.192504
3.142000 0.192417
3.143000 0.192331
3.144000 0.192244
3.145000 0.192157
3.146000 0.192071
3.147000 0.191984
3.148000 0.191898
3.149000 0.191812
3.150000 0.191725
3.151000 0.191639
3.152000 0.191553
3.153000 0.191467
3.154000 0.191381
3.155000 0.191295
3.156000 0.191209
3.157000 0.191123
3.158000 0.191037
3.159000 0.190951
3.160000 0.190866
3.161000 0.190780
3.162000 0.190694
3.163000 0.190609
3.164000 0.190523
3.165000 0.190438
3.166000 0.190353
3.167000 0.190267
3.168000 0.190182
3.169000 0.190097
3.170000 0.190012
3.171000 0.189926
3.172000 0.189841
3.173000 0.189756
3.174000 0.189671
3.175000 0.189587
3.176000 0.189502
3.177000 0.189417
3.178000 0.189332
3.179000 0.189248
3.180000 0.189163
3.181000 0.189078
3.182000 0.188994
3.183000 0.188909
3.184000 0.188825
3.185000 0.188741
3.186000 0.188656
3.187000 0.188572
3.188000 0.188488
3.189000 0.188404
3.190000 0.188320
3.191000 0.188236
3.192000 0.188152
3.193000 0.188068
3.194000 0.187984
3.195000 0.187900
3.196000 0.187817
3.197000 0.187733
3.198000 0.187649
3.199000 0.187566
3.200000 0.187482
3.201000 0.187399
3.202000 0.187315
3.203000 0.187232
3.204000 0.187149
3.205000 0.187065
3.206000 0.186982
3.207000 0.186899
3.208000 0.186816
3.209000 0.186733
3.210000 0.186650
3.211000 0.186567
3.212000 0.186484
3.213000 0.186401
3.214000 0.186319
3.215000 0.186236
3.216000 0.186153
3.217000 0.186071
3.218000 0.185988
3.219000 0.185905
3.220000 0.185823
3.221000 0.185741
3.222000 0.185658
3.223000 0.185576
3.224000 0.185494
3.225000 0.185412
3.226000 0.185329
3.227000 0.185247
3.228000 0.185165
3.229000 0.185083
3.230000 0.185002
3.231000 0.184920
3.232000 0.184838
3.233000 0.184756
3.234000 0.184674
3.235000 0.184593
3.236000 0.184511
3.237000 0.184430
3.238000 0.184348
3.239000 0.184267
3.240000 0.184185
3.241000 0.184104
3.242000 0.184023
3.243000 0.183941
3.244000 0.183860
3.245000 0.183779
3.246000 0.183698
3.247000 0.183617
3.248000 0.183536
3.249000 0.183455
3.250000 0.183374
3.251000 0.183293
3.252000 0.183213
3.253000 0.183132
3.254000 0.183051
3.255000 0.182971
3.256000 0.182890
3.257000 0.182810
3.258000 0.182729
3.259000 0.182649
3.260000 0.182568
3.261000 0.182488
3.262000 0.182408
3.263000 0.182328
3.264000 0.182247
3.265000 0.182167
3.266000 0.182087
3.267000 0.182007
3.268000 0.181927
3.269000 0.181848
3.270000 0.181768
3.271000 0.181688
3.272000 0.181608
3.273000 0.181528
3.274000 0.181449
3.275000 0.181369
3.276000 0.181290
3.277000 0.181210
3.278000 0.181131
3.279000 0.181051
3.280000 0.180972
3.281000 0.180893
3.282000 0.180814
3.283000 0.180734
3.284000 0.180655
3.285000 0.180576
3.286000 0.180497
3.287000 0.180418
3.288000 0.180339
3.289000 0.180260
3.290000 0.180182
3.291000 0.180103
3.292000 0.180024
3.293000 0.179945
3.294000 0.179867
3.295000 0.179788
3.296000 0.179710
3.297000 0.179631
3.298000 0.179553
3.299000 0.179474
3.300000 0.179396
3.301000 0.179318
3.302000 0.179240
3.303000 0.179161
3.304000 0.179083
3.305000 0.179005
3.306000 0.178927
3.307000 0.178849
3.308000 0.178771
3.309000 0.178693
3.310000 0.178616
3.311000 0.178538
3.312000 0.178460
3.313000 0.178382
3.314000 0.178305
3.315000 0.178227
3.316000 0.178150
3.317000 0.178072
3.318000 0.177995
3.319000 0.177917
3.320000 0.177840
3.321000 0.177763
3.322000 0.177686
3.323000 0.177608
3.324000 0.177531
3.325000 0.177454
3.326000 0.177377
3.327000 0.177300
3.328000 0.177223
3.329000 0.177146
3.330000 0.177069
3.331000 0.176993
3.332000 0.176916
3.333000 0.176839
3.334000 0.176763
3.335000 0.176686
3.336000 0.176609
3.337000 0.176533
3.338000 0.176456
3.339000 0.176380
3.340000 0.176304
3.341000 0.176227
3.342000 0.176151
3.343000 0.176075
3.344000 0.175999
3.345000 0.175923
3.346000 0.175847
3.347000 0.175771
3.348000 0.175695
3.349000 0.175619
3.350000 0.175543
3.351000 0.175467
3.352000 0.175391
3.353000 0.175315
3.354000 0.175240
3.355000 0.175164
3.356000 0.175088
3.357000 0.175013
3.358000 0.174937
3.359000 0.174862
3.360000 0.174787
3.361000 0.174711
3.362000 0.174636
3.363000 0.174561
3.364000 0.174485
3.365000 0.174410
3.366000 0.174335
3.367000 0.174260
3.368000 0.174185
3.369000 0.174110
3.370000 0.174035
3.371000 0.173960
3.372000 0.173885
3.373000 0.173811
3.374000 0.173736
3.375000 0.173661
3.376000 0.173587
3.377000 0.173512
3.378000 0.173437
3.379000 0.173363
3.380000 0.173288
3.381000 0.173214
3.382000 0.173140
3.383000 0.173065
3.384000 0.172991
3.385000 0.172917
3.386000 0.172843
3.387000 0.172769
3.388000 0.172694
3.389000 0.172620
3.390000 0.172546
3.391000 0.172472
3.392000 0.172399
3.393000 0.172325
3.394000 0.172251
3.395000 0.172177
3.396000 0.172103
3.397000 0.172030
3.398000 0.171956
3.399000 0.171883
3.400000 0.171809
3.401000 0.171736
3.402000 0.171662
3.403000 0.171589
3.404000 0.171515
3.405000 0.171442
3.406000 0.171369
3.407000 0.171296
3.408000 0.171222
3.409000 0.171149
3.410000 0.171076
3.411000 0.171003
3.412000 0.170930
3.413000 0.170857
3.414000 0.170784
3.415000 0.170712
3.416000 0.170639
3.417000 0.170566
3.418000 0.170493
3.419000 0.170421
3.420000 0.170348
3.421000 0.170275
3.422000 0.170203
3.423000 0.170130
3.424000 0.170058
3.425000 0.169986
3.426000 0.169913
3.427000 0.169841
3.428000 0.169769
3.429000 0.169696
3.430000 0.169624
3.431000 0.169552
3.432000 0.169480
3.433000 0.169408
3.434000 0.169336
3.435000 0.169264
3.436000 0.169192
3.437000 0.169120
3.438000 0.169049
3.439000 0.168977
3.440000 0.168905
3.441000 0.168833
3.442000 0.168762
3.443000 0.168690
3.444000 0.168619
3.445000 0.168547
3.446000 0.168476
3.447000 0.168404
3.448000 0.168333
3.449000 0.168262
3.450000 0.168190
3.451000 0.168119
3.452000 0.168048
3.453000 0.167977
3.454000 0.167906
3.455000 0.167835
3.456000 0.167764
3.457000 0.167693
3.458000 0.167622
3.459000 0.167551
3.460000 0.167480
3.461000 0.167409
3.462000 0.167338
3.463000 0.167268
3.464000 0.167197
3.465000 0.167126
3.466000 0.167056
3.467000 0.166985
3.468000 0.166915
3.469000 0.166844
3.470000 0.166774
3.471000 0.166704
3.472000 0.166633
3.473000 0.166563
3.474000 0.166493
3.475000 0.166423
3.476000 0.166352
3.477000 0.166282
3.478000 0.166212
3.479000 0.166142
3.480000 0.166072
3.481000 0.166002
3.482000 0.165933
3.483000 0.165863
3.484000 0.165793
3.485000 0.165723
3.486000 0.165653
3.487000 0.165584
3.488000 0.165514
3.489000 0.165445
3.490000 0.165375
3.491000 0.165305
3.492000 0.165236
3.493000 0.165167
3.494000 0.165097
3.495000 0.165028
3.496000 0.164959
3.497000 0.164889
3.498000 0.164820
3.499000 0.164751
3.500000 0.164682
3.501000 0.164613
3.502000 0.164544
3.503000 0.164475
3.504000 0.164406
3.505000 0.164337
3.506000 0.164268
3.507000 0.164199
3.508000 0.164131
3.509000 0.164062
3.510000 0.163993
3.511000 0.163925
3.512000 0.163856
3.513000 0.163787
3.514000 0.163719
3.515000 0.163650
3.516000 0.163582
3.517000 0.163514
3.518000 0.163445
3.519000 0.163377
3.520000 0.163309
3.521000 0.163240
3.522000 0.163172
3.523000 0.163104
3.524000 0.163036
3.525000 0.162968
3.526000 0.162900
3.527000 0.162832
3.528000 0.162764
3.529000 0.162696
3.530000 0.162628
3.531000 0.162560
3.532000 0.162493
3.533000 0.162425
3.534000 0.162357
3.535000 0.162290
3.536000 0.162222
3.537000 0.162154
3.538000 0.162087
3.539000 0.162019
3.540000 0.161952
3.541000 0.161885
3.542000 0.161817
3.543000 0.161750
3.544000 0.161683
3.545000 0.161615
3.546000 0.161548
3.547000 0.161481
3.548000 0.161414
3.549000 0.161347
3.550000 0.161280
3.551000 0.161213
3.552000 0.161146
3.553000 0.161079
3.554000 0.161012
3.555000 0.160945
3.556000 0.160878
3.557000 0.160812
3.558000 0.160745
3.559000 0.160678
3.560000 0.160612
3.561000 0.160545
3.562000 0.160479
3.563000 0.160412
3.564000 0.160346
3.565000 0.160279
3.566000 0.160213
3.567000 0.160146
3.568000 0.160080
3.569000 0.160014
3.570000 0.159948
3.571000 0.159882
3.572000 0.159815
3.573000 0.159749
3.574000 0.159683
3.575000 0.159617
3.576000 0.159551
3.577000 0.159485
3.578000 0.159419
3.579000 0.159354
3.580000 0.159288
3.581000 0.159222
3.582000 0.159156
3.583000 0.159090
3.584000 0.159025
3.585000 0.158959
3.586000 0.158894
3.587000 0.158828
3.588000 0.158763
3.589000 0.158697
3.590000 0.158632
3.591000 0.158566
3.592000 0.158501
3.593000 0.158436
3.594000 0.158370
3.595000 0.158305
3.596000 0.158240
3.597000 0.158175
3.598000 0.158110
3.599000 0.158045
3.600000 0.157980
3.601000 0.157915
3.602000 0.157850
3.603000 0.157785
3.604000 0.157720
3.605000 0.157655
3.606000 0.157590
3.607000 0.157526
3.608000 0.157461
3.609000 0.157396
3.610000 0.157331
3.611000 0.157267
3.612000 0.157202
3.613000 0.157138
3.614000 0.157073
3.615000 0.157009
3.616000 0.156944
3.617000 0.156880
3.618000 0.156816
3.619000 0.156751
3.620000 0.156687
3.621000 0.156623
3.622000 0.156559
3.623000 0.156495
3.624000 0.156431
3.625000 0.156367
3.626000 0.156303
3.627000 0.156239
3.628000 0.156175
3.629000 0.156111
3.630000 0.156047
3.631000 0.155983
3.632000 0.155919
3.633000 0.155855
3.634000 0.155792
3.635000 0.155728
3.636000 0.155664
3.637000 0.155601
3.638000 0.155537
3.639000 0.155474
3.640000 0.155410
3.641000 0.155347
3.642000 0.155283
3.643000 0.155220
3.644000 0.155157
3.645000 0.155093
3.646000 0.155030
3.647000 0.154967
3.648000 0.154904
3.649000 0.154841
3.650000 0.154778
3.651000 0.154714
3.652000 0.154651
3.653000 0.154588
3.654000 0.154526
3.655000 0.154463
3.656000 0.154400
3.657000 0.154337
3.658000 0.154274
3.659000 0.154211
3.660000 0.154149
3.661000 0.154086
3.662000 0.154023
3.663000 0.153961
3.664000 0.153898
3.665000 0.153836
3.666000 0.153773
3.667000 0.153711
3.668000 0.153648
3.669000 0.153586
3.670000 0.153523
3.671000 0.153461
3.672000 0.153399
3.673000 0.153337
3.674000 0.153274
3.675000 0.153212
3.676000 0.153150
3.677000 0.153088
3.678000 0.153026
3.679000 0.152964
3.680000 0.152902
3.681000 0.152840
3.682000 0.152778
3.683000 0.152716
3.684000 0.152654
3.685000 0.152592
3.686000 0.152531
3.687000 0.152469
3.688000 0.152407
3.689000 0.152346
3.690000 0.152284
3.691000 0.152222
3.692000 0.152161
3.693000 0.152099
3.694000 0.152038
3.695000 0.151976
3.696000 0.151915
3.697000 0.151854
3.698000 0.151792
3.699000 0.151731
3.700000 0.151670
3.701000 0.151609
3.702000 0.151547
3.703000 0.151486
3.704000 0.151425
3.705000 0.151364
3.706000 0.151303
3.707000 0.151242
3.708000 0.151181
3.709000 0.151120
3.710000 0.151059
3.711000 0.150998
3.712000 0.150938
3.713000 0.150877
3.714000 0.150816
3.715000 0.150755
3.716000 0.150695
3.717000 0.150634
3.718000 0.150573
3.719000 0.150513
3.720000 0.150452
3.721000 0.150392
3.722000 0.150331
3.723000 0.150271
3.724000 0.150211
3.725000 0.150150
3.726000 0.150090
3.727000 0.150030
3.728000 0.149969
3.729000 0.149909
3.730000 0.149849
3.731000 0.149789
3.732000 0.149729
3.733000 0.149669
3.734000 0.149609
3.735000 0.149549
3.736000 0.149489
3.737000 0.149429
3.738000 0.149369
3.739000 0.149309
3.740000 0.149249
3.741000 0.149189
3.742000 0.149130
3.743000 0.149070
3.744000 0.149010
3.745000 0.148951
3.746000 0.148891
3.747000 0.148831
3.748000 0.148772
3.749000 0.148712
3.750000 0.148653
3.751000 0.148594
3.752000 0.148534
3.753000 0.148475
3.754000 0.148415
3.755000 0.148356
3.756000 0.148297
3.757000 0.148238
3.758000 0.148178
3.759000 0.148119
3.760000 0.148060
3.761000 0.148001
3.762000 0.147942
3.763000 0.147883
3.764000 0.147824
3.765000 0.147765
3.766000 0.147706
3.767000 0.147647
3.768000 0.147588
3.769000 0.147530
3.770000 0.147471
3.771000 0.147412
3.772000 0.147353
3.773000 0.147295
3.774000 0.147236
3.775000 0.147177
3.776000 0.147119
3.777000 0.147060
3.778000 0.147002
3.779000 0.146943
3.780000 0.146885
3.781000 0.146827
3.782000 0.146768
3.783000 0.146710
3.784000 0.146652
3.785000 0.146593
3.786000 0.146535
3.787000 0.146477
3.788000 0.146419
3.789000 0.146361
3.790000 0.146302
3.791000 0.146244
3.792000 0.146186
3.793000 0.146128
3.794000 0.146070
3.795000 0.146013
3.796000 0.145955
3.797000 0.145897
3.798000 0.145839
3.799000 0.145781
3.800000 0.145723
3.801000 0.145666
3.802000 0.145608
3.803000 0.145550
3.804000 0.145493
3.805000 0.145435
3.806000 0.145378
3.807000 0.145320
3.808000 0.145263
3.809000 0.145205
3.810000 0.145148
3.811000 0.145090
3.812000 0.145033
3.813000 0.144976
3.814000 0.144918
3.815000 0.144861
3.816000 0.144804
3.817000 0.144747
3.818000 0.144690
3.819000 0.144632
3.820000 0.144575
3.821000 0.144518
3.822000 0.144461
3.823000 0.144404
3.824000 0.144347
3.825000 0.144290
3.826000 0.144233
3.827000 0.144177
3.828000 0.144120
3.829000 0.144063
3.830000 0.144006
3.831000 0.143950
3.832000 0.143893
3.833000 0.143836
3.834000 0.143780
3.835000 0.143723
3.836000 0.143666
3.837000 0.143610
3.838000 0.143553
3.839000 0.143497
3.840000 0.143440
3.841000 0.143384
3.842000 0.143328
3.843000 0.143271
3.844000 0.143215
3.845000 0.143159
3.846000 0.143103
3.847000 0.143046
3.848000 0.142990
3.849000 0.142934
3.850000 0.142878
3.851000 0.142822
3.852000 0.142766
3.853000 0.142710
3.854000 0.142654
3.855000 0.142598
3.856000 0.142542
3.857000 0.142486
3.858000 0.142430
3.859000 0.142374
3.860000 0.142319
3.861000 0.142263
3.862000 0.142207
3.863000 0.142152
3.864000 0.142096
3.865000 0.142040
3.866000 0.141985
3.867000 0.141929
3.868000 0.141874
3.869000 0.141818
3.870000 0.141763
3.871000 0.141707
3.872000 0.141652
3.873000 0.141596
3.874000 0.141541
3.875000 0.141486
3.876000 0.141431
3.877000 0.141375
3.878000 0.141320
3.879000 0.141265
3.880000 0.141210
3.881000 0.141155
3.882000 0.141100
3.883000 0.141045
3.884000 0.140989
3.885000 0.140935
3.886000 0.140880
3.887000 0.140825
3.888000 0.140770
3.889000 0.140715
3.890000 0.140660
3.891000 0.140605
3.892000 0.140550
3.893000 0.140496
3.894000 0.140441
3.895000 0.140386
3.896000 0.140332
3.897000 0.140277
3.898000 0.140223
3.899000 0.140168
3.900000 0.140113
3.901000 0.140059
3.902000 0.140005
3.903000 0.139950
3.904000 0.139896
3.905000 0.139841
3.906000 0.139787
3.907000 0.139733
3.908000 0.139679
3.909000 0.139624
3.910000 0.139570
3.911000 0.139516
3.912000 0.139462
3.913000 0.139408
3.914000 0.139354
3.915000 0.139300
3.916000 0.139245
3.917000 0.139192
3.918000 0.139138
3.919000 0.139084
3.920000 0.139030
3.921000 0.138976
3.922000 0.138922
3.923000 0.138868
3.924000 0.138814
3.925000 0.138761
3.926000 0.138707
3.927000 0.138653
3.928000 0.138600
3.929000 0.138546
3.930000 0.138492
3.931000 0.138439
3.932000 0.138385
3.933000 0.138332
3.934000 0.138278
3.935000 0.138225
3.936000 0.138172
3.937000 0.138118
3.938000 0.138065
3.939000 0.138012
3.940000 0.137958
3.941000 0.137905
3.942000 0.137852
3.943000 0.137799
3.944000 0.137745
3.945000 0.137692
3.946000 0.137639
3.947000 0.137586
3.948000 0.137533
3.949000 0.137480
3.950000 0.137427
3.951000 0.137374
3.952000 0.137321
3.953000 0.137268
3.954000 0.137215
3.955000 0.137163
3.956000 0.137110
3.957000 0.137057
3.958000 0.137004
3.959000 0.136952
3.960000 0.136899
3.961000 0.136846
3.962000 0.136794
3.963000 0.136741
3.964000 0.136688
3.965000 0.136636
3.966000 0.136583
3.967000 0.136531
3.968000 0.136478
3.969000 0.136426
3.970000 0.136374
3.971000 0.136321
3.972000 0.136269
3.973000 0.136217
3.974000 0.136164
3.975000 0.136112
3.976000 0.136060
3.977000 0.136008
3.978000 0.135956
3.979000 0.135904
3.980000 0.135851
3.981000 0.135799
3.982000 0.135747
3.983000 0.135695
3.984000 0.135643
3.985000 0.135591
3.986000 0.135540
3.987000 0.135488
3.988000 0.135436
3.989000 0.135384
3.990000 0.135332
3.991000 0.135280
3.992000 0.135229
3.993000 0.135177
3.994000 0.135125
3.995000 0.135074
3.996000 0.135022
3.997000 0.134970
3.998000 0.134919
3.999000 0.134867
4.000000 0.134816
4.001000 0.134764
4.002000 0.134713
4.003000 0.134661
4.004000 0.134610
4.005000 0.134559
4.006000 0.134507
4.007000 0.134456
4.008000 0.134405
4.009000 0.134354
4.010000 0.134302
4.011000 0.134251
4.012000 0.134200
4.013000 0.134149
4.014000 0.134098
4.015000 0.134047
4.016000 0.133996
4.017000 0.133945
4.018000 0.133894
4.019000 0.133843
4.020000 0.133792
4.021000 0.133741
4.022000 0.133690
4.023000 0.133639
4.024000 0.133588
4.025000 0.133538
4.026000 0.133487
4.027000 0.133436
4.028000 0.133385
4.029000 0.133335
4.030000 0.133284
4.031000 0.133233
4.032000 0.133183
4.033000 0.133132
4.034000 0.133082
4.035000 0.133031
4.036000 0.132981
4.037000 0.132930
4.038000 0.132880
4.039000 0.132829
4.040000 0.132779
4.041000 0.132729
4.042000 0.132678
4.043000 0.132628
4.044000 0.132578
4.045000 0.132528
4.046000 0.132477
4.047000 0.132427
4.048000 0.132377
4.049000 0.132327
4.050000 0.132277
4.051000 0.132227
4.052000 0.132177
4.053000 0.132127
4.054000 0.132077
4.055000 0.132027
4.056000 0.131977
4.057000 0.131927
4.058000 0.131877
4.059000 0.131828
4.060000 0.131778
4.061000 0.131728
4.062000 0.131678
4.063000 0.131628
4.064000 0.131579
4.065000 0.131529
4.066000 0.131479
4.067000 0.131430
4.068000 0.131380
4.069000 0.131331
4.070000 0.131281
4.071000 0.131232
4.072000 0.131182
4.073000 0.131133
4.074000 0.131083
4.075000 0.131034
4.076000 0.130985
4.077000 0.130935
4.078000 0.130886
4.079000 0.130837
4.080000 0.130787
4.081000 0.130738
4.082000 0.130689
4.083000 0.130640
4.084000 0.130591
4.085000 0.130542
4.086000 0.130492
4.087000 0.130443
4.088000 0.130394
4.089000 0.130345
4.090000 0.130296
4.091000 0.130247
4.092000 0.130198
4.093000 0.130150
4.094000 0.130101
4.095000 0.130052
4.096000 0.130003
4.097000 0.129954
4.098000 0.129905
4.099000 0.129857
4.100000 0.129808
4.101000 0.129759
4.102000 0.129711
4.103000 0.129662
4.104000 0.129613
4.105000 0.129565
4.106000 0.129516
4.107000 0.129468
4.108000 0.129419
4.109000 0.129371
4.110000 0.129322
4.111000 0.129274
4.112000 0.129226
4.113000 0.129177
4.114000 0.129129
4.115000 0.129081
4.116000 0.129032
4.117000 0.128984
4.118000 0.128936
4.119000 0.128888
4.120000 0.128839
4.121000 0.128791
4.122000 0.128743
4.123000 0.128695
4.124000 0.128647
4.125000 0.128599
4.126000 0.128551
4.127000 0.128503
4.128000 0.128455
4.129000 0.128407
4.130000 0.128359
4.131000 0.128311
4.132000 0.128263
4.133000 0.128216
4.134000 0.128168
4.135000 0.128120
4.136000 0.128072
4.137000 0.128025
4.138000 0.127977
4.139000 0.127929
4.140000 0.127881
4.141000 0.127834
4.142000 0.127786
4.143000 0.127739
4.144000 0.127691
4.145000 0.127644
4.146000 0.127596
4.147000 0.127549
4.148000 0.127501
4.149000 0.127454
4.150000 0.127406
4.151000 0.127359
4.152000 0.127312
4.153000 0.127264
4.154000 0.127217
4.155000 0.127170
4.156000 0.127123
4.157000 0.127075
4.158000 0.127028
4.159000 0.126981
4.160000 0.126934
4.161000 0.126887
4.162000 0.126840
4.163000 0.126793
4.164000 0.126746
4.165000 0.126699
4.166000 0.126652
4.167000 0.126605
4.168000 0.126558
4.169000 0.126511
4.170000 0.126464
4.171000 0.126417
4.172000 0.126370
4.173000 0.126324
4.174000 0.126277
4.175000 0.126230
4.176000 0.126183
4.177000 0.126137
4.178000 0.126090
4.179000 0.126043
4.180000 0.125997
4.181000 0.125950
4.182000 0.125904
4.183000 0.125857
4.184000 0.125811
4.185000 0.125764
4.186000 0.125718
4.187000 0.125671
4.188000 0.125625
4.189000 0.125578
4.190000 0.125532
4.191000 0.125486
4.192000 0.125439
4.193000 0.125393
4.194000 0.125347
4.195000 0.125301
4.196000 0.125254
4.197000 0.125208
4.198000 0.125162
4.199000 0.125116
4.200000 0.125070
4.201000 0.125024
4.202000 0.124978
4.203000 0.124932
4.204000 0.124886
4.205000 0.124840
4.206000 0.124794
4.207000 0.124748
4.208000 0.124702
4.209000 0.124656
4.210000 0.124610
4.211000 0.124564
4.212000 0.124518
4.213000 0.124473
4.214000 0.124427
4.215000 0.124381
4.216000 0.124335
4.217000 0.124290
4.218000 0.124244
4.219000 0.124198
4.220000 0.124153
4.221000 0.124107
4.222000 0.124062
4.223000 0.124016
4.224000 0.123971
4.225000 0.123925
4.226000 0.123880
4.227000 0.123834
4.228000 0.123789
4.229000 0.123743
4.230000 0.123698
4.231000 0.123653
4.232000 0.123607
4.233000 0.123562
4.234000 0.123517
4.235000 0.123472
4.236000 0.123426
4.237000 0.123381
4.238000 0.123336
4.239000 0.123291
4.240000 0.123246
4.241000 0.123201
4.242000 0.123156
4.243000 0.123111
4.244000 0.123066
4.245000 0.123021
4.246000 0.122976
4.247000 0.122931
4.248000 0.122886
4.249000 0.122841
4.250000 0.122796
4.251000 0.122751
4.252000 0.122706
4.253000 0.122661
4.254000 0.122617
4.255000 0.122572
4.256000 0.122527
4.257000 0.122482
4.258000 0.122438
4.259000 0.122393
4.260000 0.122348
4.261000 0.122304
4.262000 0.122259
4.263000 0.122215
4.264000 0.122170
4.265000 0.122126
4.266000 0.122081
4.267000 0.122037
4.268000 0.121992
4.269000 0.121948
4.270000 0.121903
4.271000 0.121859
4.272000 0.121815
4.273000 0.121770
4.274000 0.121726
4.275000 0.121682
4.276000 0.121638
4.277000 0.121593
4.278000 0.121549
4.279000 0.121505
4.280000 0.121461
4.281000 0.121417
4.282000 0.121372
4.283000 0.121328
4.284000 0.121284
4.285000 0.121240
4.286000 0.121196
4.287000 0.121152
4.288000 0.121108
4.289000 0.121064
4.290000 0.121020
4.291000 0.120977
4.292000 0.120933
4.293000 0.120889
4.294000 0.120845
4.295000 0.120801
4.296000 0.120757
4.297000 0.120714
4.298000 0.120670
4.299000 0.120626
4.300000 0.120583
4.301000 0.120539
4.302000 0.120495
4.303000 0.120452
4.304000 0.120408
4.305000 0.120364
4.306000 0.120321
4.307000 0.120277
4.308000 0.120234
4.309000 0.120190
4.310000 0.120147
4.311000 0.120103
4.312000 0.120060
4.313000 0.120017
4.314000 0.119973
4.315000 0.119930
4.316000 0.119887
4.317000 0.119843
4.318000 0.119800
4.319000 0.119757
4.320000 0.119714
4.321000 0.119670
4.322000 0.119627
4.323000 0.119584
4.324000 0.119541
4.325000 0.119498
4.326000 0.119455
4.327000 0.119412
4.328000 0.119369
4.329000 0.119326
4.330000 0.119283
4.331000 0.119240
4.332000 0.119197
4.333000 0.119154
4.334000 0.119111
4.335000 0.119068
4.336000 0.119025
4.337000 0.118982
4.338000 0.118940
4.339000 0.118897
4.340000 0.118854
4.341000 0.118811
4.342000 0.118768
4.343000 0.118726
4.344000 0.118683
4.345000 0.118640
4.346000 0.118598
4.347000 0.118555
4.348000 0.118513
4.349000 0.118470
4.350000 0.118428
4.351000 0.118385
4.352000 0.118343
4.353000 0.118300
4.354000 0.118258
4.355000 0.118215
4.356000 0.118173
4.357000 0.118130
4.358000 0.118088
4.359000 0.118046
4.360000 0.118003
4.361000 0.117961
4.362000 0.117919
4.363000 0.117877
4.364000 0.117834
4.365000 0.117792
4.366000 0.117750
4.367000 0.117708
4.368000 0.117666
4.369000 0.117624
4.370000 0.117581
4.371000 0.117539
4.372000 0.117497
4.373000 0.117455
4.374000 0.117413
4.375000 0.117371
4.376000 0.117329
4.377000 0.117287
4.378000 0.117246
4.379000 0.117204
4.380000 0.117162
4.381000 0.117120
4.382000 0.117078
4.383000 0.117036
4.384000 0.116994
4.385000 0.116953
4.386000 0.116911
4.387000 0.116869
4.388000 0.116828
4.389000 0.116786
4.390000 0.116744
4.391000 0.116703
4.392000 0.116661
4.393000 0.116619
4.394000 0.116578
4.395000 0.116536
4.396000 0.116495
4.397000 0.116453
4.398000 0.116412
4.399000 0.116370
4.400000 0.116329
4.401000 0.116288
4.402000 0.116246
4.403000 0.116205
4.404000 0.116163
4.405000 0.116122
4.406000 0.116081
4.407000 0.116040
4.408000 0.115998
4.409000 0.115957
4.410000 0.115916
4.411000 0.115875
4.412000 0.115834
4.413000 0.115792
4.414000 0.115751
4.415000 0.115710
4.416000 0.115669
4.417000 0.115628
4.418000 0.115587
4.419000 0.115546
4.420000 0.115505
4.421000 0.115464
4.422000 0.115423
4.423000 0.115382
4.424000 0.115341
4.425000 0.115300
4.426000 0.115259
4.427000 0.115219
4.428000 0.115178
4.429000 0.115137
4.430000 0.115096
4.431000 0.115055
4.432000 0.115015
4.433000 0.114974
4.434000 0.114933
4.435000 0.114893
4.436000 0.114852
4.437000 0.114811
4.438000 0.114771
4.439000 0.114730
4.440000 0.114689
4.441000 0.114649
4.442000 0.114608
4.443000 0.114568
4.444000 0.114527
4.445000 0.114487
4.446000 0.114446
4.447000 0.114406
4.448000 0.114366
4.449000 0.114325
4.450000 0.114285
4.451000 0.114245
4.452000 0.114204
4.453000 0.114164
4.454000 0.114124
4.455000 0.114083
4.456000 0.114043
4.457000 0.114003
4.458000 0.113963
4.459000 0.113923
4.460000 0.113882
4.461000 0.113842
4.462000 0.113802
4.463000 0.113762
4.464000 0.113722
4.465000 0.113682
4.466000 0.113642
4.467000 0.113602
4.468000 0.113562
4.469000 0.113522
4.470000 0.113482
4.471000 0.113442
4.472000 0.113402
4.473000 0.113362
4.474000 0.113323
4.475000 0.113283
4.476000 0.113243
4.477000 0.113203
4.478000 0.113163
4.479000 0.113124
4.480000 0.113084
4.481000 0.113044
4.482000 0.113004
4.483000 0.112965
4.484000 0.112925
4.485000 0.112886
4.486000 0.112846
4.487000 0.112806
4.488000 0.112767
4.489000 0.112727
4.490000 0.112688
4.491000 0.112648
4.492000 0.112609
4.493000 0.112569
4.494000 0.112530
4.495000 0.112490
4.496000 0.112451
4.497000 0.112412
4.498000 0.112372
4.499000 0.112333
4.500000 0.112294
4.501000 0.112254
4.502000 0.112215
4.503000 0.112176
4.504000 0.112136
4.505000 0.112097
4.506000 0.112058
4.507000 0.112019
4.508000 0.111980
4.509000 0.111941
4.510000 0.111901
4.511000 0.111862
4.512000 0.111823
4.513000 0.111784
4.514000 0.111745
4.515000 0.111706
4.516000 0.111667
4.517000 0.111628
4.518000 0.111589
4.519000 0.111550
4.520000 0.111511
4.521000 0.111472
4.522000 0.111434
4.523000 0.111395
4.524000 0.111356
4.525000 0.111317
4.526000 0.111278
4.527000 0.111239
4.528000 0.111201
4.529000 0.111162
4.530000 0.111123
4.531000 0.111085
4.532000 0.111046
4.533000 0.111007
4.534000 0.110969
4.535000 0.110930
4.536000 0.110891
4.537000 0.110853
4.538000 0.110814
4.539000 0.110776
4.540000 0.110737
4.541000 0.110699
4.542000 0.110660
4.543000 0.110622
4.544000 0.110583
4.545000 0.110545
4.546000 0.110506
4.547000 0.110468
4.548000 0.110430
4.549000 0.110391
4.550000 0.110353
4.551000 0.110315
4.552000 0.110276
4.553000 0.110238
4.554000 0.110200
4.555000 0.110162
4.556000 0.110123
4.557000 0.110085
4.558000 0.110047
4.559000 0.110009
4.560000 0.109971
4.561000 0.109933
4.562000 0.109895
4.563000 0.109857
4.564000 0.109819
4.565000 0.109781
4.566000 0.109743
4.567000 0.109705
4.568000 0.109667
4.569000 0.109629
4.570000 0.109591
4.571000 0.109553
4.572000 0.109515
4.573000 0.109477
4.574000 0.109439
4.575000 0.109401
4.576000 0.109364
4.577000 0.109326
4.578000 0.109288
4.579000 0.109250
4.580000 0.109212
4.581000 0.109175
4.582000 0.109137
4.583000 0.109099
4.584000 0.109062
4.585000 0.109024
4.586000 0.108986
4.587000 0.108949
4.588000 0.108911
4.589000 0.108874
4.590000 0.108836
4.591000 0.108799
4.592000 0.108761
4.593000 0.108724
4.594000 0.108686
4.595000 0.108649
4.596000 0.108611
4.597000 0.108574
4.598000 0.108536
4.599000 0.108499
4.600000 0.108462
4.601000 0.108424
4.602000 0.108387
4.603000 0.108350
4.604000 0.108312
4.605000 0.108275
4.606000 0.108238
4.607000 0.108201
4.608000 0.108164
4.609000 0.108126
4.610000 0.108089
4.611000 0.108052
4.612000 0.108015
4.613000 0.107978
4.614000 0.107941
4.615000 0.107904
4.616000 0.107867
4.617000 0.107830
4.618000 0.107793
4.619000 0.107756
4.620000 0.107719
4.621000 0.107682
4.622000 0.107645
4.623000 0.107608
4.624000 0.107571
4.625000 0.107534
4.626000 0.107497
4.627000 0.107460
4.628000 0.107423
4.629000 0.107387
4.630000 0.107350
4.631000 0.107313
4.632000 0.107276
4.633000 0.107240
4.634000 0.107203
4.635000 0.107166
4.636000 0.107130
4.637000 0.107093
4.638000 0.107056
4.639000 0.107020
4.640000 0.106983
4.641000 0.106946
4.642000 0.106910
4.643000 0.106873
4.644000 0.106837
4.645000 0.106800
4.646000 0.106764
4.647000 0.106727
4.648000 0.106691
4.649000 0.106654
4.650000 0.106618
4.651000 0.106582
4.652000 0.106545
4.653000 0.106509
4.654000 0.106472
4.655000 0.106436
4.656000 0.106400
4.657000 0.106364
4.658000 0.106327
4.659000 0.106291
4.660000 0.106255
4.661000 0.106219
4.662000 0.106182
4.663000 0.106146
4.664000 0.106110
4.665000 0.106074
4.666000 0.106038
4.667000 0.106002
4.668000 0.105966
4.669000 0.105930
4.670000 0.105893
4.671000 0.105857
4.672000 0.105821
4.673000 0.105785
4.674000 0.105749
4.675000 0.105713
4.676000 0.105678
4.677000 0.105642
4.678000 0.105606
4.679000 0.105570
4.680000 0.105534
4.681000 0.105498
4.682000 0.105462
4.683000 0.105426
4.684000 0.105391
4.685000 0.105355
4.686000 0.105319
4.687000 0.105283
4.688000 0.105248
4.689000 0.105212
4.690000 0.105176
4.691000 0.105141
4.692000 0.105105
4.693000 0.105069
4.694000 0.105034
4.695000 0.104998
4.696000 0.104962
4.697000 0.104927
4.698000 0.104891
4.699000 0.104856
4.700000 0.104820
4.701000 0.104785
4.702000 0.104749
4.703000 0.104714
4.704000 0.104678
4.705000 0.104643
4.706000 0.104608
4.707000 0.104572
4.708000 0.104537
4.709000 0.104501
4.710000 0.104466
4.711000 0.104431
4.712000 0.104396
4.713000 0.104360
4.714000 0.104325
4.715000 0.104290
4.716000 0.104254
4.717000 0.104219
4.718000 0.104184
4.719000 0.104149
4.720000 0.104114
4.721000 0.104079
4.722000 0.104043
4.723000 0.104008
4.724000 0.103973
4.725000 0.103938
4.726000 0.103903
4.727000 0.103868
4.728000 0.103833
4.729000 0.103798
4.730000 0.103763
4.731000 0.103728
4.732000 0.103693
4.733000 0.103658
4.734000 0.103623
4.735000 0.103588
4.736000 0.103554
4.737000 0.103519
4.738000 0.103484
4.739000 0.103449
4.740000 0.103414
4.741000 0.103379
4.742000 0.103345
4.743000 0.103310
4.744000 0.103275
4.745000 0.103240
4.746000 0.103206
4.747000 0.103171
4.748000 0.103136
4.749000 0.103102
4.750000 0.103067
4.751000 0.103032
4.752000 0.102998
4.753000 0.102963
4.754000 0.102929
4.755000 0.102894
4.756000 0.102860
4.757000 0.102825
4.758000 0.102791
4.759000 0.102756
4.760000 0.102722
4.761000 0.102687
4.762000 0.102653
4.763000 0.102618
4.764000 0.102584
4.765000 0.102550
4.766000 0.102515
4.767000 0.102481
4.768000 0.102447
4.769000 0.102412
4.770000 0.102378
4.771000 0.102344
4.772000 0.102309
4.773000 0.102275
4.774000 0.102241
4.775000 0.102207
4.776000 0.102173
4.777000 0.102138
4.778000 0.102104
4.779000 0.102070
4.780000 0.102036
4.781000 0.102002
4.782000 0.101968
4.783000 0.101934
4.784000 0.101900
4.785000 0.101866
4.786000 0.101832
4.787000 0.101798
4.788000 0.101764
4.789000 0.101730
4.790000 0.101696
4.791000 0.101662
4.792000 0.101628
4.793000 0.101594
4.794000 0.101560
4.795000 0.101526
4.796000 0.101492
4.797000 0.101458
4.798000 0.101425
4.799000 0.101391
4.800000 0.101357
4.801000 0.101323
4.802000 0.101289
4.803000 0.101256
4.804000 0.101222
4.805000 0.101188
4.806000 0.101155
4.807000 0.101121
4.808000 0.101087
4.809000 0.101054
4.810000 0.101020
4.811000 0.100986
4.812000 0.100953
4.813000 0.100919
4.814000 0.100886
4.815000 0.100852
4.816000 0.100819
4.817000 0.100785
4.818000 0.100752
4.819000 0.100718
4.820000 0.100685
4.821000 0.100651
4.822000 0.100618
4.823000 0.100584
4.824000 0.100551
4.825000 0.100518
4.826000 0.100484
4.827000 0.100451
4.828000 0.100418
4.829000 0.100384
4.830000 0.100351
4.831000 0.100318
4.832000 0.100284
4.833000 0.100251
4.834000 0.100218
4.835000 0.100185
4.836000 0.100152
4.837000 0.100118
4.838000 0.100085
4.839000 0.100052
4.840000 0.100019
4.841000 0.099986
4.842000 0.099953
4.843000 0.099920
4.844000 0.099887
4.845000 0.099854
4.846000 0.099821
4.847000 0.099788
4.848000 0.099755
4.849000 0.099722
4.850000 0.099689
4.851000 0.099656
4.852000 0.099623
4.853000 0.099590
4.854000 0.099557
4.855000 0.099524
4.856000 0.099491
4.857000 0.099458
4.858000 0.099425
4.859000 0.099393
4.860000 0.099360
4.861000 0.099327
4.862000 0.099294
4.863000 0.099261
4.864000 0.099229
4.865000 0.099196
4.866000 0.099163
4.867000 0.099131
4.868000 0.099098
4.869000 0.099065
4.870000 0.099033
4.871000 0.099000
4.872000 0.098967
4.873000 0.098935
4.874000 0.098902
4.875000 0.098870
4.876000 0.098837
4.877000 0.098804
4.878000 0.098772
4.879000 0.098739
4.880000 0.098707
4.881000 0.098674
4.882000 0.098642
4.883000 0.098610
4.884000 0.098577
4.885000 0.098545
4.886000 0.098512
4.887000 0.098480
4.888000 0.098448
4.889000 0.098415
4.890000 0.098383
4.891000 0.098351
4.892000 0.098318
4.893000 0.098286
4.894000 0.098254
4.895000 0.098222
4.896000 0.098189
4.897000 0.098157
4.898000 0.098125
4.899000 0.098093
4.900000 0.098061
4.901000 0.098028
4.902000 0.097996
4.903000 0.097964
4.904000 0.097932
4.905000 0.097900
4.906000 0.097868
4.907000 0.097836
4.908000 0.097804
4.909000 0.097772
4.910000 0.097740
4.911000 0.097708
4.912000 0.097676
4.913000 0.097644
4.914000 0.097612
4.915000 0.097580
4.916000 0.097548
4.917000 0.097516
4.918000 0.097484
4.919000 0.097452
4.920000 0.097420
4.921000 0.097388
4.922000 0.097357
4.923000 0.097325
4.924000 0.097293
4.925000 0.097261
4.926000 0.097229
4.927000 0.097198
4.928000 0.097166
4.929000 0.097134
4.930000 0.097103
4.931000 0.097071
4.932000 0.097039
4.933000 0.097008
4.934000 0.096976
4.935000 0.096944
4.936000 0.096913
4.937000 0.096881
4.938000 0.096849
4.939000 0.096818
4.940000 0.096786
4.941000 0.096755
4.942000 0.096723
4.943000 0.096692
4.944000 0.096660
4.945000 0.096629
4.946000 0.096597
4.947000 0.096566
4.948000 0.096534
4.949000 0.096503
4.950000 0.096472
4.951000 0.096440
4.952000 0.096409
4.953000 0.096377
4.954000 0.096346
4.955000 0.096315
4.956000 0.096283
4.957000 0.096252
4.958000 0.096221
4.959000 0.096190
4.960000 0.096158
4.961000 0.096127
4.962000 0.096096
4.963000 0.096065
4.964000 0.096034
4.965000 0.096002
4.966000 0.095971
4.967000 0.095940
4.968000 0.095909
4.969000 0.095878
4.970000 0.095847
4.971000 0.095816
4.972000 0.095785
4.973000 0.095753
4.974000 0.095722
4.975000 0.095691
4.976000 0.095660
4.977000 0.095629
4.978000 0.095598
4.979000 0.095567
4.980000 0.095536
4.981000 0.095506
4.982000 0.095475
4.983000 0.095444
4.984000 0.095413
4.985000 0.095382
4.986000 0.095351
4.987000 0.095320
4.988000 0.095289
4.989000 0.095259
4.990000 0.095228
4.991000 0.095197
4.992000 0.095166
4.993000 0.095135
4.994000 0.095105
4.995000 0.095074
4.996000 0.095043
4.997000 0.095013
4.998000 0.094982
4.999000 0.094951

0.200000 0.005000
0.201000 0.005203
0.202000 0.005412
0.203000 0.005626
0.204000 0.005847
0.205000 0.006074
0.206000 0.006307
0.207000 0.006546
0.208000 0.006791
0.209000 0.007043
0.210000 0.007301
0.211000 0.007566
0.212000 0.007838
0.213000 0.008116
0.214000 0.008401
0.215000 0.008693
0.216000 0.008992
0.217000 0.009297
0.218000 0.009610
0.219000 0.009930
0.220000 0.010257
0.221000 0.010591
0.222000 0.010933
0.223000 0.011282
0.224000 0.011638
0.225000 0.012002
0.226000 0.012373
0.227000 0.012752
0.228000 0.013138
0.229000 0.013532
0.230000 0.013934
0.231000 0.014344
0.232000 0.014761
0.233000 0.015187
0.234000 0.015620
0.235000 0.016061
0.236000 0.016510
0.237000 0.016967
0.238000 0.017432
0.239000 0.017905
0.240000 0.018387
0.241000 0.018876
0.242000 0.019374
0.243000 0.019879
0.244000 0.020393
0.245000 0.020916
0.246000 0.021446
0.247000 0.021985
0.248000 0.022532
0.249000 0.023088
0.250000 0.023651
0.251000 0.024223
0.252000 0.024804
0.253000 0.025393
0.254000 0.025990
0.255000 0.026596
0.256000 0.027210
0.257000 0.027832
0.258000 0.028463
0.259000 0.029102
0.260000 0.029750
0.261000 0.030406
0.262000 0.031071
0.263000 0.031744
0.264000 0.032425
0.265000 0.033115
0.266000 0.033813
0.267000 0.034519
0.268000 0.035234
0.269000 0.035958
0.270000 0.036689
0.271000 0.037429
0.272000 0.038177
0.273000 0.038934
0.274000 0.039699
0.275000 0.040472
0.276000 0.041253
0.277000 0.042043
0.278000 0.042841
0.279000 0.043647
0.280000 0.044461
0.281000 0.045283
0.282000 0.046114
0.283000 0.046952
0.284000 0.047799
0.285000 0.048653
0.286000 0.049516
0.287000 0.050387
0.288000 0.051265
0.289000 0.052151
0.290000 0.053046
0.291000 0.053948
0.292000 0.054858
0.293000 0.055775
0.294000 0.056701
0.295000 0.057634
0.296000 0.058575
0.297000 0.059523
0.298000 0.060479
0.299000 0.061442
0.300000 0.062413
0.301000 0.063392
0.302000 0.064377
0.303000 0.065371
0.304000 0.066371
0.305000 0.067379
0.306000 0.068394
0.307000 0.069416
0.308000 0.070445
0.309000 0.071482
0.310000 0.072525
0.311000 0.073576
0.312000 0.074633
0.313000 0.075697
0.314000 0.076768
0.315000 0.077846
0.316000 0.078931
0.317000 0.080023
0.318000 0.081121
0.319000 0.082226
0.320000 0.083337
0.321000 0.084455
0.322000 0.085579
0.323000 0.086710
0.324000 0.087847
0.325000 0.088990
0.326000 0.090140
0.327000 0.091295
0.328000 0.092457
0.329000 0.093625
0.330000 0.094799
0.331000 0.095979
0.332000 0.097165
0.333000 0.098357
0.334000 0.099555
0.335000 0.100758
0.336000 0.101968
0.337000 0.103183
0.338000 0.104403
0.339000 0.105629
0.340000 0.106861
0.341000 0.108098
0.342000 0.109340
0.343000 0.110588
0.344000 0.111841
0.345000 0.113099
0.346000 0.114363
0.347000 0.115631
0.348000 0.116905
0.349000 0.118184
0.350000 0.119467
0.351000 0.120756
0.352000 0.122050
0.353000 0.123348
0.354000 0.124651
0.355000 0.125959
0.356000 0.127271
0.357000 0.128588
0.358000 0.129910
0.359000 0.131236
0.360000 0.132566
0.361000 0.133901
0.362000 0.135241
0.363000 0.136584
0.364000 0.137932
0.365000 0.139284
0.366000 0.140640
0.367000 0.142000
0.368000 0.143364
0.369000 0.144732
0.370000 0.146104
0.371000 0.147480
0.372000 0.148860
0.373000 0.150244
0.374000 0.151631
0.375000 0.153022
0.376000 0.154417
0.377000 0.155815
0.378000 0.157217
0.379000 0.158622
0.380000 0.160031
0.381000 0.161443
0.382000 0.162858
0.383000 0.164277
0.384000 0.165698
0.385000 0.167124
0.386000 0.168552
0.387000 0.169983
0.388000 0.171418
0.389000 0.172855
0.390000 0.174295
0.391000 0.175739
0.392000 0.177185
0.393000 0.178634
0.394000 0.180085
0.395000 0.181540
0.396000 0.182997
0.397000 0.184457
0.398000 0.185919
0.399000 0.187384
0.400000 0.188852
0.401000 0.190322
0.402000 0.191794
0.403000 0.193269
0.404000 0.194746
0.405000 0.196226
0.406000 0.197708
0.407000 0.199192
0.408000 0.200678
0.409000 0.202166
0.410000 0.203657
0.411000 0.205149
0.412000 0.206644
0.413000 0.208140
0.414000 0.209638
0.415000 0.211139
0.416000 0.212641
0.417000 0.214145
0.418000 0.215651
0.419000 0.217159
0.420000 0.218668
0.421000 0.220179
0.422000 0.221691
0.423000 0.223206
0.424000 0.224722
0.425000 0.226239
0.426000 0.227758
0.427000 0.229278
0.428000 0.230800
0.429000 0.232323
0.430000 0.233848
0.431000 0.235373
0.432000 0.236901
0.433000 0.238429
0.434000 0.239959
0.435000 0.241489
0.436000 0.243021
0.437000 0.244554
0.438000 0.246089
0.439000 0.247624
0.440000 0.249160
0.441000 0.250698
0.442000 0.252236
0.443000 0.253775
0.444000 0.255315
0.445000 0.256856
0.446000 0.258398
0.447000 0.259941
0.448000 0.261485
0.449000 0.263029
0.450000 0.264574
0.451000 0.266119
0.452000 0.267666
0.453000 0.269213
0.454000 0.270761
0.455000 0.272309
0.456000 0.273858
0.457000 0.275407
0.458000 0.276957
0.459000 0.278507
0.460000 0.280058
0.461000 0.281609
0.462000 0.283161
0.463000 0.284713
0.464000 0.286266
0.465000 0.287818
0.466000 0.289371
0.467000 0.290925
0.468000 0.292478
0.469000 0.294032
0.470000 0.295586
0.471000 0.297141
0.472000 0.298695
0.473000 0.300250
0.474000 0.301804
0.475000 0.303359
0.476000 0.304914
0.477000 0.306469
0.478000 0.308024
0.479000 0.309579
0.480000 0.311134
0.481000 0.312689
0.482000 0.314244
0.483000 0.315799
0.484000 0.317353
0.485000 0.318908
0.486000 0.320462
0.487000 0.322017
0.488000 0.323571
0.489000 0.325125
0.490000 0.326678
0.491000 0.328232
0.492000 0.329785
0.493000 0.331338
0.494000 0.332891
0.495000 0.334443
0.496000 0.335995
0.497000 0.337547
0.498000 0.339098
0.499000 0.340649
0.500000 0.342200
0.501000 0.343750
0.502000 0.345299
0.503000 0.346849
0.504000 0.348397
0.505000 0.349946
0.506000 0.351494
0.507000 0.353041
0.508000 0.354588
0.509000 0.356134
0.510000 0.357680
0.511000 0.359225
0.512000 0.360769
0.513000 0.362313
0.514000 0.363856
0.515000 0.365399
0.516000 0.366941
0.517000 0.368482
0.518000 0.370023
0.519000 0.371563
0.520000 0.373102
0.521000 0.374640
0.522000 0.376178
0.523000 0.377715
0.524000 0.379251
0.525000 0.380787
0.526000 0.382321
0.527000 0.383855
0.528000 0.385388
0.529000 0.386920
0.530000 0.388452
0.531000 0.389982
0.532000 0.391512
0.533000 0.393040
0.534000 0.394568
0.535000 0.396095
0.536000 0.397621
0.537000 0.399146
0.538000 0.400670
0.539000 0.402194
0.540000 0.403716
0.541000 0.405237
0.542000 0.406757
0.543000 0.408277
0.544000 0.409795
0.545000 0.411312
0.546000 0.412828
0.547000 0.414344
0.548000 0.415858
0.549000 0.417371
0.550000 0.418883
0.551000 0.420394
0.552000 0.421904
0.553000 0.423412
0.554000 0.424920
0.555000 0.426427
0.556000 0.427932
0.557000 0.429436
0.558000 0.430939
0.559000 0.432441
0.560000 0.433942
0.561000 0.435442
0.562000 0.436940
0.563000 0.438437
0.564000 0.439933
0.565000 0.441428
0.566000 0.442922
0.567000 0.444414
0.568000 0.445905
0.569000 0.447395
0.570000 0.448884
0.571000 0.450371
0.572000 0.451857
0.573000 0.453342
0.574000 0.454826
0.575000 0.456308
0.576000 0.457789
0.577000 0.459268
0.578000 0.460747
0.579000 0.462224
0.580000 0.463699
0.581000 0.465174
0.582000 0.466647
0.583000 0.468119
0.584000 0.469589
0.585000 0.471058
0.586000 0.472525
0.587000 0.473992
0.588000 0.475456
0.589000 0.476920
0.590000 0.478382
0.591000 0.479842
0.592000 0.481302
0.593000 0.482759
0.594000 0.484216
0.595000 0.485671
0.596000 0.487124
0.597000 0.488576
0.598000 0.490027
0.599000 0.491476
0.600000 0.492924
0.601000 0.494370
0.602000 0.495815
0.603000 0.497258
0.604000 0.498700
0.605000 0.500140
0.606000 0.501579
0.607000 0.503016
0.608000 0.504452
0.609000 0.505886
0.610000 0.507319
0.611000 0.508750
0.612000 0.510180
0.613000 0.511608
0.614000 0.513035
0.615000 0.514460
0.616000 0.515883
0.617000 0.517305
0.618000 0.518726
0.619000 0.520145
0.620000 0.521562
0.621000 0.522978
0.622000 0.524392
0.623000 0.525804
0.624000 0.527215
0.625000 0.528625
0.626000 0.530033
0.627000 0.531439
0.628000 0.532843
0.629000 0.534246
0.630000 0.535648
0.631000 0.537047
0.632000 0.538445
0.633000 0.539842
0.634000 0.541237
0.635000 0.542630
0.636000 0.544021
0.637000 0.545411
0.638000 0.546799
0.639000 0.548186
0.640000 0.549571
0.641000 0.550954
0.642000 0.552336
0.643000 0.553716
0.644000 0.555094
0.645000 0.556470
0.646000 0.557845
0.647000 0.559218
0.648000 0.560590
0.649000 0.561960
0.650000 0.563328
0.651000 0.564694
0.652000 0.566059
0.653000 0.567421
0.654000 0.568783
0.655000 0.570142
0.656000 0.571500
0.657000 0.572856
0.658000 0.574210
0.659000 0.575562
0.660000 0.576913
0.661000 0.578262
0.662000 0.579609
0.663000 0.580955
0.664000 0.582299
0.665000 0.583641
0.666000 0.584981
0.667000 0.586319
0.668000 0.587656
0.669000 0.588991
0.670000 0.590324
0.671000 0.591655
0.672000 0.592985
0.673000 0.594312
0.674000 0.595638
0.675000 0.596962
0.676000 0.598284
0.677000 0.599605
0.678000 0.600923
0.679000 0.602240
0.680000 0.603555
0.681000 0.604868
0.682000 0.606180
0.683000 0.607489
0.684000 0.608797
0.685000 0.610102
0.686000 0.611406
0.687000 0.612708
0.688000 0.614009
0.689000 0.615307
0.690000 0.616603
0.691000 0.617898
0.692000 0.619191
0.693000 0.620482
0.694000 0.621771
0.695000 0.623058
0.696000 0.624343
0.697000 0.625626
0.698000 0.626907
0.699000 0.628187
0.700000 0.629464
0.701000 0.630740
0.702000 0.632014
0.703000 0.633286
0.704000 0.634555
0.705000 0.635823
0.706000 0.637089
0.707000 0.638353
0.708000 0.639615
0.709000 0.640876
0.710000 0.642134
0.711000 0.643390
0.712000 0.644644
0.713000 0.645897
0.714000 0.647147
0.715000 0.648395
0.716000 0.649642
0.717000 0.650886
0.718000 0.652128
0.719000 0.653369
0.720000 0.654607
0.721000 0.655843
0.722000 0.657078
0.723000 0.658310
0.724000 0.659540
0.725000 0.660769
0.726000 0.661995
0.727000 0.663219
0.728000 0.664441
0.729000 0.665661
0.730000 0.666879
0.731000 0.668095
0.732000 0.669309
0.733000 0.670521
0.734000 0.671731
0.735000 0.672938
0.736000 0.674144
0.737000 0.675347
0.738000 0.676549
0.739000 0.677748
0.740000 0.678945
0.741000 0.680140
0.742000 0.681333
0.743000 0.682524
0.744000 0.683712
0.745000 0.684899
0.746000 0.686083
0.747000 0.687265
0.748000 0.688445
0.749000 0.689623
0.750000 0.690799
0.751000 0.691972
0.752000 0.693143
0.753000 0.694312
0.754000 0.695479
0.755000 0.696644
0.756000 0.697806
0.757000 0.698966
0.758000 0.700124
0.759000 0.701280
0.760000 0.702433
0.761000 0.703585
0.762000 0.704734
0.763000 0.705880
0.764000 0.707025
0.765000 0.708167
0.766000 0.709306
0.767000 0.710444
0.768000 0.711579
0.769000 0.712712
0.770000 0.713842
0.771000 0.714970
0.772000 0.716096
0.773000 0.717219
0.774000 0.718340
0.775000 0.719459
0.776000 0.720575
0.777000 0.721689
0.778000 0.722801
0.779000 0.723910
0.780000 0.725016
0.781000 0.726120
0.782000 0.727222
0.783000 0.728321
0.784000 0.729418
0.785000 0.730512
0.786000 0.731604
0.787000 0.732693
0.788000 0.733780
0.789000 0.734865
0.790000 0.735946
0.791000 0.737025
0.792000 0.738102
0.793000 0.739176
0.794000 0.740248
0.795000 0.741317
0.796000 0.742383
0.797000 0.743447
0.798000 0.744508
0.799000 0.745566
0.800000 0.746622
0.801000 0.747675
0.802000 0.748725
0.803000 0.749773
0.804000 0.750818
0.805000 0.751860
0.806000 0.752900
0.807000 0.753937
0.808000 0.754971
0.809000 0.756002
0.810000 0.757030
0.811000 0.758056
0.812000 0.759079
0.813000 0.760099
0.814000 0.761116
0.815000 0.762130
0.816000 0.763142
0.817000 0.764150
0.818000 0.765156
0.819000 0.766158
0.820000 0.767158
0.821000 0.768155
0.822000 0.769148
0.823000 0.770139
0.824000 0.771127
0.825000 0.772112
0.826000 0.773093
0.827000 0.774072
0.828000 0.775047
0.829000 0.776020
0.830000 0.776989
0.831000 0.777955
0.832000 0.778918
0.833000 0.779878
0.834000 0.780834
0.835000 0.781787
0.836000 0.782738
0.837000 0.783684
0.838000 0.784628
0.839000 0.785568
0.840000 0.786505
0.841000 0.787438
0.842000 0.788369
0.843000 0.789295
0.844000 0.790219
0.845000 0.791138
0.846000 0.792055
0.847000 0.792968
0.848000 0.793877
0.849000 0.794783
0.850000 0.795685
0.851000 0.796584
0.852000 0.797479
0.853000 0.798371
0.854000 0.799259
0.855000 0.800143
0.856000 0.801023
0.857000 0.801900
0.858000 0.802773
0.859000 0.803642
0.860000 0.804507
0.861000 0.805369
0.862000 0.806226
0.863000 0.807080
0.864000 0.807930
0.865000 0.808775
0.866000 0.809617
0.867000 0.810455
0.868000 0.811289
0.869000 0.812118
0.870000 0.812944
0.871000 0.813765
0.872000 0.814582
0.873000 0.815395
0.874000 0.816204
0.875000 0.817009
0.876000 0.817809
0.877000 0.818605
0.878000 0.819396
0.879000 0.820183
0.880000 0.820966
0.881000 0.821744
0.882000 0.822518
0.883000 0.823287
0.884000 0.824051
0.885000 0.824811
0.886000 0.825567
0.887000 0.826317
0.888000 0.827063
0.889000 0.827805
0.890000 0.828541
0.891000 0.829272
0.892000 0.829999
0.893000 0.830721
0.894000 0.831438
0.895000 0.832150
0.896000 0.832857
0.897000 0.833559
0.898000 0.834255
0.899000 0.834947
0.900000 0.835633
0.901000 0.836315
0.902000 0.836991
0.903000 0.837661
0.904000 0.838327
0.905000 0.838987
0.906000 0.839641
0.907000 0.840290
0.908000 0.840934
0.909000 0.841572
0.910000 0.842205
0.911000 0.842832
0.912000 0.843453
0.913000 0.844069
0.914000 0.844678
0.915000 0.845283
0.916000 0.845881
0.917000 0.846473
0.918000 0.847060
0.919000 0.847640
0.920000 0.848215
0.921000 0.848783
0.922000 0.849346
0.923000 0.849902
0.924000 0.850452
0.925000 0.850996
0.926000 0.851534
0.927000 0.852066
0.928000 0.852591
0.929000 0.853110
0.930000 0.853622
0.931000 0.854128
0.932000 0.854628
0.933000 0.855121
0.934000 0.855607
0.935000 0.856087
0.936000 0.856561
0.937000 0.857027
0.938000 0.857487
0.939000 0.857940
0.940000 0.858387
0.941000 0.858826
0.942000 0.859259
0.943000 0.859685
0.944000 0.860104
0.945000 0.860515
0.946000 0.860920
0.947000 0.861318
0.948000 0.861709
0.949000 0.862093
0.950000 0.862470
0.951000 0.862839
0.952000 0.863201
0.953000 0.863557
0.954000 0.863904
0.955000 0.864245
0.956000 0.864578
0.957000 0.864904
0.958000 0.865223
0.959000 0.865534
0.960000 0.865838
0.961000 0.866135
0.962000 0.866424
0.963000 0.866706
0.964000 0.866980
0.965000 0.867247
0.966000 0.867506
0.967000 0.867758
0.968000 0.868002
0.969000 0.868239
0.970000 0.868468
0.971000 0.868689
0.972000 0.868903
0.973000 0.869110
0.974000 0.869308
0.975000 0.869500
0.976000 0.869683
0.977000 0.869859
0.978000 0.870028
0.979000 0.870189
0.980000 0.870342
0.981000 0.870488
0.982000 0.870626
0.983000 0.870756
0.984000 0.870879
0.985000 0.870995
0.986000 0.871102
0.987000 0.871203
0.988000 0.871295
0.989000 0.871381
0.990000 0.871458
0.991000 0.871528
0.992000 0.871591
0.993000 0.871646
0.994000 0.871694
0.995000 0.871735
0.996000 0.871768
0.997000 0.871793
0.998000 0.871811
0.999000 0.871822
1.000000 0.871826
1.001000 0.871822
1.002000 0.871811
1.003000 0.871793
1.004000 0.871768
1.005000 0.871736
1.006000 0.871696
1.007000 0.871650
1.008000 0.871596
1.009000 0.871535
1.010000 0.871468
1.011000 0.871393
1.012000 0.871312
1.013000 0.871224
1.014000 0.871129
1.015000 0.871027
1.016000 0.870919
1.017000 0.870804
1.018000 0.870682
1.019000 0.870554
1.020000 0.870419
1.021000 0.870277
1.022000 0.870130
1.023000 0.869976
1.024000 0.869815
1.025000 0.869648
1.026000 0.869476
1.027000 0.869296
1.028000 0.869111
1.029000 0.868920
1.030000 0.868723
1.031000 0.868519
1.032000 0.868310
1.033000 0.868095
1.034000 0.867874
1.035000 0.867648
1.036000 0.867416
1.037000 0.867178
1.038000 0.866935
1.039000 0.866686
1.040000 0.866431
1.041000 0.866172
1.042000 0.865906
1.043000 0.865636
1.044000 0.865360
1.045000 0.865080
1.046000 0.864794
1.047000 0.864503
1.048000 0.864207
1.049000 0.863906
1.050000 0.863600
1.051000 0.863290
1.052000 0.862975
1.053000 0.862655
1.054000 0.862330
1.055000 0.862001
1.056000 0.861667
1.057000 0.861328
1.058000 0.860986
1.059000 0.860639
1.060000 0.860287
1.061000 0.859932
1.062000 0.859572
1.063000 0.859208
1.064000 0.858840
1.065000 0.858468
1.066000 0.858092
1.067000 0.857712
1.068000 0.857328
1.069000 0.856940
1.070000 0.856549
1.071000 0.856154
1.072000 0.855755
1.073000 0.855353
1.074000 0.854947
1.075000 0.854537
1.076000 0.854124
1.077000 0.853708
1.078000 0.853288
1.079000 0.852866
1.080000 0.852439
1.081000 0.852010
1.082000 0.851577
1.083000 0.851142
1.084000 0.850703
1.085000 0.850261
1.086000 0.849817
1.087000 0.849369
1.088000 0.848919
1.089000 0.848466
1.090000 0.848010
1.091000 0.847551
1.092000 0.847089
1.093000 0.846625
1.094000 0.846159
1.095000 0.845689
1.096000 0.845217
1.097000 0.844743
1.098000 0.844267
1.099000 0.843787
1.100000 0.843306
1.101000 0.842822
1.102000 0.842336
1.103000 0.841848
1.104000 0.841358
1.105000 0.840865
1.106000 0.840370
1.107000 0.839873
1.108000 0.839375
1.109000 0.838874
1.110000 0.838371
1.111000 0.837866
1.112000 0.837360
1.113000 0.836851
1.114000 0.836341
1.115000 0.835828
1.116000 0.835315
1.117000 0.834799
1.118000 0.834281
1.119000 0.833762
1.120000 0.833242
1.121000 0.832719
1.122000 0.832196
1.123000 0.831670
1.124000 0.831143
1.125000 0.830615
1.126000 0.830085
1.127000 0.829554
1.128000 0.829021
1.129000 0.828487
1.130000 0.827952
1.131000 0.827415
1.132000 0.826877
1.133000 0.826338
1.134000 0.825797
1.135000 0.825256
1.136000 0.824713
1.137000 0.824169
1.138000 0.823623
1.139000 0.823077
1.140000 0.822530
1.141000 0.821981
1.142000 0.821432
1.143000 0.820881
1.144000 0.820330
1.145000 0.819778
1.146000 0.819224
1.147000 0.818670
1.148000 0.818115
1.149000 0.817559
1.150000 0.817002
1.151000 0.816444
1.152000 0.815885
1.153000 0.815326
1.154000 0.814766
1.155000 0.814205
1.156000 0.813643
1.157000 0.813081
1.158000 0.812517
1.159000 0.811954
1.160000 0.811389
1.161000 0.810824
1.162000 0.810258
1.163000 0.809692
1.164000 0.809125
1.165000 0.808558
1.166000 0.807989
1.167000 0.807421
1.168000 0.806852
1.169000 0.806282
1.170000 0.805712
1.171000 0.805141
1.172000 0.804570
1.173000 0.803998
1.174000 0.803426
1.175000 0.802854
1.176000 0.802281
1.177000 0.801708
1.178000 0.801134
1.179000 0.800560
1.180000 0.799986
1.181000 0.799411
1.182000 0.798836
1.183000 0.798261
1.184000 0.797685
1.185000 0.797110
1.186000 0.796533
1.187000 0.795957
1.188000 0.795380
1.189000 0.794803
1.190000 0.794226
1.191000 0.793649
1.192000 0.793071
1.193000 0.792494
1.194000 0.791916
1.195000 0.791338
1.196000 0.790759
1.197000 0.790181
1.198000 0.789602
1.199000 0.789024
1.200000 0.788445
1.201000 0.787866
1.202000 0.787287
1.203000 0.786708
1.204000 0.786129
1.205000 0.785549
1.206000 0.784970
1.207000 0.784391
1.208000 0.783811
1.209000 0.783232
1.210000 0.782652
1.211000 0.782073
1.212000 0.781493
1.213000 0.780914
1.214000 0.780335
1.215000 0.779755
1.216000 0.779176
1.217000 0.778596
1.218000 0.778017
1.219000 0.777438
1.220000 0.776858
1.221000 0.776279
1.222000 0.775700
1.223000 0.775121
1.224000 0.774542
1.225000 0.773963
1.226000 0.773384
1.227000 0.772806
1.228000 0.772227
1.229000 0.771649
1.230000 0.771071
1.231000 0.770492
1.232000 0.769914
1.233000 0.769336
1.234000 0.768759
1.235000 0.768181
1.236000 0.767604
1.237000 0.767026
1.238000 0.766449
1.239000 0.765872
1.240000 0.765296
1.241000 0.764719
1.242000 0.764143
1.243000 0.763567
1.244000 0.762991
1.245000 0.762415
1.246000 0.761840
1.247000 0.761264
1.248000 0.760689
1.249000 0.760115
1.250000 0.759540
1.251000 0.758966
1.252000 0.758392
1.253000 0.757818
1.254000 0.757244
1.255000 0.756671
1.256000 0.756098
1.257000 0.755525
1.258000 0.754952
1.259000 0.754380
1.260000 0.753808
1.261000 0.753236
1.262000 0.752665
1.263000 0.752094
1.264000 0.751523
1.265000 0.750953
1.266000 0.750382
1.267000 0.749813
1.268000 0.749243
1.269000 0.748674
1.270000 0.748105
1.271000 0.747536
1.272000 0.746968
1.273000 0.746400
1.274000 0.745832
1.275000 0.745265
1.276000 0.744698
1.277000 0.744131
1.278000 0.743565
1.279000 0.742999
1.280000 0.742433
1.281000 0.741868
1.282000 0.741303
1.283000 0.740739
1.284000 0.740174
1.285000 0.739611
1.286000 0.739047
1.287000 0.738484
1.288000 0.737921
1.289000 0.737359
1.290000 0.736797
1.291000 0.736235
1.292000 0.735674
1.293000 0.735113
1.294000 0.734553
1.295000 0.733993
1.296000 0.733433
1.297000 0.732874
1.298000 0.732315
1.299000 0.731757
1.300000 0.731199
1.301000 0.730641
1.302000 0.730084
1.303000 0.729527
1.304000 0.728971
1.305000 0.728415
1.306000 0.727859
1.307000 0.727304
1.308000 0.726749
1.309000 0.726195
1.310000 0.725641
1.311000 0.725087
1.312000 0.724534
1.313000 0.723981
1.314000 0.723429
1.315000 0.722877
1.316000 0.722326
1.317000 0.721775
1.318000 0.721224
1.319000 0.720674
1.320000 0.720125
1.321000 0.719575
1.322000 0.719027
1.323000 0.718478
1.324000 0.717930
1.325000 0.717383
1.326000 0.716836
1.327000 0.716289
1.328000 0.715743
1.329000 0.715198
1.330000 0.714652
1.331000 0.714108
1.332000 0.713563
1.333000 0.713020
1.334000 0.712476
1.335000 0.711933
1.336000 0.711391
1.337000 0.710849
1.338000 0.710307
1.339000 0.709766
1.340000 0.709225
1.341000 0.708685
1.342000 0.708145
1.343000 0.707606
1.344000 0.707067
1.345000 0.706529
1.346000 0.705991
1.347000 0.705454
1.348000 0.704917
1.349000 0.704380
1.350000 0.703844
1.351000 0.703309
1.352000 0.702774
1.353000 0.702239
1.354000 0.701705
1.355000 0.701172
1.356000 0.700639
1.357000 0.700106
1.358000 0.699574
1.359000 0.699042
1.360000 0.698511
1.361000 0.697980
1.362000 0.697450
1.363000 0.696920
1.364000 0.696391
1.365000 0.695862
1.366000 0.695333
1.367000 0.694806
1.368000 0.694278
1.369000 0.693751
1.370000 0.693225
1.371000 0.692699
1.372000 0.692173
1.373000 0.691649
1.374000 0.691124
1.375000 0.690600
1.376000 0.690077
1.377000 0.689554
1.378000 0.689031
1.379000 0.688509
1.380000 0.687987
1.381000 0.687466
1.382000 0.686946
1.383000 0.686426
1.384000 0.685906
1.385000 0.685387
1.386000 0.684868
1.387000 0.684350
1.388000 0.683833
1.389000 0.683315
1.390000 0.682799
1.391000 0.682283
1.392000 0.681767
1.393000 0.681252
1.394000 0.680737
1.395000 0.680223
1.396000 0.679709
1.397000 0.679196
1.398000 0.678683
1.399000 0.678171
1.400000 0.677659
1.401000 0.677148
1.402000 0.676637
1.403000 0.676127
1.404000 0.675617
1.405000 0.675108
1.406000 0.674599
1.407000 0.674091
1.408000 0.673583
1.409000 0.673076
1.410000 0.672569
1.411000 0.672063
1.412000 0.671557
1.413000 0.671052
1.414000 0.670547
1.415000 0.670043
1.416000 0.669539
1.417000 0.669036
1.418000 0.668533
1.419000 0.668031
1.420000 0.667529
1.421000 0.667027
1.422000 0.666527
1.423000 0.666026
1.424000 0.665526
1.425000 0.665027
1.426000 0.664528
1.427000 0.664030
1.428000 0.663532
1.429000 0.663034
1.430000 0.662538
1.431000 0.662041
1.432000 0.661545
1.433000 0.661050
1.434000 0.660555
1.435000 0.660061
1.436000 0.659567
1.437000 0.659073
1.438000 0.658580
1.439000 0.658088
1.440000 0.657596
1.441000 0.657104
1.442000 0.656614
1.443000 0.656123
1.444000 0.655633
1.445000 0.655144
1.446000 0.654655
1.447000 0.654166
1.448000 0.653678
1.449000 0.653191
1.450000 0.652704
1.451000 0.652217
1.452000 0.651731
1.453000 0.651245
1.454000 0.650760
1.455000 0.650276
1.456000 0.649792
1.457000 0.649308
1.458000 0.648825
1.459000 0.648343
1.460000 0.647860
1.461000 0.647379
1.462000 0.646898
1.463000 0.646417
1.464000 0.645937
1.465000 0.645457
1.466000 0.644978
1.467000 0.644499
1.468000 0.644021
1.469000 0.643543
1.470000 0.643066
1.471000 0.642589
1.472000 0.642113
1.473000 0.641637
1.474000 0.641162
1.475000 0.640687
1.476000 0.640213
1.477000 0.639739
1.478000 0.639266
1.479000 0.638793
1.480000 0.638321
1.481000 0.637849
1.482000 0.637377
1.483000 0.636906
1.484000 0.636436
1.485000 0.635966
1.486000 0.635496
1.487000 0.635027
1.488000 0.634559
1.489000 0.634091
1.490000 0.633623
1.491000 0.633156
1.492000 0.632690
1.493000 0.632224
1.494000 0.631758
1.495000 0.631293
1.496000 0.630828
1.497000 0.630364
1.498000 0.629900
1.499000 0.629437
1.500000 0.628974
1.501000 0.628512
1.502000 0.628050
1.503000 0.627589
1.504000 0.627128
1.505000 0.626668
1.506000 0.626208
1.507000 0.625748
1.508000 0.625289
1.509000 0.624831
1.510000 0.624373
1.511000 0.623915
1.512000 0.623458
1.513000 0.623002
1.514000 0.622546
1.515000 0.622090
1.516000 0.621635
1.517000 0.621180
1.518000 0.620726
1.519000 0.620272
1.520000 0.619819
1.521000 0.619366
1.522000 0.618914
1.523000 0.618462
1.524000 0.618010
1.525000 0.617559
1.526000 0.617109
1.527000 0.616659
1.528000 0.616209
1.529000 0.615760
1.530000 0.615312
1.531000 0.614863
1.532000 0.614416
1.533000 0.613968
1.534000 0.613522
1.535000 0.613075
1.536000 0.612630
1.537000 0.612184
1.538000 0.611739
1.539000 0.611295
1.540000 0.610851
1.541000 0.610407
1.542000 0.609964
1.543000 0.609522
1.544000 0.609079
1.545000 0.608638
1.546000 0.608197
1.547000 0.607756
1.548000 0.607315
1.549000 0.606876
1.550000 0.606436
1.551000 0.605997
1.552000 0.605559
1.553000 0.605121
1.554000 0.604683
1.555000 0.604246
1.556000 0.603809
1.557000 0.603373
1.558000 0.602937
1.559000 0.602502
1.560000 0.602067
1.561000 0.601633
1.562000 0.601199
1.563000 0.600765
1.564000 0.600332
1.565000 0.599900
1.566000 0.599468
1.567000 0.599036
1.568000 0.598605
1.569000 0.598174
1.570000 0.597743
1.571000 0.597313
1.572000 0.596884
1.573000 0.596455
1.574000 0.596026
1.575000 0.595598
1.576000 0.595171
1.577000 0.594743
1.578000 0.594317
1.579000 0.593890
1.580000 0.593464
1.581000 0.593039
1.582000 0.592614
1.583000 0.592189
1.584000 0.591765
1.585000 0.591341
1.586000 0.590918
1.587000 0.590495
1.588000 0.590073
1.589000 0.589651
1.590000 0.589229
1.591000 0.588808
1.592000 0.588388
1.593000 0.587967
1.594000 0.587548
1.595000 0.587128
1.596000 0.586709
1.597000 0.586291
1.598000 0.585873
1.599000 0.585455
1.600000 0.585038
1.601000 0.584621
1.602000 0.584205
1.603000 0.583789
1.604000 0.583374
1.605000 0.582959
1.606000 0.582544
1.607000 0.582130
1.608000 0.581716
1.609000 0.581303
1.610000 0.580890
1.611000 0.580478
1.612000 0.580066
1.613000 0.579654
1.614000 0.579243
1.615000 0.578832
1.616000 0.578422
1.617000 0.578012
1.618000 0.577603
1.619000 0.577194
1.620000 0.576785
1.621000 0.576377
1.622000 0.575969
1.623000 0.575562
1.624000 0.575155
1.625000 0.574749
1.626000 0.574342
1.627000 0.573937
1.628000 0.573532
1.629000 0.573127
1.630000 0.572722
1.631000 0.572318
1.632000 0.571915
1.633000 0.571512
1.634000 0.571109
1.635000 0.570707
1.636000 0.570305
1.637000 0.569903
1.638000 0.569502
1.639000 0.569102
1.640000 0.568701
1.641000 0.568302
1.642000 0.567902
1.643000 0.567503
1.644000 0.567105
1.645000 0.566706
1.646000 0.566309
1.647000 0.565911
1.648000 0.565514
1.649000 0.565118
1.650000 0.564722
1.651000 0.564326
1.652000 0.563931
1.653000 0.563536
1.654000 0.563141
1.655000 0.562747
1.656000 0.562354
1.657000 0.561960
1.658000 0.561567
1.659000 0.561175
1.660000 0.560783
1.661000 0.560391
1.662000 0.560000
1.663000 0.559609
1.664000 0.559219
1.665000 0.558829
1.666000 0.558439
1.667000 0.558050
1.668000 0.557661
1.669000 0.557272
1.670000 0.556884
1.671000 0.556497
1.672000 0.556109
1.673000 0.555723
1.674000 0.555336
1.675000 0.554950
1.676000 0.554564
1.677000 0.554179
1.678000 0.553794
1.679000 0.553410
1.680000 0.553026
1.681000 0.552642
1.682000 0.552259
1.683000 0.551876
1.684000 0.551493
1.685000 0.551111
1.686000 0.550729
1.687000 0.550348
1.688000 0.549967
1.689000 0.549587
1.690000 0.549206
1.691000 0.548827
1.692000 0.548447
1.693000 0.548068
1.694000 0.547690
1.695000 0.547311
1.696000 0.546934
1.697000 0.546556
1.698000 0.546179
1.699000 0.545802
1.700000 0.545426
1.701000 0.545050
1.702000 0.544675
1.703000 0.544299
1.704000 0.543925
1.705000 0.543550
1.706000 0.543176
1.707000 0.542803
1.708000 0.542429
1.709000 0.542057
1.710000 0.541684
1.711000 0.541312
1.712000 0.540940
1.713000 0.540569
1.714000 0.540198
1.715000 0.539827
1.716000 0.539457
1.717000 0.539087
1.718000 0.538718
1.719000 0.538349
1.720000 0.537980
1.721000 0.537612
1.722000 0.537244
1.723000 0.536876
1.724000 0.536509
1.725000 0.536142
1.726000 0.535776
1.727000 0.535410
1.728000 0.535044
1.729000 0.534679
1.730000 0.534314
1.731000 0.533949
1.732000 0.533585
1.733000 0.533221
1.734000 0.532857
1.735000 0.532494
1.736000 0.532131
1.737000 0.531769
1.738000 0.531407
1.739000 0.531045
1.740000 0.530684
1.741000 0.530323
1.742000 0.529963
1.743000 0.529602
1.744000 0.529243
1.745000 0.528883
1.746000 0.528524
1.747000 0.528165
1.748000 0.527807
1.749000 0.527449
1.750000 0.527091
1.751000 0.526734
1.752000 0.526377
1.753000 0.526020
1.754000 0.525664
1.755000 0.525308
1.756000 0.524953
1.757000 0.524597
1.758000 0.524243
1.759000 0.523888
1.760000 0.523534
1.761000 0.523180
1.762000 0.522827
1.763000 0.522474
1.764000 0.522121
1.765000 0.521769
1.766000 0.521417
1.767000 0.521066
1.768000 0.520714
1.769000 0.520363
1.770000 0.520013
1.771000 0.519663
1.772000 0.519313
1.773000 0.518963
1.774000 0.518614
1.775000 0.518266
1.776000 0.517917
1.777000 0.517569
1.778000 0.517221
1.779000 0.516874
1.780000 0.516527
1.781000 0.516180
1.782000 0.515834
1.783000 0.515488
1.784000 0.515142
1.785000 0.514797
1.786000 0.514452
1.787000 0.514107
1.788000 0.513763
1.789000 0.513419
1.790000 0.513076
1.791000 0.512732
1.792000 0.512389
1.793000 0.512047
1.794000 0.511705
1.795000 0.511363
1.796000 0.511021
1.797000 0.510680
1.798000 0.510339
1.799000 0.509999
1.800000 0.509659
1.801000 0.509319
1.802000 0.508979
1.803000 0.508640
1.804000 0.508301
1.805000 0.507963
1.806000 0.507625
1.807000 0.507287
1.808000 0.506949
1.809000 0.506612
1.810000 0.506275
1.811000 0.505939
1.812000 0.505603
1.813000 0.505267
1.814000 0.504932
1.815000 0.504596
1.816000 0.504262
1.817000 0.503927
1.818000 0.503593
1.819000 0.503259
1.820000 0.502926
1.821000 0.502593
1.822000 0.502260
1.823000 0.501927
1.824000 0.501595
1.825000 0.501263
1.826000 0.500932
1.827000 0.500601
1.828000 0.500270
1.829000 0.499939
1.830000 0.499609
1.831000 0.499279
1.832000 0.498950
1.833000 0.498621
1.834000 0.498292
1.835000 0.497963
1.836000 0.497635
1.837000 0.497307
1.838000 0.496979
1.839000 0.496652
1.840000 0.496325
1.841000 0.495999
1.842000 0.495672
1.843000 0.495346
1.844000 0.495021
1.845000 0.494695
1.846000 0.494370
1.847000 0.494045
1.848000 0.493721
1.849000 0.493397
1.850000 0.493073
1.851000 0.492750
1.852000 0.492427
1.853000 0.492104
1.854000 0.491781
1.855000 0.491459
1.856000 0.491137
1.857000 0.490816
1.858000 0.490495
1.859000 0.490174
1.860000 0.489853
1.861000 0.489533
1.862000 0.489213
1.863000 0.488893
1.864000 0.488574
1.865000 0.488255
1.866000 0.487936
1.867000 0.487618
1.868000 0.487300
1.869000 0.486982
1.870000 0.486665
1.871000 0.486347
1.872000 0.486031
1.873000 0.485714
1.874000 0.485398
1.875000 0.485082
1.876000 0.484766
1.877000 0.484451
1.878000 0.484136
1.879000 0.483821
1.880000 0.483507
1.881000 0.483193
1.882000 0.482879
1.883000 0.482566
1.884000 0.482252
1.885000 0.481940
1.886000 0.481627
1.887000 0.481315
1.888000 0.481003
1.889000 0.480691
1.890000 0.480380
1.891000 0.480069
1.892000 0.479758
1.893000 0.479448
1.894000 0.479138
1.895000 0.478828
1.896000 0.478518
1.897000 0.478209
1.898000 0.477900
1.899000 0.477591
1.900000 0.477283
1.901000 0.476975
1.902000 0.476667
1.903000 0.476360
1.904000 0.476053
1.905000 0.475746
1.906000 0.475439
1.907000 0.475133
1.908000 0.474827
1.909000 0.474521
1.910000 0.474216
1.911000 0.473911
1.912000 0.473606
1.913000 0.473302
1.914000 0.472998
1.915000 0.472694
1.916000 0.472390
1.917000 0.472087
1.918000 0.471784
1.919000 0.471481
1.920000 0.471179
1.921000 0.470876
1.922000 0.470575
1.923000 0.470273
1.924000 0.469972
1.925000 0.469671
1.926000 0.469370
1.927000 0.469070
1.928000 0.468770
1.929000 0.468470
1.930000 0.468170
1.931000 0.467871
1.932000 0.467572
1.933000 0.467273
1.934000 0.466975
1.935000 0.466677
1.936000 0.466379
1.937000 0.466081
1.938000 0.465784
1.939000 0.465487
1.940000 0.465190
1.941000 0.464894
1.942000 0.464598
1.943000 0.464302
1.944000 0.464007
1.945000 0.463711
1.946000 0.463416
1.947000 0.463122
1.948000 0.462827
1.949000 0.462533
1.950000 0.462239
1.951000 0.461946
1.952000 0.461652
1.953000 0.461359
1.954000 0.461066
1.955000 0.460774
1.956000 0.460482
1.957000 0.460190
1.958000 0.459898
1.959000 0.459607
1.960000 0.459316
1.961000 0.459025
1.962000 0.458734
1.963000 0.458444
1.964000 0.458154
1.965000 0.457865
1.966000 0.457575
1.967000 0.457286
1.968000 0.456997
1.969000 0.456708
1.970000 0.456420
1.971000 0.456132
1.972000 0.455844
1.973000 0.455557
1.974000 0.455270
1.975000 0.454983
1.976000 0.454696
1.977000 0.454409
1.978000 0.454123
1.979000 0.453837
1.980000 0.453552
1.981000 0.453266
1.982000 0.452981
1.983000 0.452697
1.984000 0.452412
1.985000 0.452128
1.986000 0.451844
1.987000 0.451560
1.988000 0.451277
1.989000 0.450993
1.990000 0.450710
1.991000 0.450428
1.992000 0.450145
1.993000 0.449863
1.994000 0.449581
1.995000 0.449300
1.996000 0.449018
1.997000 0.448737
1.998000 0.448457
1.999000 0.448176
2.000000 0.447896
2.001000 0.447616
2.002000 0.447336
2.003000 0.447056
2.004000 0.446777
2.005000 0.446498
2.006000 0.446220
2.007000 0.445941
2.008000 0.445663
2.009000 0.445385
2.010000 0.445107
2.011000 0.444830
2.012000 0.444553
2.013000 0.444276
2.014000 0.443999
2.015000 0.443723
2.016000 0.443447
2.017000 0.443171
2.018000 0.442895
2.019000 0.442620
2.020000 0.442345
2.021000 0.442070
2.022000 0.441796
2.023000 0.441521
2.024000 0.441247
2.025000 0.440973
2.026000 0.440700
2.027000 0.440427
2.028000 0.440154
2.029000 0.439881
2.030000 0.439608
2.031000 0.439336
2.032000 0.439064
2.033000 0.438792
2.034000 0.438521
2.035000 0.438249
2.036000 0.437978
2.037000 0.437708
2.038000 0.437437
2.039000 0.437167
2.040000 0.436897
2.041000 0.436627
2.042000 0.436358
2.043000 0.436088
2.044000 0.435819
2.045000 0.435551
2.046000 0.435282
2.047000 0.435014
2.048000 0.434746
2.049000 0.434478
2.050000 0.434211
2.051000 0.433943
2.052000 0.433676
2.053000 0.433410
2.054000 0.433143
2.055000 0.432877
2.056000 0.432611
2.057000 0.432345
2.058000 0.432079
2.059000 0.431814
2.060000 0.431549
2.061000 0.431284
2.062000 0.431020
2.063000 0.430755
2.064000 0.430491
2.065000 0.430227
2.066000 0.429964
2.067000 0.429700
2.068000 0.429437
2.069000 0.429174
2.070000 0.428912
2.071000 0.428649
2.072000 0.428387
2.073000 0.428125
2.074000 0.427864
2.075000 0.427602
2.076000 0.427341
2.077000 0.427080
2.078000 0.426820
2.079000 0.426559
2.080000 0.426299
2.081000 0.426039
2.082000 0.425779
2.083000 0.425520
2.084000 0.425260
2.085000 0.425001
2.086000 0.424743
2.087000 0.424484
2.088000 0.424226
2.089000 0.423968
2.090000 0.423710
2.091000 0.423452
2.092000 0.423195
2.093000 0.422938
2.094000 0.422681
2.095000 0.422424
2.096000 0.422168
2.097000 0.421911
2.098000 0.421655
2.099000 0.421400
2.100000 0.421144
2.101000 0.420889
2.102000 0.420634
2.103000 0.420379
2.104000 0.420124
2.105000 0.419870
2.106000 0.419616
2.107000 0.419362
2.108000 0.419108
2.109000 0.418855
2.110000 0.418602
2.111000 0.418349
2.112000 0.418096
2.113000 0.417844
2.114000 0.417591
2.115000 0.417339
2.116000 0.417087
2.117000 0.416836
2.118000 0.416585
2.119000 0.416333
2.120000 0.416082
2.121000 0.415832
2.122000 0.415581
2.123000 0.415331
2.124000 0.415081
2.125000 0.414831
2.126000 0.414582
2.127000 0.414332
2.128000 0.414083
2.129000 0.413834
2.130000 0.413586
2.131000 0.413337
2.132000 0.413089
2.133000 0.412841
2.134000 0.412593
2.135000 0.412346
2.136000 0.412099
2.137000 0.411852
2.138000 0.411605
2.139000 0.411358
2.140000 0.411112
2.141000 0.410865
2.142000 0.410620
2.143000 0.410374
2.144000 0.410128
2.145000 0.409883
2.146000 0.409638
2.147000 0.409393
2.148000 0.409148
2.149000 0.408904
2.150000 0.408660
2.151000 0.408416
2.152000 0.408172
2.153000 0.407928
2.154000 0.407685
2.155000 0.407442
2.156000 0.407199
2.157000 0.406956
2.158000 0.406714
2.159000 0.406472
2.160000 0.406230
2.161000 0.405988
2.162000 0.405746
2.163000 0.405505
2.164000 0.405264
2.165000 0.405023
2.166000 0.404782
2.167000 0.404541
2.168000 0.404301
2.169000 0.404061
2.170000 0.403821
2.171000 0.403581
2.172000 0.403342
2.173000 0.403103
2.174000 0.402864
2.175000 0.402625
2.176000 0.402386
2.177000 0.402148
2.178000 0.401910
2.179000 0.401672
2.180000 0.401434
2.181000 0.401197
2.182000 0.400959
2.183000 0.400722
2.184000 0.400485
2.185000 0.400248
2.186000 0.400012
2.187000 0.399776
2.188000 0.399540
2.189000 0.399304
2.190000 0.399068
2.191000 0.398833
2.192000 0.398597
2.193000 0.398362
2.194000 0.398128
2.195000 0.397893
2.196000 0.397659
2.197000 0.397424
2.198000 0.397190
2.199000 0.396957
2.200000 0.396723
2.201000 0.396490
2.202000 0.396257
2.203000 0.396024
2.204000 0.395791
2.205000 0.395558
2.206000 0.395326
2.207000 0.395094
2.208000 0.394862
2.209000 0.394630
2.210000 0.394399
2.211000 0.394167
2.212000 0.393936
2.213000 0.393705
2.214000 0.393475
2.215000 0.393244
2.216000 0.393014
2.217000 0.392784
2.218000 0.392554
2.219000 0.392324
2.220000 0.392095
2.221000 0.391865
2.222000 0.391636
2.223000 0.391407
2.224000 0.391179
2.225000 0.390950
2.226000 0.390722
2.227000 0.390494
2.228000 0.390266
2.229000 0.390038
2.230000 0.389811
2.231000 0.389584
2.232000 0.389357
2.233000 0.389130
2.234000 0.388903
2.235000 0.388676
2.236000 0.388450
2.237000 0.388224
2.238000 0.387998
2.239000 0.387772
2.240000 0.387547
2.241000 0.387322
2.242000 0.387097
2.243000 0.386872
2.244000 0.386647
2.245000 0.386422
2.246000 0.386198
2.247000 0.385974
2.248000 0.385750
2.249000 0.385526
2.250000 0.385303
2.251000 0.385079
2.252000 0.384856
2.253000 0.384633
2.254000 0.384411
2.255000 0.384188
2.256000 0.383966
2.257000 0.383743
2.258000 0.383521
2.259000 0.383300
2.260000 0.383078
2.261000 0.382857
2.262000 0.382635
2.263000 0.382414
2.264000 0.382193
2.265000 0.381973
2.266000 0.381752
2.267000 0.381532
2.268000 0.381312
2.269000 0.381092
2.270000 0.380872
2.271000 0.380653
2.272000 0.380434
2.273000 0.380215
2.274000 0.379996
2.275000 0.379777
2.276000 0.379558
2.277000 0.379340
2.278000 0.379122
2.279000 0.378904
2.280000 0.378686
2.281000 0.378468
2.282000 0.378251
2.283000 0.378034
2.284000 0.377817
2.285000 0.377600
2.286000 0.377383
2.287000 0.377167
2.288000 0.376950
2.289000 0.376734
2.290000 0.376518
2.291000 0.376302
2.292000 0.376087
2.293000 0.375872
2.294000 0.375656
2.295000 0.375441
2.296000 0.375227
2.297000 0.375012
2.298000 0.374797
2.299000 0.374583
2.300000 0.374369
2.301000 0.374155
2.302000 0.373941
2.303000 0.373728
2.304000 0.373515
2.305000 0.373301
2.306000 0.373088
2.307000 0.372876
2.308000 0.372663
2.309000 0.372451
2.310000 0.372238
2.311000 0.372026
2.312000 0.371814
2.313000 0.371603
2.314000 0.371391
2.315000 0.371180
2.316000 0.370969
2.317000 0.370758
2.318000 0.370547
2.319000 0.370336
2.320000 0.370126
2.321000 0.369915
2.322000 0.369705
2.323000 0.369495
2.324000 0.369286
2.325000 0.369076
2.326000 0.368867
2.327000 0.368658
2.328000 0.368449
2.329000 0.368240
2.330000 0.368031
2.331000 0.367823
2.332000 0.367614
2.333000 0.367406
2.334000 0.367198
2.335000 0.366990
2.336000 0.366783
2.337000 0.366575
2.338000 0.366368
2.339000 0.366161
2.340000 0.365954
2.341000 0.365747
2.342000 0.365541
2.343000 0.365335
2.344000 0.365128
2.345000 0.364922
2.346000 0.364716
2.347000 0.364511
2.348000 0.364305
2.349000 0.364100
2.350000 0.363895
2.351000 0.363690
2.352000 0.363485
2.353000 0.363280
2.354000 0.363076
2.355000 0.362872
2.356000 0.362668
2.357000 0.362464
2.358000 0.362260
2.359000 0.362056
2.360000 0.361853
2.361000 0.361650
2.362000 0.361446
2.363000 0.361244
2.364000 0.361041
2.365000 0.360838
2.366000 0.360636
2.367000 0.360434
2.368000 0.360232
2.369000 0.360030
2.370000 0.359828
2.371000 0.359626
2.372000 0.359425
2.373000 0.359224
2.374000 0.359023
2.375000 0.358822
2.376000 0.358621
2.377000 0.358421
2.378000 0.358220
2.379000 0.358020
2.380000 0.357820
2.381000 0.357620
2.382000 0.357420
2.383000 0.357221
2.384000 0.357022
2.385000 0.356822
2.386000 0.356623
2.387000 0.356424
2.388000 0.356226
2.389000 0.356027
2.390000 0.355829
2.391000 0.355631
2.392000 0.355433
2.393000 0.355235
2.394000 0.355037
2.395000 0.354840
2.396000 0.354642
2.397000 0.354445
2.398000 0.354248
2.399000 0.354051
2.400000 0.353854
2.401000 0.353658
2.402000 0.353461
2.403000 0.353265
2.404000 0.353069
2.405000 0.352873
2.406000 0.352677
2.407000 0.352482
2.408000 0.352286
2.409000 0.352091
2.410000 0.351896
2.411000 0.351701
2.412000 0.351506
2.413000 0.351312
2.414000 0.351117
2.415000 0.350923
2.416000 0.350729
2.417000 0.350535
2.418000 0.350341
2.419000 0.350148
2.420000 0.349954
2.421000 0.349761
2.422000 0.349568
2.423000 0.349375
2.424000 0.349182
2.425000 0.348989
2.426000 0.348797
2.427000 0.348604
2.428000 0.348412
2.429000 0.348220
2.430000 0.348028
2.431000 0.347837
2.432000 0.347645
2.433000 0.347454
2.434000 0.347262
2.435000 0.347071
2.436000 0.346880
2.437000 0.346690
2.438000 0.346499
2.439000 0.346308
2.440000 0.346118
2.441000 0.345928
2.442000 0.345738
2.443000 0.345548
2.444000 0.345359
2.445000 0.345169
2.446000 0.344980
2.447000 0.344790
2.448000 0.344601
2.449000 0.344413
2.450000 0.344224
2.451000 0.344035
2.452000 0.343847
2.453000 0.343659
2.454000 0.343470
2.455000 0.343282
2.456000 0.343095
2.457000 0.342907
2.458000 0.342719
2.459000 0.342532
2.460000 0.342345
2.461000 0.342158
2.462000 0.341971
2.463000 0.341784
2.464000 0.341598
2.465000 0.341411
2.466000 0.341225
2.467000 0.341039
2.468000 0.340853
2.469000 0.340667
2.470000 0.340481
2.471000 0.340296
2.472000 0.340111
2.473000 0.339925
2.474000 0.339740
2.475000 0.339555
2.476000 0.339371
2.477000 0.339186
2.478000 0.339001
2.479000 0.338817
2.480000 0.338633
2.481000 0.338449
2.482000 0.338265
2.483000 0.338081
2.484000 0.337898
2.485000 0.337714
2.486000 0.337531
2.487000 0.337348
2.488000 0.337165
2.489000 0.336982
2.490000 0.336800
2.491000 0.336617
2.492000 0.336435
2.493000 0.336253
2.494000 0.336070
2.495000 0.335889
2.496000 0.335707
2.497000 0.335525
2.498000 0.335344
2.499000 0.335162
2.500000 0.334981
2.501000 0.334800
2.502000 0.334619
2.503000 0.334438
2.504000 0.334258
2.505000 0.334077
2.506000 0.333897
2.507000 0.333717
2.508000 0.333537
2.509000 0.333357
2.510000 0.333177
2.511000 0.332998
2.512000 0.332818
2.513000 0.332639
2.514000 0.332460
2.515000 0.332281
2.516000 0.332102
2.517000 0.331923
2.518000 0.331745
2.519000 0.331566
2.520000 0.331388
2.521000 0.331210
2.522000 0.331032
2.523000 0.330854
2.524000 0.330676
2.525000 0.330499
2.526000 0.330321
2.527000 0.330144
2.528000 0.329967
2.529000 0.329790
2.530000 0.329613
2.531000 0.329436
2.532000 0.329260
2.533000 0.329083
2.534000 0.328907
2.535000 0.328731
2.536000 0.328555
2.537000 0.328379
2.538000 0.328203
2.539000 0.328028
2.540000 0.327852
2.541000 0.327677
2.542000 0.327502
2.543000 0.327327
2.544000 0.327152
2.545000 0.326977
2.546000 0.326803
2.547000 0.326628
2.548000 0.326454
2.549000 0.326280
2.550000 0.326106
2.551000 0.325932
2.552000 0.325758
2.553000 0.325584
2.554000 0.325411
2.555000 0.325238
2.556000 0.325064
2.557000 0.324891
2.558000 0.324718
2.559000 0.324546
2.560000 0.324373
2.561000 0.324200
2.562000 0.324028
2.563000 0.323856
2.564000 0.323684
2.565000 0.323512
2.566000 0.323340
2.567000 0.323168
2.568000 0.322997
2.569000 0.322825
2.570000 0.322654
2.571000 0.322483
2.572000 0.322312
2.573000 0.322141
2.574000 0.321970
2.575000 0.321800
2.576000 0.321629
2.577000 0.321459
2.578000 0.321289
2.579000 0.321119
2.580000 0.320949
2.581000 0.320779
2.582000 0.320609
2.583000 0.320440
2.584000 0.320270
2.585000 0.320101
2.586000 0.319932
2.587000 0.319763
2.588000 0.319594
2.589000 0.319425
2.590000 0.319257
2.591000 0.319088
2.592000 0.318920
2.593000 0.318752
2.594000 0.318584
2.595000 0.318416
2.596000 0.318248
2.597000 0.318080
2.598000 0.317913
2.599000 0.317745
2.600000 0.317578
2.601000 0.317411
2.602000 0.317244
2.603000 0.317077
2.604000 0.316910
2.605000 0.316744
2.606000 0.316577
2.607000 0.316411
2.608000 0.316245
2.609000 0.316079
2.610000 0.315913
2.611000 0.315747
2.612000 0.315581
2.613000 0.315416
2.614000 0.315250
2.615000 0.315085
2.616000 0.314920
2.617000 0.314755
2.618000 0.314590
2.619000 0.314425
2.620000 0.314260
2.621000 0.314096
2.622000 0.313931
2.623000 0.313767
2.624000 0.313603
2.625000 0.313439
2.626000 0.313275
2.627000 0.313111
2.628000 0.312948
2.629000 0.312784
2.630000 0.312621
2.631000 0.312458
2.632000 0.312295
2.633000 0.312132
2.634000 0.311969
2.635000 0.311806
2.636000 0.311643
2.637000 0.311481
2.638000 0.311319
2.639000 0.311156
2.640000 0.310994
2.641000 0.310832
2.642000 0.310671
2.643000 0.310509
2.644000 0.310347
2.645000 0.310186
2.646000 0.310024
2.647000 0.309863
2.648000 0.309702
2.649000 0.309541
2.650000 0.309380
2.651000 0.309220
2.652000 0.309059
2.653000 0.308899
2.654000 0.308738
2.655000 0.308578
2.656000 0.308418
2.657000 0.308258
2.658000 0.308098
2.659000 0.307938
2.660000 0.307779
2.661000 0.307619
2.662000 0.307460
2.663000 0.307301
2.664000 0.307142
2.665000 0.306983
2.666000 0.306824
2.667000 0.306665
2.668000 0.306507
2.669000 0.306348
2.670000 0.306190
2.671000 0.306032
2.672000 0.305873
2.673000 0.305715
2.674000 0.305558
2.675000 0.305400
2.676000 0.305242
2.677000 0.305085
2.678000 0.304927
2.679000 0.304770
2.680000 0.304613
2.681000 0.304456
2.682000 0.304299
2.683000 0.304142
2.684000 0.303986
2.685000 0.303829
2.686000 0.303673
2.687000 0.303516
2.688000 0.303360
2.689000 0.303204
2.690000 0.303048
2.691000 0.302892
2.692000 0.302737
2.693000 0.302581
2.694000 0.302426
2.695000 0.302270
2.696000 0.302115
2.697000 0.301960
2.698000 0.301805
2.699000 0.301650
2.700000 0.301495
2.701000 0.301341
2.702000 0.301186
2.703000 0.301032
2.704000 0.300878
2.705000 0.300724
2.706000 0.300570
2.707000 0.300416
2.708000 0.300262
2.709000 0.300108
2.710000 0.299955
2.711000 0.299801
2.712000 0.299648
2.713000 0.299495
2.714000 0.299342
2.715000 0.299189
2.716000 0.299036
2.717000 0.298883
2.718000 0.298730
2.719000 0.298578
2.720000 0.298426
2.721000 0.298273
2.722000 0.298121
2.723000 0.297969
2.724000 0.297817
2.725000 0.297665
2.726000 0.297514
2.727000 0.297362
2.728000 0.297211
2.729000 0.297059
2.730000 0.296908
2.731000 0.296757
2.732000 0.296606
2.733000 0.296455
2.734000 0.296304
2.735000 0.296154
2.736000 0.296003
2.737000 0.295853
2.738000 0.295703
2.739000 0.295552
2.740000 0.295402
2.741000 0.295252
2.742000 0.295102
2.743000 0.294953
2.744000 0.294803
2.745000 0.294654
2.746000 0.294504
2.747000 0.294355
2.748000 0.294206
2.749000 0.294057
2.750000 0.293908
2.751000 0.293759
2.752000 0.293610
2.753000 0.293462
2.754000 0.293313
2.755000 0.293165
2.756000 0.293016
2.757000 0.292868
2.758000 0.292720
2.759000 0.292572
2.760000 0.292425
2.761000 0.292277
2.762000 0.292129
2.763000 0.291982
2.764000 0.291834
2.765000 0.291687
2.766000 0.291540
2.767000 0.291393
2.768000 0.291246
2.769000 0.291099
2.770000 0.290952
2.771000 0.290806
2.772000 0.290659
2.773000 0.290513
2.774000 0.290367
2.775000 0.290221
2.776000 0.290075
2.777000 0.289929
2.778000 0.289783
2.779000 0.289637
2.780000 0.289491
2.781000 0.289346
2.782000 0.289201
2.783000 0.289055
2.784000 0.288910
2.785000 0.288765
2.786000 0.288620
2.787000 0.288475
2.788000 0.288331
2.789000 0.288186
2.790000 0.288041
2.791000 0.287897
2.792000 0.287753
2.793000 0.287609
2.794000 0.287464
2.795000 0.287321
2.796000 0.287177
2.797000 0.287033
2.798000 0.286889
2.799000 0.286746
2.800000 0.286602
2.801000 0.286459
2.802000 0.286316
2.803000 0.286173
2.804000 0.286030
2.805000 0.285887
2.806000 0.285744
2.807000 0.285601
2.808000 0.285459
2.809000 0.285316
2.810000 0.285174
2.811000 0.285032
2.812000 0.284889
2.813000 0.284747
2.814000 0.284605
2.815000 0.284464
2.816000 0.284322
2.817000 0.284180
2.818000 0.284039
2.819000 0.283897
2.820000 0.283756
2.821000 0.283615
2.822000 0.283474
2.823000 0.283333
2.824000 0.283192
2.825000 0.283051
2.826000 0.282910
2.827000 0.282770
2.828000 0.282629
2.829000 0.282489
2.830000 0.282349
2.831000 0.282209
2.832000 0.282068
2.833000 0.281929
2.834000 0.281789
2.835000 0.281649
2.836000 0.281509
2.837000 0.281370
2.838000 0.281230
2.839000 0.281091
2.840000 0.280952
2.841000 0.280813
2.842000 0.280674
2.843000 0.280535
2.844000 0.280396
2.845000 0.280257
2.846000 0.280119
2.847000 0.279980
2.848000 0.279842
2.849000 0.279703
2.850000 0.279565
2.851000 0.279427
2.852000 0.279289
2.853000 0.279151
2.854000 0.279013
2.855000 0.278876
2.856000 0.278738
2.857000 0.278601
2.858000 0.278463
2.859000 0.278326
2.860000 0.278189
2.861000 0.278052
2.862000 0.277915
2.863000 0.277778
2.864000 0.277641
2.865000 0.277504
2.866000 0.277368
2.867000 0.277231
2.868000 0.277095
2.869000 0.276959
2.870000 0.276823
2.871000 0.276686
2.872000 0.276551
2.873000 0.276415
2.874000 0.276279
2.875000 0.276143
2.876000 0.276008
2.877000 0.275872
2.878000 0.275737
2.879000 0.275602
2.880000 0.275466
2.881000 0.275331
2.882000 0.275196
2.883000 0.275061
2.884000 0.274927
2.885000 0.274792
2.886000 0.274657
2.887000 0.274523
2.888000 0.274388
2.889000 0.274254
2.890000 0.274120
2.891000 0.273986
2.892000 0.273852
2.893000 0.273718
2.894000 0.273584
2.895000 0.273451
2.896000 0.273317
2.897000 0.273183
2.898000 0.273050
2.899000 0.272917
2.900000 0.272783
2.901000 0.272650
2.902000 0.272517
2.903000 0.272384
2.904000 0.272252
2.905000 0.272119
2.906000 0.271986
2.907000 0.271854
2.908000 0.271721
2.909000 0.271589
2.910000 0.271457
2.911000 0.271325
2.912000 0.271192
2.913000 0.271061
2.914000 0.270929
2.915000 0.270797
2.916000 0.270665
2.917000 0.270534
2.918000 0.270402
2.919000 0.270271
2.920000 0.270140
2.921000 0.270008
2.922000 0.269877
2.923000 0.269746
2.924000 0.269615
2.925000 0.269484
2.926000 0.269354
2.927000 0.269223
2.928000 0.269093
2.929000 0.268962
2.930000 0.268832
2.931000 0.268702
2.932000 0.268571
2.933000 0.268441
2.934000 0.268311
2.935000 0.268182
2.936000 0.268052
2.937000 0.267922
2.938000 0.267793
2.939000 0.267663
2.940000 0.267534
2.941000 0.267404
2.942000 0.267275
2.943000 0.267146
2.944000 0.267017
2.945000 0.266888
2.946000 0.266759
2.947000 0.266631
2.948000 0.266502
2.949000 0.266373
2.950000 0.266245
2.951000 0.266116
2.952000 0.265988
2.953000 0.265860
2.954000 0.265732
2.955000 0.265604
2.956000 0.265476
2.957000 0.265348
2.958000 0.265220
2.959000 0.265093
2.960000 0.264965
2.961000 0.264838
2.962000 0.264710
2.963000 0.264583
2.964000 0.264456
2.965000 0.264329
2.966000 0.264202
2.967000 0.264075
2.968000 0.263948
2.969000 0.263821
2.970000 0.263695
2.971000 0.263568
2.972000 0.263442
2.973000 0.263315
2.974000 0.263189
2.975000 0.263063
2.976000 0.262937
2.977000 0.262811
2.978000 0.262685
2.979000 0.262559
2.980000 0.262433
2.981000 0.262308
2.982000 0.262182
2.983000 0.262057
2.984000 0.261931
2.985000 0.261806
2.986000 0.261681
2.987000 0.261556
2.988000 0.261431
2.989000 0.261306
2.990000 0.261181
2.991000 0.261056
2.992000 0.260932
2.993000 0.260807
2.994000 0.260683
2.995000 0.260558
2.996000 0.260434
2.997000 0.260310
2.998000 0.260186
2.999000 0.260062
3.000000 0.259938
3.001000 0.259814
3.002000 0.259690
3.003000 0.259566
3.004000 0.259443
3.005000 0.259319
3.006000 0.259196
3.007000 0.259073
3.008000 0.258949
3.009000 0.258826
3.010000 0.258703
3.011000 0.258580
3.012000 0.258457
3.013000 0.258334
3.014000 0.258212
3.015000 0.258089
3.016000 0.257967
3.017000 0.257844
3.018000 0.257722
3.019000 0.257599
3.020000 0.257477
3.021000 0.257355
3.022000 0.257233
3.023000 0.257111
3.024000 0.256989
3.025000 0.256868
3.026000 0.256746
3.027000 0.256624
3.028000 0.256503
3.029000 0.256381
3.030000 0.256260
3.031000 0.256139
3.032000 0.256018
3.033000 0.255897
3.034000 0.255776
3.035000 0.255655
3.036000 0.255534
3.037000 0.255413
3.038000 0.255293
3.039000 0.255172
3.040000 0.255051
3.041000 0.254931
3.042000 0.254811
3.043000 0.254691
3.044000 0.254570
3.045000 0.254450
3.046000 0.254330
3.047000 0.254211
3.048000 0.254091
3.049000 0.253971
3.050000 0.253851
3.051000 0.253732
3.052000 0.253612
3.053000 0.253493
3.054000 0.253374
3.055000 0.253254
3.056000 0.253135
3.057000 0.253016
3.058000 0.252897
3.059000 0.252778
3.060000 0.252660
3.061000 0.252541
3.062000 0.252422
3.063000 0.252304
3.064000 0.252185
3.065000 0.252067
3.066000 0.251949
3.067000 0.251830
3.068000 0.251712
3.069000 0.251594
3.070000 0.251476
3.071000 0.251358
3.072000 0.251241
3.073000 0.251123
3.074000 0.251005
3.075000 0.250888
3.076000 0.250770
3.077000 0.250653
3.078000 0.250536
3.079000 0.250418
3.080000 0.250301
3.081000 0.250184
3.082000 0.250067
3.083000 0.249950
3.084000 0.249833
3.085000 0.249717
3.086000 0.249600
3.087000 0.249484
3.088000 0.249367
3.089000 0.249251
3.090000 0.249134
3.091000 0.249018
3.092000 0.248902
3.093000 0.248786
3.094000 0.248670
3.095000 0.248554
3.096000 0.248438
3.097000 0.248322
3.098000 0.248207
3.099000 0.248091
3.100000 0.247976
3.101000 0.247860
3.102000 0.247745
3.103000 0.247629
3.104000 0.247514
3.105000 0.247399
3.106000 0.247284
3.107000 0.247169
3.108000 0.247054
3.109000 0.246939
3.110000 0.246825
3.111000 0.246710
3.112000 0.246596
3.113000 0.246481
3.114000 0.246367
3.115000 0.246252
3.116000 0.246138
3.117000 0.246024
3.118000 0.245910
3.119000 0.245796
3.120000 0.245682
3.121000 0.245568
3.122000 0.245454
3.123000 0.245341
3.124000 0.245227
3.125000 0.245113
3.126000 0.245000
3.127000 0.244887
3.128000 0.244773
3.129000 0.244660
3.130000 0.244547
3.131000 0.244434
3.132000 0.244321
3.133000 0.244208
3.134000 0.244095
3.135000 0.243982
3.136000 0.243870
3.137000 0.243757
3.138000 0.243645
3.139000 0.243532
3.140000 0.243420
3.141000 0.243308
3.142000 0.243195
3.143000 0.243083
3.144000 0.242971
3.145000 0.242859
3.146000 0.242747
3.147000 0.242636
3.148000 0.242524
3.149000 0.242412
3.150000 0.242301
3.151000 0.242189
3.152000 0.242078
3.153000 0.241966
3.154000 0.241855
3.155000 0.241744
3.156000 0.241633
3.157000 0.241522
3.158000 0.241411
3.159000 0.241300
3.160000 0.241189
3.161000 0.241078
3.162000 0.240967
3.163000 0.240857
3.164000 0.240746
3.165000 0.240636
3.166000 0.240525
3.167000 0.240415
3.168000 0.240305
3.169000 0.240195
3.170000 0.240085
3.171000 0.239975
3.172000 0.239865
3.173000 0.239755
3.174000 0.239645
3.175000 0.239536
3.176000 0.239426
3.177000 0.239316
3.178000 0.239207
3.179000 0.239097
3.180000 0.238988
3.181000 0.238879
3.182000 0.238770
3.183000 0.238661
3.184000 0.238552
3.185000 0.238443
3.186000 0.238334
3.187000 0.238225
3.188000 0.238116
3.189000 0.238008
3.190000 0.237899
3.191000 0.237791
3.192000 0.237682
3.193000 0.237574
3.194000 0.237465
3.195000 0.237357
3.196000 0.237249
3.197000 0.237141
3.198000 0.237033
3.199000 0.236925
3.200000 0.236817
3.201000 0.236710
3.202000 0.236602
3.203000 0.236494
3.204000 0.236387
3.205000 0.236279
3.206000 0.236172
3.207000 0.236065
3.208000 0.235957
3.209000 0.235850
3.210000 0.235743
3.211000 0.235636
3.212000 0.235529
3.213000 0.235422
3.214000 0.235315
3.215000 0.235209
3.216000 0.235102
3.217000 0.234995
3.218000 0.234889
3.219000 0.234782
3.220000 0.234676
3.221000 0.234570
3.222000 0.234463
3.223000 0.234357
3.224000 0.234251
3.225000 0.234145
3.226000 0.234039
3.227000 0.233933
3.228000 0.233827
3.229000 0.233722
3.230000 0.233616
3.231000 0.233510
3.232000 0.233405
3.233000 0.233299
3.234000 0.233194
3.235000 0.233089
3.236000 0.232983
3.237000 0.232878
3.238000 0.232773
3.239000 0.232668
3.240000 0.232563
3.241000 0.232458
3.242000 0.232353
3.243000 0.232249
3.244000 0.232144
3.245000 0.232039
3.246000 0.231935
3.247000 0.231830
3.248000 0.231726
3.249000 0.231622
3.250000 0.231517
3.251000 0.231413
3.252000 0.231309
3.253000 0.231205
3.254000 0.231101
3.255000 0.230997
3.256000 0.230893
3.257000 0.230790
3.258000 0.230686
3.259000 0.230582
3.260000 0.230479
3.261000 0.230375
3.262000 0.230272
3.263000 0.230168
3.264000 0.230065
3.265000 0.229962
3.266000 0.229859
3.267000 0.229756
3.268000 0.229653
3.269000 0.229550
3.270000 0.229447
3.271000 0.229344
3.272000 0.229241
3.273000 0.229139
3.274000 0.229036
3.275000 0.228934
3.276000 0.228831
3.277000 0.228729
3.278000 0.228626
3.279000 0.228524
3.280000 0.228422
3.281000 0.228320
3.282000 0.228218
3.283000 0.228116
3.284000 0.228014
3.285000 0.227912
3.286000 0.227810
3.287000 0.227709
3.288000 0.227607
3.289000 0.227505
3.290000 0.227404
3.291000 0.227303
3.292000 0.227201
3.293000 0.227100
3.294000 0.226999
3.295000 0.226897
3.296000 0.226796
3.297000 0.226695
3.298000 0.226594
3.299000 0.226493
3.300000 0.226393
3.301000 0.226292
3.302000 0.226191
3.303000 0.226091
3.304000 0.225990
3.305000 0.225889
3.306000 0.225789
3.307000 0.225689
3.308000 0.225588
3.309000 0.225488
3.310000 0.225388
3.311000 0.225288
3.312000 0.225188
3.313000 0.225088
3.314000 0.224988
3.315000 0.224888
3.316000 0.224788
3.317000 0.224689
3.318000 0.224589
3.319000 0.224490
3.320000 0.224390
3.321000 0.224291
3.322000 0.224191
3.323000 0.224092
3.324000 0.223993
3.325000 0.223894
3.326000 0.223794
3.327000 0.223695
3.328000 0.223596
3.329000 0.223497
3.330000 0.223399
3.331000 0.223300
3.332000 0.223201
3.333000 0.223103
3.334000 0.223004
3.335000 0.222905
3.336000 0.222807
3.337000 0.222709
3.338000 0.222610
3.339000 0.222512
3.340000 0.222414
3.341000 0.222316
3.342000 0.222218
3.343000 0.222120
3.344000 0.222022
3.345000 0.221924
3.346000 0.221826
3.347000 0.221728
3.348000 0.221631
3.349000 0.221533
3.350000 0.221435
3.351000 0.221338
3.352000 0.221240
3.353000 0.221143
3.354000 0.221046
3.355000 0.220949
3.356000 0.220851
3.357000 0.220754
3.358000 0.220657
3.359000 0.220560
3.360000 0.220463
3.361000 0.220367
3.362000 0.220270
3.363000 0.220173
3.364000 0.220076
3.365000 0.219980
3.366000 0.219883
3.367000 0.219787
3.368000 0.219690
3.369000 0.219594
3.370000 0.219498
3.371000 0.219402
3.372000 0.219305
3.373000 0.219209
3.374000 0.219113
3.375000 0.219017
3.376000 0.218921
3.377000 0.218826
3.378000 0.218730
3.379000 0.218634
3.380000 0.218538
3.381000 0.218443
3.382000 0.218347
3.383000 0.218252
3.384000 0.218156
3.385000 0.218061
3.386000 0.217966
3.387000 0.217871
3.388000 0.217775
3.389000 0.217680
3.390000 0.217585
3.391000 0.217490
3.392000 0.217395
3.393000 0.217301
3.394000 0.217206
3.395000 0.217111
3.396000 0.217016
3.397000 0.216922
3.398000 0.216827
3.399000 0.216733
3.400000 0.216638
3.401000 0.216544
3.402000 0.216450
3.403000 0.216356
3.404000 0.216261
3.405000 0.216167
3.406000 0.216073
3.407000 0.215979
3.408000 0.215885
3.409000 0.215791
3.410000 0.215698
3.411000 0.215604
3.412000 0.215510
3.413000 0.215417
3.414000 0.215323
3.415000 0.215230
3.416000 0.215136
3.417000 0.215043
3.418000 0.214949
3.419000 0.214856
3.420000 0.214763
3.421000 0.214670
3.422000 0.214577
3.423000 0.214484
3.424000 0.214391
3.425000 0.214298
3.426000 0.214205
3.427000 0.214112
3.428000 0.214020
3.429000 0.213927
3.430000 0.213834
3.431000 0.213742
3.432000 0.213649
3.433000 0.213557
3.434000 0.213464
3.435000 0.213372
3.436000 0.213280
3.437000 0.213188
3.438000 0.213096
3.439000 0.213004
3.440000 0.212912
3.441000 0.212820
3.442000 0.212728
3.443000 0.212636
3.444000 0.212544
3.445000 0.212452
3.446000 0.212361
3.447000 0.212269
3.448000 0.212178
3.449000 0.212086
3.450000 0.211995
3.451000 0.211903
3.452000 0.211812
3.453000 0.211721
3.454000 0.211630
3.455000 0.211539
3.456000 0.211448
3.457000 0.211357
3.458000 0.211266
3.459000 0.211175
3.460000 0.211084
3.461000 0.210993
3.462000 0.210902
3.463000 0.210812
3.464000 0.210721
3.465000 0.210631
3.466000 0.210540
3.467000 0.210450
3.468000 0.210359
3.469000 0.210269
3.470000 0.210179
3.471000 0.210089
3.472000 0.209999
3.473000 0.209909
3.474000 0.209819
3.475000 0.209729
3.476000 0.209639
3.477000 0.209549
3.478000 0.209459
3.479000 0.209369
3.480000 0.209280
3.481000 0.209190
3.482000 0.209100
3.483000 0.209011
3.484000 0.208922
3.485000 0.208832
3.486000 0.208743
3.487000 0.208654
3.488000 0.208564
3.489000 0.208475
3.490000 0.208386
3.491000 0.208297
3.492000 0.208208
3.493000 0.208119
3.494000 0.208030
3.495000 0.207941
3.496000 0.207853
3.497000 0.207764
3.498000 0.207675
3.499000 0.207587
3.500000 0.207498
3.501000 0.207410
3.502000 0.207321
3.503000 0.207233
3.504000 0.207145
3.505000 0.207056
3.506000 0.206968
3.507000 0.206880
3.508000 0.206792
3.509000 0.206704
3.510000 0.206616
3.511000 0.206528
3.512000 0.206440
3.513000 0.206352
3.514000 0.206265
3.515000 0.206177
3.516000 0.206089
3.517000 0.206002
3.518000 0.205914
3.519000 0.205827
3.520000 0.205739
3.521000 0.205652
3.522000 0.205565
3.523000 0.205477
3.524000 0.205390
3.525000 0.205303
3.526000 0.205216
3.527000 0.205129
3.528000 0.205042
3.529000 0.204955
3.530000 0.204868
3.531000 0.204781
3.532000 0.204695
3.533000 0.204608
3.534000 0.204521
3.535000 0.204435
3.536000 0.204348
3.537000 0.204262
3.538000 0.204175
3.539000 0.204089
3.540000 0.204003
3.541000 0.203916
3.542000 0.203830
3.543000 0.203744
3.544000 0.203658
3.545000 0.203572
3.546000 0.203486
3.547000 0.203400
3.548000 0.203314
3.549000 0.203228
3.550000 0.203142
3.551000 0.203057
3.552000 0.202971
3.553000 0.202885
3.554000 0.202800
3.555000 0.202714
3.556000 0.202629
3.557000 0.202544
3.558000 0.202458
3.559000 0.202373
3.560000 0.202288
3.561000 0.202203
3.562000 0.202117
3.563000 0.202032
3.564000 0.201947
3.565000 0.201862
3.566000 0.201777
3.567000 0.201693
3.568000 0.201608
3.569000 0.201523
3.570000 0.201438
3.571000 0.201354
3.572000 0.201269
3.573000 0.201184
3.574000 0.201100
3.575000 0.201016
3.576000 0.200931
3.577000 0.200847
3.578000 0.200763
3.579000 0.200678
3.580000 0.200594
3.581000 0.200510
3.582000 0.200426
3.583000 0.200342
3.584000 0.200258
3.585000 0.200174
3.586000 0.200090
3.587000 0.200006
3.588000 0.199923
3.589000 0.199839
3.590000 0.199755
3.591000 0.199672
3.592000 0.199588
3.593000 0.199505
3.594000 0.199421
3.595000 0.199338
3.596000 0.199255
3.597000 0.199171
3.598000 0.199088
3.599000 0.199005
3.600000 0.198922
3.601000 0.198839
3.602000 0.198756
3.603000 0.198673
3.604000 0.198590
3.605000 0.198507
3.606000 0.198424
3.607000 0.198341
3.608000 0.198259
3.609000 0.198176
3.610000 0.198093
3.611000 0.198011
3.612000 0.197928
3.613000 0.197846
3.614000 0.197763
3.615000 0.197681
3.616000 0.197599
3.617000 0.197516
3.618000 0.197434
3.619000 0.197352
3.620000 0.197270
3.621000 0.197188
3.622000 0.197106
3.623000 0.197024
3.624000 0.196942
3.625000 0.196860
3.626000 0.196778
3.627000 0.196697
3.628000 0.196615
3.629000 0.196533
3.630000 0.196452
3.631000 0.196370
3.632000 0.196289
3.633000 0.196207
3.634000 0.196126
3.635000 0.196045
3.636000 0.195963
3.637000 0.195882
3.638000 0.195801
3.639000 0.195720
3.640000 0.195639
3.641000 0.195558
3.642000 0.195477
3.643000 0.195396
3.644000 0.195315
3.645000 0.195234
3.646000 0.195153
3.647000 0.195072
3.648000 0.194992
3.649000 0.194911
3.650000 0.194830
3.651000 0.194750
3.652000 0.194669
3.653000 0.194589
3.654000 0.194509
3.655000 0.194428
3.656000 0.194348
3.657000 0.194268
3.658000 0.194187
3.659000 0.194107
3.660000 0.194027
3.661000 0.193947
3.662000 0.193867
3.663000 0.193787
3.664000 0.193707
3.665000 0.193627
3.666000 0.193548
3.667000 0.193468
3.668000 0.193388
3.669000 0.193309
3.670000 0.193229
3.671000 0.193149
3.672000 0.193070
3.673000 0.192990
3.674000 0.192911
3.675000 0.192832
3.676000 0.192752
3.677000 0.192673
3.678000 0.192594
3.679000 0.192515
3.680000 0.192436
3.681000 0.192357
3.682000 0.192278
3.683000 0.192199
3.684000 0.192120
3.685000 0.192041
3.686000 0.191962
3.687000 0.191883
3.688000 0.191804
3.689000 0.191726
3.690000 0.191647
3.691000 0.191568
3.692000 0.191490
3.693000 0.191411
3.694000 0.191333
3.695000 0.191255
3.696000 0.191176
3.697000 0.191098
3.698000 0.191020
3.699000 0.190942
3.700000 0.190863
3.701000 0.190785
3.702000 0.190707
3.703000 0.190629
3.704000 0.190551
3.705000 0.190473
3.706000 0.190395
3.707000 0.190318
3.708000 0.190240
3.709000 0.190162
3.710000 0.190084
3.711000 0.190007
3.712000 0.189929
3.713000 0.189852
3.714000 0.189774
3.715000 0.189697
3.716000 0.189619
3.717000 0.189542
3.718000 0.189465
3.719000 0.189387
3.720000 0.189310
3.721000 0.189233
3.722000 0.189156
3.723000 0.189079
3.724000 0.189002
3.725000 0.188925
3.726000 0.188848
3.727000 0.188771
3.728000 0.188694
3.729000 0.188617
3.730000 0.188541
3.731000 0.188464
3.732000 0.188387
3.733000 0.188311
3.734000 0.188234
3.735000 0.188158
3.736000 0.188081
3.737000 0.188005
3.738000 0.187928
3.739000 0.187852
3.740000 0.187776
3.741000 0.187700
3.742000 0.187623
3.743000 0.187547
3.744000 0.187471
3.745000 0.187395
3.746000 0.187319
3.747000 0.187243
3.748000 0.187167
3.749000 0.187091
3.750000 0.187016
3.751000 0.186940
3.752000 0.186864
3.753000 0.186788
3.754000 0.186713
3.755000 0.186637
3.756000 0.186562
3.757000 0.186486
3.758000 0.186411
3.759000 0.186335
3.760000 0.186260
3.761000 0.186185
3.762000 0.186109
3.763000 0.186034
3.764000 0.185959
3.765000 0.185884
3.766000 0.185809
3.767000 0.185734
3.768000 0.185659
3.769000 0.185584
3.770000 0.185509
3.771000 0.185434
3.772000 0.185359
3.773000 0.185284
3.774000 0.185210
3.775000 0.185135
3.776000 0.185060
3.777000 0.184986
3.778000 0.184911
3.779000 0.184837
3.780000 0.184762
3.781000 0.184688
3.782000 0.184613
3.783000 0.184539
3.784000 0.184465
3.785000 0.184391
3.786000 0.184316
3.787000 0.184242
3.788000 0.184168
3.789000 0.184094
3.790000 0.184020
3.791000 0.183946
3.792000 0.183872
3.793000 0.183798
3.794000 0.183724
3.795000 0.183651
3.796000 0.183577
3.797000 0.183503
3.798000 0.183430
3.799000 0.183356
3.800000 0.183282
3.801000 0.183209
3.802000 0.183135
3.803000 0.183062
3.804000 0.182989
3.805000 0.182915
3.806000 0.182842
3.807000 0.182769
3.808000 0.182695
3.809000 0.182622
3.810000 0.182549
3.811000 0.182476
3.812000 0.182403
3.813000 0.182330
3.814000 0.182257
3.815000 0.182184
3.816000 0.182111
3.817000 0.182038
3.818000 0.181966
3.819000 0.181893
3.820000 0.181820
3.821000 0.181747
3.822000 0.181675
3.823000 0.181602
3.824000 0.181530
3.825000 0.181457
3.826000 0.181385
3.827000 0.181312
3.828000 0.181240
3.829000 0.181168
3.830000 0.181096
3.831000 0.181023
3.832000 0.180951
3.833000 0.180879
3.834000 0.180807
3.835000 0.180735
3.836000 0.180663
3.837000 0.180591
3.838000 0.180519
3.839000 0.180447
3.840000 0.180375
3.841000 0.180303
3.842000 0.180232
3.843000 0.180160
3.844000 0.180088
3.845000 0.180017
3.846000 0.179945
3.847000 0.179874
3.848000 0.179802
3.849000 0.179731
3.850000 0.179659
3.851000 0.179588
3.852000 0.179516
3.853000 0.179445
3.854000 0.179374
3.855000 0.179303
3.856000 0.179232
3.857000 0.179160
3.858000 0.179089
3.859000 0.179018
3.860000 0.178947
3.861000 0.178876
3.862000 0.178805
3.863000 0.178735
3.864000 0.178664
3.865000 0.178593
3.866000 0.178522
3.867000 0.178452
3.868000 0.178381
3.869000 0.178310
3.870000 0.178240
3.871000 0.178169
3.872000 0.178099
3.873000 0.178028
3.874000 0.177958
3.875000 0.177887
3.876000 0.177817
3.877000 0.177747
3.878000 0.177677
3.879000 0.177606
3.880000 0.177536
3.881000 0.177466
3.882000 0.177396
3.883000 0.177326
3.884000 0.177256
3.885000 0.177186
3.886000 0.177116
3.887000 0.177046
3.888000 0.176976
3.889000 0.176907
3.890000 0.176837
3.891000 0.176767
3.892000 0.176698
3.893000 0.176628
3.894000 0.176558
3.895000 0.176489
3.896000 0.176419
3.897000 0.176350
3.898000 0.176280
3.899000 0.176211
3.900000 0.176142
3.901000 0.176072
3.902000 0.176003
3.903000 0.175934
3.904000 0.175865
3.905000 0.175796
3.906000 0.175727
3.907000 0.175657
3.908000 0.175588
3.909000 0.175519
3.910000 0.175451
3.911000 0.175382
3.912000 0.175313
3.913000 0.175244
3.914000 0.175175
3.915000 0.175107
3.916000 0.175038
3.917000 0.174969
3.918000 0.174901
3.919000 0.174832
3.920000 0.174763
3.921000 0.174695
3.922000 0.174627
3.923000 0.174558
3.924000 0.174490
3.925000 0.174421
3.926000 0.174353
3.927000 0.174285
3.928000 0.174217
3.929000 0.174148
3.930000 0.174080
3.931000 0.174012
3.932000 0.173944
3.933000 0.173876
3.934000 0.173808
3.935000 0.173740
3.936000 0.173672
3.937000 0.173605
3.938000 0.173537
3.939000 0.173469
3.940000 0.173401
3.941000 0.173333
3.942000 0.173266
3.943000 0.173198
3.944000 0.173131
3.945000 0.173063
3.946000 0.172996
3.947000 0.172928
3.948000 0.172861
3.949000 0.172793
3.950000 0.172726
3.951000 0.172659
3.952000 0.172591
3.953000 0.172524
3.954000 0.172457
3.955000 0.172390
3.956000 0.172323
3.957000 0.172256
3.958000 0.172189
3.959000 0.172122
3.960000 0.172055
3.961000 0.171988
3.962000 0.171921
3.963000 0.171854
3.964000 0.171787
3.965000 0.171721
3.966000 0.171654
3.967000 0.171587
3.968000 0.171520
3.969000 0.171454
3.970000 0.171387
3.971000 0.171321
3.972000 0.171254
3.973000 0.171188
3.974000 0.171121
3.975000 0.171055
3.976000 0.170989
3.977000 0.170922
3.978000 0.170856
3.979000 0.170790
3.980000 0.170724
3.981000 0.170658
3.982000 0.170591
3.983000 0.170525
3.984000 0.170459
3.985000 0.170393
3.986000 0.170327
3.987000 0.170262
3.988000 0.170196
3.989000 0.170130
3.990000 0.170064
3.991000 0.169998
3.992000 0.169933
3.993000 0.169867
3.994000 0.169801
3.995000 0.169736
3.996000 0.169670
3.997000 0.169604
3.998000 0.169539
3.999000 0.169473
4.000000 0.169408
4.001000 0.169343
4.002000 0.169277
4.003000 0.169212
4.004000 0.169147
4.005000 0.169082
4.006000 0.169016
4.007000 0.168951
4.008000 0.168886
4.009000 0.168821
4.010000 0.168756
4.011000 0.168691
4.012000 0.168626
4.013000 0.168561
4.014000 0.168496
4.015000 0.168431
4.016000 0.168366
4.017000 0.168302
4.018000 0.168237
4.019000 0.168172
4.020000 0.168107
4.021000 0.168043
4.022000 0.167978
4.023000 0.167914
4.024000 0.167849
4.025000 0.167785
4.026000 0.167720
4.027000 0.167656
4.028000 0.167591
4.029000 0.167527
4.030000 0.167463
4.031000 0.167398
4.032000 0.167334
4.033000 0.167270
4.034000 0.167206
4.035000 0.167142
4.036000 0.167078
4.037000 0.167014
4.038000 0.166950
4.039000 0.166886
4.040000 0.166822
4.041000 0.166758
4.042000 0.166694
4.043000 0.166630
4.044000 0.166566
4.045000 0.166503
4.046000 0.166439
4.047000 0.166375
4.048000 0.166311
4.049000 0.166248
4.050000 0.166184
4.051000 0.166121
4.052000 0.166057
4.053000 0.165994
4.054000 0.165930
4.055000 0.165867
4.056000 0.165804
4.057000 0.165740
4.058000 0.165677
4.059000 0.165614
4.060000 0.165550
4.061000 0.165487
4.062000 0.165424
4.063000 0.165361
4.064000 0.165298
4.065000 0.165235
4.066000 0.165172
4.067000 0.165109
4.068000 0.165046
4.069000 0.164983
4.070000 0.164920
4.071000 0.164857
4.072000 0.164795
4.073000 0.164732
4.074000 0.164669
4.075000 0.164607
4.076000 0.164544
4.077000 0.164481
4.078000 0.164419
4.079000 0.164356
4.080000 0.164294
4.081000 0.164231
4.082000 0.164169
4.083000 0.164106
4.084000 0.164044
4.085000 0.163982
4.086000 0.163919
4.087000 0.163857
4.088000 0.163795
4.089000 0.163733
4.090000 0.163671
4.091000 0.163609
4.092000 0.163546
4.093000 0.163484
4.094000 0.163422
4.095000 0.163360
4.096000 0.163298
4.097000 0.163237
4.098000 0.163175
4.099000 0.163113
4.100000 0.163051
4.101000 0.162989
4.102000 0.162928
4.103000 0.162866
4.104000 0.162804
4.105000 0.162743
4.106000 0.162681
4.107000 0.162619
4.108000 0.162558
4.109000 0.162496
4.110000 0.162435
4.111000 0.162374
4.112000 0.162312
4.113000 0.162251
4.114000 0.162190
4.115000 0.162128
4.116000 0.162067
4.117000 0.162006
4.118000 0.161945
4.119000 0.161884
4.120000 0.161822
4.121000 0.161761
4.122000 0.161700
4.123000 0.161639
4.124000 0.161578
4.125000 0.161517
4.126000 0.161457
4.127000 0.161396
4.128000 0.161335
4.129000 0.161274
4.130000 0.161213
4.131000 0.161153
4.132000 0.161092
4.133000 0.161031
4.134000 0.160971
4.135000 0.160910
4.136000 0.160849
4.137000 0.160789
4.138000 0.160728
4.139000 0.160668
4.140000 0.160608
4.141000 0.160547
4.142000 0.160487
4.143000 0.160426
4.144000 0.160366
4.145000 0.160306
4.146000 0.160246
4.147000 0.160186
4.148000 0.160125
4.149000 0.160065
4.150000 0.160005
4.151000 0.159945
4.152000 0.159885
4.153000 0.159825
4.154000 0.159765
4.155000 0.159705
4.156000 0.159645
4.157000 0.159585
4.158000 0.159526
4.159000 0.159466
4.160000 0.159406
4.161000 0.159346
4.162000 0.159287
4.163000 0.159227
4.164000 0.159167
4.165000 0.159108
4.166000 0.159048
4.167000 0.158989
4.168000 0.158929
4.169000 0.158870
4.170000 0.158810
4.171000 0.158751
4.172000 0.158692
4.173000 0.158632
4.174000 0.158573
4.175000 0.158514
4.176000 0.158455
4.177000 0.158395
4.178000 0.158336
4.179000 0.158277
4.180000 0.158218
4.181000 0.158159
4.182000 0.158100
4.183000 0.158041
4.184000 0.157982
4.185000 0.157923
4.186000 0.157864
4.187000 0.157805
4.188000 0.157747
4.189000 0.157688
4.190000 0.157629
4.191000 0.157570
4.192000 0.157512
4.193000 0.157453
4.194000 0.157394
4.195000 0.157336
4.196000 0.157277
4.197000 0.157219
4.198000 0.157160
4.199000 0.157102
4.200000 0.157043
4.201000 0.156985
4.202000 0.156926
4.203000 0.156868
4.204000 0.156810
4.205000 0.156752
4.206000 0.156693
4.207000 0.156635
4.208000 0.156577
4.209000 0.156519
4.210000 0.156461
4.211000 0.156403
4.212000 0.156345
4.213000 0.156287
4.214000 0.156229
4.215000 0.156171
4.216000 0.156113
4.217000 0.156055
4.218000 0.155997
4.219000 0.155939
4.220000 0.155881
4.221000 0.155824
4.222000 0.155766
4.223000 0.155708
4.224000 0.155651
4.225000 0.155593
4.226000 0.155535
4.227000 0.155478
4.228000 0.155420
4.229000 0.155363
4.230000 0.155305
4.231000 0.155248
4.232000 0.155190
4.233000 0.155133
4.234000 0.155076
4.235000 0.155018
4.236000 0.154961
4.237000 0.154904
4.238000 0.154847
4.239000 0.154789
4.240000 0.154732
4.241000 0.154675
4.242000 0.154618
4.243000 0.154561
4.244000 0.154504
4.245000 0.154447
4.246000 0.154390
4.247000 0.154333
4.248000 0.154276
4.249000 0.154219
4.250000 0.154162
4.251000 0.154106
4.252000 0.154049
4.253000 0.153992
4.254000 0.153935
4.255000 0.153879
4.256000 0.153822
4.257000 0.153765
4.258000 0.153709
4.259000 0.153652
4.260000 0.153596
4.261000 0.153539
4.262000 0.153483
4.263000 0.153426
4.264000 0.153370
4.265000 0.153313
4.266000 0.153257
4.267000 0.153201
4.268000 0.153145
4.269000 0.153088
4.270000 0.153032
4.271000 0.152976
4.272000 0.152920
4.273000 0.152864
4.274000 0.152807
4.275000 0.152751
4.276000 0.152695
4.277000 0.152639
4.278000 0.152583
4.279000 0.152527
4.280000 0.152471
4.281000 0.152416
4.282000 0.152360
4.283000 0.152304
4.284000 0.152248
4.285000 0.152192
4.286000 0.152137
4.287000 0.152081
4.288000 0.152025
4.289000 0.151970
4.290000 0.151914
4.291000 0.151858
4.292000 0.151803
4.293000 0.151747
4.294000 0.151692
4.295000 0.151636
4.296000 0.151581
4.297000 0.151526
4.298000 0.151470
4.299000 0.151415
4.300000 0.151360
4.301000 0.151304
4.302000 0.151249
4.303000 0.151194
4.304000 0.151139
4.305000 0.151083
4.306000 0.151028
4.307000 0.150973
4.308000 0.150918
4.309000 0.150863
4.310000 0.150808
4.311000 0.150753
4.312000 0.150698
4.313000 0.150643
4.314000 0.150588
4.315000 0.150534
4.316000 0.150479
4.317000 0.150424
4.318000 0.150369
4.319000 0.150314
4.320000 0.150260
4.321000 0.150205
4.322000 0.150150
4.323000 0.150096
4.324000 0.150041
4.325000 0.149987
4.326000 0.149932
4.327000 0.149877
4.328000 0.149823
4.329000 0.149769
4.330000 0.149714
4.331000 0.149660
4.332000 0.149605
4.333000 0.149551
4.334000 0.149497
4.335000 0.149443
4.336000 0.149388
4.337000 0.149334
4.338000 0.149280
4.339000 0.149226
4.340000 0.149172
4.341000 0.149118
4.342000 0.149063
4.343000 0.149009
4.344000 0.148955
4.345000 0.148901
4.346000 0.148848
4.347000 0.148794
4.348000 0.148740
4.349000 0.148686
4.350000 0.148632
4.351000 0.148578
4.352000 0.148524
4.353000 0.148471
4.354000 0.148417
4.355000 0.148363
4.356000 0.148310
4.357000 0.148256
4.358000 0.148202
4.359000 0.148149
4.360000 0.148095
4.361000 0.148042
4.362000 0.147988
4.363000 0.147935
4.364000 0.147881
4.365000 0.147828
4.366000 0.147775
4.367000 0.147721
4.368000 0.147668
4.369000 0.147615
4.370000 0.147561
4.371000 0.147508
4.372000 0.147455
4.373000 0.147402
4.374000 0.147349
4.375000 0.147296
4.376000 0.147243
4.377000 0.147189
4.378000 0.147136
4.379000 0.147083
4.380000 0.147031
4.381000 0.146978
4.382000 0.146925
4.383000 0.146872
4.384000 0.146819
4.385000 0.146766
4.386000 0.146713
4.387000 0.146661
4.388000 0.146608
4.389000 0.146555
4.390000 0.146502
4.391000 0.146450
4.392000 0.146397
4.393000 0.146345
4.394000 0.146292
4.395000 0.146239
4.396000 0.146187
4.397000 0.146134
4.398000 0.146082
4.399000 0.146029
4.400000 0.145977
4.401000 0.145925
4.402000 0.145872
4.403000 0.145820
4.404000 0.145768
4.405000 0.145715
4.406000 0.145663
4.407000 0.145611
4.408000 0.145559
4.409000 0.145507
4.410000 0.145455
4.411000 0.145402
4.412000 0.145350
4.413000 0.145298
4.414000 0.145246
4.415000 0.145194
4.416000 0.145142
4.417000 0.145091
4.418000 0.145039
4.419000 0.144987
4.420000 0.144935
4.421000 0.144883
4.422000 0.144831
4.423000 0.144780
4.424000 0.144728
4.425000 0.144676
4.426000 0.144624
4.427000 0.144573
4.428000 0.144521
4.429000 0.144470
4.430000 0.144418
4.431000 0.144366
4.432000 0.144315
4.433000 0.144263
4.434000 0.144212
4.435000 0.144160
4.436000 0.144109
4.437000 0.144058
4.438000 0.144006
4.439000 0.143955
4.440000 0.143904
4.441000 0.143852
4.442000 0.143801
4.443000 0.143750
4.444000 0.143699
4.445000 0.143648
4.446000 0.143597
4.447000 0.143545
4.448000 0.143494
4.449000 0.143443
4.450000 0.143392
4.451000 0.143341
4.452000 0.143290
4.453000 0.143239
4.454000 0.143188
4.455000 0.143138
4.456000 0.143087
4.457000 0.143036
4.458000 0.142985
4.459000 0.142934
4.460000 0.142883
4.461000 0.142833
4.462000 0.142782
4.463000 0.142731
4.464000 0.142681
4.465000 0.142630
4.466000 0.142579
4.467000 0.142529
4.468000 0.142478
4.469000 0.142428
4.470000 0.142377
4.471000 0.142327
4.472000 0.142276
4.473000 0.142226
4.474000 0.142176
4.475000 0.142125
4.476000 0.142075
4.477000 0.142025
4.478000 0.141974
4.479000 0.141924
4.480000 0.141874
4.481000 0.141824
4.482000 0.141774
4.483000 0.141723
4.484000 0.141673
4.485000 0.141623
4.486000 0.141573
4.487000 0.141523
4.488000 0.141473
4.489000 0.141423
4.490000 0.141373
4.491000 0.141323
4.492000 0.141273
4.493000 0.141223
4.494000 0.141174
4.495000 0.141124
4.496000 0.141074
4.497000 0.141024
4.498000 0.140974
4.499000 0.140925
4.500000 0.140875
4.501000 0.140825
4.502000 0.140776
4.503000 0.140726
4.504000 0.140677
4.505000 0.140627
4.506000 0.140577
4.507000 0.140528
4.508000 0.140478
4.509000 0.140429
4.510000 0.140380
4.511000 0.140330
4.512000 0.140281
4.513000 0.140231
4.514000 0.140182
4.515000 0.140133
4.516000 0.140083
4.517000 0.140034
4.518000 0.139985
4.519000 0.139936
4.520000 0.139887
4.521000 0.139837
4.522000 0.139788
4.523000 0.139739
4.524000 0.139690
4.525000 0.139641
4.526000 0.139592
4.527000 0.139543
4.528000 0.139494
4.529000 0.139445
4.530000 0.139396
4.531000 0.139347
4.532000 0.139298
4.533000 0.139250
4.534000 0.139201
4.535000 0.139152
4.536000 0.139103
4.537000 0.139054
4.538000 0.139006
4.539000 0.138957
4.540000 0.138908
4.541000 0.138860
4.542000 0.138811
4.543000 0.138763
4.544000 0.138714
4.545000 0.138665
4.546000 0.138617
4.547000 0.138568
4.548000 0.138520
4.549000 0.138472
4.550000 0.138423
4.551000 0.138375
4.552000 0.138326
4.553000 0.138278
4.554000 0.138230
4.555000 0.138181
4.556000 0.138133
4.557000 0.138085
4.558000 0.138037
4.559000 0.137989
4.560000 0.137940
4.561000 0.137892
4.562000 0.137844
4.563000 0.137796
4.564000 0.137748
4.565000 0.137700
4.566000 0.137652
4.567000 0.137604
4.568000 0.137556
4.569000 0.137508
4.570000 0.137460
4.571000 0.137412
4.572000 0.137364
4.573000 0.137317
4.574000 0.137269
4.575000 0.137221
4.576000 0.137173
4.577000 0.137125
4.578000 0.137078
4.579000 0.137030
4.580000 0.136982
4.581000 0.136935
4.582000 0.136887
4.583000 0.136840
4.584000 0.136792
4.585000 0.136744
4.586000 0.136697
4.587000 0.136649
4.588000 0.136602
4.589000 0.136555
4.590000 0.136507
4.591000 0.136460
4.592000 0.136412
4.593000 0.136365
4.594000 0.136318
4.595000 0.136270
4.596000 0.136223
4.597000 0.136176
4.598000 0.136129
4.599000 0.136081
4.600000 0.136034
4.601000 0.135987
4.602000 0.135940
4.603000 0.135893
4.604000 0.135846
4.605000 0.135799
4.606000 0.135752
4.607000 0.135705
4.608000 0.135658
4.609000 0.135611
4.610000 0.135564
4.611000 0.135517
4.612000 0.135470
4.613000 0.135423
4.614000 0.135376
4.615000 0.135330
4.616000 0.135283
4.617000 0.135236
4.618000 0.135189
4.619000 0.135143
4.620000 0.135096
4.621000 0.135049
4.622000 0.135003
4.623000 0.134956
4.624000 0.134909
4.625000 0.134863
4.626000 0.134816
4.627000 0.134770
4.628000 0.134723
4.629000 0.134677
4.630000 0.134630
4.631000 0.134584
4.632000 0.134538
4.633000 0.134491
4.634000 0.134445
4.635000 0.134398
4.636000 0.134352
4.637000 0.134306
4.638000 0.134260
4.639000 0.134213
4.640000 0.134167
4.641000 0.134121
4.642000 0.134075
4.643000 0.134029
4.644000 0.133983
4.645000 0.133937
4.646000 0.133890
4.647000 0.133844
4.648000 0.133798
4.649000 0.133752
4.650000 0.133706
4.651000 0.133660
4.652000 0.133615
4.653000 0.133569
4.654000 0.133523
4.655000 0.133477
4.656000 0.133431
4.657000 0.133385
4.658000 0.133339
4.659000 0.133294
4.660000 0.133248
4.661000 0.133202
4.662000 0.133157
4.663000 0.133111
4.664000 0.133065
4.665000 0.133020
4.666000 0.132974
4.667000 0.132928
4.668000 0.132883
4.669000 0.132837
4.670000 0.132792
4.671000 0.132746
4.672000 0.132701
4.673000 0.132655
4.674000 0.132610
4.675000 0.132565
4.676000 0.132519
4.677000 0.132474
4.678000 0.132429
4.679000 0.132383
4.680000 0.132338
4.681000 0.132293
4.682000 0.132248
4.683000 0.132202
4.684000 0.132157
4.685000 0.132112
4.686000 0.132067
4.687000 0.132022
4.688000 0.131977
4.689000 0.131932
4.690000 0.131887
4.691000 0.131842
4.692000 0.131797
4.693000 0.131752
4.694000 0.131707
4.695000 0.131662
4.696000 0.131617
4.697000 0.131572
4.698000 0.131527
4.699000 0.131482
4.700000 0.131437
4.701000 0.131393
4.702000 0.131348
4.703000 0.131303
4.704000 0.131258
4.705000 0.131214
4.706000 0.131169
4.707000 0.131124
4.708000 0.131080
4.709000 0.131035
4.710000 0.130990
4.711000 0.130946
4.712000 0.130901
4.713000 0.130857
4.714000 0.130812
4.715000 0.130768
4.716000 0.130723
4.717000 0.130679
4.718000 0.130635
4.719000 0.130590
4.720000 0.130546
4.721000 0.130501
4.722000 0.130457
4.723000 0.130413
4.724000 0.130369
4.725000 0.130324
4.726000 0.130280
4.727000 0.130236
4.728000 0.130192
4.729000 0.130148
4.730000 0.130103
4.731000 0.130059
4.732000 0.130015
4.733000 0.129971
4.734000 0.129927
4.735000 0.129883
4.736000 0.129839
4.737000 0.129795
4.738000 0.129751
4.739000 0.129707
4.740000 0.129663
4.741000 0.129619
4.742000 0.129575
4.743000 0.129532
4.744000 0.129488
4.745000 0.129444
4.746000 0.129400
4.747000 0.129356
4.748000 0.129313
4.749000 0.129269
4.750000 0.129225
4.751000 0.129182
4.752000 0.129138
4.753000 0.129094
4.754000 0.129051
4.755000 0.129007
4.756000 0.128964
4.757000 0.128920
4.758000 0.128877
4.759000 0.128833
4.760000 0.128790
4.761000 0.128746
4.762000 0.128703
4.763000 0.128659
4.764000 0.128616
4.765000 0.128572
4.766000 0.128529
4.767000 0.128486
4.768000 0.128443
4.769000 0.128399
4.770000 0.128356
4.771000 0.128313
4.772000 0.128270
4.773000 0.128226
4.774000 0.128183
4.775000 0.128140
4.776000 0.128097
4.777000 0.128054
4.778000 0.128011
4.779000 0.127968
4.780000 0.127925
4.781000 0.127882
4.782000 0.127839
4.783000 0.127796
4.784000 0.127753
4.785000 0.127710
4.786000 0.127667
4.787000 0.127624
4.788000 0.127581
4.789000 0.127538
4.790000 0.127495
4.791000 0.127453
4.792000 0.127410
4.793000 0.127367
4.794000 0.127324
4.795000 0.127282
4.796000 0.127239
4.797000 0.127196
4.798000 0.127153
4.799000 0.127111
4.800000 0.127068
4.801000 0.127026
4.802000 0.126983
4.803000 0.126941
4.804000 0.126898
4.805000 0.126855
4.806000 0.126813
4.807000 0.126771
4.808000 0.126728
4.809000 0.126686
4.810000 0.126643
4.811000 0.126601
4.812000 0.126559
4.813000 0.126516
4.814000 0.126474
4.815000 0.126432
4.816000 0.126389
4.817000 0.126347
4.818000 0.126305
4.819000 0.126263
4.820000 0.126220
4.821000 0.126178
4.822000 0.126136
4.823000 0.126094
4.824000 0.126052
4.825000 0.126010
4.826000 0.125968
4.827000 0.125926
4.828000 0.125884
4.829000 0.125842
4.830000 0.125800
4.831000 0.125758
4.832000 0.125716
4.833000 0.125674
4.834000 0.125632
4.835000 0.125590
4.836000 0.125548
4.837000 0.125506
4.838000 0.125465
4.839000 0.125423
4.840000 0.125381
4.841000 0.125339
4.842000 0.125298
4.843000 0.125256
4.844000 0.125214
4.845000 0.125172
4.846000 0.125131
4.847000 0.125089
4.848000 0.125048
4.849000 0.125006
4.850000 0.124964
4.851000 0.124923
4.852000 0.124881
4.853000 0.124840
4.854000 0.124798
4.855000 0.124757
4.856000 0.124715
4.857000 0.124674
4.858000 0.124633
4.859000 0.124591
4.860000 0.124550
4.861000 0.124509
4.862000 0.124467
4.863000 0.124426
4.864000 0.124385
4.865000 0.124343
4.866000 0.124302
4.867000 0.124261
4.868000 0.124220
4.869000 0.124179
4.870000 0.124137
4.871000 0.124096
4.872000 0.124055
4.873000 0.124014
4.874000 0.123973
4.875000 0.123932
4.876000 0.123891
4.877000 0.123850
4.878000 0.123809
4.879000 0.123768
4.880000 0.123727
4.881000 0.123686
4.882000 0.123645
4.883000 0.123604
4.884000 0.123563
4.885000 0.123522
4.886000 0.123482
4.887000 0.123441
4.888000 0.123400
4.889000 0.123359
4.890000 0.123319
4.891000 0.123278
4.892000 0.123237
4.893000 0.123196
4.894000 0.123156
4.895000 0.123115
4.896000 0.123074
4.897000 0.123034
4.898000 0.122993
4.899000 0.122953
4.900000 0.122912
4.901000 0.122872
4.902000 0.122831
4.903000 0.122791
4.904000 0.122750
4.905000 0.122710
4.906000 0.122669
4.907000 0.122629
4.908000 0.122588
4.909000 0.122548
4.910000 0.122508
4.911000 0.122467
4.912000 0.122427
4.913000 0.122387
4.914000 0.122346
4.915000 0.122306
4.916000 0.122266
4.917000 0.122226
4.918000 0.122186
4.919000 0.122145
4.920000 0.122105
4.921000 0.122065
4.922000 0.122025
4.923000 0.121985
4.924000 0.121945
4.925000 0.121905
4.926000 0.121865
4.927000 0.121825
4.928000 0.121785
4.929000 0.121745
4.930000 0.121705
4.931000 0.121665
4.932000 0.121625
4.933000 0.121585
4.934000 0.121545
4.935000 0.121505
4.936000 0.121465
4.937000 0.121426
4.938000 0.121386
4.939000 0.121346
4.940000 0.121306
4.941000 0.121266
4.942000 0.121227
4.943000 0.121187
4.944000 0.121147
4.945000 0.121108
4.946000 0.121068
4.947000 0.121028
4.948000 0.120989
4.949000 0.120949
4.950000 0.120910
4.951000 0.120870
4.952000 0.120831
4.953000 0.120791
4.954000 0.120752
4.955000 0.120712
4.956000 0.120673
4.957000 0.120633
4.958000 0.120594
4.959000 0.120554
4.960000 0.120515
4.961000 0.120476
4.962000 0.120436
4.963000 0.120397
4.964000 0.120358
4.965000 0.120318
4.966000 0.120279
4.967000 0.120240
4.968000 0.120201
4.969000 0.120161
4.970000 0.120122
4.971000 0.120083
4.972000 0.120044
4.973000 0.120005
4.974000 0.119966
4.975000 0.119927
4.976000 0.119888
4.977000 0.119848
4.978000 0.119809
4.979000 0.119770
4.980000 0.119731
4.981000 0.119692
4.982000 0.119653
4.983000 0.119615
4.984000 0.119576
4.985000 0.119537
4.986000 0.119498
4.987000 0.119459
4.988000 0.119420
4.989000 0.119381
4.990000 0.119342
4.991000 0.119304
4.992000 0.119265
4.993000 0.119226
4.994000 0.119187
4.995000 0.119149
4.996000 0.119110
4.997000 0.119071
4.998000 0.119033
4.999000 0.118994

